RecordID|FacilityID|CLIAID|PatientID|LastName|FirstName|MiddleName|DOB|SSN|StreetAddress|City|State|Zip|County|Gender|PhoneNumber|Ethnicity|RaceWhite|RaceBlack|RaceAmericanIndianAlaskanNative|RaceAsian|RaceNativeHawaiianOrOtherPacificIslander|RaceOther|RaceUnknown|RaceNoResponse|ProviderName|NPI|Pregnant|SchoolAssociation|SchoolName|MeetILIDefinition|PerformingLab|AccessionNumber|Pathogen|TestType|LOINC|LOINCShortName|SpecimenCollectionType|SpecimenSNOMED|SpecimenCollectedDate|Result|ResultSNOMED
1|4244|10D2214779||Knox|Debra||05/24/1964||"4237 Onega Circle"|"West Palm Beach, FL"|FL|33409||Female|5616855420|"No Response"|1||0|0|0|0||0|Knox||||||||"SARS-CoV-2 (COVID-19)"|Antigen|97097-0|"SARS-CoV-2 Ag Upper resp Ql IA.rapid"|"Nasopharyngeal swab"|258500001|08/21/2021|Negative|260385009
2|4244|10D2214779||Knox|Dale||12/15/1959||"4237 Onega Circle"|"West Palm Beach"|FL|33409||Male|5613128998|"No Response"|1||0|0|0|0||0|Knox||||||||"SARS-CoV-2 (COVID-19)"|Antigen|97097-0|"SARS-CoV-2 Ag Upper resp Ql IA.rapid"|"Nasopharyngeal swab"|258500001|08/21/2021|Negative|260385009
3|4244|10D2214779||Garcia|Jonathan||09/02/1984||"10367 mallard landings way"|Orlando|FL|32832||Male|3219469231|"No Response"|0||0|0|0|1||0|Garcia||||||||"SARS-CoV-2 (COVID-19)"|Antigen|97097-0|"SARS-CoV-2 Ag Upper resp Ql IA.rapid"|"Nasopharyngeal swab"|258500001|10/20/2021|Negative|260385009
4|4244|10D2214779||Mungal|Aneesa||05/18/1977||"1103 Windy Bluff Dr"|Minneola|FL|34715||Female|3479924898|"No Response"|0||0|1|0|0||0|Mungal||||||||"SARS-CoV-2 (COVID-19)"|Antigen|97097-0|"SARS-CoV-2 Ag Upper resp Ql IA.rapid"|"Nasopharyngeal swab"|258500001|11/16/2021|Negative|260385009
5|4244|10D2214779||Roti|Salvatore||12/22/1965||"4527 Cadiz Circle"|"Palm Beach Gardens"|FL|33418||Male|9548294466|"No Response"|1||0|0|0|0||0|Roti||||||||"SARS-CoV-2 (COVID-19)"|Antigen|97097-0|"SARS-CoV-2 Ag Upper resp Ql IA.rapid"|"Nasopharyngeal swab"|258500001|12/26/2021|Negative|260385009
6|4244|10D2214779||Roti|Shawna||08/12/1969||"4527 Cadiz Circle"|"Palm Beach Gardens"|FL|33418||Female|5612328061|"No Response"|1||0|0|0|0||0|Roti||||||||"SARS-CoV-2 (COVID-19)"|Antigen|97097-0|"SARS-CoV-2 Ag Upper resp Ql IA.rapid"|"Nasopharyngeal swab"|258500001|12/26/2021|Negative|260385009
7|4244|10D2214779||Knox|Dale||12/15/1959||"4237 Onega Circle"|"west Palm beach"|FL|33409||Male|5613128998|"No Response"|1||0|0|0|0||0|Knox||||||||"SARS-CoV-2 (COVID-19)"|Antigen|97097-0|"SARS-CoV-2 Ag Upper resp Ql IA.rapid"|"Nasopharyngeal swab"|258500001|12/26/2021|Negative|260385009
8|4244|10D2214779||Knox|Debra||05/24/1964||"4237 Onega Circle"|"West Palm Beach"|FL|00000||Female|5616855420|"No Response"|1||0|0|0|0||0|Knox||||||||"SARS-CoV-2 (COVID-19)"|Antigen|97097-0|"SARS-CoV-2 Ag Upper resp Ql IA.rapid"|"Nasopharyngeal swab"|258500001|12/26/2021|Negative|260385009
9|4244|10D2214779||Pearce|Douglas||05/30/1967||"1181 N Harbor Dr"|"Singer Island"|FL|33404||Male|5612329348|"No Response"|1||0|0|0|0||0|Pearce||||||||"SARS-CoV-2 (COVID-19)"|Antigen|97097-0|"SARS-CoV-2 Ag Upper resp Ql IA.rapid"|"Nasopharyngeal swab"|258500001|12/28/2021|Negative|260385009
10|4244|10D2214779||Pearce|Jody||06/20/1959||"1181 N Harbor Dr"|"Singer Island"|FL|33404||Female|6095294181|"No Response"|1||0|0|0|0||0|Pearce||||||||"SARS-CoV-2 (COVID-19)"|Antigen|97097-0|"SARS-CoV-2 Ag Upper resp Ql IA.rapid"|"Nasopharyngeal swab"|258500001|12/28/2021|Negative|260385009
11|4244|10D2214779||Sampaio|Vera||10/01/1946||"7633 Bay Port Rd"|Or.ando|FL|32819||Female|4074034749|"No Response"|1||0|0|0|0||0|Sampaio||||||||"SARS-CoV-2 (COVID-19)"|PCR|94500-6|"SARS-CoV-2 RNA Resp Ql NAA+probe"|"Nasopharyngeal swab"|258500001|01/05/2022|Negative|260385009
12|4244|10D2214779||Garcia|Tyler||10/18/2018||"10367 Mallard Landings Way"|Orlando|FL|32832||Male|3219469231|"No Response"|0||0|0|0|1||0|Garcia||||||||"SARS-CoV-2 (COVID-19)"|Antigen|97097-0|"SARS-CoV-2 Ag Upper resp Ql IA.rapid"|"Nasopharyngeal swab"|258500001|01/10/2022|Negative|260385009
13|4244|10D2214779||Marajh|Vineta||07/05/1988||"10367 Mallard Landings Way"|Orlando|FL|32832||Female|3219469231|"No Response"|0||0|0|0|1||0|Marajh||||||||"SARS-CoV-2 (COVID-19)"|Antigen|97097-0|"SARS-CoV-2 Ag Upper resp Ql IA.rapid"|"Nasopharyngeal swab"|258500001|01/10/2022|Negative|260385009
14|4244|10D2214779||Garcia|Jonathan||09/02/1984||"10367 Mallard Landings Way"|Orlando|FL|32832||Male|3219469231|"No Response"|0||0|0|0|1||0|Garcia||||||||"SARS-CoV-2 (COVID-19)"|Antigen|97097-0|"SARS-CoV-2 Ag Upper resp Ql IA.rapid"|"Nasopharyngeal swab"|258500001|01/10/2022|Negative|260385009
15|4244|10D2214779||Rajpatty-Marajh|Florence||06/05/1959||"10367 Mallard Landings Way"|orlando|FL|32832||Female|3219469231|"No Response"|0||0|0|0|1||0|Rajpatty-Marajh||||||||"SARS-CoV-2 (COVID-19)"|Antigen|97097-0|"SARS-CoV-2 Ag Upper resp Ql IA.rapid"|"Nasopharyngeal swab"|258500001|01/10/2022|Negative|260385009
16|4244|10D2214779||Jenkins|Teresa||02/23/1960||"898 Gulf Land Drive"|Apopka|FL|32712||Female|5409035684|"No Response"|1||0|0|0|0||0|Jenkins||||||||"SARS-CoV-2 (COVID-19)"|Antigen|97097-0|"SARS-CoV-2 Ag Upper resp Ql IA.rapid"|"Nasopharyngeal swab"|258500001|01/13/2022|Negative|260385009
17|4244|10D2214779||Jenkins|Russell||01/06/1950||"898 Gulf Land Drive"|Apopka|FL|32712||Male|5409035686|"No Response"|1||0|0|0|0||0|Jenkins||||||||"SARS-CoV-2 (COVID-19)"|Antigen|97097-0|"SARS-CoV-2 Ag Upper resp Ql IA.rapid"|"Nasopharyngeal swab"|258500001|01/13/2022|Negative|260385009
18|4244|10D2214779||Pearce|Douglas||05/30/1967||"1181 N Harbor Dr"|"Singer Island"|FL|33404||Male|5612329348|"No Response"|1||0|0|0|0||0|Pearce||||||||"SARS-CoV-2 (COVID-19)"|Antigen|97097-0|"SARS-CoV-2 Ag Upper resp Ql IA.rapid"|"Nasopharyngeal swab"|258500001|02/10/2022|Negative|260385009
19|4244|10D2214779||Pearce|Jody||06/20/1959||"1181 N Harbor Dr"|"Singer Island"|FL|33404||Female|6095294181|"No Response"|1||0|0|0|0||0|Pearce||||||||"SARS-CoV-2 (COVID-19)"|Antigen|97097-0|"SARS-CoV-2 Ag Upper resp Ql IA.rapid"|"Nasopharyngeal swab"|258500001|02/10/2022|Negative|260385009
20|4244|10D2214779||Garcia|Jonathan||09/02/1984||"10367 mallard landings way"|Orlando|FL|32832||Male|3219469231|"No Response"|0||0|0|0|1||0|Garcia||||||||"SARS-CoV-2 (COVID-19)"|Antigen|97097-0|"SARS-CoV-2 Ag Upper resp Ql IA.rapid"|"Nasopharyngeal swab"|258500001|02/15/2022|Negative|260385009
21|4244|10D2214779||Jenkins|Russell||01/06/1950||"898 Gulf Land Drive"|Apopka|FL|32712||Male|5409035686|"No Response"|1||0|0|0|0||0|Jenkins||||||||"SARS-CoV-2 (COVID-19)"|Antigen|97097-0|"SARS-CoV-2 Ag Upper resp Ql IA.rapid"|"Nasopharyngeal swab"|258500001|03/11/2022|Negative|260385009
22|4244|10D2214779||Jenkins|Teresa||02/23/1960||"898 Gulf Land Drive"|Apopka|FL|32712||Female|5409035684|"No Response"|1||0|0|0|0||0|Jenkins||||||||"SARS-CoV-2 (COVID-19)"|Antigen|97097-0|"SARS-CoV-2 Ag Upper resp Ql IA.rapid"|"Nasopharyngeal swab"|258500001|03/11/2022|Negative|260385009
23|4244|10D2214779||Pearce|Douglas||05/30/1967||"1181 N Harbor Dr"|"Singer Island"|FL|33404||Male|5612329348|"No Response"|1||0|0|0|0||0|Pearce||||||||"SARS-CoV-2 (COVID-19)"|Antigen|97097-0|"SARS-CoV-2 Ag Upper resp Ql IA.rapid"|"Nasopharyngeal swab"|258500001|04/14/2022|Negative|260385009
24|4244|10D2214779||Pearce|Jody||06/20/1959||"1181 N Harbor Dr"|"Singer Island"|FL|33404||Female|6095294181|"No Response"|1||0|0|0|0||0|Pearce||||||||"SARS-CoV-2 (COVID-19)"|Antigen|97097-0|"SARS-CoV-2 Ag Upper resp Ql IA.rapid"|"Nasopharyngeal swab"|258500001|04/14/2022|Negative|260385009
25|4244|10D2214779||Sampaio|Vera||10/01/1946||"7633 Bay Port Rd"|Orlando|FL|32819||Female|4074034749|"No Response"|1||0|0|0|0||0|Sampaio||||||||"SARS-CoV-2 (COVID-19)"|PCR|94500-6|"SARS-CoV-2 RNA Resp Ql NAA+probe"|"Nasopharyngeal swab"|258500001|04/22/2022|Negative|260385009
26|4244|10D2214779||Moses|Patrick||06/26/1982||"3101 Port Royale Blvd Apt 824"|"Fort Lauderdale"|FL|33308||Male|7089350126|"No Response"|1||0|0|0|0||0|Moses||||||||"SARS-CoV-2 (COVID-19)"|Antigen|97097-0|"SARS-CoV-2 Ag Upper resp Ql IA.rapid"|"Nasopharyngeal swab"|258500001|04/27/2022|Negative|260385009
27|4244|10D2214779||Jenkins|Russell||01/06/1950||"898 Gulf Land Drive"|Apopka|FL|32712||Male|5409035686|"No Response"|1||0|0|0|0||0|Jenkins||||||||"SARS-CoV-2 (COVID-19)"|Antigen|97097-0|"SARS-CoV-2 Ag Upper resp Ql IA.rapid"|"Nasopharyngeal swab"|258500001|05/07/2022|Negative|260385009
28|4244|10D2214779||Jenkins|Teresa||02/23/1960||"898 Gulf Land Drive"|Apopka|FL|32712||Female|5409035684|"No Response"|1||0|0|0|0||0|Jenkins||||||||"SARS-CoV-2 (COVID-19)"|Antigen|97097-0|"SARS-CoV-2 Ag Upper resp Ql IA.rapid"|"Nasopharyngeal swab"|258500001|05/07/2022|Negative|260385009
29|4244|10D2214779||Elabasiri|Asmaa||02/25/1987||"2601 vision dr"|"Palm beach gardens"|FL|33418||Female|9999999999|"No Response"|0||0|0|0|1||0|Elabasiri||||||||"SARS-CoV-2 (COVID-19)"|PCR|94500-6|"SARS-CoV-2 RNA Resp Ql NAA+probe"|"Nasopharyngeal swab"|258500001|06/22/2022|Negative|260385009
30|4244|10D2214779||ABBAs|Awab||03/12/2017||"2601 vision dr"|"Palm beach gardens"|FL|33418||Male|9999999999|"No Response"|0||0|0|0|1||0|ABBAs||||||||"SARS-CoV-2 (COVID-19)"|PCR|94500-6|"SARS-CoV-2 RNA Resp Ql NAA+probe"|"Nasopharyngeal swab"|258500001|06/22/2022|Negative|260385009
31|4244|10D2214779||ABBAs|Ayaan||02/14/2018||"2601 vision dr"|"Palm beach gardens"|FL|33418||Male|9999999999|"No Response"|0||0|0|0|1||0|ABBAs||||||||"SARS-CoV-2 (COVID-19)"|PCR|94500-6|"SARS-CoV-2 RNA Resp Ql NAA+probe"|"Nasopharyngeal swab"|258500001|06/22/2022|Negative|260385009
32|4244|10D2214779||ABBAs|Amin||11/05/2021||"2601 vision dr,"|"Palm beach gardens"|FL|33418||Male|9999999999|"No Response"|0||0|0|0|1||0|ABBAs||||||||"SARS-CoV-2 (COVID-19)"|PCR|94500-6|"SARS-CoV-2 RNA Resp Ql NAA+probe"|"Nasopharyngeal swab"|258500001|06/22/2022|Negative|260385009
33|4244|10D2214779||Huang|Wenting||06/12/1993||Unknown|Unknown|FL|99999||Female|9999999999|"No Response"|0||0|1|0|0||0|Huang||||||||"SARS-CoV-2 (COVID-19)"|Antigen|97097-0|"SARS-CoV-2 Ag Upper resp Ql IA.rapid"|"Nasopharyngeal swab"|258500001|06/22/2022|Negative|260385009
34|4244|10D2214779||Pratt|Patricia||07/08/1957||"16417 SW 15th Court"|Ocala|FL|34473||Female|3865668654|"No Response"|1||0|0|0|0||0|Pratt||||||||"SARS-CoV-2 (COVID-19)"|PCR|94500-6|"SARS-CoV-2 RNA Resp Ql NAA+probe"|"Nasopharyngeal swab"|258500001|06/23/2022|Negative|260385009
35|4244|10D2214779||Pratt|Michael||01/15/1951||"16417 SW 15th Court"|Ocala|FL|34473||Male|3524427571|"No Response"|1||0|0|0|0||0|Pratt||||||||"SARS-CoV-2 (COVID-19)"|PCR|94500-6|"SARS-CoV-2 RNA Resp Ql NAA+probe"|"Nasopharyngeal swab"|258500001|06/23/2022|Negative|260385009
36|4244|10D2214779||Roti|Shawna||08/12/1969||"4527 Cadiz Circle"|"Palm Beach Gardens"|FL|33418||Female|5612328061|"No Response"|1||0|0|0|0||0|Roti||||||||"SARS-CoV-2 (COVID-19)"|Antigen|97097-0|"SARS-CoV-2 Ag Upper resp Ql IA.rapid"|"Nasopharyngeal swab"|258500001|06/23/2022|Negative|260385009
37|4244|10D2214779||Roti|Salvatore||12/22/1965||"4527 Cadiz Circle"|"Palm Beach Gardens"|FL|33418||Male|9548294466|"No Response"|1||0|0|0|0||0|Roti||||||||"SARS-CoV-2 (COVID-19)"|Antigen|97097-0|"SARS-CoV-2 Ag Upper resp Ql IA.rapid"|"Nasopharyngeal swab"|258500001|06/23/2022|Negative|260385009
38|4244|10D2214779||LEE|SUNGCHUL||08/14/1980||Unknown|Unknown|FL|99999||Male|9999999999|"No Response"|0||0|1|0|0||0|LEE||||||||"SARS-CoV-2 (COVID-19)"|Antigen|97097-0|"SARS-CoV-2 Ag Upper resp Ql IA.rapid"|"Nasopharyngeal swab"|258500001|06/23/2022|Negative|260385009
39|4244|10D2214779||HWANG|YEONHA||09/08/1975||"3355 S lasvegas Blvd. lasvega NV Cosmopolitan hotel"|"las vegas"|FL|89109||Male|9999999999|"No Response"|0||0|1|0|0||0|HWANG||||||||"SARS-CoV-2 (COVID-19)"|Antigen|97097-0|"SARS-CoV-2 Ag Upper resp Ql IA.rapid"|"Nasopharyngeal swab"|258500001|06/23/2022|Negative|260385009
40|4244|10D2214779||KIM|"KUK HYUN"||12/26/1997||Unknown|Unknown|FL|99999||Male|9999999999|"No Response"|0||0|1|0|0||0|KIM||||||||"SARS-CoV-2 (COVID-19)"|Antigen|97097-0|"SARS-CoV-2 Ag Upper resp Ql IA.rapid"|"Nasopharyngeal swab"|258500001|06/23/2022|Negative|260385009
41|4244|10D2214779||Jimenez|Juan||05/11/1988||"12226 w sample rd"|"Coral Springs"|FL|33065||Male|5617571330|"No Response"|0||0|0|0|0||0|Jimenez||||||||"SARS-CoV-2 (COVID-19)"|Antigen|97097-0|"SARS-CoV-2 Ag Upper resp Ql IA.rapid"|"Nasopharyngeal swab"|258500001|06/23/2022|Negative|260385009
42|4244|10D2214779||"Alzamora Brandon"|Talia||04/14/1981||"12226 w sample road"|"Coral Springs"|FL|33065||Female|7866933998|"No Response"|1||0|0|0|0||0|"Alzamora Brandon"||||||||"SARS-CoV-2 (COVID-19)"|Antigen|97097-0|"SARS-CoV-2 Ag Upper resp Ql IA.rapid"|"Nasopharyngeal swab"|258500001|06/23/2022|Negative|260385009
43|4244|10D2214779||Lynch|Darina||11/21/1991||"Albion Hotel"|Miami|FL|33139||Female|7786974908|"No Response"|1||0|0|0|0||0|Lynch||||||||"SARS-CoV-2 (COVID-19)"|Antigen|97097-0|"SARS-CoV-2 Ag Upper resp Ql IA.rapid"|"Nasopharyngeal swab"|258500001|06/23/2022|Negative|260385009
44|4244|10D2214779||"O Brien"|Brendan||04/11/1989||"Albion hotel"|Miami|FL|33139||Male|9999999999|"No Response"|1||0|0|0|0||0|"O Brien"||||||||"SARS-CoV-2 (COVID-19)"|Antigen|97097-0|"SARS-CoV-2 Ag Upper resp Ql IA.rapid"|"Nasopharyngeal swab"|258500001|06/23/2022|Negative|260385009
45|4244|10D2214779||Falchuk|Isabella||09/06/2003||"1900 Westridge Terrace"|"Los Angeles"|FL|90049||Female|5613794629|"No Response"|1||0|0|0|0||0|Falchuk||||||||"SARS-CoV-2 (COVID-19)"|Antigen|97097-0|"SARS-CoV-2 Ag Upper resp Ql IA.rapid"|"Nasopharyngeal swab"|258500001|06/23/2022|Negative|260385009
46|4244|10D2214779||Hosein|Ihsan||03/27/1989||"9500 Turkey lake Rd"|Orlando|FL|32819||Male|8503540832|"No Response"|0||0|1|0|0||0|Hosein||||||||"SARS-CoV-2 (COVID-19)"|Antigen|97097-0|"SARS-CoV-2 Ag Upper resp Ql IA.rapid"|"Nasopharyngeal swab"|258500001|06/23/2022|Negative|260385009
47|4244|10D2214779||Ramnarine|Asha||06/26/1997||Unknown|Unknown|FL|99999||Female|3863332066|"No Response"|0||0|1|0|0||0|Ramnarine||||||||"SARS-CoV-2 (COVID-19)"|Antigen|97097-0|"SARS-CoV-2 Ag Upper resp Ql IA.rapid"|"Nasopharyngeal swab"|258500001|06/23/2022|Negative|260385009
48|4244|10D2214779||Mahabir|Malissa||01/01/1970||"7933 Fern Leaf Drive"|Orlando|FL|32836||Female|8682951489|"No Response"|0||0|1|0|0||0|Mahabir||||||||"SARS-CoV-2 (COVID-19)"|Antigen|97097-0|"SARS-CoV-2 Ag Upper resp Ql IA.rapid"|"Nasopharyngeal swab"|258500001|06/23/2022|Negative|260385009
49|4244|10D2214779||Mahabir|June||01/01/1970||"7933 Fern Leaf Drive"|Orlando|FL|32836||Female|8682951489|"No Response"|0||0|1|0|0||0|Mahabir||||||||"SARS-CoV-2 (COVID-19)"|Antigen|97097-0|"SARS-CoV-2 Ag Upper resp Ql IA.rapid"|"Nasopharyngeal swab"|258500001|06/23/2022|Negative|260385009
50|4244|10D2214779||Pearce|Douglas||05/30/1967||"1181 N Harbor Dr"|"Singer Island"|FL|33404||Male|5612329348|"No Response"|1||0|0|0|0||0|Pearce||||||||"SARS-CoV-2 (COVID-19)"|Antigen|97097-0|"SARS-CoV-2 Ag Upper resp Ql IA.rapid"|"Nasopharyngeal swab"|258500001|06/23/2022|Negative|260385009
51|4244|10D2214779||Pearce|Jody||06/20/1959||"1181 N Harbor Dr"|"Singer Island"|FL|33404||Female|6095294181|"No Response"|1||0|0|0|0||0|Pearce||||||||"SARS-CoV-2 (COVID-19)"|Antigen|97097-0|"SARS-CoV-2 Ag Upper resp Ql IA.rapid"|"Nasopharyngeal swab"|258500001|06/23/2022|Negative|260385009
52|4244|10D2214779||Pearce|Casey||12/29/1995||"1252 Cabana Rd Apt 2"|"Singer Island"|FL|33404||Female|5613396868|"No Response"|1||0|0|0|0||0|Pearce||||||||"SARS-CoV-2 (COVID-19)"|Antigen|97097-0|"SARS-CoV-2 Ag Upper resp Ql IA.rapid"|"Nasopharyngeal swab"|258500001|06/23/2022|Negative|260385009
53|4244|10D2214779||Knox|Debra||05/24/1964||"4237 Onega Circle"|"West Palm Beach"|FL|33409||Female|5616855420|"No Response"|1||0|0|0|0||0|Knox||||||||"SARS-CoV-2 (COVID-19)"|Antigen|97097-0|"SARS-CoV-2 Ag Upper resp Ql IA.rapid"|"Nasopharyngeal swab"|258500001|06/23/2022|Negative|260385009
54|4244|10D2214779||Jenkins|Russell||01/06/1950||"898 Gulf Land Drive"|Apopka|FL|32712||Male|5409035686|"No Response"|1||0|0|0|0||0|Jenkins||||||||"SARS-CoV-2 (COVID-19)"|Antigen|97097-0|"SARS-CoV-2 Ag Upper resp Ql IA.rapid"|"Nasopharyngeal swab"|258500001|06/23/2022|Negative|260385009
55|4244|10D2214779||Jenkins|Teresa||02/23/1960||"898 Gulf Land Drive"|Apopka|FL|32712||Female|5409035684|"No Response"|1||0|0|0|0||0|Jenkins||||||||"SARS-CoV-2 (COVID-19)"|Antigen|97097-0|"SARS-CoV-2 Ag Upper resp Ql IA.rapid"|"Nasopharyngeal swab"|258500001|06/23/2022|Negative|260385009
56|4244|10D2214779||Knox|Dale||12/15/1959||"4237 Onega Circle"|"West Palm Beach"|FL|33409||Male|5613128998|"No Response"|1||0|0|0|0||0|Knox||||||||"SARS-CoV-2 (COVID-19)"|Antigen|97097-0|"SARS-CoV-2 Ag Upper resp Ql IA.rapid"|"Nasopharyngeal swab"|258500001|06/23/2022|Negative|260385009
57|4244|10D2214779||"Rosales Escoto"|Marcela||01/30/1986||"400 Harbour Way, 201"|Richmond|FL|94801||Female|9999999999|"No Response"|0||0|0|0|0||0|"Rosales Escoto"||||||||"SARS-CoV-2 (COVID-19)"|Antigen|97097-0|"SARS-CoV-2 Ag Upper resp Ql IA.rapid"|"Nasopharyngeal swab"|258500001|06/23/2022|Negative|260385009
58|4244|10D2214779||Nestler-Collins|Judith||08/13/1962||"4203 Crozet Ct."|"West Palm Beach"|FL|33409||Female|5618894893|"No Response"|1||0|0|0|0||0|Nestler-Collins||||||||"SARS-CoV-2 (COVID-19)"|Antigen|97097-0|"SARS-CoV-2 Ag Upper resp Ql IA.rapid"|"Nasopharyngeal swab"|258500001|06/23/2022|Negative|260385009
59|4244|10D2214779||"Zimmermann Winqvist"|"Sophie Renate"||10/29/2004||"134 Verona Ave"|Davenport|FL|33897||Female|9999999999|"No Response"|1||0|0|0|0||0|"Zimmermann Winqvist"||||||||"SARS-CoV-2 (COVID-19)"|Antigen|97097-0|"SARS-CoV-2 Ag Upper resp Ql IA.rapid"|"Nasopharyngeal swab"|258500001|06/23/2022|Negative|260385009
60|4244|10D2214779||Winqvist|"Emily Ida"||11/29/1999||"134 Verona Ave"|Davenport|FL|33897||Female|9999999999|"No Response"|1||0|0|0|0||0|Winqvist||||||||"SARS-CoV-2 (COVID-19)"|Antigen|97097-0|"SARS-CoV-2 Ag Upper resp Ql IA.rapid"|"Nasopharyngeal swab"|258500001|06/23/2022|Negative|260385009
61|4244|10D2214779||"Zimmermann Winqvist"|"Liselotte Margareta"||04/23/1972||"134 Verona Ave"|Davenport|FL|33897||Female|9999999999|"No Response"|1||0|0|0|0||0|"Zimmermann Winqvist"||||||||"SARS-CoV-2 (COVID-19)"|Antigen|97097-0|"SARS-CoV-2 Ag Upper resp Ql IA.rapid"|"Nasopharyngeal swab"|258500001|06/23/2022|Negative|260385009
62|4244|10D2214779||Zimmermann|"Stephan Volker Hellmuth"||11/02/1965||"134 Verona Ave"|Davenport|FL|33897||Male|9999999999|"No Response"|1||0|0|0|0||0|Zimmermann||||||||"SARS-CoV-2 (COVID-19)"|Antigen|97097-0|"SARS-CoV-2 Ag Upper resp Ql IA.rapid"|"Nasopharyngeal swab"|258500001|06/23/2022|Negative|260385009
63|4244|10D2214779||Collins|Dave||10/27/1958||"4203 Crozet Ct."|"West Palm Beach"|FL|33409||Male|5618895372|"No Response"|1||0|0|0|0||0|Collins||||||||"SARS-CoV-2 (COVID-19)"|Antigen|97097-0|"SARS-CoV-2 Ag Upper resp Ql IA.rapid"|"Nasopharyngeal swab"|258500001|06/23/2022|Negative|260385009
64|4244|10D2214779||Revah|Eliyahu||07/14/1980||Davenport|Orlando|FL|33896||Male|9999999999|"No Response"|1||0|0|0|0||0|Revah||||||||"SARS-CoV-2 (COVID-19)"|Antigen|97097-0|"SARS-CoV-2 Ag Upper resp Ql IA.rapid"|"Nasopharyngeal swab"|258500001|06/23/2022|Negative|260385009
65|4244|10D2214779||Revah|Pazit||08/28/1980||Davenport|Orlando|FL|33896||Female|9999999999|"No Response"|1||0|0|0|0||0|Revah||||||||"SARS-CoV-2 (COVID-19)"|Antigen|97097-0|"SARS-CoV-2 Ag Upper resp Ql IA.rapid"|"Nasopharyngeal swab"|258500001|06/23/2022|Negative|260385009
66|4244|10D2214779||Revah|Eidan||07/29/2007||Davenport|Orlando|FL|33896||Male|9999999999|"No Response"|1||0|0|0|0||0|Revah||||||||"SARS-CoV-2 (COVID-19)"|Antigen|97097-0|"SARS-CoV-2 Ag Upper resp Ql IA.rapid"|"Nasopharyngeal swab"|258500001|06/23/2022|Negative|260385009
67|4244|10D2214779||Revah|Linoy||08/12/2009||Davenport|Orlando|FL|33896||Female|9999999999|"No Response"|1||0|0|0|0||0|Revah||||||||"SARS-CoV-2 (COVID-19)"|Antigen|97097-0|"SARS-CoV-2 Ag Upper resp Ql IA.rapid"|"Nasopharyngeal swab"|258500001|06/23/2022|Negative|260385009
68|4244|10D2214779||Revah|Amit||03/20/2015||Davenport|Orlando|FL|33896||Male|9999999999|"No Response"|1||0|0|0|0||0|Revah||||||||"SARS-CoV-2 (COVID-19)"|Antigen|97097-0|"SARS-CoV-2 Ag Upper resp Ql IA.rapid"|"Nasopharyngeal swab"|258500001|06/23/2022|Negative|260385009
69|4244|10D2214779||Brakha|Kobi||09/19/1976||Davenport|Orlando|FL|33896||Male|9999999999|"No Response"|1||0|0|0|0||0|Brakha||||||||"SARS-CoV-2 (COVID-19)"|Antigen|97097-0|"SARS-CoV-2 Ag Upper resp Ql IA.rapid"|"Nasopharyngeal swab"|258500001|06/23/2022|Negative|260385009
70|4244|10D2214779||Brakha|Betty||06/29/1978||Davenport|Orlando|FL|33896||Female|9999999999|"No Response"|1||0|0|0|0||0|Brakha||||||||"SARS-CoV-2 (COVID-19)"|Antigen|97097-0|"SARS-CoV-2 Ag Upper resp Ql IA.rapid"|"Nasopharyngeal swab"|258500001|06/23/2022|Negative|260385009
71|4244|10D2214779||Brakha|Ynon||04/29/2007||Davenport|Orlando|FL|33896||Male|9999999999|"No Response"|1||0|0|0|0||0|Brakha||||||||"SARS-CoV-2 (COVID-19)"|Antigen|97097-0|"SARS-CoV-2 Ag Upper resp Ql IA.rapid"|"Nasopharyngeal swab"|258500001|06/23/2022|Negative|260385009
72|4244|10D2214779||Brakha|Shay||06/15/2010||Davenport|Orlando|FL|33896||Female|9999999999|"No Response"|1||0|0|0|0||0|Brakha||||||||"SARS-CoV-2 (COVID-19)"|Antigen|97097-0|"SARS-CoV-2 Ag Upper resp Ql IA.rapid"|"Nasopharyngeal swab"|258500001|06/23/2022|Negative|260385009
73|4244|10D2214779||Brakha|Yarin||03/01/2015||Davenport|Orlando|FL|33896||Female|9999999999|"No Response"|1||0|0|0|0||0|Brakha||||||||"SARS-CoV-2 (COVID-19)"|Antigen|97097-0|"SARS-CoV-2 Ag Upper resp Ql IA.rapid"|"Nasopharyngeal swab"|258500001|06/23/2022|Negative|260385009
74|4244|10D2214779||Revah|Moshe||04/20/1953||Davenport|Orlando|FL|33896||Male|9999999999|"No Response"|1||0|0|0|0||0|Revah||||||||"SARS-CoV-2 (COVID-19)"|Antigen|97097-0|"SARS-CoV-2 Ag Upper resp Ql IA.rapid"|"Nasopharyngeal swab"|258500001|06/23/2022|Negative|260385009
75|4244|10D2214779||Revah|Aliza||07/05/1959||Davenport|Orlando|FL|33896||Female|9999999999|"No Response"|1||0|0|0|0||0|Revah||||||||"SARS-CoV-2 (COVID-19)"|Antigen|97097-0|"SARS-CoV-2 Ag Upper resp Ql IA.rapid"|"Nasopharyngeal swab"|258500001|06/23/2022|Negative|260385009
76|4244|10D2214779||Sampaio|Vera||10/01/1946||"7633 Bay Port Rd"|"Orlando, Fl"|FL|32819||Female|4074034749|"No Response"|1||0|0|0|0||0|Sampaio||||||||"SARS-CoV-2 (COVID-19)"|PCR|94500-6|"SARS-CoV-2 RNA Resp Ql NAA+probe"|"Nasopharyngeal swab"|258500001|06/23/2022|Negative|260385009
77|4244|10D2214779||Basdeo|Karishma||07/23/1996||"1103 Windy Bluff Dr"|Minneola|FL|34711||Female|6463279799|"No Response"|0||0|0|0|1||0|Basdeo||||||||"SARS-CoV-2 (COVID-19)"|Antigen|97097-0|"SARS-CoV-2 Ag Upper resp Ql IA.rapid"|"Nasopharyngeal swab"|258500001|06/23/2022|Negative|260385009
78|4244|10D2214779||Mungal|Aneesa||05/18/1977||"1103 Windy Bluff Dr"|Minneola|FL|34715||Female|3479924898|"No Response"|0||0|1|0|0||0|Mungal||||||||"SARS-CoV-2 (COVID-19)"|Antigen|97097-0|"SARS-CoV-2 Ag Upper resp Ql IA.rapid"|"Nasopharyngeal swab"|258500001|06/23/2022|Negative|260385009
79|4244|10D2214779||Mungal|Addisson||07/13/2011||"1103 Windy Bluff Dr"|Minneola|FL|34715||Female|3479924898|"No Response"|0||0|1|0|0||0|Mungal||||||||"SARS-CoV-2 (COVID-19)"|Antigen|97097-0|"SARS-CoV-2 Ag Upper resp Ql IA.rapid"|"Nasopharyngeal swab"|258500001|06/23/2022|Negative|260385009
80|4244|10D2214779||khan|Rishard||03/08/1982||"1103 Windy Bluff Dr"|Minneola|FL|34715||Male|9179811252|"No Response"|0||0|1|0|0||0|khan||||||||"SARS-CoV-2 (COVID-19)"|Antigen|97097-0|"SARS-CoV-2 Ag Upper resp Ql IA.rapid"|"Nasopharyngeal swab"|258500001|06/23/2022|Negative|260385009
81|4244|10D2214779||Garza|Rosa||06/29/1986||Unknown|"Eagle Pass"|FL|78852||Female|8304984030|"No Response"|0||0|0|0|0||0|Garza||||||||"SARS-CoV-2 (COVID-19)"|Antigen|97097-0|"SARS-CoV-2 Ag Upper resp Ql IA.rapid"|"Nasopharyngeal swab"|258500001|06/23/2022|Negative|260385009
82|4244|10D2214779||Garza|Alejo||01/01/1970||Unknown|"Eagle Pass"|FL|78852||Male|8304984030|"No Response"|0||0|0|0|0||0|Garza||||||||"SARS-CoV-2 (COVID-19)"|Antigen|97097-0|"SARS-CoV-2 Ag Upper resp Ql IA.rapid"|"Nasopharyngeal swab"|258500001|06/23/2022|Negative|260385009
83|4244|10D2214779||Hernandez|Rosa||01/01/1970||Unknown|"Eagle Pass"|FL|78852||Female|8304984030|"No Response"|0||0|0|0|0||0|Hernandez||||||||"SARS-CoV-2 (COVID-19)"|Antigen|97097-0|"SARS-CoV-2 Ag Upper resp Ql IA.rapid"|"Nasopharyngeal swab"|258500001|06/23/2022|Negative|260385009
84|4244|10D2214779||Garza|Ryan||01/01/1970||Unknown|"Eagle Pass"|FL|78852||Male|8304984030|"No Response"|0||0|0|0|0||0|Garza||||||||"SARS-CoV-2 (COVID-19)"|Antigen|97097-0|"SARS-CoV-2 Ag Upper resp Ql IA.rapid"|"Nasopharyngeal swab"|258500001|06/23/2022|Negative|260385009
85|4244|10D2214779||Garza|Nicholas||01/01/1970||Unknown|"Eagle Pass"|FL|78852||Male|8304984030|"No Response"|0||0|0|0|0||0|Garza||||||||"SARS-CoV-2 (COVID-19)"|Antigen|97097-0|"SARS-CoV-2 Ag Upper resp Ql IA.rapid"|"Nasopharyngeal swab"|258500001|06/23/2022|Negative|260385009
86|4244|10D2214779||Mason|Ntombizodwa||06/11/1984||"3570s Las Vegas"|"Las Vegas"|FL|98109||Female|+4520201804|"No Response"|0||0|0|0|0||0|Mason||||||||"SARS-CoV-2 (COVID-19)"|Antigen|97097-0|"SARS-CoV-2 Ag Upper resp Ql IA.rapid"|"Nasopharyngeal swab"|258500001|06/23/2022|Negative|260385009
87|4244|10D2214779||Reher|Julia||04/12/1994||Unknown|Unknown|FL|99999||Female|15906432792|"No Response"|1||0|0|0|0||0|Reher||||||||"SARS-CoV-2 (COVID-19)"|Antigen|97097-0|"SARS-CoV-2 Ag Upper resp Ql IA.rapid"|"Nasopharyngeal swab"|258500001|06/23/2022|Negative|260385009
88|4244|10D2214779||Castella|"Christian Francois Johan"||12/20/1993||Unknown|Unknown|FL|99999||Male|15906432792|"No Response"|1||0|0|0|0||0|Castella||||||||"SARS-CoV-2 (COVID-19)"|Antigen|97097-0|"SARS-CoV-2 Ag Upper resp Ql IA.rapid"|"Nasopharyngeal swab"|258500001|06/23/2022|Negative|260385009
89|4244|10D2214779||Moses|Patrick||06/26/1982||"3101 Port Royale Blvd Apt 824"|"Fort Lauderdale"|FL|33308||Male|7089350126|"No Response"|1||0|0|0|0||0|Moses||||||||"SARS-CoV-2 (COVID-19)"|Antigen|97097-0|"SARS-CoV-2 Ag Upper resp Ql IA.rapid"|"Nasopharyngeal swab"|258500001|06/23/2022|Negative|260385009
90|4244|10D2214779||Garcia|Jonathan||09/02/1984||"10367 mallard landings way"|orlando|FL|32832||Male|3219469231|"No Response"|0||0|0|0|1||0|Garcia||||||||"SARS-CoV-2 (COVID-19)"|Antigen|97097-0|"SARS-CoV-2 Ag Upper resp Ql IA.rapid"|"Nasopharyngeal swab"|258500001|06/23/2022|Negative|260385009
91|4244|10D2214779||Marajh|Vineta||07/05/1988||"10367 Mallard Landings Way"|Orlando|FL|32832||Female|3219469231|"No Response"|0||0|0|0|1||0|Marajh||||||||"SARS-CoV-2 (COVID-19)"|Antigen|97097-0|"SARS-CoV-2 Ag Upper resp Ql IA.rapid"|"Nasopharyngeal swab"|258500001|06/23/2022|Negative|260385009
92|4244|10D2214779||Garcia|Tyler||10/18/2018||"10367 Mallard landings way"|orlando|FL|00000||Male|3219469231|"No Response"|0||0|0|0|1||0|Garcia||||||||"SARS-CoV-2 (COVID-19)"|Antigen|97097-0|"SARS-CoV-2 Ag Upper resp Ql IA.rapid"|"Nasopharyngeal swab"|258500001|06/23/2022|Negative|260385009
93|4244|10D2214779||Rajpatty-Marajh|Florence||06/05/1959||"10367 Mallard landings way"|Orlando|FL|00000||Female|3219469231|"No Response"|0||0|0|0|1||0|Rajpatty-Marajh||||||||"SARS-CoV-2 (COVID-19)"|Antigen|97097-0|"SARS-CoV-2 Ag Upper resp Ql IA.rapid"|"Nasopharyngeal swab"|258500001|06/23/2022|Negative|260385009
94|4244|10D2214779||Alcantarilla|Belen||09/06/1993||Unknown|Unknown|FL|99999||Female|7863962445|"No Response"|0||0|0|0|0||1|Alcantarilla||||||||"SARS-CoV-2 (COVID-19)"|Antigen|97097-0|"SARS-CoV-2 Ag Upper resp Ql IA.rapid"|"Nasopharyngeal swab"|258500001|06/23/2022|Negative|260385009
95|4244|10D2214779||Schwarzberg|Deanna||12/05/2008||"7716 steeplechase dr"|"Palm beach gardens"|FL|33418||Female|6175014832|"No Response"|1||0|0|0|0||0|Schwarzberg||||||||"SARS-CoV-2 (COVID-19)"|PCR|94500-6|"SARS-CoV-2 RNA Resp Ql NAA+probe"|"Nasopharyngeal swab"|258500001|06/23/2022|Negative|260385009
96|4244|10D2214779||Jimenez|Emmanuel||08/24/1989||"1600 Collins Ave, Miami Beach, FL 33139, United States"|Miami|FL|33139||Male|18687192516|"No Response"|0||0|0|0|1||0|Jimenez||||||||"SARS-CoV-2 (COVID-19)"|Antigen|97097-0|"SARS-CoV-2 Ag Upper resp Ql IA.rapid"|"Nasopharyngeal swab"|258500001|06/23/2022|Negative|260385009
97|4244|10D2214779||"Westin Rubinstein"|Daniel||10/08/2018||"1255 Epcot Resorts Blvd"|"Lake Buena Vista"|FL|32830||Male|9999999999|"No Response"|1||0|0|0|0||0|"Westin Rubinstein"||||||||"SARS-CoV-2 (COVID-19)"|Antigen|97097-0|"SARS-CoV-2 Ag Upper resp Ql IA.rapid"|"Nasopharyngeal swab"|258500001|06/23/2022|Negative|260385009
98|4244|10D2214779||"Westin Rubinstein"|Daniel||10/08/2018||"1255 Epcot Resorts Blvd"|"Lake Buena Vista"|FL|32830||Male|9999999999|"No Response"|1||0|0|0|0||0|"Westin Rubinstein"||||||||"SARS-CoV-2 (COVID-19)"|Antigen|97097-0|"SARS-CoV-2 Ag Upper resp Ql IA.rapid"|"Nasopharyngeal swab"|258500001|06/23/2022|Negative|260385009
