RecordID|FacilityID|CLIAID|PatientID|LastName|FirstName|MiddleName|DOB|SSN|StreetAddress|City|State|Zip|County|Gender|PhoneNumber|Ethnicity|RaceWhite|RaceBlack|RaceAmericanIndianAlaskanNative|RaceAsian|RaceNativeHawaiianOrOtherPacificIslander|RaceOther|RaceUnknown|RaceNoResponse|ProviderName|NPI|Pregnant|SchoolAssociation|SchoolName|MeetILIDefinition|PerformingLab|AccessionNumber|Pathogen|TestType|LOINC|LOINCShortName|SpecimenCollectionType|SpecimenSNOMED|SpecimenCollectedDate|Result|ResultSNOMED
1|4244|10D2214779||"ESTADES SAEZ JOHANSSON"|ANGEL||01/28/1968||"2520 NE 50TH STREET"|"LIGHTHOUSE POINT"|FL|33064||Male|9546489840|"No Response"|1||0|0|0|0||0|"ESTADES SAEZ JOHANSSON"||||||||"SARS-CoV-2 (COVID-19)"|PCR|94500-6|"SARS-CoV-2 RNA Resp Ql NAA+probe"|"Nasopharyngeal swab"|258500001|09/04/2021|Positive|10828004
2|4244|10D2214779||larsen|cary||09/18/1976||"13189 Sand Ridge Drive"|"West Palm Beach"|FL|33418||Male|5618912135|"No Response"|1||0|0|0|0||0|larsen||||||||"SARS-CoV-2 (COVID-19)"|Antigen|97097-0|"SARS-CoV-2 Ag Upper resp Ql IA.rapid"|"Nasopharyngeal swab"|258500001|09/20/2021|Negative|260385009
3|4244|10D2214779||Kebrdle|William||12/29/2009||Unknown|Unknown|FL|99999||Male|3055198260|"No Response"|1||0|0|0|0||0|Kebrdle||||||||"SARS-CoV-2 (COVID-19)"|PCR|94500-6|"SARS-CoV-2 RNA Resp Ql NAA+probe"|"Nasopharyngeal swab"|258500001|10/10/2021|Negative|260385009
4|4244|10D2214779||York|Taka||12/12/1967||"4598 Capital Dr."|"Lake Worth"|FL|33463||Female|9718032919|"No Response"|0||0|1|0|0||0|York||||||||"SARS-CoV-2 (COVID-19)"|PCR|94500-6|"SARS-CoV-2 RNA Resp Ql NAA+probe"|"Nasopharyngeal swab"|258500001|11/11/2021|Negative|260385009
5|4244|10D2214779||Wardle|Beatriz||11/16/1965||"4780 LAKE CALABAY DRIVE"|ORLANDO|FL|32837||Female|4078033298|"No Response"|0||0|0|0|0||0|Wardle||||||||"SARS-CoV-2 (COVID-19)"|PCR|94500-6|"SARS-CoV-2 RNA Resp Ql NAA+probe"|"Nasopharyngeal swab"|258500001|12/11/2021|Negative|260385009
6|4244|10D2214779||Kebrdle|William||12/29/2009||Unknown|Unknown|FL|99999|||3055198260|"No Response"|0||0|0|0|0||1|Kebrdle||||||||"SARS-CoV-2 (COVID-19)"|PCR|94500-6|"SARS-CoV-2 RNA Resp Ql NAA+probe"|"Nasopharyngeal swab"|258500001|12/18/2021|Negative|260385009
7|4244|10D2214779||Almeida|Sara||10/25/1997||Unknown|Unknown|FL|99999||Female|7863962445|"No Response"|0||0|0|0|1||0|Almeida||||||||"SARS-CoV-2 (COVID-19)"|PCR|94500-6|"SARS-CoV-2 RNA Resp Ql NAA+probe"|"Nasopharyngeal swab"|258500001|01/22/2022|Negative|260385009
8|4244|10D2214779||"ESTADES SAEZ JOHANSSON"|ANGEL||01/28/1968||"2520 NE 50TH STREET"|"LIGHTHOUSE POINT"|FL|33306||Male|9546489840|"No Response"|1||0|0|0|0||0|"ESTADES SAEZ JOHANSSON"||||||||"SARS-CoV-2 (COVID-19)"|PCR|94500-6|"SARS-CoV-2 RNA Resp Ql NAA+probe"|"Nasopharyngeal swab"|258500001|02/12/2022|Positive|10828004
9|4244|10D2214779||Vincent|Anthony||08/12/1957||"3300 Port Royale Drive N. Apt#404"|"Fort Lauderdale"|FL|33308||Male|9548494017|"No Response"|1||0|0|0|0||0|Vincent||||||||"SARS-CoV-2 (COVID-19)"|Antigen|97097-0|"SARS-CoV-2 Ag Upper resp Ql IA.rapid"|"Nasopharyngeal swab"|258500001|02/20/2022|Negative|260385009
10|4244|10D2214779||Christensen|Scott||10/09/1965||"3300 Port Royale Dr N 404"|"Ft Lauderdale"|FL|33308||Male|9542925376|"No Response"|1||0|0|0|0||0|Christensen||||||||"SARS-CoV-2 (COVID-19)"|Antigen|97097-0|"SARS-CoV-2 Ag Upper resp Ql IA.rapid"|"Nasopharyngeal swab"|258500001|02/20/2022|Negative|260385009
11|4244|10D2214779||Almeida|Sara||10/25/1997||Unknown|Unknown|FL|99999||Female|7863962445|"No Response"|0||0|0|0|1||0|Almeida||||||||"SARS-CoV-2 (COVID-19)"|PCR|94500-6|"SARS-CoV-2 RNA Resp Ql NAA+probe"|"Nasopharyngeal swab"|258500001|04/20/2022|Negative|260385009
12|4244|10D2214779||Lugo|Ahmed||11/03/1979||Unknown|Unknown|FL|99999||Male|7863962445|"No Response"|0||0|0|0|1||0|Lugo||||||||"SARS-CoV-2 (COVID-19)"|PCR|94500-6|"SARS-CoV-2 RNA Resp Ql NAA+probe"|"Nasopharyngeal swab"|258500001|04/22/2022|Negative|260385009
13|4244|10D2214779||Bendana|"Maria Lidia"||01/24/1972||Unknown|Unknown|FL|99999||Female|5612012859|"No Response"|0||0|0|0|1||0|Bendana||||||||"SARS-CoV-2 (COVID-19)"|Antigen|97097-0|"SARS-CoV-2 Ag Upper resp Ql IA.rapid"|"Nasopharyngeal swab"|258500001|05/07/2022|Negative|260385009
14|4244|10D2214779||Bendana|"Maria Lidia"||01/24/1972||Unknown|Unknown|FL|99999||Female|5612012859|"No Response"|0||0|0|0|0||1|Bendana||||||||"SARS-CoV-2 (COVID-19)"|Antigen|97097-0|"SARS-CoV-2 Ag Upper resp Ql IA.rapid"|"Nasopharyngeal swab"|258500001|05/11/2022|Negative|260385009
15|4244|10D2214779||Almeida|Sara||10/25/1997||Unknown|Unknown|FL|99999||Female|7863962445|"No Response"|0||0|0|0|1||0|Almeida||||||||"SARS-CoV-2 (COVID-19)"|PCR|94500-6|"SARS-CoV-2 RNA Resp Ql NAA+probe"|"Nasopharyngeal swab"|258500001|05/26/2022|Negative|260385009
16|4244|10D2214779||Almeida|Sara||10/25/1997||Unknown|Unknown|FL|99999||Female|7863962445|"No Response"|0||0|0|0|1||0|Almeida||||||||"SARS-CoV-2 (COVID-19)"|PCR|94500-6|"SARS-CoV-2 RNA Resp Ql NAA+probe"|"Nasopharyngeal swab"|258500001|06/17/2022|Negative|260385009
17|4244|10D2214779||York|Taka||12/12/1967||"4598 capital Dr"|"Lake worth"|FL|33463||Female|9718032919|"No Response"|0||0|1|0|0||0|York||||||||"SARS-CoV-2 (COVID-19)"|PCR|94500-6|"SARS-CoV-2 RNA Resp Ql NAA+probe"|"Nasopharyngeal swab"|258500001|06/22/2022|Negative|260385009
18|4244|10D2214779||Mcgavin|"Bruce Lindsay"||04/08/1954||Unknown|Unknown|FL|99999||Male|7863962445|"No Response"|0||0|0|0|0||1|Mcgavin||||||||"SARS-CoV-2 (COVID-19)"|PCR|94500-6|"SARS-CoV-2 RNA Resp Ql NAA+probe"|"Nasopharyngeal swab"|258500001|06/22/2022|Negative|260385009
19|4244|10D2214779||Edelton|Jan||02/14/1968||Unknown|Unknown|FL|99999||Male|9999999999|"No Response"|1||0|0|0|0||0|Edelton||||||||"SARS-CoV-2 (COVID-19)"|PCR|94500-6|"SARS-CoV-2 RNA Resp Ql NAA+probe"|"Nasopharyngeal swab"|258500001|06/23/2022|Negative|260385009
20|4244|10D2214779||Vincent|Anthony||08/12/1957||"3300 Port Royale Drive N. Apartment 404"|"Fort Lauderdale"|FL|33308||Male|9548494017|"No Response"|1||0|0|0|0||0|Vincent||||||||"SARS-CoV-2 (COVID-19)"|Antigen|97097-0|"SARS-CoV-2 Ag Upper resp Ql IA.rapid"|"Nasopharyngeal swab"|258500001|06/24/2022|Negative|260385009
21|4244|10D2214779||Christensen|Scott||10/09/1965||"3300 Port Royale Drive N. Apartment 404"|"Fort Lauderdale"|FL|33308||Male|9542925376|"No Response"|1||0|0|0|0||0|Christensen||||||||"SARS-CoV-2 (COVID-19)"|Antigen|97097-0|"SARS-CoV-2 Ag Upper resp Ql IA.rapid"|"Nasopharyngeal swab"|258500001|06/24/2022|Negative|260385009
22|4244|10D2214779||Edwards|Jennifer||07/28/1950||"Ramada Plaza by Wyndham Orlando Resort & Suites"|Orlando|FL|32819||Female|9999999999|"No Response"|1||0|0|0|0||0|Edwards||||||||"SARS-CoV-2 (COVID-19)"|Antigen|97097-0|"SARS-CoV-2 Ag Upper resp Ql IA.rapid"|"Nasopharyngeal swab"|258500001|06/24/2022|Negative|260385009
23|4244|10D2214779||Nash|Frederick||06/25/1942||"Ramada Plaza by Wyndham Orlando Resort & Suites"|Orlando|FL|32819||Male|9999999999|"No Response"|1||0|0|0|0||0|Nash||||||||"SARS-CoV-2 (COVID-19)"|Antigen|97097-0|"SARS-CoV-2 Ag Upper resp Ql IA.rapid"|"Nasopharyngeal swab"|258500001|06/24/2022|Negative|260385009
24|4244|10D2214779||Tortora|"Gaia Ottavia"||01/01/1970||Italy|"Pagani, Italy"|FL|84016||Female|9999999999|"No Response"|1||0|0|0|0||0|Tortora||||||||"SARS-CoV-2 (COVID-19)"|Antigen|97097-0|"SARS-CoV-2 Ag Upper resp Ql IA.rapid"|"Nasopharyngeal swab"|258500001|06/24/2022|Negative|260385009
25|4244|10D2214779||Vignapiano|Matteo||03/11/1989||Italy|"Angri, Italy"|FL|84012||Male|9999999999|"No Response"|1||0|0|0|0||0|Vignapiano||||||||"SARS-CoV-2 (COVID-19)"|Antigen|97097-0|"SARS-CoV-2 Ag Upper resp Ql IA.rapid"|"Nasopharyngeal swab"|258500001|06/24/2022|Negative|260385009
26|4244|10D2214779||Edelton|Jan||02/14/1968||Unknown|Unknown|FL|99999||Male|9999999999|"No Response"|1||0|0|0|0||0|Edelton||||||||"SARS-CoV-2 (COVID-19)"|PCR|94500-6|"SARS-CoV-2 RNA Resp Ql NAA+probe"|"Nasopharyngeal swab"|258500001|06/24/2022|Negative|260385009
27|4244|10D2214779||Mccrary|John||09/06/1950||Unknown|Unknown|FL|99999||Male|6153050454|"No Response"|1||0|0|0|0||0|Mccrary||||||||"SARS-CoV-2 (COVID-19)"|Antigen|97097-0|"SARS-CoV-2 Ag Upper resp Ql IA.rapid"|"Nasopharyngeal swab"|258500001|06/24/2022|Negative|260385009
28|4244|10D2214779||Mccrary|Phyllis||01/19/1948||Unknown|Unknown|FL|99999||Female|6153050454|"No Response"|1||0|0|0|0||0|Mccrary||||||||"SARS-CoV-2 (COVID-19)"|Antigen|97097-0|"SARS-CoV-2 Ag Upper resp Ql IA.rapid"|"Nasopharyngeal swab"|258500001|06/24/2022|Negative|260385009
29|4244|10D2214779||"ESTADES SAEZ JOHANSSON"|ANGEL||01/28/1968||"2520 NE 50th Street"|"Lighthouse Point"|FL|33064||Male|9546489840|"No Response"|1||0|0|0|0||0|"ESTADES SAEZ JOHANSSON"||||||||"SARS-CoV-2 (COVID-19)"|PCR|94500-6|"SARS-CoV-2 RNA Resp Ql NAA+probe"|"Nasopharyngeal swab"|258500001|06/24/2022|Positive|10828004
30|4244|10D2214779||Duncombe|Sherika||12/01/1988||"555 62nd street"|"Fort Lauderdale"|FL|33309||Female|2428049604|"No Response"|0||0|0|0|0||0|Duncombe||||||||"SARS-CoV-2 (COVID-19)"|Antigen|97097-0|"SARS-CoV-2 Ag Upper resp Ql IA.rapid"|"Nasopharyngeal swab"|258500001|06/24/2022|Negative|260385009
31|4244|10D2214779||Duncombe|Synai||01/31/2014||"555 62nd street"|"Fort Lauderdale"|FL|33309||Female|9999999999|"No Response"|0||0|0|0|0||0|Duncombe||||||||"SARS-CoV-2 (COVID-19)"|Antigen|97097-0|"SARS-CoV-2 Ag Upper resp Ql IA.rapid"|"Nasopharyngeal swab"|258500001|06/24/2022|Negative|260385009
32|4244|10D2214779||Bastian|Cheryl||03/15/1959||"555 62nd street"|"Fort Lauderdale"|FL|33309||Female|2428049604|"No Response"|0||0|0|0|0||0|Bastian||||||||"SARS-CoV-2 (COVID-19)"|Antigen|97097-0|"SARS-CoV-2 Ag Upper resp Ql IA.rapid"|"Nasopharyngeal swab"|258500001|06/24/2022|Negative|260385009
33|4244|10D2214779||Petrarca|Diego||06/01/1992||Unknown|Napoli|FL|80026||Male|3314762492|"No Response"|1||0|0|0|0||0|Petrarca||||||||"SARS-CoV-2 (COVID-19)"|Antigen|97097-0|"SARS-CoV-2 Ag Upper resp Ql IA.rapid"|"Nasopharyngeal swab"|258500001|06/24/2022|Negative|260385009
34|4244|10D2214779||Lomasto|Alessia||08/31/1994||Unknown|Napoli|FL|80026||Female|3391060552|"No Response"|1||0|0|0|0||0|Lomasto||||||||"SARS-CoV-2 (COVID-19)"|Antigen|97097-0|"SARS-CoV-2 Ag Upper resp Ql IA.rapid"|"Nasopharyngeal swab"|258500001|06/24/2022|Negative|260385009
35|4244|10D2214779||Reisman|Daren||08/31/1968||Unknown|Unknown|FL|99999||Male|9999999999|"No Response"|1||0|0|0|0||0|Reisman||||||||"SARS-CoV-2 (COVID-19)"|Antigen|97097-0|"SARS-CoV-2 Ag Upper resp Ql IA.rapid"|"Nasopharyngeal swab"|258500001|06/24/2022|Negative|260385009
36|4244|10D2214779||Zandihn|"Anette Kristin"||01/01/1970||"3101 collins avenue"|Miami|FL|33140||Female|9999999999|"No Response"|1||0|0|0|0||0|Zandihn||||||||"SARS-CoV-2 (COVID-19)"|Antigen|97097-0|"SARS-CoV-2 Ag Upper resp Ql IA.rapid"|"Nasopharyngeal swab"|258500001|06/24/2022|Negative|260385009
37|4244|10D2214779||Zandihn|"Leif Ronny"||01/01/1970||"3101 collins avenue"|Miami|FL|33140||Male|9999999999|"No Response"|1||0|0|0|0||0|Zandihn||||||||"SARS-CoV-2 (COVID-19)"|Antigen|97097-0|"SARS-CoV-2 Ag Upper resp Ql IA.rapid"|"Nasopharyngeal swab"|258500001|06/24/2022|Negative|260385009
38|4244|10D2214779||Zandihn|"Sara Kristin"||06/24/2022||"3101 Collins Avenue"|Miami|FL|33140||Female|9999999999|"No Response"|1||0|0|0|0||0|Zandihn||||||||"SARS-CoV-2 (COVID-19)"|Antigen|97097-0|"SARS-CoV-2 Ag Upper resp Ql IA.rapid"|"Nasopharyngeal swab"|258500001|06/24/2022|Negative|260385009
39|4244|10D2214779||Zandihn|"Emma Kristin"||01/01/1970||"3101 Collins Avenue"|Miami|FL|33140||Female|9999999999|"No Response"|1||0|0|0|0||0|Zandihn||||||||"SARS-CoV-2 (COVID-19)"|Antigen|97097-0|"SARS-CoV-2 Ag Upper resp Ql IA.rapid"|"Nasopharyngeal swab"|258500001|06/24/2022|Negative|260385009
40|4244|10D2214779||Kähärä|Sirkka-Liisa||02/22/1965||"JW Marriott Miami, 1109 Brickell Ave, Miami, FL 33131"|Miami|FL|99999||Female|9999999999|"No Response"|1||0|0|0|0||0|Kähärä||||||||"SARS-CoV-2 (COVID-19)"|Antigen|97097-0|"SARS-CoV-2 Ag Upper resp Ql IA.rapid"|"Nasopharyngeal swab"|258500001|06/24/2022|Negative|260385009
41|4244|10D2214779||Kähärä|Sirkka-Liisa||02/22/1965||"JW Marriott Miami, 1109 Brickell Ave, Miami, FL 33131"|Miami|FL|99999||Female|9999999999|"No Response"|1||0|0|0|0||0|Kähärä||||||||"SARS-CoV-2 (COVID-19)"|Antigen|97097-0|"SARS-CoV-2 Ag Upper resp Ql IA.rapid"|"Nasopharyngeal swab"|258500001|06/24/2022|Negative|260385009
42|4244|10D2214779||Kähärä|Juha||03/06/1968||"JW Marriott Miami, 1109 Brickell Ave, Miami, FL 33131"|Miami|FL|99999||Male|9999999999|"No Response"|1||0|0|0|0||0|Kähärä||||||||"SARS-CoV-2 (COVID-19)"|Antigen|97097-0|"SARS-CoV-2 Ag Upper resp Ql IA.rapid"|"Nasopharyngeal swab"|258500001|06/24/2022|Negative|260385009
43|4244|10D2214779||Wagner|Mariana||08/24/1990||"2106 S Cypress Bend Dr."|"Pompano Beach"|FL|33069||Female|5616350232|"No Response"|0||0|0|0|0||0|Wagner||||||||"SARS-CoV-2 (COVID-19)"|Antigen|97097-0|"SARS-CoV-2 Ag Upper resp Ql IA.rapid"|"Nasopharyngeal swab"|258500001|06/24/2022|Negative|260385009
44|4244|10D2214779||"WAGNER NETO"|JOAO||04/30/1986||"2106 S CYPRESS BEND DR"|"POMPANO BEACH"|FL|33069||Male|5612132217|"No Response"|0||0|0|0|0||0|"WAGNER NETO"||||||||"SARS-CoV-2 (COVID-19)"|Antigen|97097-0|"SARS-CoV-2 Ag Upper resp Ql IA.rapid"|"Nasopharyngeal swab"|258500001|06/24/2022|Negative|260385009
45|4244|10D2214779||"Vega Rivera"|Vanessa||05/25/1990||Unknown|Unknown|FL|99999||Female|9999999999|"No Response"|0||0|0|0|1||0|"Vega Rivera"||||||||"SARS-CoV-2 (COVID-19)"|PCR|94500-6|"SARS-CoV-2 RNA Resp Ql NAA+probe"|"Nasopharyngeal swab"|258500001|06/24/2022|Negative|260385009
46|4244|10D2214779||Khan|Zahir||05/08/1999||"752 Tradewind Dr"|"North Palm Beach"|FL|33408||Male|8687442090|"No Response"|0||0|1|0|0||0|Khan||||||||"SARS-CoV-2 (COVID-19)"|Antigen|97097-0|"SARS-CoV-2 Ag Upper resp Ql IA.rapid"|"Nasopharyngeal swab"|258500001|06/24/2022|Negative|260385009
47|4244|10D2214779||Finnin|Tracy||10/31/1962||"3112 S. Semoran Blvd Apt 1"|Orlando|FL|32822||Female|3214416050|"No Response"|1||0|0|0|0||0|Finnin||||||||"SARS-CoV-2 (COVID-19)"|Antigen|97097-0|"SARS-CoV-2 Ag Upper resp Ql IA.rapid"|"Nasopharyngeal swab"|258500001|06/24/2022|Negative|260385009
48|4244|10D2214779||Garcia|Jaime||03/10/1955||"11538 Westwood Blvd"|Orlando|FL|32821||Male|9417306193|"No Response"|0||0|0|0|0||0|Garcia||||||||"SARS-CoV-2 (COVID-19)"|Antigen|97097-0|"SARS-CoV-2 Ag Upper resp Ql IA.rapid"|"Nasopharyngeal swab"|258500001|06/24/2022|Negative|260385009
49|4244|10D2214779||Alexandre|Maria||01/31/1960||"11538 Westwood Blvd"|Orlando|FL|32821||Female|9417306193|"No Response"|1||0|0|0|0||0|Alexandre||||||||"SARS-CoV-2 (COVID-19)"|Antigen|97097-0|"SARS-CoV-2 Ag Upper resp Ql IA.rapid"|"Nasopharyngeal swab"|258500001|06/24/2022|Negative|260385009
50|4244|10D2214779||Randall|George||11/13/2007||"4750 Mildred Bass Rd"|"Saint Cloud"|FL|34772||Male|3212027027|"No Response"|1||0|0|0|0||0|Randall||||||||"SARS-CoV-2 (COVID-19)"|PCR|94500-6|"SARS-CoV-2 RNA Resp Ql NAA+probe"|"Nasopharyngeal swab"|258500001|06/24/2022|Negative|260385009
51|4244|10D2214779||Mohler|Rudolf||10/10/1953||"The  Savoy Hotel"|"Miami Beach FL"|FL|33139||Male|9999999999|"No Response"|1||0|0|0|0||0|Mohler||||||||"SARS-CoV-2 (COVID-19)"|Antigen|97097-0|"SARS-CoV-2 Ag Upper resp Ql IA.rapid"|"Nasopharyngeal swab"|258500001|06/24/2022|Negative|260385009
52|4244|10D2214779||Wiedmann|"Walter Anton"||03/26/1955||"Savoy Hotel"|"Miami Beach FL"|FL|33139||Male|9999999999|"No Response"|1||0|0|0|0||0|Wiedmann||||||||"SARS-CoV-2 (COVID-19)"|Antigen|97097-0|"SARS-CoV-2 Ag Upper resp Ql IA.rapid"|"Nasopharyngeal swab"|258500001|06/24/2022|Negative|260385009
53|4244|10D2214779||Wardle|Beatriz||11/16/1965||"4780 LAKE CALABAY DRIVE"|ORLANDO|FL|32837||Female|4078033298|"No Response"|0||0|0|0|0||0|Wardle||||||||"SARS-CoV-2 (COVID-19)"|PCR|94500-6|"SARS-CoV-2 RNA Resp Ql NAA+probe"|"Nasopharyngeal swab"|258500001|06/24/2022|Negative|260385009
54|4244|10D2214779||Almeida|Sara||10/25/1997||Unknown|Unknown|FL|99999||Female|7863962445|"No Response"|0||0|0|0|1||0|Almeida||||||||"SARS-CoV-2 (COVID-19)"|PCR|94500-6|"SARS-CoV-2 RNA Resp Ql NAA+probe"|"Nasopharyngeal swab"|258500001|06/24/2022|Negative|260385009
55|4244|10D2214779||Lugo|Ahmed||11/03/1979||Unknown|Unknown|FL|99999||Male|7863962445|"No Response"|0||0|0|0|1||0|Lugo||||||||"SARS-CoV-2 (COVID-19)"|PCR|94500-6|"SARS-CoV-2 RNA Resp Ql NAA+probe"|"Nasopharyngeal swab"|258500001|06/24/2022|Negative|260385009
56|4244|10D2214779||Yamsiriwong|Phubejh||05/01/2013||"3459 Vanderbilt dr."|Wellington|FL|33414||Male|9543037998|"No Response"|0||0|1|0|0||0|Yamsiriwong||||||||"SARS-CoV-2 (COVID-19)"|Antigen|97097-0|"SARS-CoV-2 Ag Upper resp Ql IA.rapid"|"Nasopharyngeal swab"|258500001|06/24/2022|Negative|260385009
57|4244|10D2214779||chery|Gaspard||03/13/1981||Unknown|Unknown|FL|99999||Male|5619298144|"No Response"|0||0|0|0|0||0|chery||||||||"SARS-CoV-2 (COVID-19)"|Antigen|97097-0|"SARS-CoV-2 Ag Upper resp Ql IA.rapid"|"Nasopharyngeal swab"|258500001|06/24/2022|Negative|260385009
58|4244|10D2214779||Cortes|"Cynthia Gissel"||03/13/1988||Unknown|Unknown|FL|99999||Female|7863902794|"No Response"|0||0|0|0|0||1|Cortes||||||||"SARS-CoV-2 (COVID-19)"|Antigen|97097-0|"SARS-CoV-2 Ag Upper resp Ql IA.rapid"|"Nasopharyngeal swab"|258500001|06/24/2022|Negative|260385009
59|4244|10D2214779||Mannan|Harshal||01/07/1955||Unknown|Unknown|FL|99999||Female|9543990384|"No Response"|0||0|0|0|0||1|Mannan||||||||"SARS-CoV-2 (COVID-19)"|Antigen|97097-0|"SARS-CoV-2 Ag Upper resp Ql IA.rapid"|"Nasopharyngeal swab"|258500001|06/24/2022|Negative|260385009
60|4244|10D2214779||Chery|Gawens||02/24/2009||Unknown|Unknown|FL|99999||Male|5619298144|"No Response"|0||0|0|0|0||0|Chery||||||||"SARS-CoV-2 (COVID-19)"|Antigen|97097-0|"SARS-CoV-2 Ag Upper resp Ql IA.rapid"|"Nasopharyngeal swab"|258500001|06/24/2022|Negative|260385009
61|4244|10D2214779||Bajnath|Melinda||06/30/1979||"6377 Casabella lane"|"Boca Raton"|FL|33433||Female|9545592525|"No Response"|0||0|0|0|1||0|Bajnath||||||||"SARS-CoV-2 (COVID-19)"|Antigen|97097-0|"SARS-CoV-2 Ag Upper resp Ql IA.rapid"|"Nasopharyngeal swab"|258500001|06/24/2022|Negative|260385009
62|4244|10D2214779||Elsherbini|Ahmed||09/26/1978||Unknown|Unknown|FL|99999||Male|7863962445|"No Response"|0||0|0|0|1||0|Elsherbini||||||||"SARS-CoV-2 (COVID-19)"|Antigen|97097-0|"SARS-CoV-2 Ag Upper resp Ql IA.rapid"|"Nasopharyngeal swab"|258500001|06/24/2022|Negative|260385009
63|4244|10D2214779||Gaafar|Nayera||10/30/1987||Unknown|Unknown|FL|99999||Female|7863962445|"No Response"|0||0|0|0|1||0|Gaafar||||||||"SARS-CoV-2 (COVID-19)"|Antigen|97097-0|"SARS-CoV-2 Ag Upper resp Ql IA.rapid"|"Nasopharyngeal swab"|258500001|06/24/2022|Negative|260385009
64|4244|10D2214779||Carmi|Mitzi||08/22/1974||"18419 Tapwood Road"|Boyds|FL|20841||Female|3015258847|"No Response"|0||0|0|0|1||0|Carmi||||||||"SARS-CoV-2 (COVID-19)"|Antigen|97097-0|"SARS-CoV-2 Ag Upper resp Ql IA.rapid"|"Nasopharyngeal swab"|258500001|06/24/2022|Negative|260385009
65|4244|10D2214779||Carmi|Jack||06/11/1974||"18419 Tapwood Road"|Boyds|FL|20841||Male|3025258847|"No Response"|0||0|0|0|1||0|Carmi||||||||"SARS-CoV-2 (COVID-19)"|Antigen|97097-0|"SARS-CoV-2 Ag Upper resp Ql IA.rapid"|"Nasopharyngeal swab"|258500001|06/24/2022|Negative|260385009
66|4244|10D2214779||Carmi|Gabriel||01/30/2007||"18419 Tapwood Road"|Boyds|FL|20841||Male|3015258847|"No Response"|0||0|0|0|1||0|Carmi||||||||"SARS-CoV-2 (COVID-19)"|Antigen|97097-0|"SARS-CoV-2 Ag Upper resp Ql IA.rapid"|"Nasopharyngeal swab"|258500001|06/24/2022|Negative|260385009
67|4244|10D2214779||Carmi|Jacklyn||01/22/2010||"18419 Tapwood Road"|Boyds|FL|20841||Female|3015258847|"No Response"|0||0|0|0|1||0|Carmi||||||||"SARS-CoV-2 (COVID-19)"|Antigen|97097-0|"SARS-CoV-2 Ag Upper resp Ql IA.rapid"|"Nasopharyngeal swab"|258500001|06/24/2022|Negative|260385009
68|4244|10D2214779||Carmi|Xavier||05/10/2013||"18419 Tapwood Road"|Boyds|FL|20841||Male|3015258847|"No Response"|0||0|0|0|1||0|Carmi||||||||"SARS-CoV-2 (COVID-19)"|Antigen|97097-0|"SARS-CoV-2 Ag Upper resp Ql IA.rapid"|"Nasopharyngeal swab"|258500001|06/24/2022|Negative|260385009
69|4244|10D2214779||Lorello|Gianni||01/01/1970||"8472 Se Bristol Way"|Jupiter|FL|33458||Male|9999999999|"No Response"|1||0|0|0|0||0|Lorello||||||||"SARS-CoV-2 (COVID-19)"|PCR|94500-6|"SARS-CoV-2 RNA Resp Ql NAA+probe"|"Nasopharyngeal swab"|258500001|06/24/2022|Negative|260385009
70|4244|10D2214779||Campello|Cristina||10/30/1980||Unknown|Unknown|FL|99999||Female|7863263271|"No Response"|0||0|0|0|0||1|Campello||||||||"SARS-CoV-2 (COVID-19)"|Antigen|97097-0|"SARS-CoV-2 Ag Upper resp Ql IA.rapid"|"Nasopharyngeal swab"|258500001|06/24/2022|Negative|260385009
71|4244|10D2214779||Kebrdle|William||12/29/2009||"444 NE 96th Street"|"Miami Shores"|FL|33138||Male|3055198260|"No Response"|0||0|0|0|1||0|Kebrdle||||||||"SARS-CoV-2 (COVID-19)"|PCR|94500-6|"SARS-CoV-2 RNA Resp Ql NAA+probe"|"Nasopharyngeal swab"|258500001|06/24/2022|Negative|260385009
72|4244|10D2214779||"Quijada Hermosilla"|"Roberto Fernando Ramon"||01/01/1970||Unknown|Unknown|FL|99999||Male|56992312405|"No Response"|0||0|0|0|0||1|"Quijada Hermosilla"||||||||"SARS-CoV-2 (COVID-19)"|Antigen|97097-0|"SARS-CoV-2 Ag Upper resp Ql IA.rapid"|"Nasopharyngeal swab"|258500001|06/24/2022|Negative|260385009
73|4244|10D2214779||"Roeschmann Stanley"|Monica||11/06/1949||Unknown|Unknown|FL|99999||Female|56992312405|"No Response"|0||0|0|0|0||1|"Roeschmann Stanley"||||||||"SARS-CoV-2 (COVID-19)"|Antigen|97097-0|"SARS-CoV-2 Ag Upper resp Ql IA.rapid"|"Nasopharyngeal swab"|258500001|06/24/2022|Negative|260385009
74|4244|10D2214779||dagher|joumana||10/20/1977||Unknown|Unknown|FL|99999||Female|5615231189|"No Response"|1||0|0|0|0||0|dagher||||||||"SARS-CoV-2 (COVID-19)"|Antigen|97097-0|"SARS-CoV-2 Ag Upper resp Ql IA.rapid"|"Nasopharyngeal swab"|258500001|06/24/2022|Negative|260385009
75|4244|10D2214779||dagher|mia||11/23/2005||Unknown|Unknown|FL|99999||Female|5617041258|"No Response"|1||0|0|0|0||0|dagher||||||||"SARS-CoV-2 (COVID-19)"|Antigen|97097-0|"SARS-CoV-2 Ag Upper resp Ql IA.rapid"|"Nasopharyngeal swab"|258500001|06/24/2022|Negative|260385009
76|4244|10D2214779||dagher|sarah||05/16/2008||Unknown|Unknown|FL|99999||Female|5615231189|"No Response"|1||0|0|0|0||0|dagher||||||||"SARS-CoV-2 (COVID-19)"|Antigen|97097-0|"SARS-CoV-2 Ag Upper resp Ql IA.rapid"|"Nasopharyngeal swab"|258500001|06/24/2022|Negative|260385009
77|4244|10D2214779||Awong|Keilan||04/11/1989||"4625 SW Tacoma street"|"Port st Lucie"|FL|34953||Female|18687907880|"No Response"|0||0|0|0|1||0|Awong||||||||"SARS-CoV-2 (COVID-19)"|Antigen|97097-0|"SARS-CoV-2 Ag Upper resp Ql IA.rapid"|"Nasopharyngeal swab"|258500001|06/24/2022|Negative|260385009
78|4244|10D2214779||Margarson|Sarah||09/05/1992||Unknown|Unknown|FL|99999||Female|9999999999|"No Response"|1||0|0|0|0||0|Margarson||||||||"SARS-CoV-2 (COVID-19)"|Antigen|97097-0|"SARS-CoV-2 Ag Upper resp Ql IA.rapid"|"Nasopharyngeal swab"|258500001|06/24/2022|Negative|260385009
79|4244|10D2214779||Birdsong|Norris||08/04/1954||"600 Okeechobee Blvd"|"West Palm Beach"|FL|33401||Male|8083490718|"No Response"|0||0|0|0|0||0|Birdsong||||||||"SARS-CoV-2 (COVID-19)"|PCR|94500-6|"SARS-CoV-2 RNA Resp Ql NAA+probe"|"Nasopharyngeal swab"|258500001|06/24/2022|Positive|10828004
80|4244|10D2214779||Shechter|Moshe||01/01/1970||"Meridian hotel"|Miami|FL|33139||Male|9999999999|"No Response"|1||0|0|0|0||0|Shechter||||||||"SARS-CoV-2 (COVID-19)"|Antigen|97097-0|"SARS-CoV-2 Ag Upper resp Ql IA.rapid"|"Nasopharyngeal swab"|258500001|06/24/2022|Negative|260385009
81|4244|10D2214779||Shechter|Galit||01/01/1970||"Meridien hotel"|Miami|FL|33139||Female|9999999999|"No Response"|1||0|0|0|0||0|Shechter||||||||"SARS-CoV-2 (COVID-19)"|Antigen|97097-0|"SARS-CoV-2 Ag Upper resp Ql IA.rapid"|"Nasopharyngeal swab"|258500001|06/24/2022|Negative|260385009
82|4244|10D2214779||larsen|cary||09/18/1976||Unknown|Unknown|FL|99999|||5618912135|"No Response"|0||0|0|0|0||1|larsen||||||||"SARS-CoV-2 (COVID-19)"|Antigen|97097-0|"SARS-CoV-2 Ag Upper resp Ql IA.rapid"|"Nasopharyngeal swab"|258500001|06/24/2022|Negative|260385009
83|4244|10D2214779||Bendana|"Maria Lidia"||01/24/1972||Unknown|Unknown|FL|99999|||5612012859|"No Response"|0||0|0|0|0||1|Bendana||||||||"SARS-CoV-2 (COVID-19)"|Antigen|97097-0|"SARS-CoV-2 Ag Upper resp Ql IA.rapid"|"Nasopharyngeal swab"|258500001|06/24/2022|Negative|260385009
84|4244|10D2214779||Cantu|Patricia||09/28/1973||"4818 Kerrville Drive"|"Corpus Christi"|FL|78413||Female|3606616386|"No Response"|1||0|0|0|0||0|Cantu||||||||"SARS-CoV-2 (COVID-19)"|Antigen|97097-0|"SARS-CoV-2 Ag Upper resp Ql IA.rapid"|"Nasopharyngeal swab"|258500001|06/24/2022|Negative|260385009
85|4244|10D2214779||Cantu|Gloria||02/21/2001||"1701 Ennis Joslin Rd, apt #111"|"Corpus Christi"|FL|78412||Female|3609414702|"No Response"|0||0|0|0|0||0|Cantu||||||||"SARS-CoV-2 (COVID-19)"|Antigen|97097-0|"SARS-CoV-2 Ag Upper resp Ql IA.rapid"|"Nasopharyngeal swab"|258500001|06/24/2022|Positive|10828004
86|4244|10D2214779||Cantu|Lisa||01/24/1970||"4818 Kerrville Dr"|"Corpus Christi"|FL|78413||Female|3606616387|"No Response"|0||0|0|0|0||0|Cantu||||||||"SARS-CoV-2 (COVID-19)"|Antigen|97097-0|"SARS-CoV-2 Ag Upper resp Ql IA.rapid"|"Nasopharyngeal swab"|258500001|06/24/2022|Negative|260385009
87|4244|10D2214779||"ESTADES SAEZ JOHANSSON"|ANGEL||01/28/1968||"2520 NE 50th Street"|"Lighthouse Pointe"|FL|33064||Male|9546489840|"No Response"|1||0|0|0|0||0|"ESTADES SAEZ JOHANSSON"||||||||"SARS-CoV-2 (COVID-19)"|PCR|94500-6|"SARS-CoV-2 RNA Resp Ql NAA+probe"|"Nasopharyngeal swab"|258500001|06/27/2022|Positive|10828004
88|4244|10D2214779||"ESTADES SAEZ JOHANSSON"|ANGEL||01/28/1968||"2520 NE 50th Street"|"Lighthouse Point"|FL|33064||Male|9546489840|"No Response"|1||0|0|0|0||0|"ESTADES SAEZ JOHANSSON"||||||||"SARS-CoV-2 (COVID-19)"|PCR|94500-6|"SARS-CoV-2 RNA Resp Ql NAA+probe"|"Nasopharyngeal swab"|258500001|06/27/2022|Positive|10828004
