RecordID|FacilityID|CLIAID|PatientID|LastName|FirstName|MiddleName|DOB|SSN|StreetAddress|City|State|Zip|County|Gender|PhoneNumber|Ethnicity|RaceWhite|RaceBlack|RaceAmericanIndianAlaskanNative|RaceAsian|RaceNativeHawaiianOrOtherPacificIslander|RaceOther|RaceUnknown|RaceNoResponse|ProviderName|NPI|Pregnant|SchoolAssociation|SchoolName|MeetILIDefinition|PerformingLab|AccessionNumber|Pathogen|TestType|LOINC|LOINCShortName|SpecimenCollectionType|SpecimenSNOMED|SpecimenCollectedDate|Result|ResultSNOMED
1|4244|10D2214779||Czocher|Lawrence||01/03/1974||Unknown|Unknown|FL|99999||Male|9548189320|"No Response"|1||0|0|0|0||0|Czocher||||||||"SARS-CoV-2 (COVID-19)"|Antigen|97097-0|"SARS-CoV-2 Ag Upper resp Ql IA.rapid"|"Nasopharyngeal swab"|258500001|11/11/2021|Negative|260385009
2|4244|10D2214779||Tigree|Kavita||09/02/1977||Unknown|Unknown|FL|99999||Female|9999999999|"No Response"|0||0|0|0|1||0|Tigree||||||||"SARS-CoV-2 (COVID-19)"|Antigen|97097-0|"SARS-CoV-2 Ag Upper resp Ql IA.rapid"|"Nasopharyngeal swab"|258500001|11/16/2021|Negative|260385009
3|4244|10D2214779||Boodoo|Dhanraj||05/01/1975||Unknown|Unknown|FL|99999||Male|9172259484|"No Response"|0||0|0|0|1||0|Boodoo||||||||"SARS-CoV-2 (COVID-19)"|Antigen|97097-0|"SARS-CoV-2 Ag Upper resp Ql IA.rapid"|"Nasopharyngeal swab"|258500001|11/16/2021|Negative|260385009
4|4244|10D2214779||Czocher|Lawrence||01/03/1974||Unknown|Unknown|FL|99999||Male|9548189320|"No Response"|1||0|0|0|0||0|Czocher||||||||"SARS-CoV-2 (COVID-19)"|Antigen|97097-0|"SARS-CoV-2 Ag Upper resp Ql IA.rapid"|"Nasopharyngeal swab"|258500001|12/09/2021|Negative|260385009
5|4244|10D2214779||Leemhuis|Dale||10/26/1954||"1601 East Hemmingway Drive"|"Juno Beach"|FL|33408||Male|2408326114|"No Response"|1||0|0|0|0||0|Leemhuis||||||||"SARS-CoV-2 (COVID-19)"|Antigen|97097-0|"SARS-CoV-2 Ag Upper resp Ql IA.rapid"|"Nasopharyngeal swab"|258500001|12/31/2021|Negative|260385009
6|4244|10D2214779||Czocher|Lawrence||01/03/1974||Unknown|Unknown|FL|99999|||9548189320|"No Response"|0||0|0|0|0||1|Czocher||||||||"SARS-CoV-2 (COVID-19)"|Antigen|97097-0|"SARS-CoV-2 Ag Upper resp Ql IA.rapid"|"Nasopharyngeal swab"|258500001|02/04/2022|Negative|260385009
7|4244|10D2214779||Czocher|Lawrence||01/03/1974||"3300 NW 65th Street"|"Fort Lauderdale"|FL|33309||Male|9548189320|"No Response"|1||0|0|0|0||0|Czocher||||||||"SARS-CoV-2 (COVID-19)"|Antigen|97097-0|"SARS-CoV-2 Ag Upper resp Ql IA.rapid"|"Nasopharyngeal swab"|258500001|04/09/2022|Negative|260385009
8|4244|10D2214779||Tigree|Kavita||09/02/1977||"9591 NW 24TH CT"|SUNRISE|FL|33322||Female|9999999999|"No Response"|0||0|0|0|1||0|Tigree||||||||"SARS-CoV-2 (COVID-19)"|Antigen|97097-0|"SARS-CoV-2 Ag Upper resp Ql IA.rapid"|"Nasopharyngeal swab"|258500001|04/25/2022|Negative|260385009
9|4244|10D2214779||Boodoo|Dhanraj||05/01/1975||Unknown|Unknown|FL|99999||Male|9172259484|"No Response"|0||0|0|0|1||0|Boodoo||||||||"SARS-CoV-2 (COVID-19)"|Antigen|97097-0|"SARS-CoV-2 Ag Upper resp Ql IA.rapid"|"Nasopharyngeal swab"|258500001|04/25/2022|Negative|260385009
10|4244|10D2214779||Leemhuis|Dale||10/26/1954||"1601 E Hemingway Dr"|"Juno Beach"|FL|33408||Female|2408326114|"No Response"|1||0|0|0|0||0|Leemhuis||||||||"SARS-CoV-2 (COVID-19)"|Antigen|97097-0|"SARS-CoV-2 Ag Upper resp Ql IA.rapid"|"Nasopharyngeal swab"|258500001|04/28/2022|Negative|260385009
11|4244|10D2214779||Czocher|Lawrence||01/03/1974||"3300 NW 65 street"|"Fort Lauderdale"|FL|33309||Male|9548189320|"No Response"|1||0|0|0|0||0|Czocher||||||||"SARS-CoV-2 (COVID-19)"|Antigen|97097-0|"SARS-CoV-2 Ag Upper resp Ql IA.rapid"|"Nasopharyngeal swab"|258500001|05/22/2022|Negative|260385009
12|4244|10D2214779||ARISTY|ALEXANDER||02/06/1973||Unknown|Davenport|FL|33896||Male|8635099270|"No Response"|0||0|0|0|0||0|ARISTY||||||||"SARS-CoV-2 (COVID-19)"|Antigen|97097-0|"SARS-CoV-2 Ag Upper resp Ql IA.rapid"|"Nasopharyngeal swab"|258500001|06/06/2022|Positive|10828004
13|4244|10D2214779||Burrows|Owen||04/01/1967||"3501 NW 42nd Avenue"|"Miami, Florida"|FL|33142||Male|2428235586|"No Response"|0||0|0|0|0||0|Burrows||||||||"SARS-CoV-2 (COVID-19)"|Antigen|97097-0|"SARS-CoV-2 Ag Upper resp Ql IA.rapid"|"Nasopharyngeal swab"|258500001|06/07/2022|Negative|260385009
14|4244|10D2214779||Burrows|Owen||04/01/1967||"3501 N.W. 42nd Avenue"|"Miami, Florida"|FL|33142||Male|2428235586|"No Response"|0||0|0|0|0||0|Burrows||||||||"SARS-CoV-2 (COVID-19)"|Antigen|97097-0|"SARS-CoV-2 Ag Upper resp Ql IA.rapid"|"Nasopharyngeal swab"|258500001|06/15/2022|Negative|260385009
15|4244|10D2214779||Kennedy|"Catherine Elizabeth"||03/01/1970||Unknown|Unknown|FL|99999||Female|5616994391|"No Response"|0||0|0|0|0||1|Kennedy||||||||"SARS-CoV-2 (COVID-19)"|PCR|94500-6|"SARS-CoV-2 RNA Resp Ql NAA+probe"|"Nasopharyngeal swab"|258500001|06/14/2022|Negative|260385009
16|4244|10D2214779||Souza|Sergio||11/13/1974||"186 , Westmoor Bend"|Orlando|FL|32835||Male|7542355826|"No Response"|1||0|0|0|0||0|Souza||||||||"SARS-CoV-2 (COVID-19)"|Antigen|97097-0|"SARS-CoV-2 Ag Upper resp Ql IA.rapid"|"Nasopharyngeal swab"|258500001|06/15/2022|Negative|260385009
17|4244|10D2214779||Souza|Ben||05/10/2010||"186 , Westmoor Bend"|Orlando|FL|32835||Male|7863962445|"No Response"|1||0|0|0|0||0|Souza||||||||"SARS-CoV-2 (COVID-19)"|Antigen|97097-0|"SARS-CoV-2 Ag Upper resp Ql IA.rapid"|"Nasopharyngeal swab"|258500001|06/15/2022|Negative|260385009
18|4244|10D2214779||Boiardi|John||11/14/1967||"7744 Dawson Ct"|"Lake Worth"|FL|33467||Male|3477527112|"No Response"|1||0|0|0|0||0|Boiardi||||||||"SARS-CoV-2 (COVID-19)"|Antigen|97097-0|"SARS-CoV-2 Ag Upper resp Ql IA.rapid"|"Nasopharyngeal swab"|258500001|06/15/2022|Negative|260385009
19|4244|10D2214779||"Castro Rocha"|Antonia||01/13/1970||"720 Francis St"|"West Palm Beach"|FL|33405||Female|15612012946|"No Response"|0||0|0|0|0||0|"Castro Rocha"||||||||"SARS-CoV-2 (COVID-19)"|PCR|94500-6|"SARS-CoV-2 RNA Resp Ql NAA+probe"|"Nasopharyngeal swab"|258500001|06/15/2022|Negative|260385009
20|4244|10D2214779||Kelley|Conor||04/05/1993||"296 Palmetto Ct"|Jupiter|FL|33345||Male|9546628128|"No Response"|1||0|0|0|0||0|Kelley||||||||"SARS-CoV-2 (COVID-19)"|PCR|94500-6|"SARS-CoV-2 RNA Resp Ql NAA+probe"|"Nasopharyngeal swab"|258500001|06/15/2022|Negative|260385009
21|4244|10D2214779||Brock|Patricia||09/29/1974||"9251 Desert Pearl Avenue"|"Las Vegas"|FL|89148||Female|9178472301|"No Response"|1||0|0|0|0||0|Brock||||||||"SARS-CoV-2 (COVID-19)"|PCR|94500-6|"SARS-CoV-2 RNA Resp Ql NAA+probe"|"Nasopharyngeal swab"|258500001|06/15/2022|Negative|260385009
22|4244|10D2214779||Vachudova|Tamara||09/05/1976||"1805 Blackhawk Rd"|"Las Vegas"|FL|89108||Female|8183353880|"No Response"|1||0|0|0|0||0|Vachudova||||||||"SARS-CoV-2 (COVID-19)"|Antigen|97097-0|"SARS-CoV-2 Ag Upper resp Ql IA.rapid"|"Nasopharyngeal swab"|258500001|06/15/2022|Negative|260385009
23|4244|10D2214779||CONTRERAS|PABLO||07/16/1949||"10870 NW 88 TER APT 227"|Doral|FL|33178||Male|7862967977|"No Response"|0||0|0|0|0||0|CONTRERAS||||||||"SARS-CoV-2 (COVID-19)"|PCR|94500-6|"SARS-CoV-2 RNA Resp Ql NAA+probe"|"Nasopharyngeal swab"|258500001|06/15/2022|Negative|260385009
24|4244|10D2214779||ARISTY|ALEXANDER||02/06/1973||"561 Vista Villages blvd"|Davenport|FL|33896||Male|8635099270|"No Response"|0||0|0|0|0||0|ARISTY||||||||"SARS-CoV-2 (COVID-19)"|Antigen|97097-0|"SARS-CoV-2 Ag Upper resp Ql IA.rapid"|"Nasopharyngeal swab"|258500001|06/15/2022|Positive|10828004
25|4244|10D2214779||CABANAS|gino||09/30/1960||"3722 south las vegas blvd suite 1802"|"las vegas"|FL|89158||Male|3106252949|"No Response"|0||0|0|0|0||0|CABANAS||||||||"SARS-CoV-2 (COVID-19)"|PCR|94500-6|"SARS-CoV-2 RNA Resp Ql NAA+probe"|"Nasopharyngeal swab"|258500001|06/15/2022|Negative|260385009
26|4244|10D2214779||Ramakis|Angela||03/26/1984||"7950 NE Bayshore Ct"|Miami|FL|33138||Female|7039277644|"No Response"|1||0|0|0|0||0|Ramakis||||||||"SARS-CoV-2 (COVID-19)"|Antigen|97097-0|"SARS-CoV-2 Ag Upper resp Ql IA.rapid"|"Nasopharyngeal swab"|258500001|06/15/2022|Negative|260385009
27|4244|10D2214779||Leemhuis|Dale||10/26/1954||"1601 E Hemingway Dr"|"Juno Beach"|FL|33408||Female|2408326114|"No Response"|1||0|0|0|0||0|Leemhuis||||||||"SARS-CoV-2 (COVID-19)"|Antigen|97097-0|"SARS-CoV-2 Ag Upper resp Ql IA.rapid"|"Nasopharyngeal swab"|258500001|06/15/2022|Negative|260385009
28|4244|10D2214779||Zelaya|"Patricia Monica"||06/07/1965||Unknown|Unknown|FL|99999||Female|7863962445|"No Response"|0||0|0|0|0||1|Zelaya||||||||"SARS-CoV-2 (COVID-19)"|Antigen|97097-0|"SARS-CoV-2 Ag Upper resp Ql IA.rapid"|"Nasopharyngeal swab"|258500001|06/15/2022|Negative|260385009
29|4244|10D2214779||Blannco|"Gerardo Damian"||03/18/1967||Unknown|Unknown|FL|99999||Male|7863962445|"No Response"|0||0|0|0|0||1|Blannco||||||||"SARS-CoV-2 (COVID-19)"|Antigen|97097-0|"SARS-CoV-2 Ag Upper resp Ql IA.rapid"|"Nasopharyngeal swab"|258500001|06/15/2022|Negative|260385009
30|4244|10D2214779||Strickland|Katie||04/21/1993||"MGM Grand"|"Las Vegas"|FL|89109||Female|7863962445|"No Response"|0||0|0|0|1||0|Strickland||||||||"SARS-CoV-2 (COVID-19)"|PCR|94500-6|"SARS-CoV-2 RNA Resp Ql NAA+probe"|"Nasopharyngeal swab"|258500001|06/15/2022|Negative|260385009
31|4244|10D2214779||"Paniagua Melendez"|Ashley||09/14/1999||Unknown|Unknown|FL|99999||Female|9543106249|"No Response"|0||0|0|0|0||0|"Paniagua Melendez"||||||||"SARS-CoV-2 (COVID-19)"|Antigen|97097-0|"SARS-CoV-2 Ag Upper resp Ql IA.rapid"|"Nasopharyngeal swab"|258500001|06/15/2022|Negative|260385009
32|4244|10D2214779||Boodoo|Amrit||02/27/2000||Unknown|Unknown|FL|99999||Male|9543106249|"No Response"|0||0|0|0|1||0|Boodoo||||||||"SARS-CoV-2 (COVID-19)"|Antigen|97097-0|"SARS-CoV-2 Ag Upper resp Ql IA.rapid"|"Nasopharyngeal swab"|258500001|06/15/2022|Negative|260385009
33|4244|10D2214779||Tigree|Kavita||09/02/1977||Unknown|Unknown|FL|99999||Female|9999999999|"No Response"|0||0|0|0|1||0|Tigree||||||||"SARS-CoV-2 (COVID-19)"|Antigen|97097-0|"SARS-CoV-2 Ag Upper resp Ql IA.rapid"|"Nasopharyngeal swab"|258500001|06/15/2022|Negative|260385009
34|4244|10D2214779||Boodoo|Dhanraj||05/01/1975||Unknown|Unknown|FL|99999||Male|9172259484|"No Response"|0||0|0|0|1||0|Boodoo||||||||"SARS-CoV-2 (COVID-19)"|Antigen|97097-0|"SARS-CoV-2 Ag Upper resp Ql IA.rapid"|"Nasopharyngeal swab"|258500001|06/15/2022|Negative|260385009
35|4244|10D2214779||Czocher|Lawrence||01/03/1974||"3300 NW 65th Street"|"Fort Lauderdale"|FL|33309||Male|9548189320|"No Response"|1||0|0|0|0||0|Czocher||||||||"SARS-CoV-2 (COVID-19)"|Antigen|97097-0|"SARS-CoV-2 Ag Upper resp Ql IA.rapid"|"Nasopharyngeal swab"|258500001|06/15/2022|Negative|260385009
36|4244|10D2214779||CHOI|BOKGIL||10/25/1957||"4250 Arville St. Apt 238"|"Las Vegas"|FL|89103||Male|5129640153|"No Response"|0||0|1|0|0||0|CHOI||||||||"SARS-CoV-2 (COVID-19)"|Antigen|97097-0|"SARS-CoV-2 Ag Upper resp Ql IA.rapid"|"Nasopharyngeal swab"|258500001|06/15/2022|Negative|260385009
37|4244|10D2214779||Leemhuis|Dale||10/26/1954||"1601 E Hemingway Dr"|"North Palm Beach"|FL|33408||Female|2408326114|"No Response"|1||0|0|0|0||0|Leemhuis||||||||"SARS-CoV-2 (COVID-19)"|Antigen|97097-0|"SARS-CoV-2 Ag Upper resp Ql IA.rapid"|"Nasopharyngeal swab"|258500001|06/16/2022|Negative|260385009
