RecordID|FacilityID|CLIAID|PatientID|LastName|FirstName|MiddleName|DOB|SSN|StreetAddress|City|State|Zip|County|Gender|PhoneNumber|Ethnicity|RaceWhite|RaceBlack|RaceAmericanIndianAlaskanNative|RaceAsian|RaceNativeHawaiianOrOtherPacificIslander|RaceOther|RaceUnknown|RaceNoResponse|ProviderName|NPI|Pregnant|SchoolAssociation|SchoolName|MeetILIDefinition|PerformingLab|AccessionNumber|Pathogen|TestType|LOINC|LOINCShortName|SpecimenCollectionType|SpecimenSNOMED|SpecimenCollectedDate|Result|ResultSNOMED
1|4244|10D2214779||"MIRANDA FIGUEIREDO"|"FERNANDA MARIA"||11/22/1986||"507 Lyndon Pl"|"Winter Garden"|FL|34787||Female|4073087305|"No Response"|0||0|0|0|0||0|"MIRANDA FIGUEIREDO"||||||||"SARS-CoV-2 (COVID-19)"|Antigen|97097-0|"SARS-CoV-2 Ag Upper resp Ql IA.rapid"|"Nasopharyngeal swab"|258500001|09/29/2021|Negative|260385009
2|4244|10D2214779||Burnham|Celinda||03/09/1866||"4699 log hall rd"|Ridgeland|FL|29936||Female|6185085129|"No Response"|0||0|0|0|0||0|Burnham||||||||"SARS-CoV-2 (COVID-19)"|PCR|94500-6|"SARS-CoV-2 RNA Resp Ql NAA+probe"|"Nasopharyngeal swab"|258500001|10/23/2021|Negative|260385009
3|4244|10D2214779||Uzan|Carole||07/29/1974||"1925 NE 118th road"|Miami|FL|33181||Female|7863026094|"No Response"|1||0|0|0|0||0|Uzan||||||||"SARS-CoV-2 (COVID-19)"|Antigen|97097-0|"SARS-CoV-2 Ag Upper resp Ql IA.rapid"|"Nasopharyngeal swab"|258500001|12/29/2021|Negative|260385009
4|4244|10D2214779||Uzan|Carole||07/29/1974||"1925NE 118th road"|Miami|FL|33181||Female|7863026094|"No Response"|1||0|0|0|0||0|Uzan||||||||"SARS-CoV-2 (COVID-19)"|Antigen|97097-0|"SARS-CoV-2 Ag Upper resp Ql IA.rapid"|"Nasopharyngeal swab"|258500001|01/03/2022|Negative|260385009
5|4244|10D2214779||Ismail|Shala||01/24/2011||"The Florida mall"|Orlando|FL|32809||Female|9999999999|"No Response"|1||0|0|0|0||0|Ismail||||||||"SARS-CoV-2 (COVID-19)"|Antigen|97097-0|"SARS-CoV-2 Ag Upper resp Ql IA.rapid"|"Nasopharyngeal swab"|258500001|01/11/2022|Negative|260385009
6|4244|10D2214779||Ismail|Kayan||05/04/2015||"Florida mall"|Orlando|FL|32809||Male|9999999999|"No Response"|1||0|0|0|0||0|Ismail||||||||"SARS-CoV-2 (COVID-19)"|Antigen|97097-0|"SARS-CoV-2 Ag Upper resp Ql IA.rapid"|"Nasopharyngeal swab"|258500001|01/11/2022|Negative|260385009
7|4244|10D2214779||PARK|"DO SOUNG"||07/14/1955||"2850 Via Romantico Street"|Henderson|FL|99999||Male|7023395737|"No Response"|0||0|1|0|0||0|PARK||||||||"SARS-CoV-2 (COVID-19)"|PCR|94500-6|"SARS-CoV-2 RNA Resp Ql NAA+probe"|"Nasopharyngeal swab"|258500001|06/20/2022|Negative|260385009
8|4244|10D2214779||Lau|Ann||07/29/1988||Unknown|Unknown|FL|99999||Female|7863962445|"No Response"|0||0|1|0|0||0|Lau||||||||"SARS-CoV-2 (COVID-19)"|PCR|94500-6|"SARS-CoV-2 RNA Resp Ql NAA+probe"|"Nasopharyngeal swab"|258500001|06/21/2022|Negative|260385009
9|4244|10D2214779||Fouts|Paulette||01/05/1968||"715 Tyler Street"|Hollywood|FL|33019||Female|9546631167|"No Response"|1||0|0|0|0||0|Fouts||||||||"SARS-CoV-2 (COVID-19)"|Antigen|97097-0|"SARS-CoV-2 Ag Upper resp Ql IA.rapid"|"Nasopharyngeal swab"|258500001|06/22/2022|Negative|260385009
10|4244|10D2214779||Day|Joshua||12/23/1990||"7915 Jubilee Park Blvd"|Orlando|FL|32822||Male|4073355133|"No Response"|0||0|0|0|0||0|Day||||||||"SARS-CoV-2 (COVID-19)"|Antigen|97097-0|"SARS-CoV-2 Ag Upper resp Ql IA.rapid"|"Nasopharyngeal swab"|258500001|06/22/2022|Negative|260385009
11|4244|10D2214779||Amitay|Chaya||10/11/2005||"19953 Villa Medici Place"|"Boca Raton"|FL|33434||Female|5619297241|"No Response"|1||0|0|0|0||0|Amitay||||||||"SARS-CoV-2 (COVID-19)"|PCR|94500-6|"SARS-CoV-2 RNA Resp Ql NAA+probe"|"Nasopharyngeal swab"|258500001|06/22/2022|Negative|260385009
12|4244|10D2214779||Amitay|Chaya||10/11/2005||"19953 Villa Medici Place"|"Boca Raton"|FL|33434||Female|5619297241|"No Response"|1||0|0|0|0||0|Amitay||||||||"SARS-CoV-2 (COVID-19)"|PCR|94500-6|"SARS-CoV-2 RNA Resp Ql NAA+probe"|"Nasopharyngeal swab"|258500001|06/22/2022|Negative|260385009
13|4244|10D2214779||Roth|William||07/02/1959||"10470 Abbotsbury Dr."|"Las Vegas, Nevada"|FL|89135||Male|4802089994|"No Response"|1||0|0|0|0||0|Roth||||||||"SARS-CoV-2 (COVID-19)"|PCR|94500-6|"SARS-CoV-2 RNA Resp Ql NAA+probe"|"Nasopharyngeal swab"|258500001|06/22/2022|Negative|260385009
14|4244|10D2214779||Roth|William||07/02/1959||"10470 Abbotsbury Dr."|"Las Vegas, Nevada"|FL|89135||Male|4802089994|"No Response"|1||0|0|0|0||0|Roth||||||||"SARS-CoV-2 (COVID-19)"|PCR|94500-6|"SARS-CoV-2 RNA Resp Ql NAA+probe"|"Nasopharyngeal swab"|258500001|06/22/2022|Negative|260385009
15|4244|10D2214779||Day|Joshua||12/23/1990||"7915 Jubilee Park Blvd"|Orlando|FL|32822||Male|4073355133|"No Response"|0||0|0|0|0||0|Day||||||||"SARS-CoV-2 (COVID-19)"|Antigen|97097-0|"SARS-CoV-2 Ag Upper resp Ql IA.rapid"|"Nasopharyngeal swab"|258500001|06/22/2022|Negative|260385009
16|4244|10D2214779||"MIRANDA FIGUEIREDO"|"FERNANDA MARIA"||11/22/1986||"507 LYNDON PLACE"|"WINTER GARDEN"|FL|34787||Female|4073087305|"No Response"|0||0|0|0|1||0|"MIRANDA FIGUEIREDO"||||||||"SARS-CoV-2 (COVID-19)"|Antigen|97097-0|"SARS-CoV-2 Ag Upper resp Ql IA.rapid"|"Nasopharyngeal swab"|258500001|06/22/2022|Negative|260385009
17|4244|10D2214779||Burnham|Celinda||03/09/1866||"4699 Log Hall Rd"|Ridgeland|FL|29936||Female|6185085129|"No Response"|0||0|0|0|0||0|Burnham||||||||"SARS-CoV-2 (COVID-19)"|PCR|94500-6|"SARS-CoV-2 RNA Resp Ql NAA+probe"|"Nasopharyngeal swab"|258500001|06/22/2022|Negative|260385009
18|4244|10D2214779||Keleher|Shane||07/31/2003||"701 Northeast 10 Avenue"|"Pompano Neach"|FL|33060||Male|9999999999|"No Response"|1||0|0|0|0||0|Keleher||||||||"SARS-CoV-2 (COVID-19)"|PCR|94500-6|"SARS-CoV-2 RNA Resp Ql NAA+probe"|"Nasopharyngeal swab"|258500001|06/22/2022|Negative|260385009
19|4244|10D2214779||Ismail|Shala||01/24/2011||"The Florida hotel"|Orlando|FL|32809||Female|9999999999|"No Response"|1||0|0|0|0||0|Ismail||||||||"SARS-CoV-2 (COVID-19)"|Antigen|97097-0|"SARS-CoV-2 Ag Upper resp Ql IA.rapid"|"Nasopharyngeal swab"|258500001|06/22/2022|Negative|260385009
20|4244|10D2214779||Ismail|Kayan||05/04/2015||"The Florida hotel"|Orlando|FL|32809||Male|9999999999|"No Response"|1||0|0|0|0||0|Ismail||||||||"SARS-CoV-2 (COVID-19)"|Antigen|97097-0|"SARS-CoV-2 Ag Upper resp Ql IA.rapid"|"Nasopharyngeal swab"|258500001|06/22/2022|Negative|260385009
21|4244|10D2214779||James|Huntley||09/21/1960||"7262 Banyan Blvd"|Loxahatchee|FL|33470||Male|5613105071|"No Response"|0||0|0|0|0||0|James||||||||"SARS-CoV-2 (COVID-19)"|Antigen|97097-0|"SARS-CoV-2 Ag Upper resp Ql IA.rapid"|"Nasopharyngeal swab"|258500001|06/22/2022|Negative|260385009
22|4244|10D2214779||Fernandez|Silvia||02/02/2005||"16950 North Bay Road. Apt 2517"|"Sunny Isles Beach"|FL|33160||Female|7869733428|"No Response"|0||0|0|0|0||0|Fernandez||||||||"SARS-CoV-2 (COVID-19)"|Antigen|97097-0|"SARS-CoV-2 Ag Upper resp Ql IA.rapid"|"Nasopharyngeal swab"|258500001|06/22/2022|Negative|260385009
23|4244|10D2214779||Roth|Ellen||09/02/1958||"10470 Abbotsbury  Dr"|"Las Vegas, Nevada"|FL|89135||Female|4802921500|"No Response"|1||0|0|0|0||0|Roth||||||||"SARS-CoV-2 (COVID-19)"|PCR|94500-6|"SARS-CoV-2 RNA Resp Ql NAA+probe"|"Nasopharyngeal swab"|258500001|06/22/2022|Negative|260385009
24|4244|10D2214779||Santanna|Shane||02/21/1986||"1305 N. Arthur St."|Kennewick|FL|99336||Male|8185248179|"No Response"|0||0|0|0|1||0|Santanna||||||||"SARS-CoV-2 (COVID-19)"|Antigen|97097-0|"SARS-CoV-2 Ag Upper resp Ql IA.rapid"|"Nasopharyngeal swab"|258500001|06/22/2022|Negative|260385009
25|4244|10D2214779||Cha|"Hee Sung"||12/03/1972||"4520 paradise rd"|"Las Vegas"|FL|89169||Male|01030288605|"No Response"|0||0|1|0|0||0|Cha||||||||"SARS-CoV-2 (COVID-19)"|Antigen|97097-0|"SARS-CoV-2 Ag Upper resp Ql IA.rapid"|"Nasopharyngeal swab"|258500001|06/22/2022|Negative|260385009
26|4244|10D2214779||Munoz|Jessica||01/01/1970||"6952 Sea Coral Drive Apt 220"|Orlando|FL|32821||Female|3058158469|"No Response"|0||0|0|0|0||0|Munoz||||||||"SARS-CoV-2 (COVID-19)"|Antigen|97097-0|"SARS-CoV-2 Ag Upper resp Ql IA.rapid"|"Nasopharyngeal swab"|258500001|06/22/2022|Negative|260385009
27|4244|10D2214779||Bassenden|Kristen||10/22/2010||"8327 Dakota Dr."|"West Des Moines"|FL|50266||Female|5155258495|"No Response"|0||0|0|0|1||0|Bassenden||||||||"SARS-CoV-2 (COVID-19)"|PCR|94500-6|"SARS-CoV-2 RNA Resp Ql NAA+probe"|"Nasopharyngeal swab"|258500001|06/22/2022|Negative|260385009
28|4244|10D2214779||Mabrouk|Riadh||09/06/1990||"717 20th st"|"West Des Moines"|FL|50265||Male|5155258495|"No Response"|0||0|0|0|1||0|Mabrouk||||||||"SARS-CoV-2 (COVID-19)"|PCR|94500-6|"SARS-CoV-2 RNA Resp Ql NAA+probe"|"Nasopharyngeal swab"|258500001|06/22/2022|Negative|260385009
29|4244|10D2214779||Bassenden|Brandon||07/09/2008||"8327 Dakota Drive"|"West Des Moines"|FL|50266||Male|5155258495|"No Response"|0||0|0|0|1||0|Bassenden||||||||"SARS-CoV-2 (COVID-19)"|PCR|94500-6|"SARS-CoV-2 RNA Resp Ql NAA+probe"|"Nasopharyngeal swab"|258500001|06/22/2022|Negative|260385009
30|4244|10D2214779||Kim|Hongjo||06/20/1987||"4520 Paradise Rd."|"Las Vegas"|FL|89169||Male|3472483339|"No Response"|0||0|1|0|0||0|Kim||||||||"SARS-CoV-2 (COVID-19)"|Antigen|97097-0|"SARS-CoV-2 Ag Upper resp Ql IA.rapid"|"Nasopharyngeal swab"|258500001|06/22/2022|Negative|260385009
31|4244|10D2214779||CHIU|"Tzu cheng"||01/16/1998||"1175 Park Place Apt 321 San Mateo CA"|taipei|FL|94403||Male|7472900225|"No Response"|0||0|1|0|0||0|CHIU||||||||"SARS-CoV-2 (COVID-19)"|PCR|94500-6|"SARS-CoV-2 RNA Resp Ql NAA+probe"|"Nasopharyngeal swab"|258500001|06/22/2022|Negative|260385009
32|4244|10D2214779||KUO|"PAI FONG"||11/24/1997||"1175 Park Place Apt321"|"San Mateo"|FL|94403||Male|7313182674|"No Response"|0||0|1|0|0||0|KUO||||||||"SARS-CoV-2 (COVID-19)"|PCR|94500-6|"SARS-CoV-2 RNA Resp Ql NAA+probe"|"Nasopharyngeal swab"|258500001|06/22/2022|Negative|260385009
33|4244|10D2214779||Zogby|David||03/16/1967||"7103 Encina Lane"|"Boca Raton"|FL|33433||Male|9176425269|"No Response"|1||0|0|0|0||0|Zogby||||||||"SARS-CoV-2 (COVID-19)"|PCR|94500-6|"SARS-CoV-2 RNA Resp Ql NAA+probe"|"Nasopharyngeal swab"|258500001|06/22/2022|Negative|260385009
34|4244|10D2214779||LIU|"CHUN TING"||02/20/1997||"1175 Park Place Apt321"|"San Mateo"|FL|94403||Male|7752406248|"No Response"|0||0|1|0|0||0|LIU||||||||"SARS-CoV-2 (COVID-19)"|PCR|94500-6|"SARS-CoV-2 RNA Resp Ql NAA+probe"|"Nasopharyngeal swab"|258500001|06/22/2022|Negative|260385009
35|4244|10D2214779||CHEN|"JUNG CHIAO"||07/13/1999||"1175Park Place Apt321"|"San Mateo"|FL|94403||Female|3123849106|"No Response"|0||0|1|0|0||0|CHEN||||||||"SARS-CoV-2 (COVID-19)"|PCR|94500-6|"SARS-CoV-2 RNA Resp Ql NAA+probe"|"Nasopharyngeal swab"|258500001|06/22/2022|Negative|260385009
36|4244|10D2214779||HUANG|"PIN YUN"||08/07/1999||"1175 Park Place Apt321"|"San Mateo"|FL|94403||Female|2054424317|"No Response"|0||0|1|0|0||0|HUANG||||||||"SARS-CoV-2 (COVID-19)"|PCR|94500-6|"SARS-CoV-2 RNA Resp Ql NAA+probe"|"Nasopharyngeal swab"|258500001|06/22/2022|Negative|260385009
37|4244|10D2214779||CHEN|"SHOU JEN"||01/01/1970||"1175 Park Place Apt 321"|"San Mateo"|FL|94403||Male|6506779433|"No Response"|0||0|1|0|0||0|CHEN||||||||"SARS-CoV-2 (COVID-19)"|PCR|94500-6|"SARS-CoV-2 RNA Resp Ql NAA+probe"|"Nasopharyngeal swab"|258500001|06/22/2022|Negative|260385009
38|4244|10D2214779||Spann|Fletcher||11/23/1978||Unknown|Unknown|FL|99999||Male|7868639295|"No Response"|0||0|0|0|0||0|Spann||||||||"SARS-CoV-2 (COVID-19)"|Antigen|97097-0|"SARS-CoV-2 Ag Upper resp Ql IA.rapid"|"Nasopharyngeal swab"|258500001|06/22/2022|Negative|260385009
39|4244|10D2214779||Brooks|Latoya||01/09/1984||Unknown|Unknown|FL|99999||Female|7868639295|"No Response"|0||0|0|0|0||0|Brooks||||||||"SARS-CoV-2 (COVID-19)"|Antigen|97097-0|"SARS-CoV-2 Ag Upper resp Ql IA.rapid"|"Nasopharyngeal swab"|258500001|06/22/2022|Negative|260385009
40|4244|10D2214779||PARK|"DO SOUNG"||07/14/1955||Unknown|Unknown|FL|99999|||7023395737|"No Response"|0||0|0|0|0||1|PARK||||||||"SARS-CoV-2 (COVID-19)"|PCR|94500-6|"SARS-CoV-2 RNA Resp Ql NAA+probe"|"Nasopharyngeal swab"|258500001|06/22/2022|Negative|260385009
41|4244|10D2214779||PARK|"DO SOUNG"||07/14/1955||Unknown|Unknown|FL|99999|||7023395737|"No Response"|0||0|0|0|0||1|PARK||||||||"SARS-CoV-2 (COVID-19)"|PCR|94500-6|"SARS-CoV-2 RNA Resp Ql NAA+probe"|"Nasopharyngeal swab"|258500001|06/22/2022|Negative|260385009
42|4244|10D2214779||Kiser|Danita||06/16/1968||"2684 Weddington Place NE"|Marietta|FL|30068||Female|6787992469|"No Response"|1||0|0|0|0||0|Kiser||||||||"SARS-CoV-2 (COVID-19)"|PCR|94500-6|"SARS-CoV-2 RNA Resp Ql NAA+probe"|"Nasopharyngeal swab"|258500001|06/22/2022|Negative|260385009
43|4244|10D2214779||LITTLE|LOREN||10/28/1941||"4675 PLAZA PECOS DR"|"LAS VEGAS"|FL|89121||Male|7025928442|"No Response"|1||0|0|0|0||0|LITTLE||||||||"SARS-CoV-2 (COVID-19)"|Antigen|97097-0|"SARS-CoV-2 Ag Upper resp Ql IA.rapid"|"Nasopharyngeal swab"|258500001|06/22/2022|Positive|10828004
44|4244|10D2214779||Uzan|Carole||07/29/1974||Unknown|Unknown|FL|99999||Female|7863026094|"No Response"|1||0|0|0|0||0|Uzan||||||||"SARS-CoV-2 (COVID-19)"|Antigen|97097-0|"SARS-CoV-2 Ag Upper resp Ql IA.rapid"|"Nasopharyngeal swab"|258500001|06/22/2022|Negative|260385009
45|4244|10D2214779||Todoroff|Robert||02/15/1968||"41 west willowdale drive"|"West Seneca"|FL|14224||Male|3234454727|"No Response"|0||0|0|1|0||0|Todoroff||||||||"SARS-CoV-2 (COVID-19)"|PCR|94500-6|"SARS-CoV-2 RNA Resp Ql NAA+probe"|"Nasopharyngeal swab"|258500001|06/22/2022|Positive|10828004
46|4244|10D2214779||Shodhan|Vedika||06/29/2007||"7777 bardmoor hill circle"|Orlando|FL|32835||Female|8185712197|"No Response"|0||0|1|0|0||0|Shodhan||||||||"SARS-CoV-2 (COVID-19)"|Antigen|97097-0|"SARS-CoV-2 Ag Upper resp Ql IA.rapid"|"Nasopharyngeal swab"|258500001|06/22/2022|Negative|260385009
47|4244|10D2214779||Rodriguez|Yosniel||10/16/1995||Unknown|Unknown|FL|99999||Male|3057467494|"No Response"|0||0|0|0|0||1|Rodriguez||||||||"SARS-CoV-2 (COVID-19)"|Antigen|97097-0|"SARS-CoV-2 Ag Upper resp Ql IA.rapid"|"Nasopharyngeal swab"|258500001|06/22/2022|Negative|260385009
48|4244|10D2214779||Lezama|Yaritza||11/17/1996||Unknown|Unknown|FL|99999||Female|3057467494|"No Response"|0||0|0|0|0||1|Lezama||||||||"SARS-CoV-2 (COVID-19)"|Antigen|97097-0|"SARS-CoV-2 Ag Upper resp Ql IA.rapid"|"Nasopharyngeal swab"|258500001|06/22/2022|Negative|260385009
49|4244|10D2214779||"Tadam Tajheen"|James||10/22/1995||Unknown|Unknown|FL|99999||Male|7864317951|"No Response"|0||0|0|0|0||1|"Tadam Tajheen"||||||||"SARS-CoV-2 (COVID-19)"|Antigen|97097-0|"SARS-CoV-2 Ag Upper resp Ql IA.rapid"|"Nasopharyngeal swab"|258500001|06/22/2022|Negative|260385009
50|4244|10D2214779||Brouwer|Maria||03/04/1954||Unknown|Unknown|FL|99999||Female|3056630555|"No Response"|0||0|0|0|0||1|Brouwer||||||||"SARS-CoV-2 (COVID-19)"|Antigen|97097-0|"SARS-CoV-2 Ag Upper resp Ql IA.rapid"|"Nasopharyngeal swab"|258500001|06/22/2022|Positive|10828004
51|4244|10D2214779||Brouwer|Jorge||04/07/1948||Unknown|Unknown|FL|99999||Male|3056630555|"No Response"|0||0|0|0|0||1|Brouwer||||||||"SARS-CoV-2 (COVID-19)"|Antigen|97097-0|"SARS-CoV-2 Ag Upper resp Ql IA.rapid"|"Nasopharyngeal swab"|258500001|06/22/2022|Negative|260385009
52|4244|10D2214779||Iwata|"Jon Setsuo"||04/08/1954||Unknown|Unknown|FL|99999||Male|9999999999|"No Response"|0||0|0|1|0||0|Iwata||||||||"SARS-CoV-2 (COVID-19)"|Antigen|97097-0|"SARS-CoV-2 Ag Upper resp Ql IA.rapid"|"Nasopharyngeal swab"|258500001|06/22/2022|Negative|260385009
53|4244|10D2214779||Lezama|Yaritza||11/17/1996||Unknown|Unknown|FL|99999||Female|3057467494|"No Response"|0||0|0|0|0||1|Lezama||||||||"SARS-CoV-2 (COVID-19)"|Antigen|97097-0|"SARS-CoV-2 Ag Upper resp Ql IA.rapid"|"Nasopharyngeal swab"|258500001|06/26/2022|Negative|260385009
54|4244|10D2214779||Rodriguez|Yosniel||10/16/1995||"11730 sw 180th st"|Miami|FL|33177||Male|3057467494|"No Response"|0||0|0|0|0||0|Rodriguez||||||||"SARS-CoV-2 (COVID-19)"|Antigen|97097-0|"SARS-CoV-2 Ag Upper resp Ql IA.rapid"|"Nasopharyngeal swab"|258500001|06/27/2022|Negative|260385009
