RecordID|FacilityID|CLIAID|PatientID|LastName|FirstName|MiddleName|DOB|SSN|StreetAddress|City|State|Zip|County|Gender|PhoneNumber|Ethnicity|RaceWhite|RaceBlack|RaceAmericanIndianAlaskanNative|RaceAsian|RaceNativeHawaiianOrOtherPacificIslander|RaceOther|RaceUnknown|RaceNoResponse|ProviderName|NPI|Pregnant|SchoolAssociation|SchoolName|MeetILIDefinition|PerformingLab|AccessionNumber|Pathogen|TestType|LOINC|LOINCShortName|SpecimenCollectionType|SpecimenSNOMED|SpecimenCollectedDate|Result|ResultSNOMED
1|4244|10D2214779||Harker|Becky||10/12/1954||"1069 Wide Brim Court"|Henderson|FL|89011||Female|7022187469|"No Response"|1||0|0|0|0||0|Harker||||||||"SARS-CoV-2 (COVID-19)"|Antigen|97097-0|"SARS-CoV-2 Ag Upper resp Ql IA.rapid"|"Nasopharyngeal swab"|258500001|10/07/2021|Negative|260385009
2|4244|10D2214779||Harker|Becky||10/12/1954||"1069 Wide Brim Court"|Henderson|FL|89011||Female|7022187469|"No Response"|1||0|0|0|0||0|Harker||||||||"SARS-CoV-2 (COVID-19)"|Antigen|97097-0|"SARS-CoV-2 Ag Upper resp Ql IA.rapid"|"Nasopharyngeal swab"|258500001|10/07/2021|Negative|260385009
3|4244|10D2214779||Moreira|Leandro||09/26/1973||"15728 Marina bay drive"|"Winter garden"|FL|34787||Male|4077750145|"No Response"|0||0|0|0|0||0|Moreira||||||||"SARS-CoV-2 (COVID-19)"|Antigen|97097-0|"SARS-CoV-2 Ag Upper resp Ql IA.rapid"|"Nasopharyngeal swab"|258500001|10/22/2021|Negative|260385009
4|4244|10D2214779||Bhagwansingh-lee|Wendy||10/20/1963||"512 seven isles drive"|"fort lauderdale"|FL|33301||Female|7542681626|"No Response"|0||0|1|0|0||0|Bhagwansingh-lee||||||||"SARS-CoV-2 (COVID-19)"|Antigen|97097-0|"SARS-CoV-2 Ag Upper resp Ql IA.rapid"|"Nasopharyngeal swab"|258500001|11/15/2021|Negative|260385009
5|4244|10D2214779||Moreira|Leandro||09/26/1973||"15728 Marina bay drive"|"Winter garden"|FL|34787||Male|4077750145|"No Response"|0||0|0|0|0||0|Moreira||||||||"SARS-CoV-2 (COVID-19)"|Antigen|97097-0|"SARS-CoV-2 Ag Upper resp Ql IA.rapid"|"Nasopharyngeal swab"|258500001|12/07/2021|Negative|260385009
6|4244|10D2214779||Moreira|Leandro||09/26/1973||"15728 Marina bay drive"|"Winter garden"|FL|33787||Male|4077750145|"No Response"|0||0|0|0|0||0|Moreira||||||||"SARS-CoV-2 (COVID-19)"|Antigen|97097-0|"SARS-CoV-2 Ag Upper resp Ql IA.rapid"|"Nasopharyngeal swab"|258500001|01/02/2022|Negative|260385009
7|4244|10D2214779||Bhagwansingh-lee|Wendy||10/20/1963||"512 Seven Isles Drive"|"Ft Lauderdale"|FL|33301||Female|7542681626|"No Response"|0||0|1|0|0||0|Bhagwansingh-lee||||||||"SARS-CoV-2 (COVID-19)"|Antigen|97097-0|"SARS-CoV-2 Ag Upper resp Ql IA.rapid"|"Nasopharyngeal swab"|258500001|01/14/2022|Negative|260385009
8|4244|10D2214779||Bhagwansingh-lee|Wendy||10/20/1963||"512 NE 23 ave"|"fort Lauderdale"|FL|33301||Female|7542681626|"No Response"|0||0|1|0|0||0|Bhagwansingh-lee||||||||"SARS-CoV-2 (COVID-19)"|Antigen|97097-0|"SARS-CoV-2 Ag Upper resp Ql IA.rapid"|"Nasopharyngeal swab"|258500001|01/24/2022|Negative|260385009
9|4244|10D2214779||Moreira|Leandro||09/26/1973||"15728 Marina bay deive"|"Winter Garden"|FL|34787||Male|4077750145|"No Response"|0||0|0|0|0||0|Moreira||||||||"SARS-CoV-2 (COVID-19)"|Antigen|97097-0|"SARS-CoV-2 Ag Upper resp Ql IA.rapid"|"Nasopharyngeal swab"|258500001|04/24/2022|Negative|260385009
10|4244|10D2214779||Bhagwansingh-lee|Wendy||10/20/1963||"512 Seven Isles Drive"|"Ft Lauderdale"|FL|33301||Female|7542681626|"No Response"|0||0|1|0|0||0|Bhagwansingh-lee||||||||"SARS-CoV-2 (COVID-19)"|Antigen|97097-0|"SARS-CoV-2 Ag Upper resp Ql IA.rapid"|"Nasopharyngeal swab"|258500001|05/12/2022|Negative|260385009
11|4244|10D2214779||Lee|Stephen||03/27/1952||"512 Seven Isles Drive"|"Ft Lauderdale"|FL|33301||Male|7542681626|"No Response"|0||0|1|0|0||0|Lee||||||||"SARS-CoV-2 (COVID-19)"|Antigen|97097-0|"SARS-CoV-2 Ag Upper resp Ql IA.rapid"|"Nasopharyngeal swab"|258500001|05/12/2022|Negative|260385009
12|4244|10D2214779||Lee|Stephen||03/27/1952||"333 NE 32 ave"|"fort lauderdale"|FL|33308||Male|7542681626|"No Response"|0||0|1|0|0||0|Lee||||||||"SARS-CoV-2 (COVID-19)"|Antigen|97097-0|"SARS-CoV-2 Ag Upper resp Ql IA.rapid"|"Nasopharyngeal swab"|258500001|05/13/2022|Negative|260385009
13|4244|10D2214779||Bhagwansingh-lee|Wendy||10/20/1963||"3333 NE 32 ave"|"fort lauderdale"|FL|33308||Female|7542681626|"No Response"|0||0|1|0|0||0|Bhagwansingh-lee||||||||"SARS-CoV-2 (COVID-19)"|Antigen|97097-0|"SARS-CoV-2 Ag Upper resp Ql IA.rapid"|"Nasopharyngeal swab"|258500001|05/13/2022|Negative|260385009
14|4244|10D2214779||Guevara|"Mary Ann"||02/28/1967||"Virgins Hotels Curio Collection"|"Las Vegas"|FL|89169||Female|9999999999|"No Response"|0||0|1|0|0||0|Guevara||||||||"SARS-CoV-2 (COVID-19)"|Antigen|97097-0|"SARS-CoV-2 Ag Upper resp Ql IA.rapid"|"Nasopharyngeal swab"|258500001|06/14/2022|Negative|260385009
15|4244|10D2214779||Sy|"Mary Jane"||08/23/1969||"Virgins Hotel Curio Collection"|"Las Vegas"|FL|89169||Female|9999999999|"No Response"|0||0|1|0|0||0|Sy||||||||"SARS-CoV-2 (COVID-19)"|Antigen|97097-0|"SARS-CoV-2 Ag Upper resp Ql IA.rapid"|"Nasopharyngeal swab"|258500001|06/14/2022|Positive|10828004
16|4244|10D2214779||Radoff|Steven||11/04/1942||"3600 Maribella Dr"|"New Smyrna Beach"|FL|32168||Male|5089812079|"No Response"|1||0|0|0|0||0|Radoff||||||||"SARS-CoV-2 (COVID-19)"|PCR|94500-6|"SARS-CoV-2 RNA Resp Ql NAA+probe"|"Nasopharyngeal swab"|258500001|06/19/2022|Negative|260385009
17|4244|10D2214779||Radoff|Anna||06/26/1948||"3600 Maribella Dr"|"New Smyrna Beach"|FL|32168||Female|5083533032|"No Response"|1||0|0|0|0||0|Radoff||||||||"SARS-CoV-2 (COVID-19)"|PCR|94500-6|"SARS-CoV-2 RNA Resp Ql NAA+probe"|"Nasopharyngeal swab"|258500001|06/19/2022|Negative|260385009
18|4244|10D2214779||Walker|Phil||05/02/1955||"1508 Bay Road, Apt. 514"|"Miami Beach"|FL|33139||Male|4158163527|"No Response"|1||0|0|0|0||0|Walker||||||||"SARS-CoV-2 (COVID-19)"|PCR|94500-6|"SARS-CoV-2 RNA Resp Ql NAA+probe"|"Nasopharyngeal swab"|258500001|06/19/2022|Negative|260385009
19|4244|10D2214779||Vargas|Daniela||11/03/1996||"1505 crescent circle"|"Lakr park"|FL|33403||Female|5612623171|"No Response"|0||0|0|0|0||0|Vargas||||||||"SARS-CoV-2 (COVID-19)"|Antigen|97097-0|"SARS-CoV-2 Ag Upper resp Ql IA.rapid"|"Nasopharyngeal swab"|258500001|06/20/2022|Negative|260385009
20|4244|10D2214779||Moreira|Leandro||09/26/1973||"15728 Marina bay drive"|"Winter garden"|FL|34787||Male|4077750145|"No Response"|0||0|0|0|0||0|Moreira||||||||"SARS-CoV-2 (COVID-19)"|Antigen|97097-0|"SARS-CoV-2 Ag Upper resp Ql IA.rapid"|"Nasopharyngeal swab"|258500001|06/20/2022|Negative|260385009
21|4244|10D2214779||Teeluckdharry|Shastri||06/27/1999||"161 Ocean Dr, Miami Beach, FL 33139"|Penal|FL|00000||Male|9999999999|"No Response"|0||0|0|0|1||0|Teeluckdharry||||||||"SARS-CoV-2 (COVID-19)"|Antigen|97097-0|"SARS-CoV-2 Ag Upper resp Ql IA.rapid"|"Nasopharyngeal swab"|258500001|06/20/2022|Negative|260385009
22|4244|10D2214779||Khanhai|Amelia||12/02/1998||"161 Ocean Dr, Miami Beach, FL 33139"|"San Fernando"|FL|00000||Female|18683556353|"No Response"|0||0|0|0|1||0|Khanhai||||||||"SARS-CoV-2 (COVID-19)"|Antigen|97097-0|"SARS-CoV-2 Ag Upper resp Ql IA.rapid"|"Nasopharyngeal swab"|258500001|06/20/2022|Negative|260385009
23|4244|10D2214779||Ju|Sungok||05/15/1960||"8347 Stillhouse Ct"|"Las Vegas"|FL|89113||Female|7029649945|"No Response"|0||0|1|0|0||0|Ju||||||||"SARS-CoV-2 (COVID-19)"|Antigen|97097-0|"SARS-CoV-2 Ag Upper resp Ql IA.rapid"|"Nasopharyngeal swab"|258500001|06/20/2022|Negative|260385009
24|4244|10D2214779||Bhagwansingh-lee|Wendy||10/20/1963||"512 Seven Isles Drive"|"Ft Lauderdale"|FL|33301||Female|7542681626|"No Response"|0||0|1|0|0||0|Bhagwansingh-lee||||||||"SARS-CoV-2 (COVID-19)"|Antigen|97097-0|"SARS-CoV-2 Ag Upper resp Ql IA.rapid"|"Nasopharyngeal swab"|258500001|06/20/2022|Negative|260385009
25|4244|10D2214779||Lee|Stephen||03/27/1952||"512 Seven Isles Drive"|"Ft Lauderdale"|FL|33301||Male|7542681626|"No Response"|0||0|1|0|0||0|Lee||||||||"SARS-CoV-2 (COVID-19)"|Antigen|97097-0|"SARS-CoV-2 Ag Upper resp Ql IA.rapid"|"Nasopharyngeal swab"|258500001|06/20/2022|Negative|260385009
26|4244|10D2214779||Guevara|"Mary Ann"||02/28/1967||"Virgins Hotel Curio Collection"|"Las Vegas"|FL|89169||Female|9999999999|"No Response"|0||0|1|0|0||0|Guevara||||||||"SARS-CoV-2 (COVID-19)"|Antigen|97097-0|"SARS-CoV-2 Ag Upper resp Ql IA.rapid"|"Nasopharyngeal swab"|258500001|06/20/2022|Negative|260385009
27|4244|10D2214779||Sy|"Mary Jane"||08/23/1969||"Virgins Hotel Curio Collection"|"Las Vegas"|FL|89169||Female|9999999999|"No Response"|0||0|1|0|0||0|Sy||||||||"SARS-CoV-2 (COVID-19)"|Antigen|97097-0|"SARS-CoV-2 Ag Upper resp Ql IA.rapid"|"Nasopharyngeal swab"|258500001|06/20/2022|Positive|10828004
28|4244|10D2214779||Ali|Duaa||08/23/2005||"11677 Riverchase Run"|"Palm Beach Gardens"|FL|33412||Female|5617016865|"No Response"|0||0|1|0|0||0|Ali||||||||"SARS-CoV-2 (COVID-19)"|PCR|94500-6|"SARS-CoV-2 RNA Resp Ql NAA+probe"|"Nasopharyngeal swab"|258500001|06/20/2022|Negative|260385009
29|4244|10D2214779||"Bruce Nazarian"|Debra||02/24/1960||"1330 Montclaire Way"|"Los Altos"|FL|94024||Female|9999999999|"No Response"|1||0|0|0|0||0|"Bruce Nazarian"||||||||"SARS-CoV-2 (COVID-19)"|Antigen|97097-0|"SARS-CoV-2 Ag Upper resp Ql IA.rapid"|"Nasopharyngeal swab"|258500001|06/20/2022|Negative|260385009
30|4244|10D2214779||Arreaga|Grecia||01/11/1991||Unknown|"Guatemala city"|FL|99999||Female|7862602344|"No Response"|0||0|0|0|0||0|Arreaga||||||||"SARS-CoV-2 (COVID-19)"|Antigen|97097-0|"SARS-CoV-2 Ag Upper resp Ql IA.rapid"|"Nasopharyngeal swab"|258500001|06/20/2022|Positive|10828004
31|4244|10D2214779||Mena|Luis||07/13/1994||Unknown|Unknown|FL|99999||Male|7862602344|"No Response"|0||0|0|0|0||0|Mena||||||||"SARS-CoV-2 (COVID-19)"|Antigen|97097-0|"SARS-CoV-2 Ag Upper resp Ql IA.rapid"|"Nasopharyngeal swab"|258500001|06/20/2022|Positive|10828004
32|4244|10D2214779||Laguer|Juan||12/27/1986||"1806 villa pampano"|Ponce|FL|00716||Male|7876775948|"No Response"|0||0|0|0|0||0|Laguer||||||||"SARS-CoV-2 (COVID-19)"|PCR|94500-6|"SARS-CoV-2 RNA Resp Ql NAA+probe"|"Nasopharyngeal swab"|258500001|06/20/2022|Negative|260385009
33|4244|10D2214779||Leon|Ederline||03/14/1991||"1806 villa pampano"|Ponce|FL|00716||Female|7876775948|"No Response"|0||0|0|0|0||0|Leon||||||||"SARS-CoV-2 (COVID-19)"|PCR|94500-6|"SARS-CoV-2 RNA Resp Ql NAA+probe"|"Nasopharyngeal swab"|258500001|06/20/2022|Negative|260385009
34|4244|10D2214779||Laguer|Joannys||09/22/2009||"1806 villa pampano"|Ponce|FL|00716||Female|7876775948|"No Response"|0||0|0|0|0||0|Laguer||||||||"SARS-CoV-2 (COVID-19)"|PCR|94500-6|"SARS-CoV-2 RNA Resp Ql NAA+probe"|"Nasopharyngeal swab"|258500001|06/20/2022|Negative|260385009
35|4244|10D2214779||Calderon|Stacey||02/14/1973||"Po box 336"|Middletown|FL|19709||Female|3022705999|"No Response"|0||0|0|0|0||0|Calderon||||||||"SARS-CoV-2 (COVID-19)"|Antigen|97097-0|"SARS-CoV-2 Ag Upper resp Ql IA.rapid"|"Nasopharyngeal swab"|258500001|06/20/2022|Negative|260385009
36|4244|10D2214779||Mecklenborg|Tina||06/03/1982||"304 E Third Street"|Georgetown|FL|45121||Female|5135321299|"No Response"|1||0|0|0|0||0|Mecklenborg||||||||"SARS-CoV-2 (COVID-19)"|Antigen|97097-0|"SARS-CoV-2 Ag Upper resp Ql IA.rapid"|"Nasopharyngeal swab"|258500001|06/20/2022|Negative|260385009
37|4244|10D2214779||Harker|Becky||10/12/1954||"1069 Wide Brim Ct"|Henderson|FL|89011||Female|7022187469|"No Response"|1||0|0|0|0||0|Harker||||||||"SARS-CoV-2 (COVID-19)"|Antigen|97097-0|"SARS-CoV-2 Ag Upper resp Ql IA.rapid"|"Nasopharyngeal swab"|258500001|06/20/2022|Negative|260385009
38|4244|10D2214779||Harris|Edward||05/08/1992||Unknown|Unknown|FL|99999||Male|9999999999|"No Response"|1||0|0|0|0||0|Harris||||||||"SARS-CoV-2 (COVID-19)"|PCR|94500-6|"SARS-CoV-2 RNA Resp Ql NAA+probe"|"Nasopharyngeal swab"|258500001|06/20/2022|Positive|10828004
39|4244|10D2214779||Allen|Matthew||09/11/1974||"1207 SE 73rd Ave"|Portland|FL|97215||Male|5627283081|"No Response"|1||0|0|0|0||0|Allen||||||||"SARS-CoV-2 (COVID-19)"|PCR|94500-6|"SARS-CoV-2 RNA Resp Ql NAA+probe"|"Nasopharyngeal swab"|258500001|06/20/2022|Positive|10828004
40|4244|10D2214779||Jakobsen|Atle||07/24/1971||"419 SE 2nd Street"|FortLauderdale|FL|33301||Male|9549456021|"No Response"|1||0|0|0|0||0|Jakobsen||||||||"SARS-CoV-2 (COVID-19)"|Antigen|97097-0|"SARS-CoV-2 Ag Upper resp Ql IA.rapid"|"Nasopharyngeal swab"|258500001|06/20/2022|Negative|260385009
41|4244|10D2214779||Jakobsen|Thuva||02/07/2003||"419 SE 2nd Street"|FortLauderdale|FL|33301||Female|9549456021|"No Response"|1||0|0|0|0||0|Jakobsen||||||||"SARS-CoV-2 (COVID-19)"|Antigen|97097-0|"SARS-CoV-2 Ag Upper resp Ql IA.rapid"|"Nasopharyngeal swab"|258500001|06/20/2022|Negative|260385009
42|4244|10D2214779||Jakobsen|"Mette Solberg"||04/29/1967||"419 SE 2nd Street"|"Fort Lauderdale"|FL|33301||Female|9549456021|"No Response"|1||0|0|0|0||0|Jakobsen||||||||"SARS-CoV-2 (COVID-19)"|Antigen|97097-0|"SARS-CoV-2 Ag Upper resp Ql IA.rapid"|"Nasopharyngeal swab"|258500001|06/20/2022|Negative|260385009
43|4244|10D2214779||Hollingsworth|Robert||08/23/1963||"1491 fiddlers marsh"|"Mt pleasent"|FL|29464||Male|8433646580|"No Response"|1||0|0|0|0||0|Hollingsworth||||||||"SARS-CoV-2 (COVID-19)"|Antigen|97097-0|"SARS-CoV-2 Ag Upper resp Ql IA.rapid"|"Nasopharyngeal swab"|258500001|06/20/2022|Negative|260385009
44|4244|10D2214779||Thiel|Jeff||10/25/1981||"760 cinnamon rd"|Npb|FL|33408||Male|6096028457|"No Response"|1||0|0|0|0||0|Thiel||||||||"SARS-CoV-2 (COVID-19)"|Antigen|97097-0|"SARS-CoV-2 Ag Upper resp Ql IA.rapid"|"Nasopharyngeal swab"|258500001|06/20/2022|Negative|260385009
45|4244|10D2214779||Duong|"Phu Phillip"||08/03/1981||"6416 Tamber Bay Rd"|"Las Vegas"|FL|89118||Male|7257776699|"No Response"|0||0|1|0|0||0|Duong||||||||"SARS-CoV-2 (COVID-19)"|Antigen|97097-0|"SARS-CoV-2 Ag Upper resp Ql IA.rapid"|"Nasopharyngeal swab"|258500001|06/20/2022|Negative|260385009
46|4244|10D2214779||Geffrard|Laurichenel||10/05/1985||"849 noeton dr"|"Lake park"|FL|33403||Male|5616331480|"No Response"|0||0|0|0|0||0|Geffrard||||||||"SARS-CoV-2 (COVID-19)"|Antigen|97097-0|"SARS-CoV-2 Ag Upper resp Ql IA.rapid"|"Nasopharyngeal swab"|258500001|06/20/2022|Negative|260385009
47|4244|10D2214779||Geffrard|Lorisia||06/26/1959||"801 6th st"|"Lake park"|FL|33402||Female|5616331480|"No Response"|0||0|0|0|0||0|Geffrard||||||||"SARS-CoV-2 (COVID-19)"|Antigen|97097-0|"SARS-CoV-2 Ag Upper resp Ql IA.rapid"|"Nasopharyngeal swab"|258500001|06/20/2022|Negative|260385009
48|4244|10D2214779||Ali|Duaa||08/23/2005||"11677 Riverchase Run"|"Palm Beach Gardens"|FL|33412||Female|5617016865|"No Response"|0||0|1|0|0||0|Ali||||||||"SARS-CoV-2 (COVID-19)"|PCR|94500-6|"SARS-CoV-2 RNA Resp Ql NAA+probe"|"Nasopharyngeal swab"|258500001|06/21/2022|Negative|260385009
