RecordID|FacilityID|CLIAID|PatientID|LastName|FirstName|MiddleName|DOB|SSN|StreetAddress|City|State|Zip|County|Gender|PhoneNumber|Ethnicity|RaceWhite|RaceBlack|RaceAmericanIndianAlaskanNative|RaceAsian|RaceNativeHawaiianOrOtherPacificIslander|RaceOther|RaceUnknown|RaceNoResponse|ProviderName|NPI|Pregnant|SchoolAssociation|SchoolName|MeetILIDefinition|PerformingLab|AccessionNumber|Pathogen|TestType|LOINC|LOINCShortName|SpecimenCollectionType|SpecimenSNOMED|SpecimenCollectedDate|Result|ResultSNOMED
1|4244|10D2214779||Harris|Zandra||07/30/1949||"1824 Echo Lake Drive"|"West Palm Beach"|FL|33407||Female|5617077419|"No Response"|0||0|0|0|0||0|Harris||||||||"SARS-CoV-2 (COVID-19)"|Antigen|97097-0|"SARS-CoV-2 Ag Upper resp Ql IA.rapid"|"Nasopharyngeal swab"|258500001|10/19/2021|Negative|260385009
2|4244|10D2214779||Miller|Gail||06/25/1967||"2309 Centerstone Lane"|"Riviera Beach"|FL|33404||Female|5613980808|"No Response"|0||0|0|0|1||0|Miller||||||||"SARS-CoV-2 (COVID-19)"|Antigen|97097-0|"SARS-CoV-2 Ag Upper resp Ql IA.rapid"|"Nasopharyngeal swab"|258500001|11/27/2021|Negative|260385009
3|4244|10D2214779||Miller|Gail||06/25/1967||"2309 Centerstone Lane"|"Riviera Beach"|FL|33404||Female|5613980808|"No Response"|0||0|0|0|1||0|Miller||||||||"SARS-CoV-2 (COVID-19)"|Antigen|97097-0|"SARS-CoV-2 Ag Upper resp Ql IA.rapid"|"Nasopharyngeal swab"|258500001|11/27/2021|Negative|260385009
4|4244|10D2214779||Nimblett|Matthew||05/01/2001||"3301 College Aveneu, Nova Southeastern University"|Davie|FL|33314||Male|17542618477|"No Response"|0||0|0|0|0||0|Nimblett||||||||"SARS-CoV-2 (COVID-19)"|Antigen|97097-0|"SARS-CoV-2 Ag Upper resp Ql IA.rapid"|"Nasopharyngeal swab"|258500001|12/14/2021|Negative|260385009
5|4244|10D2214779||Nimblett|Matthew||05/01/2001||"3301  College Aveneu, Nova Sotuheastern University"|Davie|FL|33314||Male|17542618477|"No Response"|0||0|0|0|0||0|Nimblett||||||||"SARS-CoV-2 (COVID-19)"|Antigen|97097-0|"SARS-CoV-2 Ag Upper resp Ql IA.rapid"|"Nasopharyngeal swab"|258500001|12/14/2021|Negative|260385009
6|4244|10D2214779||Silva|Sergio||05/31/2008||"405 SW 13 place apt#112"|"Deerfield Beach"|FL|33441||Male|3059878924|"No Response"|0||0|0|0|0||0|Silva||||||||"SARS-CoV-2 (COVID-19)"|Antigen|97097-0|"SARS-CoV-2 Ag Upper resp Ql IA.rapid"|"Nasopharyngeal swab"|258500001|12/24/2021|Positive|10828004
7|4244|10D2214779||Brown|Deborah||08/20/1950||"3822 Pebblebrook Court"|"Coconut Creek"|FL|33073||Female|5612512751|"No Response"|0||0|0|0|0||0|Brown||||||||"SARS-CoV-2 (COVID-19)"|Antigen|97097-0|"SARS-CoV-2 Ag Upper resp Ql IA.rapid"|"Nasopharyngeal swab"|258500001|01/03/2022|Negative|260385009
8|4244|10D2214779||Abud|Lucas||11/16/1979||"18555 collins avenue"|"Sunny isles"|FL|33160||Male|7863962445|"No Response"|0||0|0|0|0||0|Abud||||||||"SARS-CoV-2 (COVID-19)"|Antigen|97097-0|"SARS-CoV-2 Ag Upper resp Ql IA.rapid"|"Nasopharyngeal swab"|258500001|01/14/2022|Negative|260385009
9|4244|10D2214779||Miller|Gail||06/25/1967||"2309 Centerstone Lane"|"Riviera beach"|FL|33404||Female|5613980808|"No Response"|0||0|0|0|1||0|Miller||||||||"SARS-CoV-2 (COVID-19)"|Antigen|97097-0|"SARS-CoV-2 Ag Upper resp Ql IA.rapid"|"Nasopharyngeal swab"|258500001|01/22/2022|Negative|260385009
10|4244|10D2214779||Miller|Gail||06/25/1967||"2309 Centerstone Lane"|"Riviera beach"|FL|33404||Female|5613980808|"No Response"|0||0|0|0|1||0|Miller||||||||"SARS-CoV-2 (COVID-19)"|Antigen|97097-0|"SARS-CoV-2 Ag Upper resp Ql IA.rapid"|"Nasopharyngeal swab"|258500001|01/22/2022|Negative|260385009
11|4244|10D2214779||Miller|Gail||06/25/1967||"110 Bobwhite Road"|"Royal Palm Beach"|FL|33411||Female|5613980808|"No Response"|0||0|0|0|1||0|Miller||||||||"SARS-CoV-2 (COVID-19)"|Antigen|97097-0|"SARS-CoV-2 Ag Upper resp Ql IA.rapid"|"Nasopharyngeal swab"|258500001|03/24/2022|Negative|260385009
12|4244|10D2214779||Miller|Gail||06/25/1967||"110 Bobwhite Road"|"Royal Palm Beach"|FL|33411||Female|5613980808|"No Response"|0||0|0|0|1||0|Miller||||||||"SARS-CoV-2 (COVID-19)"|Antigen|97097-0|"SARS-CoV-2 Ag Upper resp Ql IA.rapid"|"Nasopharyngeal swab"|258500001|03/24/2022|Negative|260385009
13|4244|10D2214779||Miller|Gail||06/25/1967||"110 Bobwhite Road"|"Royal Palm Beach"|FL|33411||Female|5613980808|"No Response"|0||0|0|0|1||0|Miller||||||||"SARS-CoV-2 (COVID-19)"|Antigen|97097-0|"SARS-CoV-2 Ag Upper resp Ql IA.rapid"|"Nasopharyngeal swab"|258500001|04/27/2022|Negative|260385009
14|4244|10D2214779||Miller|Gail||06/25/1967||"110 Bobwhite Road"|"Royal Palm Beach"|FL|33411||Female|5613980808|"No Response"|0||0|0|0|1||0|Miller||||||||"SARS-CoV-2 (COVID-19)"|Antigen|97097-0|"SARS-CoV-2 Ag Upper resp Ql IA.rapid"|"Nasopharyngeal swab"|258500001|04/27/2022|Negative|260385009
15|4244|10D2214779||Dorado|Juan||10/26/1994||Unknown|Unknown|FL|99999||Male|7863962445|"No Response"|0||0|0|0|1||0|Dorado||||||||"SARS-CoV-2 (COVID-19)"|PCR|94500-6|"SARS-CoV-2 RNA Resp Ql NAA+probe"|"Nasopharyngeal swab"|258500001|06/09/2022|Negative|260385009
16|4244|10D2214779||Dorado|Juan||10/26/1994||Unknown|Unknown|FL|99999||Male|7863962445|"No Response"|0||0|0|0|1||0|Dorado||||||||"SARS-CoV-2 (COVID-19)"|PCR|94500-6|"SARS-CoV-2 RNA Resp Ql NAA+probe"|"Nasopharyngeal swab"|258500001|06/16/2022|Negative|260385009
17|4244|10D2214779||Noh|Jaeyun||01/20/1999||"4455 Paradise Rd, Las Vegas, NV 89169"|"Las Vegas"|FL|89169||Female|9999999999|"No Response"|0||0|1|0|0||0|Noh||||||||"SARS-CoV-2 (COVID-19)"|Antigen|97097-0|"SARS-CoV-2 Ag Upper resp Ql IA.rapid"|"Nasopharyngeal swab"|258500001|06/25/2022|Negative|260385009
18|4244|10D2214779||Dorado|Juan||10/26/1994||Unknown|Unknown|FL|99999||Male|7863962445|"No Response"|0||0|0|0|1||0|Dorado||||||||"SARS-CoV-2 (COVID-19)"|PCR|94500-6|"SARS-CoV-2 RNA Resp Ql NAA+probe"|"Nasopharyngeal swab"|258500001|06/24/2022|Negative|260385009
19|4244|10D2214779||Burt|Ryan||06/18/2004||"2249 E Maya Palm Dr"|"Boca Raton"|FL|33432||Male|9999999999|"No Response"|1||0|0|0|0||0|Burt||||||||"SARS-CoV-2 (COVID-19)"|Antigen|97097-0|"SARS-CoV-2 Ag Upper resp Ql IA.rapid"|"Nasopharyngeal swab"|258500001|06/24/2022|Negative|260385009
20|4244|10D2214779||Woo|"Sung Kwon"||02/24/1967||Unknown|Unknown|FL|99999||Male|5708526184|"No Response"|0||0|1|0|0||0|Woo||||||||"SARS-CoV-2 (COVID-19)"|Antigen|97097-0|"SARS-CoV-2 Ag Upper resp Ql IA.rapid"|"Nasopharyngeal swab"|258500001|06/25/2022|Negative|260385009
21|4244|10D2214779||Miller|Gail||06/25/1967||"110 Bobwhite Road"|"Royal Palm Beach"|FL|33411||Female|5613980808|"No Response"|0||0|0|0|1||0|Miller||||||||"SARS-CoV-2 (COVID-19)"|Antigen|97097-0|"SARS-CoV-2 Ag Upper resp Ql IA.rapid"|"Nasopharyngeal swab"|258500001|06/25/2022|Negative|260385009
22|4244|10D2214779||Miller|Gail||06/25/1967||"110 Bobwhite Road"|"Royal Palm Beach"|FL|33411||Female|5613980808|"No Response"|0||0|0|0|1||0|Miller||||||||"SARS-CoV-2 (COVID-19)"|Antigen|97097-0|"SARS-CoV-2 Ag Upper resp Ql IA.rapid"|"Nasopharyngeal swab"|258500001|06/25/2022|Negative|260385009
23|4244|10D2214779||Shin|"Do Hyoung"||09/26/1974||Unknown|Unknown|FL|99999||Male|5708526183|"No Response"|0||0|1|0|0||0|Shin||||||||"SARS-CoV-2 (COVID-19)"|Antigen|97097-0|"SARS-CoV-2 Ag Upper resp Ql IA.rapid"|"Nasopharyngeal swab"|258500001|06/25/2022|Negative|260385009
24|4244|10D2214779||Kim|Yujin||01/03/2000||Unknown|Unknown|FL|99999||Female|7863962445|"No Response"|0||0|1|0|0||0|Kim||||||||"SARS-CoV-2 (COVID-19)"|Antigen|97097-0|"SARS-CoV-2 Ag Upper resp Ql IA.rapid"|"Nasopharyngeal swab"|258500001|06/25/2022|Negative|260385009
25|4244|10D2214779||Nolan|Alan||07/08/1973||"3937 SE Taylor St"|Portland|FL|97214||Male|9999999999|"No Response"|1||0|0|0|0||0|Nolan||||||||"SARS-CoV-2 (COVID-19)"|Antigen|97097-0|"SARS-CoV-2 Ag Upper resp Ql IA.rapid"|"Nasopharyngeal swab"|258500001|06/25/2022|Negative|260385009
26|4244|10D2214779||Nolan|Natalia||05/28/1977||"3937 SE Taylor St"|Portland|FL|97214||Female|9999999999|"No Response"|1||0|0|0|0||0|Nolan||||||||"SARS-CoV-2 (COVID-19)"|Antigen|97097-0|"SARS-CoV-2 Ag Upper resp Ql IA.rapid"|"Nasopharyngeal swab"|258500001|06/25/2022|Negative|260385009
27|4244|10D2214779||Nolan|Daniela||05/30/2005||"3937 SE Taylor St"|Portland|FL|97214||Female|0876867040|"No Response"|1||0|0|0|0||0|Nolan||||||||"SARS-CoV-2 (COVID-19)"|Antigen|97097-0|"SARS-CoV-2 Ag Upper resp Ql IA.rapid"|"Nasopharyngeal swab"|258500001|06/25/2022|Negative|260385009
28|4244|10D2214779||Nolan|Ivann||09/01/2009||"3937 SE Taylor  St"|Portland|FL|97214||Male|9999999999|"No Response"|1||0|0|0|0||0|Nolan||||||||"SARS-CoV-2 (COVID-19)"|Antigen|97097-0|"SARS-CoV-2 Ag Upper resp Ql IA.rapid"|"Nasopharyngeal swab"|258500001|06/25/2022|Negative|260385009
29|4244|10D2214779||"Parris charles"|Marva||05/05/1955||"3642 Terrapin Lane apt 2002"|"Coral Springs"|FL|33067||Female|9172443073|"No Response"|0||0|0|0|0||0|"Parris charles"||||||||"SARS-CoV-2 (COVID-19)"|Antigen|97097-0|"SARS-CoV-2 Ag Upper resp Ql IA.rapid"|"Nasopharyngeal swab"|258500001|06/25/2022|Negative|260385009
30|4244|10D2214779||Jung|Youngsoo||04/25/1962||"4520 Paradise Road"|"Las vegas"|FL|89169||Male|9999999999|"No Response"|0||0|1|0|0||0|Jung||||||||"SARS-CoV-2 (COVID-19)"|Antigen|97097-0|"SARS-CoV-2 Ag Upper resp Ql IA.rapid"|"Nasopharyngeal swab"|258500001|06/25/2022|Negative|260385009
31|4244|10D2214779||LEE|HEEWOO||08/30/1995||"4520 Paradise Road"|"Las Vegas"|FL|89169||Male|12135687354|"No Response"|0||0|1|0|0||0|LEE||||||||"SARS-CoV-2 (COVID-19)"|Antigen|97097-0|"SARS-CoV-2 Ag Upper resp Ql IA.rapid"|"Nasopharyngeal swab"|258500001|06/25/2022|Negative|260385009
32|4244|10D2214779||LEE|YUNSUB||01/21/1979||"4520 Paradise Road"|"LAS Vegas"|FL|89169||Male|12135687354|"No Response"|0||0|1|0|0||0|LEE||||||||"SARS-CoV-2 (COVID-19)"|Antigen|97097-0|"SARS-CoV-2 Ag Upper resp Ql IA.rapid"|"Nasopharyngeal swab"|258500001|06/25/2022|Negative|260385009
33|4244|10D2214779||Kim|Kyungtae||01/01/1971||"3667 Las Vegas Blvd S, Las Vegas, NV 89109"|"Las Vegas"|FL|89109||Male|9999999999|"No Response"|0||0|1|0|0||0|Kim||||||||"SARS-CoV-2 (COVID-19)"|Antigen|97097-0|"SARS-CoV-2 Ag Upper resp Ql IA.rapid"|"Nasopharyngeal swab"|258500001|06/25/2022|Negative|260385009
34|4244|10D2214779||McPherson|Mason||03/23/2011||"5123 Meadowlake Rd"|brentwood|FL|37027||Male|6159577911|"No Response"|1||0|0|0|0||0|McPherson||||||||"SARS-CoV-2 (COVID-19)"|Antigen|97097-0|"SARS-CoV-2 Ag Upper resp Ql IA.rapid"|"Nasopharyngeal swab"|258500001|06/25/2022|Negative|260385009
35|4244|10D2214779||McPherson|Madelyn||01/08/2014||"5123 Meadowlake Rd"|Brentwood|FL|37027||Female|6159577911|"No Response"|1||0|0|0|0||0|McPherson||||||||"SARS-CoV-2 (COVID-19)"|Antigen|97097-0|"SARS-CoV-2 Ag Upper resp Ql IA.rapid"|"Nasopharyngeal swab"|258500001|06/25/2022|Negative|260385009
36|4244|10D2214779||Masse|Valentin||12/28/1993||"209 Courtney Lakes Cir"|"West Palm Beach"|FL|33401||Male|5615012706|"No Response"|1||0|0|0|0||0|Masse||||||||"SARS-CoV-2 (COVID-19)"|Antigen|97097-0|"SARS-CoV-2 Ag Upper resp Ql IA.rapid"|"Nasopharyngeal swab"|258500001|06/25/2022|Negative|260385009
37|4244|10D2214779||Bodoe|Sandra||08/19/1965||"3515 SW Macon rd"|"Port St Lucie"|FL|34953||Female|3524977295|"No Response"|0||0|0|0|1||0|Bodoe||||||||"SARS-CoV-2 (COVID-19)"|Antigen|97097-0|"SARS-CoV-2 Ag Upper resp Ql IA.rapid"|"Nasopharyngeal swab"|258500001|06/25/2022|Negative|260385009
38|4244|10D2214779||Gleeson|Stephen||07/04/1967||Unknown|Unknown|FL|99999||Male|7053332422|"No Response"|1||0|0|0|0||0|Gleeson||||||||"SARS-CoV-2 (COVID-19)"|Antigen|97097-0|"SARS-CoV-2 Ag Upper resp Ql IA.rapid"|"Nasopharyngeal swab"|258500001|06/25/2022|Negative|260385009
39|4244|10D2214779||Gleeson|Christine||03/29/1972||Unknown|Unknown|FL|99999||Female|9057154189|"No Response"|1||0|0|0|0||0|Gleeson||||||||"SARS-CoV-2 (COVID-19)"|Antigen|97097-0|"SARS-CoV-2 Ag Upper resp Ql IA.rapid"|"Nasopharyngeal swab"|258500001|06/25/2022|Negative|260385009
40|4244|10D2214779||Culverwell|Paul||05/30/1974||Unknown|Unknown|FL|99999||Male|9999999999|"No Response"|1||0|0|0|0||0|Culverwell||||||||"SARS-CoV-2 (COVID-19)"|Antigen|97097-0|"SARS-CoV-2 Ag Upper resp Ql IA.rapid"|"Nasopharyngeal swab"|258500001|06/25/2022|Negative|260385009
41|4244|10D2214779||"Portela De Sa Barreto"|"George Antonio"||06/27/1972||Unknown|Unknown|FL|99999||Male|9999999999|"No Response"|1||0|0|0|0||0|"Portela De Sa Barreto"||||||||"SARS-CoV-2 (COVID-19)"|Antigen|97097-0|"SARS-CoV-2 Ag Upper resp Ql IA.rapid"|"Nasopharyngeal swab"|258500001|06/25/2022|Negative|260385009
42|4244|10D2214779||"Riley III"|Cornelius||05/14/1998||"3822 Pebblebrook Court"|"Coconut Creek"|FL|33073||Male|9547294578|"No Response"|0||0|0|0|0||0|"Riley III"||||||||"SARS-CoV-2 (COVID-19)"|Antigen|97097-0|"SARS-CoV-2 Ag Upper resp Ql IA.rapid"|"Nasopharyngeal swab"|258500001|06/25/2022|Negative|260385009
43|4244|10D2214779||Riley|Tamir||08/21/1972||"3822 Pebblebrook Court"|"Coconut Creek"|FL|33073||Female|9546502772|"No Response"|0||0|0|0|0||0|Riley||||||||"SARS-CoV-2 (COVID-19)"|Antigen|97097-0|"SARS-CoV-2 Ag Upper resp Ql IA.rapid"|"Nasopharyngeal swab"|258500001|06/25/2022|Negative|260385009
44|4244|10D2214779||Riley|Jayde||03/02/2007||"3822 Pebblebrook Court"|"Coconut Creek"|FL|33073||Female|9546502772|"No Response"|0||0|0|0|0||0|Riley||||||||"SARS-CoV-2 (COVID-19)"|Antigen|97097-0|"SARS-CoV-2 Ag Upper resp Ql IA.rapid"|"Nasopharyngeal swab"|258500001|06/25/2022|Negative|260385009
45|4244|10D2214779||Brown|Deborah||08/20/1950||"3822 Pebblebrook Court"|"Coconut Creek"|FL|33073||Female|5612512751|"No Response"|0||0|0|0|0||0|Brown||||||||"SARS-CoV-2 (COVID-19)"|Antigen|97097-0|"SARS-CoV-2 Ag Upper resp Ql IA.rapid"|"Nasopharyngeal swab"|258500001|06/25/2022|Negative|260385009
46|4244|10D2214779||Dorado|Juan||10/26/1994||Unknown|Unknown|FL|99999||Male|7863962445|"No Response"|0||0|0|0|1||0|Dorado||||||||"SARS-CoV-2 (COVID-19)"|PCR|94500-6|"SARS-CoV-2 RNA Resp Ql NAA+probe"|"Nasopharyngeal swab"|258500001|06/25/2022|Negative|260385009
47|4244|10D2214779||Wicks|Edward||09/02/2013||"1544 Mistflower Ln"|"Winter Garden"|FL|34787||Male|6306694036|"No Response"|0||0|0|0|0||0|Wicks||||||||"SARS-CoV-2 (COVID-19)"|PCR|94500-6|"SARS-CoV-2 RNA Resp Ql NAA+probe"|"Nasopharyngeal swab"|258500001|06/25/2022|Negative|260385009
48|4244|10D2214779||"Queiroz Abud"|"Jacynta Maria"||07/30/1956||Unknown|Unknown|FL|99999||Female|7863962445|"No Response"|0||0|0|0|0||1|"Queiroz Abud"||||||||"SARS-CoV-2 (COVID-19)"|Antigen|97097-0|"SARS-CoV-2 Ag Upper resp Ql IA.rapid"|"Nasopharyngeal swab"|258500001|06/25/2022|Negative|260385009
49|4244|10D2214779||Abud|Lucas||11/16/1979||Unknown|Unknown|FL|99999||Male|7863962445|"No Response"|0||0|0|0|0||1|Abud||||||||"SARS-CoV-2 (COVID-19)"|Antigen|97097-0|"SARS-CoV-2 Ag Upper resp Ql IA.rapid"|"Nasopharyngeal swab"|258500001|06/25/2022|Negative|260385009
50|4244|10D2214779||Rouillard|Andrea||08/18/1990||"118 Stratford Court"|Charlottesville|FL|22903||Female|4349894344|"No Response"|1||0|0|0|0||0|Rouillard||||||||"SARS-CoV-2 (COVID-19)"|Antigen|97097-0|"SARS-CoV-2 Ag Upper resp Ql IA.rapid"|"Nasopharyngeal swab"|258500001|06/25/2022|Negative|260385009
51|4244|10D2214779||Wessner|Joel||07/12/1994||"118 Stratford Court"|Charlottesville|FL|22903||Male|4349894344|"No Response"|1||0|0|0|0||0|Wessner||||||||"SARS-CoV-2 (COVID-19)"|Antigen|97097-0|"SARS-CoV-2 Ag Upper resp Ql IA.rapid"|"Nasopharyngeal swab"|258500001|06/25/2022|Negative|260385009
52|4244|10D2214779||"Gordilho Abud"|Miguel||03/20/2011||Unknown|Unknown|FL|99999||Male|7863962445|"No Response"|0||0|0|0|0||1|"Gordilho Abud"||||||||"SARS-CoV-2 (COVID-19)"|Antigen|97097-0|"SARS-CoV-2 Ag Upper resp Ql IA.rapid"|"Nasopharyngeal swab"|258500001|06/25/2022|Negative|260385009
53|4244|10D2214779||Palacio|Claudia||12/24/1965||"8211 seminole pratt whitney rd"|Loxahatchee|FL|33470||Female|5612462609|"No Response"|0||0|0|0|0||0|Palacio||||||||"SARS-CoV-2 (COVID-19)"|Antigen|97097-0|"SARS-CoV-2 Ag Upper resp Ql IA.rapid"|"Nasopharyngeal swab"|258500001|06/25/2022|Negative|260385009
54|4244|10D2214779||Nimblett|Matthew||05/01/2001||"3301 College Ave"|Davie|FL|33314||Male|17542618477|"No Response"|0||0|0|0|0||0|Nimblett||||||||"SARS-CoV-2 (COVID-19)"|Antigen|97097-0|"SARS-CoV-2 Ag Upper resp Ql IA.rapid"|"Nasopharyngeal swab"|258500001|06/25/2022|Negative|260385009
55|4244|10D2214779||Slatlem|Philip||01/25/2013||Unknown|Unknown|FL|99999||Male|7863962445|"No Response"|1||0|0|0|0||0|Slatlem||||||||"SARS-CoV-2 (COVID-19)"|PCR|94500-6|"SARS-CoV-2 RNA Resp Ql NAA+probe"|"Nasopharyngeal swab"|258500001|06/25/2022|Negative|260385009
56|4244|10D2214779||Slatlem|Philip||01/25/2013||Unknown|Unknown|FL|99999||Male|7863962445|"No Response"|0||0|0|0|1||0|Slatlem||||||||"SARS-CoV-2 (COVID-19)"|PCR|94500-6|"SARS-CoV-2 RNA Resp Ql NAA+probe"|"Nasopharyngeal swab"|258500001|06/25/2022|Negative|260385009
57|4244|10D2214779||Slatlem|Philip||01/25/2013||Unknown|Unknown|FL|99999||Male|7863962445|"No Response"|1||0|0|0|0||0|Slatlem||||||||"SARS-CoV-2 (COVID-19)"|PCR|94500-6|"SARS-CoV-2 RNA Resp Ql NAA+probe"|"Nasopharyngeal swab"|258500001|06/25/2022|Negative|260385009
58|4244|10D2214779||Slatlem|Philip||01/25/2013||Unknown|Unknown|FL|99999||Male|7863962445|"No Response"|1||0|0|0|0||0|Slatlem||||||||"SARS-CoV-2 (COVID-19)"|PCR|94500-6|"SARS-CoV-2 RNA Resp Ql NAA+probe"|"Nasopharyngeal swab"|258500001|06/25/2022|Negative|260385009
59|4244|10D2214779||Slatlem|Philip||01/25/2013||Unknown|Unknown|FL|99999||Male|7863962445|"No Response"|1||0|0|0|0||0|Slatlem||||||||"SARS-CoV-2 (COVID-19)"|PCR|94500-6|"SARS-CoV-2 RNA Resp Ql NAA+probe"|"Nasopharyngeal swab"|258500001|06/25/2022|Negative|260385009
60|4244|10D2214779||Slatlem|Philip||01/25/2013||Unknown|Unknown|FL|99999||Male|7863962445|"No Response"|1||0|0|0|0||0|Slatlem||||||||"SARS-CoV-2 (COVID-19)"|PCR|94500-6|"SARS-CoV-2 RNA Resp Ql NAA+probe"|"Nasopharyngeal swab"|258500001|06/25/2022|Negative|260385009
61|4244|10D2214779||Slatlem|Philip||01/25/2013||Unknown|Unknown|FL|99999||Male|7863962445|"No Response"|1||0|0|0|0||0|Slatlem||||||||"SARS-CoV-2 (COVID-19)"|PCR|94500-6|"SARS-CoV-2 RNA Resp Ql NAA+probe"|"Nasopharyngeal swab"|258500001|06/25/2022|Negative|260385009
62|4244|10D2214779||Baggio|Jose||12/10/1967||"208 wild oats total palm beach"|"West palm beach"|FL|33411||Male|5618890490|"No Response"|0||0|0|0|0||0|Baggio||||||||"SARS-CoV-2 (COVID-19)"|Antigen|97097-0|"SARS-CoV-2 Ag Upper resp Ql IA.rapid"|"Nasopharyngeal swab"|258500001|06/25/2022|Negative|260385009
63|4244|10D2214779||Baggio|Jose||12/10/1967||"208 wild oats total palm beach"|"West palm beach"|FL|33411||Male|5618890490|"No Response"|0||0|0|0|0||0|Baggio||||||||"SARS-CoV-2 (COVID-19)"|Antigen|97097-0|"SARS-CoV-2 Ag Upper resp Ql IA.rapid"|"Nasopharyngeal swab"|258500001|06/25/2022|Negative|260385009
64|4244|10D2214779||Harris|Zandra||07/30/1949||"1824 Echo Lake Drive"|"West Palm Beach"|FL|33407||Female|5617077419|"No Response"|0||0|0|0|0||0|Harris||||||||"SARS-CoV-2 (COVID-19)"|Antigen|97097-0|"SARS-CoV-2 Ag Upper resp Ql IA.rapid"|"Nasopharyngeal swab"|258500001|06/25/2022|Negative|260385009
65|4244|10D2214779||Joseph|Ruguel||03/04/1981||"411 executive center dr"|"West palm beach"|FL|33401||Male|5613291828|"No Response"|0||0|0|0|0||0|Joseph||||||||"SARS-CoV-2 (COVID-19)"|Antigen|97097-0|"SARS-CoV-2 Ag Upper resp Ql IA.rapid"|"Nasopharyngeal swab"|258500001|06/25/2022|Negative|260385009
66|4244|10D2214779||Silva|Sergio||05/31/2008||Unknown|Unknown|FL|99999||Male|3059878924|"No Response"|0||0|0|0|0||0|Silva||||||||"SARS-CoV-2 (COVID-19)"|Antigen|97097-0|"SARS-CoV-2 Ag Upper resp Ql IA.rapid"|"Nasopharyngeal swab"|258500001|06/25/2022|Positive|10828004
67|4244|10D2214779||Barboza|Carlos||03/13/1959||"2305 hotel plaza boulevar"|Orlando|FL|99999||Male|9999999999|"No Response"|0||0|0|0|0||0|Barboza||||||||"SARS-CoV-2 (COVID-19)"|Antigen|97097-0|"SARS-CoV-2 Ag Upper resp Ql IA.rapid"|"Nasopharyngeal swab"|258500001|06/25/2022|Negative|260385009
68|4244|10D2214779||Parra|Margarita||03/10/1961||"2305 hotel plaza boulevard"|Orlando|FL|99999||Female|9999999999|"No Response"|0||0|0|0|0||0|Parra||||||||"SARS-CoV-2 (COVID-19)"|Antigen|97097-0|"SARS-CoV-2 Ag Upper resp Ql IA.rapid"|"Nasopharyngeal swab"|258500001|06/25/2022|Negative|260385009
69|4244|10D2214779||Davis|"Anne Hughes"||05/25/1956||Unknown|Unknown|FL|99999||Female|3053351113|"No Response"|1||0|0|0|0||0|Davis||||||||"SARS-CoV-2 (COVID-19)"|Antigen|97097-0|"SARS-CoV-2 Ag Upper resp Ql IA.rapid"|"Nasopharyngeal swab"|258500001|06/25/2022|Negative|260385009
70|4244|10D2214779||Lassen|Lori||12/17/1972||"4481 NW 8 Street"|"Coconut Creek"|FL|33066||Female|9548689342|"No Response"|1||0|0|0|0||0|Lassen||||||||"SARS-CoV-2 (COVID-19)"|Antigen|97097-0|"SARS-CoV-2 Ag Upper resp Ql IA.rapid"|"Nasopharyngeal swab"|258500001|06/25/2022|Negative|260385009
71|4244|10D2214779||"Leitao Stinson"|"Robyn Renae"||09/26/1980||Unknown|Unknown|FL|99999||Female|7863962445|"No Response"|0||0|0|0|0||1|"Leitao Stinson"||||||||"SARS-CoV-2 (COVID-19)"|Antigen|97097-0|"SARS-CoV-2 Ag Upper resp Ql IA.rapid"|"Nasopharyngeal swab"|258500001|06/25/2022|Negative|260385009
72|4244|10D2214779||Perez|"Carissa Nicole"||08/08/2005||Unknown|Unknown|FL|99999||Female|7863962445|"No Response"|0||0|0|0|0||1|Perez||||||||"SARS-CoV-2 (COVID-19)"|Antigen|97097-0|"SARS-CoV-2 Ag Upper resp Ql IA.rapid"|"Nasopharyngeal swab"|258500001|06/25/2022|Negative|260385009
73|4244|10D2214779||Seefried|George||09/23/2016||"1 Palama Way"|"Sewalls Point"|FL|34996||Male|2158507007|"No Response"|1||0|0|0|0||0|Seefried||||||||"SARS-CoV-2 (COVID-19)"|PCR|94500-6|"SARS-CoV-2 RNA Resp Ql NAA+probe"|"Nasopharyngeal swab"|258500001|06/25/2022|Negative|260385009
74|4244|10D2214779||"Niemi iii"|Jeffery||07/28/2015||"217 bonita vista dr"|"Ponte vedra"|FL|32081||Male|9042933370|"No Response"|1||0|0|0|0||0|"Niemi iii"||||||||"SARS-CoV-2 (COVID-19)"|PCR|94500-6|"SARS-CoV-2 RNA Resp Ql NAA+probe"|"Nasopharyngeal swab"|258500001|06/25/2022|Negative|260385009
75|4244|10D2214779||Seefried|George||09/23/2016||"1 Palama Way"|"Sewalls Point"|FL|34996||Male|2158507007|"No Response"|1||0|0|0|0||0|Seefried||||||||"SARS-CoV-2 (COVID-19)"|PCR|94500-6|"SARS-CoV-2 RNA Resp Ql NAA+probe"|"Nasopharyngeal swab"|258500001|06/25/2022|Negative|260385009
76|4244|10D2214779||Brown|Lynette||05/06/1998||"1404 perryman road"|Aberdeen|FL|21001||Female|4435284388|"No Response"|0||0|0|0|0||0|Brown||||||||"SARS-CoV-2 (COVID-19)"|Antigen|97097-0|"SARS-CoV-2 Ag Upper resp Ql IA.rapid"|"Nasopharyngeal swab"|258500001|06/25/2022|Negative|260385009
77|4244|10D2214779||Brown|Lynette||05/06/1998||"1404 perryman road"|Aberdeen|FL|21001||Female|4435284388|"No Response"|0||0|0|0|0||0|Brown||||||||"SARS-CoV-2 (COVID-19)"|Antigen|97097-0|"SARS-CoV-2 Ag Upper resp Ql IA.rapid"|"Nasopharyngeal swab"|258500001|06/25/2022|Negative|260385009
78|4244|10D2214779||Trabert|Bradley||09/12/1998||"932 Avon Drive"|Aberdeen|FL|21001||Male|4433747774|"No Response"|1||0|0|0|0||0|Trabert||||||||"SARS-CoV-2 (COVID-19)"|Antigen|97097-0|"SARS-CoV-2 Ag Upper resp Ql IA.rapid"|"Nasopharyngeal swab"|258500001|06/25/2022|Negative|260385009
79|4244|10D2214779||"DE SOUSA"|Leonie||01/18/2013||"3111 NE 59th ST"|"FORT LAUDERDALE"|FL|33308||Female|9548578278|"No Response"|1||0|0|0|0||0|"DE SOUSA"||||||||"SARS-CoV-2 (COVID-19)"|Antigen|97097-0|"SARS-CoV-2 Ag Upper resp Ql IA.rapid"|"Nasopharyngeal swab"|258500001|06/25/2022|Negative|260385009
