RecordID|FacilityID|CLIAID|PatientID|LastName|FirstName|MiddleName|DOB|SSN|StreetAddress|City|State|Zip|County|Gender|PhoneNumber|Ethnicity|RaceWhite|RaceBlack|RaceAmericanIndianAlaskanNative|RaceAsian|RaceNativeHawaiianOrOtherPacificIslander|RaceOther|RaceUnknown|RaceNoResponse|ProviderName|NPI|Pregnant|SchoolAssociation|SchoolName|MeetILIDefinition|PerformingLab|AccessionNumber|Pathogen|TestType|LOINC|LOINCShortName|SpecimenCollectionType|SpecimenSNOMED|SpecimenCollectedDate|Result|ResultSNOMED
1|4244|10D2214779||Maruyama|Kenji||09/22/1983||Unknown|Unknown|FL|99999||Male|7863962445|"No Response"|0||0|1|0|0||0|Maruyama||||||||"SARS-CoV-2 (COVID-19)"|Antigen|97097-0|"SARS-CoV-2 Ag Upper resp Ql IA.rapid"|"Nasopharyngeal swab"|258500001|12/03/2021|Negative|260385009
2|4244|10D2214779||Maruyama|Kenji||09/22/1983||Unknown|Unknown|FL|99999||Male|7863962445|"No Response"|0||0|1|0|0||0|Maruyama||||||||"SARS-CoV-2 (COVID-19)"|PCR|94500-6|"SARS-CoV-2 RNA Resp Ql NAA+probe"|"Nasopharyngeal swab"|258500001|12/03/2021|Negative|260385009
3|4244|10D2214779||Trancoso|Jeunille||04/08/1975||"5727 TUSCANY TERRACE, TAMARAC, FLORIDA"|TAMARAC|FL|33321||Female|7868781994|"No Response"|0||0|0|0|0||0|Trancoso||||||||"SARS-CoV-2 (COVID-19)"|PCR|94500-6|"SARS-CoV-2 RNA Resp Ql NAA+probe"|"Nasopharyngeal swab"|258500001|02/19/2022|Negative|260385009
4|4244|10D2214779||Maharaj|Peter||10/28/1965||"1064 1/2 Haverhill road north"|"West Palm Beach"|FL|33417||Male|5617190438|"No Response"|0||0|1|0|0||0|Maharaj||||||||"SARS-CoV-2 (COVID-19)"|Antigen|97097-0|"SARS-CoV-2 Ag Upper resp Ql IA.rapid"|"Nasopharyngeal swab"|258500001|02/20/2022|Negative|260385009
5|4244|10D2214779||Newquist|Jason||12/18/1971||"558 Lakeworth Cirlce"|"Lake Mary"|FL|32746||Male|4073717634|"No Response"|1||0|0|0|0||0|Newquist||||||||"SARS-CoV-2 (COVID-19)"|Antigen|97097-0|"SARS-CoV-2 Ag Upper resp Ql IA.rapid"|"Nasopharyngeal swab"|258500001|03/06/2022|Negative|260385009
6|4244|10D2214779||Hagler|Daniel||03/27/1994||Unknown|Unknown|FL|99999||Male|7863962445|"No Response"|0||0|0|0|1||0|Hagler||||||||"SARS-CoV-2 (COVID-19)"|PCR|94500-6|"SARS-CoV-2 RNA Resp Ql NAA+probe"|"Nasopharyngeal swab"|258500001|03/20/2022|Negative|260385009
7|4244|10D2214779||Hagler|Daniel||03/27/1994||Unknown|Unknown|FL|99999||Male|7863962445|"No Response"|0||0|0|0|1||0|Hagler||||||||"SARS-CoV-2 (COVID-19)"|PCR|94500-6|"SARS-CoV-2 RNA Resp Ql NAA+probe"|"Nasopharyngeal swab"|258500001|03/21/2022|Negative|260385009
8|4244|10D2214779||Trancoso|Jeunille||04/08/1975||"5727 Tuscany Terrace"|Tamarac|FL|33321||Female|7868781994|"No Response"|0||0|0|0|0||0|Trancoso||||||||"SARS-CoV-2 (COVID-19)"|PCR|94500-6|"SARS-CoV-2 RNA Resp Ql NAA+probe"|"Nasopharyngeal swab"|258500001|05/04/2022|Negative|260385009
9|4244|10D2214779||Hagler|Daniel||03/27/1994||Unknown|Unknown|FL|99999||Male|7863962445|"No Response"|0||0|0|0|1||0|Hagler||||||||"SARS-CoV-2 (COVID-19)"|PCR|94500-6|"SARS-CoV-2 RNA Resp Ql NAA+probe"|"Nasopharyngeal swab"|258500001|05/28/2022|Negative|260385009
10|4244|10D2214779||Maharaj|Peter||10/28/1965||"1064 1/2 Haverhill road north"|"West Palm Beach"|FL|33417||Male|5617190438|"No Response"|0||0|1|0|0||0|Maharaj||||||||"SARS-CoV-2 (COVID-19)"|Antigen|97097-0|"SARS-CoV-2 Ag Upper resp Ql IA.rapid"|"Nasopharyngeal swab"|258500001|05/30/2022|Negative|260385009
11|4244|10D2214779||Hagler|Daniel||03/27/1994||Unknown|Unknown|FL|99999||Male|7863962445|"No Response"|0||0|0|0|1||0|Hagler||||||||"SARS-CoV-2 (COVID-19)"|PCR|94500-6|"SARS-CoV-2 RNA Resp Ql NAA+probe"|"Nasopharyngeal swab"|258500001|06/03/2022|Negative|260385009
12|4244|10D2214779||Hagler|Daniel||03/27/1994||Unknown|Unknown|FL|99999||Male|7863962445|"No Response"|0||0|0|0|1||0|Hagler||||||||"SARS-CoV-2 (COVID-19)"|PCR|94500-6|"SARS-CoV-2 RNA Resp Ql NAA+probe"|"Nasopharyngeal swab"|258500001|06/11/2022|Negative|260385009
13|4244|10D2214779||Hagler|Daniel||03/27/1994||Unknown|Unknown|FL|99999||Male|7863962445|"No Response"|0||0|0|0|1||0|Hagler||||||||"SARS-CoV-2 (COVID-19)"|PCR|94500-6|"SARS-CoV-2 RNA Resp Ql NAA+probe"|"Nasopharyngeal swab"|258500001|06/24/2022|Negative|260385009
14|4244|10D2214779||Martinez|"Wynne Marie"||05/02/1994||"100 Bellamy Loop Apt 20E"|Bronx|FL|33321||Female|13477778200|"No Response"|0||0|0|0|0||0|Martinez||||||||"SARS-CoV-2 (COVID-19)"|PCR|94500-6|"SARS-CoV-2 RNA Resp Ql NAA+probe"|"Nasopharyngeal swab"|258500001|06/25/2022|Negative|260385009
15|4244|10D2214779||Trancoso|Jeunille||04/08/1975||"7300 Radice Court Apt 107"|Lauderhill|FL|33319||Female|7868781994|"No Response"|0||0|0|0|0||0|Trancoso||||||||"SARS-CoV-2 (COVID-19)"|PCR|94500-6|"SARS-CoV-2 RNA Resp Ql NAA+probe"|"Nasopharyngeal swab"|258500001|06/25/2022|Negative|260385009
16|4244|10D2214779||PADRINO|RAFAEL||04/03/1962||"6323 International Drive, 32819"|Orlando|FL|32819||Male|7867148040|"No Response"|0||0|0|0|0||0|PADRINO||||||||"SARS-CoV-2 (COVID-19)"|Antigen|97097-0|"SARS-CoV-2 Ag Upper resp Ql IA.rapid"|"Nasopharyngeal swab"|258500001|06/26/2022|Negative|260385009
17|4244|10D2214779||Padrino|Claudia||10/16/2006||"6323 International Drive, 32819"|Orlando|FL|32819||Female|7867148040|"No Response"|0||0|0|0|0||0|Padrino||||||||"SARS-CoV-2 (COVID-19)"|Antigen|97097-0|"SARS-CoV-2 Ag Upper resp Ql IA.rapid"|"Nasopharyngeal swab"|258500001|06/26/2022|Negative|260385009
18|4244|10D2214779||SUAREZ|RAYZA||03/10/1972||"6323 International Drive, 32819"|Orlando|FL|32819||Female|7867148040|"No Response"|0||0|0|0|0||0|SUAREZ||||||||"SARS-CoV-2 (COVID-19)"|Antigen|97097-0|"SARS-CoV-2 Ag Upper resp Ql IA.rapid"|"Nasopharyngeal swab"|258500001|06/26/2022|Negative|260385009
19|4244|10D2214779||Chadwell|Martina||10/24/1975||"931 Gardenia Dr Apt 269"|"Delray Beach"|FL|33483||Female|9999999999|"No Response"|0||0|1|0|0||0|Chadwell||||||||"SARS-CoV-2 (COVID-19)"|Antigen|97097-0|"SARS-CoV-2 Ag Upper resp Ql IA.rapid"|"Nasopharyngeal swab"|258500001|06/26/2022|Negative|260385009
20|4244|10D2214779||Kumar|Neeraj||12/14/1973||"530 ocean drive"|"Miami beach"|FL|33139||Male|4325999356|"No Response"|0||0|1|0|0||0|Kumar||||||||"SARS-CoV-2 (COVID-19)"|PCR|94500-6|"SARS-CoV-2 RNA Resp Ql NAA+probe"|"Nasopharyngeal swab"|258500001|06/26/2022|Negative|260385009
21|4244|10D2214779||Neeraj|Ishita||01/15/2001||"530 Ocean Drive"|"Miami Beach"|FL|33139||Female|4322696604|"No Response"|0||0|1|0|0||0|Neeraj||||||||"SARS-CoV-2 (COVID-19)"|PCR|94500-6|"SARS-CoV-2 RNA Resp Ql NAA+probe"|"Nasopharyngeal swab"|258500001|06/26/2022|Negative|260385009
22|4244|10D2214779||Nagpal|Vandana||05/27/1979||"530 ocean drive"|Miami|FL|33139||Female|4327011690|"No Response"|0||0|1|0|0||0|Nagpal||||||||"SARS-CoV-2 (COVID-19)"|PCR|94500-6|"SARS-CoV-2 RNA Resp Ql NAA+probe"|"Nasopharyngeal swab"|258500001|06/26/2022|Negative|260385009
23|4244|10D2214779||Nardin|Ava||11/02/2011||"423 Savoie Drive"|"Palm Beach Gardens"|FL|33410||Female|9177484852|"No Response"|1||0|0|0|0||0|Nardin||||||||"SARS-CoV-2 (COVID-19)"|PCR|94500-6|"SARS-CoV-2 RNA Resp Ql NAA+probe"|"Nasopharyngeal swab"|258500001|06/26/2022|Negative|260385009
24|4244|10D2214779||Kumar|Aryan||07/26/2005||"530 ocean drive, Miami Beach"|Miami|FL|33139||Male|14323013670|"No Response"|0||0|1|0|0||0|Kumar||||||||"SARS-CoV-2 (COVID-19)"|PCR|94500-6|"SARS-CoV-2 RNA Resp Ql NAA+probe"|"Nasopharyngeal swab"|258500001|06/26/2022|Negative|260385009
25|4244|10D2214779||Nagpal|Mala||07/15/1956||"556 Ocean Dr"|"Miami Beach"|FL|33139||Female|4327011690|"No Response"|0||0|1|0|0||0|Nagpal||||||||"SARS-CoV-2 (COVID-19)"|PCR|94500-6|"SARS-CoV-2 RNA Resp Ql NAA+probe"|"Nasopharyngeal swab"|258500001|06/26/2022|Negative|260385009
26|4244|10D2214779||Nagpal|Purshottam||01/15/1950||"530 ocean drive"|"Miami beach"|FL|33139||Male|4327011690|"No Response"|0||0|1|0|0||0|Nagpal||||||||"SARS-CoV-2 (COVID-19)"|PCR|94500-6|"SARS-CoV-2 RNA Resp Ql NAA+probe"|"Nasopharyngeal swab"|258500001|06/26/2022|Negative|260385009
27|4244|10D2214779||Johnson|Elijah||10/18/1978||"2323 Prometheus Ct"|Henderson|FL|89074||Male|9999999999|"No Response"|0||0|0|0|0||0|Johnson||||||||"SARS-CoV-2 (COVID-19)"|PCR|94500-6|"SARS-CoV-2 RNA Resp Ql NAA+probe"|"Nasopharyngeal swab"|258500001|06/26/2022|Negative|260385009
28|4244|10D2214779||Johnson|Levi||12/30/2006||"2323 Prometheus ct"|Henderson|FL|89074||Male|9999999999|"No Response"|0||0|0|0|0||0|Johnson||||||||"SARS-CoV-2 (COVID-19)"|PCR|94500-6|"SARS-CoV-2 RNA Resp Ql NAA+probe"|"Nasopharyngeal swab"|258500001|06/26/2022|Negative|260385009
29|4244|10D2214779||KINARI|RYO||05/28/1988||Unknown|Unknown|FL|99999||Male|09037119132|"No Response"|0||0|1|0|0||0|KINARI||||||||"SARS-CoV-2 (COVID-19)"|Antigen|97097-0|"SARS-CoV-2 Ag Upper resp Ql IA.rapid"|"Nasopharyngeal swab"|258500001|06/26/2022|Negative|260385009
30|4244|10D2214779||KINARI|RYO||05/28/1988||Unknown|Unknown|FL|99999||Male|09037119132|"No Response"|0||0|1|0|0||0|KINARI||||||||"SARS-CoV-2 (COVID-19)"|PCR|94500-6|"SARS-CoV-2 RNA Resp Ql NAA+probe"|"Nasopharyngeal swab"|258500001|06/26/2022|Negative|260385009
31|4244|10D2214779||Maruyama|Kenji||09/22/1983||Unknown|Unknown|FL|99999||Male|7863962445|"No Response"|0||0|1|0|0||0|Maruyama||||||||"SARS-CoV-2 (COVID-19)"|Antigen|97097-0|"SARS-CoV-2 Ag Upper resp Ql IA.rapid"|"Nasopharyngeal swab"|258500001|06/26/2022|Negative|260385009
32|4244|10D2214779||Maruyama|Kenji||09/22/1983||Unknown|Unknown|FL|99999||Male|7863962445|"No Response"|0||0|1|0|0||0|Maruyama||||||||"SARS-CoV-2 (COVID-19)"|PCR|94500-6|"SARS-CoV-2 RNA Resp Ql NAA+probe"|"Nasopharyngeal swab"|258500001|06/26/2022|Negative|260385009
33|4244|10D2214779||Roses|Eduardo||05/24/1976||"12333 Sw 28 Ter"|Miami|FL|33175||Male|3055052008|"No Response"|0||0|0|0|0||0|Roses||||||||"SARS-CoV-2 (COVID-19)"|Antigen|97097-0|"SARS-CoV-2 Ag Upper resp Ql IA.rapid"|"Nasopharyngeal swab"|258500001|06/26/2022|Negative|260385009
34|4244|10D2214779||Thornton|Kelly||12/12/1994||"2170 Benton Boulevard"|Savannah|FL|31407||Female|5082592276|"No Response"|1||0|0|0|0||0|Thornton||||||||"SARS-CoV-2 (COVID-19)"|Antigen|97097-0|"SARS-CoV-2 Ag Upper resp Ql IA.rapid"|"Nasopharyngeal swab"|258500001|06/26/2022|Negative|260385009
35|4244|10D2214779||Aguirre|Jelany||02/07/1999||"615 Gulick Ave bldg 501"|"Fort Stewart"|FL|31314||Male|9367075560|"No Response"|0||0|0|0|0||0|Aguirre||||||||"SARS-CoV-2 (COVID-19)"|Antigen|97097-0|"SARS-CoV-2 Ag Upper resp Ql IA.rapid"|"Nasopharyngeal swab"|258500001|06/26/2022|Negative|260385009
36|4244|10D2214779||Couitt|Diane||02/09/1948||"2520 Sandy Cay"|"West Palm Beach"|FL|33411||Female|5613732178|"No Response"|1||0|0|0|0||0|Couitt||||||||"SARS-CoV-2 (COVID-19)"|Antigen|97097-0|"SARS-CoV-2 Ag Upper resp Ql IA.rapid"|"Nasopharyngeal swab"|258500001|06/26/2022|Negative|260385009
37|4244|10D2214779||Couitt|"Jon R"||07/14/1948||"2520 Sandy Cay"|"West Palm Beach"|FL|33411||Male|3056066905|"No Response"|1||0|0|0|0||0|Couitt||||||||"SARS-CoV-2 (COVID-19)"|Antigen|97097-0|"SARS-CoV-2 Ag Upper resp Ql IA.rapid"|"Nasopharyngeal swab"|258500001|06/26/2022|Negative|260385009
38|4244|10D2214779||Dixon|Addison||07/16/2009||"3830 Mantle Ridge Drive"|Cumming|FL|30041||Female|4705056165|"No Response"|1||0|0|0|0||0|Dixon||||||||"SARS-CoV-2 (COVID-19)"|Antigen|97097-0|"SARS-CoV-2 Ag Upper resp Ql IA.rapid"|"Nasopharyngeal swab"|258500001|06/26/2022|Negative|260385009
39|4244|10D2214779||Colombana|Debra||02/10/1970||"377 Windflower court"|windsor|FL|95492||Female|6178409223|"No Response"|1||0|0|0|0||0|Colombana||||||||"SARS-CoV-2 (COVID-19)"|Antigen|97097-0|"SARS-CoV-2 Ag Upper resp Ql IA.rapid"|"Nasopharyngeal swab"|258500001|06/26/2022|Negative|260385009
40|4244|10D2214779||Colombana|Gianni||05/19/1964||"377 windflower court"|windsor|FL|95492||Male|6178409223|"No Response"|1||0|0|0|0||0|Colombana||||||||"SARS-CoV-2 (COVID-19)"|Antigen|97097-0|"SARS-CoV-2 Ag Upper resp Ql IA.rapid"|"Nasopharyngeal swab"|258500001|06/26/2022|Negative|260385009
41|4244|10D2214779||Colombana|Sophia||03/16/2004||"377 windflower court"|windsor|FL|95492||Female|6178409223|"No Response"|1||0|0|0|0||0|Colombana||||||||"SARS-CoV-2 (COVID-19)"|Antigen|97097-0|"SARS-CoV-2 Ag Upper resp Ql IA.rapid"|"Nasopharyngeal swab"|258500001|06/26/2022|Negative|260385009
42|4244|10D2214779||Colombana|Giulianna||07/06/2005||"377 windflower court"|windsor|FL|95492||Female|6178409223|"No Response"|1||0|0|0|0||0|Colombana||||||||"SARS-CoV-2 (COVID-19)"|Antigen|97097-0|"SARS-CoV-2 Ag Upper resp Ql IA.rapid"|"Nasopharyngeal swab"|258500001|06/26/2022|Negative|260385009
43|4244|10D2214779||Colombana|Antonio||09/06/2006||"377 windflower court"|windsor|FL|95492||Male|6178409223|"No Response"|1||0|0|0|0||0|Colombana||||||||"SARS-CoV-2 (COVID-19)"|Antigen|97097-0|"SARS-CoV-2 Ag Upper resp Ql IA.rapid"|"Nasopharyngeal swab"|258500001|06/26/2022|Negative|260385009
44|4244|10D2214779||Fabiano|Joseph||11/30/1942||"377 windflower court"|windsor|FL|95492||Male|6178409223|"No Response"|1||0|0|0|0||0|Fabiano||||||||"SARS-CoV-2 (COVID-19)"|Antigen|97097-0|"SARS-CoV-2 Ag Upper resp Ql IA.rapid"|"Nasopharyngeal swab"|258500001|06/26/2022|Negative|260385009
45|4244|10D2214779||Fabiano|Frances||12/19/1974||"377 windflower ciurt"|windsor|FL|95492||Male|6178409223|"No Response"|1||0|0|0|0||0|Fabiano||||||||"SARS-CoV-2 (COVID-19)"|Antigen|97097-0|"SARS-CoV-2 Ag Upper resp Ql IA.rapid"|"Nasopharyngeal swab"|258500001|06/26/2022|Negative|260385009
46|4244|10D2214779||KIM|KIMI||12/28/1980||"1301 Belvedere Rd."|"West Palm Beach"|FL|33405||Female|9999999999|"No Response"|0||0|1|0|0||0|KIM||||||||"SARS-CoV-2 (COVID-19)"|Antigen|97097-0|"SARS-CoV-2 Ag Upper resp Ql IA.rapid"|"Nasopharyngeal swab"|258500001|06/26/2022|Negative|260385009
47|4244|10D2214779||Maharaj|Peter||10/28/1965||"1064 one half Haverhill road north"|"west palm beach"|FL|33417||Male|5617190438|"No Response"|0||0|1|0|0||0|Maharaj||||||||"SARS-CoV-2 (COVID-19)"|Antigen|97097-0|"SARS-CoV-2 Ag Upper resp Ql IA.rapid"|"Nasopharyngeal swab"|258500001|06/26/2022|Negative|260385009
48|4244|10D2214779||Sanborn|Alicia||10/28/2010||"1422 Baythorn dr"|"Wesley Chapel"|FL|33543||Female|9172547336|"No Response"|1||0|0|0|0||0|Sanborn||||||||"SARS-CoV-2 (COVID-19)"|Antigen|97097-0|"SARS-CoV-2 Ag Upper resp Ql IA.rapid"|"Nasopharyngeal swab"|258500001|06/26/2022|Negative|260385009
49|4244|10D2214779||park|jeongho||10/04/1980||"Sonesta ES Suites Fort Lauderdale Plantation, 410 North Pine island road, plantation, FL 33324"|"Fort Lauderdale"|FL|33324||Male|9999999999|"No Response"|0||0|1|0|0||0|park||||||||"SARS-CoV-2 (COVID-19)"|Antigen|97097-0|"SARS-CoV-2 Ag Upper resp Ql IA.rapid"|"Nasopharyngeal swab"|258500001|06/26/2022|Negative|260385009
50|4244|10D2214779||Sanborn|Amanda||10/28/2010||"1422 Baythorn dr"|"Wesley Chapel"|FL|33543||Female|9172547336|"No Response"|1||0|0|0|0||0|Sanborn||||||||"SARS-CoV-2 (COVID-19)"|Antigen|97097-0|"SARS-CoV-2 Ag Upper resp Ql IA.rapid"|"Nasopharyngeal swab"|258500001|06/26/2022|Negative|260385009
51|4244|10D2214779||"De Armas"|Ignacio||11/09/1977||"19113 Fisher Island Drive"|"Miami Beach"|FL|33109||Male|3052992336|"No Response"|0||0|0|0|0||0|"De Armas"||||||||"SARS-CoV-2 (COVID-19)"|PCR|94500-6|"SARS-CoV-2 RNA Resp Ql NAA+probe"|"Nasopharyngeal swab"|258500001|06/26/2022|Positive|10828004
52|4244|10D2214779||Vivas|Pedro||05/27/1943||"1504 SE Royal Green Circle Apt C102"|"Port Saint Lucie"|FL|34952||Male|3058502950|"No Response"|0||0|0|0|0||0|Vivas||||||||"SARS-CoV-2 (COVID-19)"|PCR|94500-6|"SARS-CoV-2 RNA Resp Ql NAA+probe"|"Nasopharyngeal swab"|258500001|06/26/2022|Negative|260385009
53|4244|10D2214779||Pires|Bianca||11/13/2008||"2140 SW 36 Ave"|"Fort Lauderdale"|FL|33312||Female|9542100951|"No Response"|1||0|0|0|0||0|Pires||||||||"SARS-CoV-2 (COVID-19)"|Antigen|97097-0|"SARS-CoV-2 Ag Upper resp Ql IA.rapid"|"Nasopharyngeal swab"|258500001|06/26/2022|Negative|260385009
54|4244|10D2214779||Pandiloska|Yana||01/12/2011||"3332 Robert Trent Jones Dr. Apt 310"|Orlando|FL|32835||Female|4075610086|"No Response"|1||0|0|0|0||0|Pandiloska||||||||"SARS-CoV-2 (COVID-19)"|PCR|94500-6|"SARS-CoV-2 RNA Resp Ql NAA+probe"|"Nasopharyngeal swab"|258500001|06/26/2022|Negative|260385009
55|4244|10D2214779||Meyers|Christine||08/10/1978||"12620 Rye St."|"Studio City"|FL|91604||Female|6463255539|"No Response"|1||0|0|0|0||0|Meyers||||||||"SARS-CoV-2 (COVID-19)"|PCR|94500-6|"SARS-CoV-2 RNA Resp Ql NAA+probe"|"Nasopharyngeal swab"|258500001|06/26/2022|Negative|260385009
56|4244|10D2214779||Raby|Madison||01/01/1970||"2 Forest Lane"|Norton|FL|02766||Female|5089714679|"No Response"|1||0|0|0|0||0|Raby||||||||"SARS-CoV-2 (COVID-19)"|Antigen|97097-0|"SARS-CoV-2 Ag Upper resp Ql IA.rapid"|"Nasopharyngeal swab"|258500001|06/26/2022|Negative|260385009
57|4244|10D2214779||Domingo|Jonathan||06/26/1985||"9746 Logrondo St."|"Las Vegas"|FL|89178||Male|7023063251|"No Response"|0||0|1|0|0||0|Domingo||||||||"SARS-CoV-2 (COVID-19)"|PCR|94500-6|"SARS-CoV-2 RNA Resp Ql NAA+probe"|"Nasopharyngeal swab"|258500001|06/26/2022|Negative|260385009
58|4244|10D2214779||Chanoch|Benjamin||11/19/1957||"21 NE 50 Terrace"|Miami|FL|33137||Male|3056326404|"No Response"|1||0|0|0|0||0|Chanoch||||||||"SARS-CoV-2 (COVID-19)"|PCR|94500-6|"SARS-CoV-2 RNA Resp Ql NAA+probe"|"Nasopharyngeal swab"|258500001|06/26/2022|Positive|10828004
59|4244|10D2214779||Landaeta|Lianny||05/28/1992||"14800 Peachtree cove lane apto 104"|"Winter Garden"|FL|34787||Female|4079129673|"No Response"|0||0|0|0|0||0|Landaeta||||||||"SARS-CoV-2 (COVID-19)"|Antigen|97097-0|"SARS-CoV-2 Ag Upper resp Ql IA.rapid"|"Nasopharyngeal swab"|258500001|06/26/2022|Negative|260385009
60|4244|10D2214779||Newquist|Jason||12/18/1971||"558 Lakeworth Circle"|"Lake Mary"|FL|32746||Male|4073717634|"No Response"|1||0|0|0|0||0|Newquist||||||||"SARS-CoV-2 (COVID-19)"|Antigen|97097-0|"SARS-CoV-2 Ag Upper resp Ql IA.rapid"|"Nasopharyngeal swab"|258500001|06/26/2022|Negative|260385009
61|4244|10D2214779||Alexis|Adrian||10/13/1982||"343 flyrod circle"|Orlando|FL|32825||Male|4079692188|"No Response"|0||0|0|0|0||0|Alexis||||||||"SARS-CoV-2 (COVID-19)"|Antigen|97097-0|"SARS-CoV-2 Ag Upper resp Ql IA.rapid"|"Nasopharyngeal swab"|258500001|06/26/2022|Negative|260385009
62|4244|10D2214779||Assour|Isaac||10/31/1958||Unknown|Unknown|FL|99999||Male|2156883259|"No Response"|0||0|0|0|0||1|Assour||||||||"SARS-CoV-2 (COVID-19)"|Antigen|97097-0|"SARS-CoV-2 Ag Upper resp Ql IA.rapid"|"Nasopharyngeal swab"|258500001|06/26/2022|Negative|260385009
63|4244|10D2214779||Carpio|Ace||04/12/2012||"32818 7th Ave SW"|"Federal Way"|FL|98023||Male|2063841017|"No Response"|0||0|0|0|1||0|Carpio||||||||"SARS-CoV-2 (COVID-19)"|PCR|94500-6|"SARS-CoV-2 RNA Resp Ql NAA+probe"|"Nasopharyngeal swab"|258500001|06/26/2022|Negative|260385009
64|4244|10D2214779||Carpio|Axel||07/30/2013||"32818 7th Ave SW"|"Federal Way"|FL|98023||Male|2063841017|"No Response"|0||0|0|0|1||0|Carpio||||||||"SARS-CoV-2 (COVID-19)"|PCR|94500-6|"SARS-CoV-2 RNA Resp Ql NAA+probe"|"Nasopharyngeal swab"|258500001|06/26/2022|Negative|260385009
65|4244|10D2214779||"De Armas"|Ignacio||11/09/1977||"19113 Fisher Island Drive"|"Miami Beach"|FL|33109||Male|3052992336|"No Response"|0||0|0|0|0||0|"De Armas"||||||||"SARS-CoV-2 (COVID-19)"|PCR|94500-6|"SARS-CoV-2 RNA Resp Ql NAA+probe"|"Nasopharyngeal swab"|258500001|06/27/2022|Positive|10828004
