RecordID|FacilityID|CLIAID|PatientID|LastName|FirstName|MiddleName|DOB|SSN|StreetAddress|City|State|Zip|County|Gender|PhoneNumber|Ethnicity|RaceWhite|RaceBlack|RaceAmericanIndianAlaskanNative|RaceAsian|RaceNativeHawaiianOrOtherPacificIslander|RaceOther|RaceUnknown|RaceNoResponse|ProviderName|NPI|Pregnant|SchoolAssociation|SchoolName|MeetILIDefinition|PerformingLab|AccessionNumber|Pathogen|TestType|LOINC|LOINCShortName|SpecimenCollectionType|SpecimenSNOMED|SpecimenCollectedDate|Result|ResultSNOMED
1|4244|10D2214779||Brodeur|Richard||11/24/1972||Unknown|Unknown|FL|33315||Male|12047827602|"No Response"|1||0|0|0|0||0|Brodeur||||||||"SARS-CoV-2 (COVID-19)"|Antigen|97097-0|"SARS-CoV-2 Ag Upper resp Ql IA.rapid"|"Nasopharyngeal swab"|258500001|09/23/2021|Negative|260385009
2|4244|10D2214779||Brodeur|Julie||05/09/1975||"609 SW 5th Pl"|"Fort Lauderdale"|FL|33315||Female|2047996048|"No Response"|1||0|0|0|0||0|Brodeur||||||||"SARS-CoV-2 (COVID-19)"|Antigen|97097-0|"SARS-CoV-2 Ag Upper resp Ql IA.rapid"|"Nasopharyngeal swab"|258500001|11/15/2021|Negative|260385009
3|4244|10D2214779||Brodeur|Richard||11/24/1972||"609SW 5thPl"|FortLauderdale|FL|33315||Male|12047827602|"No Response"|1||0|0|0|0||0|Brodeur||||||||"SARS-CoV-2 (COVID-19)"|Antigen|97097-0|"SARS-CoV-2 Ag Upper resp Ql IA.rapid"|"Nasopharyngeal swab"|258500001|11/16/2021|Negative|260385009
4|4244|10D2214779||Ross|George||12/28/1975||"120 E 34th St"|"New York"|FL|10016||Male|2017935833|"No Response"|1||0|0|0|0||0|Ross||||||||"SARS-CoV-2 (COVID-19)"|Antigen|97097-0|"SARS-CoV-2 Ag Upper resp Ql IA.rapid"|"Nasopharyngeal swab"|258500001|12/18/2021|Negative|260385009
5|4244|10D2214779||McCosh|Denise||04/07/1962||"11924 Forest Hill Blvd. Ste 10A-154"|Wellington|FL|33414||Female|8032159129|"No Response"|1||0|0|0|0||0|McCosh||||||||"SARS-CoV-2 (COVID-19)"|PCR|94500-6|"SARS-CoV-2 RNA Resp Ql NAA+probe"|"Nasopharyngeal swab"|258500001|12/23/2021|Negative|260385009
6|4244|10D2214779||Sawh|Sean||07/05/1977||"1074 Faulkner Terrace"|"Palm Beach Gardens"|FL|33418||Male|2123027373|"No Response"|0||0|0|0|1||0|Sawh||||||||"SARS-CoV-2 (COVID-19)"|PCR|94500-6|"SARS-CoV-2 RNA Resp Ql NAA+probe"|"Nasopharyngeal swab"|258500001|03/16/2022|Negative|260385009
7|4244|10D2214779||Sawh|Francy||01/15/1976||"1074 Faulkner Terrace"|"Palm Beach Gardens"|FL|33418||Female|2123901115|"No Response"|0||0|0|0|0||0|Sawh||||||||"SARS-CoV-2 (COVID-19)"|PCR|94500-6|"SARS-CoV-2 RNA Resp Ql NAA+probe"|"Nasopharyngeal swab"|258500001|03/16/2022|Negative|260385009
8|4244|10D2214779||Sawh|Samuel||07/21/2014||"1074 Faulkner Terrace"|"Palm Beach Gardens"|FL|33418||Male|2124989995|"No Response"|0||0|0|0|1||0|Sawh||||||||"SARS-CoV-2 (COVID-19)"|PCR|94500-6|"SARS-CoV-2 RNA Resp Ql NAA+probe"|"Nasopharyngeal swab"|258500001|03/16/2022|Negative|260385009
9|4244|10D2214779||Sawh|Nicolas||09/30/2018||"1074 Faulkner Terrace"|"Palm Beach Gardens"|FL|33418||Male|2127677373|"No Response"|0||0|0|0|1||0|Sawh||||||||"SARS-CoV-2 (COVID-19)"|PCR|94500-6|"SARS-CoV-2 RNA Resp Ql NAA+probe"|"Nasopharyngeal swab"|258500001|03/16/2022|Negative|260385009
10|4244|10D2214779||Cochrane|Kathryn||10/07/1950||"110 W Cypress Rd"|"Lake Worth"|FL|33467||Female|5619061606|"No Response"|1||0|0|0|0||0|Cochrane||||||||"SARS-CoV-2 (COVID-19)"|PCR|94500-6|"SARS-CoV-2 RNA Resp Ql NAA+probe"|"Nasopharyngeal swab"|258500001|04/07/2022|Negative|260385009
11|4244|10D2214779||Cochrane|Kathryn||10/07/1950||"110 W Cypress Rd"|"Lake Worth"|FL|33467||Female|5619061606|"No Response"|1||0|0|0|0||0|Cochrane||||||||"SARS-CoV-2 (COVID-19)"|PCR|94500-6|"SARS-CoV-2 RNA Resp Ql NAA+probe"|"Nasopharyngeal swab"|258500001|04/15/2022|Negative|260385009
12|4244|10D2214779||Cochrane|Kathryn||10/07/1950||"110 W Cypress Rd"|"Lake Worth"|FL|33467||Female|5619061606|"No Response"|1||0|0|0|0||0|Cochrane||||||||"SARS-CoV-2 (COVID-19)"|PCR|94500-6|"SARS-CoV-2 RNA Resp Ql NAA+probe"|"Nasopharyngeal swab"|258500001|04/23/2022|Negative|260385009
13|4244|10D2214779||Cochrane|Kathryn||10/07/1950||"110 W Cypress Rd"|"LAKE WORTH"|FL|33467||Female|5619061606|"No Response"|0||0|0|0|0||1|Cochrane||||||||"SARS-CoV-2 (COVID-19)"|PCR|94500-6|"SARS-CoV-2 RNA Resp Ql NAA+probe"|"Nasopharyngeal swab"|258500001|04/30/2022|Negative|260385009
14|4244|10D2214779||Cochrane|Kathryn||10/07/1950||"110 W Cypress Rd"|"Lake Worth"|FL|33467||Female|5619061606|"No Response"|1||0|0|0|0||0|Cochrane||||||||"SARS-CoV-2 (COVID-19)"|PCR|94500-6|"SARS-CoV-2 RNA Resp Ql NAA+probe"|"Nasopharyngeal swab"|258500001|05/28/2022|Negative|260385009
15|4244|10D2214779||Steckler|Katherine||04/30/1960||"225 Lantana Breeze Drive"|"Las Vegas"|FL|89183||Female|7027471630|"No Response"|1||0|0|0|0||0|Steckler||||||||"SARS-CoV-2 (COVID-19)"|PCR|94500-6|"SARS-CoV-2 RNA Resp Ql NAA+probe"|"Nasopharyngeal swab"|258500001|06/17/2022|Negative|260385009
16|4244|10D2214779||Ethan|Abbas||08/02/2013||"225 Lantana Breeze Drive"|"Las Vegas"|FL|89183||Male|7027471630|"No Response"|1||0|0|0|0||0|Ethan||||||||"SARS-CoV-2 (COVID-19)"|PCR|94500-6|"SARS-CoV-2 RNA Resp Ql NAA+probe"|"Nasopharyngeal swab"|258500001|06/17/2022|Negative|260385009
17|4244|10D2214779||Fechney|"Christopher Angus"||01/19/1968||"10005 La Cienega St"|"Las Vegas"|FL|89183||Male|9999999999|"No Response"|1||0|0|0|0||0|Fechney||||||||"SARS-CoV-2 (COVID-19)"|PCR|94500-6|"SARS-CoV-2 RNA Resp Ql NAA+probe"|"Nasopharyngeal swab"|258500001|06/17/2022|Negative|260385009
18|4244|10D2214779||GARCET|"MELISSA CHRISTINA"||10/20/2004||"8305 BOB O LINK DR"|"WEST PALM BEACH"|FL|33412||Female|7865019053|"No Response"|0||0|0|0|0||0|GARCET||||||||"SARS-CoV-2 (COVID-19)"|Antigen|97097-0|"SARS-CoV-2 Ag Upper resp Ql IA.rapid"|"Nasopharyngeal swab"|258500001|06/17/2022|Negative|260385009
19|4244|10D2214779||Morris|Jill||06/09/1960||"841 Maybole Ave"|Henderson|FL|89012||Female|7022600497|"No Response"|1||0|0|0|0||0|Morris||||||||"SARS-CoV-2 (COVID-19)"|Antigen|97097-0|"SARS-CoV-2 Ag Upper resp Ql IA.rapid"|"Nasopharyngeal swab"|258500001|06/18/2022|Negative|260385009
20|4244|10D2214779||cootes|gary||09/17/1962||"1970 Alcova Ridge Dr"|"las vegas"|FL|89135||Male|3103451807|"No Response"|1||0|0|0|0||0|cootes||||||||"SARS-CoV-2 (COVID-19)"|Antigen|97097-0|"SARS-CoV-2 Ag Upper resp Ql IA.rapid"|"Nasopharyngeal swab"|258500001|06/18/2022|Negative|260385009
21|4244|10D2214779||Sawh|Sean||07/05/1977||"1074 Faulkner Terrace"|"Palm Beach Gardens"|FL|33418||Male|2123027373|"No Response"|0||0|0|0|1||0|Sawh||||||||"SARS-CoV-2 (COVID-19)"|PCR|94500-6|"SARS-CoV-2 RNA Resp Ql NAA+probe"|"Nasopharyngeal swab"|258500001|06/18/2022|Negative|260385009
22|4244|10D2214779||Sawh|Francy||01/15/1976||"1074 Faulkner Terrace"|"Palm Beach Gardens"|FL|33418||Female|2123901115|"No Response"|0||0|0|0|0||0|Sawh||||||||"SARS-CoV-2 (COVID-19)"|PCR|94500-6|"SARS-CoV-2 RNA Resp Ql NAA+probe"|"Nasopharyngeal swab"|258500001|06/18/2022|Negative|260385009
23|4244|10D2214779||Sawh|Samuel||07/21/2014||"1074 Faulkner Terrace"|"Palm Beach Gardens"|FL|33418||Male|2124989995|"No Response"|0||0|0|0|1||0|Sawh||||||||"SARS-CoV-2 (COVID-19)"|PCR|94500-6|"SARS-CoV-2 RNA Resp Ql NAA+probe"|"Nasopharyngeal swab"|258500001|06/18/2022|Negative|260385009
24|4244|10D2214779||Sawh|Nicolas||09/30/2018||"1074 Faulkner Terrace"|"Palm Beach Gardens"|FL|33418||Male|2127677373|"No Response"|0||0|0|0|1||0|Sawh||||||||"SARS-CoV-2 (COVID-19)"|PCR|94500-6|"SARS-CoV-2 RNA Resp Ql NAA+probe"|"Nasopharyngeal swab"|258500001|06/18/2022|Negative|260385009
25|4244|10D2214779||Ross|Linda||06/12/1960||"Ocean Five hotel"|Miami|FL|33139||Female|9999999999|"No Response"|1||0|0|0|0||0|Ross||||||||"SARS-CoV-2 (COVID-19)"|Antigen|97097-0|"SARS-CoV-2 Ag Upper resp Ql IA.rapid"|"Nasopharyngeal swab"|258500001|06/18/2022|Negative|260385009
26|4244|10D2214779||Ross|Elizabeth||12/05/1996||"Ocean Five Hotel"|Miami|FL|33139||Female|9999999999|"No Response"|1||0|0|0|0||0|Ross||||||||"SARS-CoV-2 (COVID-19)"|Antigen|97097-0|"SARS-CoV-2 Ag Upper resp Ql IA.rapid"|"Nasopharyngeal swab"|258500001|06/18/2022|Negative|260385009
27|4244|10D2214779||Ross|Catherine||12/05/1996||"Ocean Five Hotel"|Miami|FL|33139||Female|9999999999|"No Response"|1||0|0|0|0||0|Ross||||||||"SARS-CoV-2 (COVID-19)"|Antigen|97097-0|"SARS-CoV-2 Ag Upper resp Ql IA.rapid"|"Nasopharyngeal swab"|258500001|06/18/2022|Negative|260385009
28|4244|10D2214779||mackenzie|Lauren||06/26/1997||"Ocean view hotel"|Miami|FL|33139||Female|9999999999|"No Response"|1||0|0|0|0||0|mackenzie||||||||"SARS-CoV-2 (COVID-19)"|Antigen|97097-0|"SARS-CoV-2 Ag Upper resp Ql IA.rapid"|"Nasopharyngeal swab"|258500001|06/18/2022|Negative|260385009
29|4244|10D2214779||Jang|Andy||05/13/1969||"6062 Crown Palms Ave"|"Las Vegas"|FL|89139||Male|6173837088|"No Response"|0||0|1|0|0||0|Jang||||||||"SARS-CoV-2 (COVID-19)"|Antigen|97097-0|"SARS-CoV-2 Ag Upper resp Ql IA.rapid"|"Nasopharyngeal swab"|258500001|06/18/2022|Negative|260385009
30|4244|10D2214779||Tobey|Michael||02/11/1956||"1592 Juno Isles Blvd"|"North Palm Beach"|FL|33408||Male|5612121014|"No Response"|1||0|0|0|0||0|Tobey||||||||"SARS-CoV-2 (COVID-19)"|PCR|94500-6|"SARS-CoV-2 RNA Resp Ql NAA+probe"|"Nasopharyngeal swab"|258500001|06/18/2022|Negative|260385009
31|4244|10D2214779||Maharaj|Tammy||04/29/1960||Unknown|Unknown|FL|99999||Female|7863962445|"No Response"|0||0|0|0|0||1|Maharaj||||||||"SARS-CoV-2 (COVID-19)"|Antigen|97097-0|"SARS-CoV-2 Ag Upper resp Ql IA.rapid"|"Nasopharyngeal swab"|258500001|06/18/2022|Negative|260385009
32|4244|10D2214779||Maharaj|Vijay||01/20/1955||Unknown|Unknown|FL|99999||Male|7863962445|"No Response"|0||0|0|0|0||1|Maharaj||||||||"SARS-CoV-2 (COVID-19)"|Antigen|97097-0|"SARS-CoV-2 Ag Upper resp Ql IA.rapid"|"Nasopharyngeal swab"|258500001|06/18/2022|Negative|260385009
33|4244|10D2214779||Park|Aidan||12/04/2004||"129 SE Hancock St"|Stuart|FL|34994||Male|7722542312|"No Response"|0||0|1|0|0||0|Park||||||||"SARS-CoV-2 (COVID-19)"|PCR|94500-6|"SARS-CoV-2 RNA Resp Ql NAA+probe"|"Nasopharyngeal swab"|258500001|06/18/2022|Negative|260385009
34|4244|10D2214779||McCosh|Brian||01/08/1950||"991 Marina Del Ray Lane, Unit 2"|"West Palm Beach"|FL|33401||Male|5612024475|"No Response"|1||0|0|0|0||0|McCosh||||||||"SARS-CoV-2 (COVID-19)"|PCR|94500-6|"SARS-CoV-2 RNA Resp Ql NAA+probe"|"Nasopharyngeal swab"|258500001|06/18/2022|Negative|260385009
35|4244|10D2214779||McCosh|Denise||04/07/1962||"991 Marina Del Ray Lane, Unit 2"|"West Palm Beach"|FL|33401||Female|8032159129|"No Response"|1||0|0|0|0||0|McCosh||||||||"SARS-CoV-2 (COVID-19)"|PCR|94500-6|"SARS-CoV-2 RNA Resp Ql NAA+probe"|"Nasopharyngeal swab"|258500001|06/18/2022|Negative|260385009
36|4244|10D2214779||Cole|Victoria||05/24/1973||"605 SW 5th Pl"|"Fort lauderdale"|FL|33315||Female|2049811216|"No Response"|1||0|0|0|0||0|Cole||||||||"SARS-CoV-2 (COVID-19)"|Antigen|97097-0|"SARS-CoV-2 Ag Upper resp Ql IA.rapid"|"Nasopharyngeal swab"|258500001|06/18/2022|Negative|260385009
37|4244|10D2214779||Peters|Darren||12/23/1971||"605 SW 5th PL"|"Fort Lauderdale"|FL|33315||Male|2046127349|"No Response"|1||0|0|0|0||0|Peters||||||||"SARS-CoV-2 (COVID-19)"|Antigen|97097-0|"SARS-CoV-2 Ag Upper resp Ql IA.rapid"|"Nasopharyngeal swab"|258500001|06/18/2022|Negative|260385009
38|4244|10D2214779||Brodeur|Richard||11/24/1972||"609 SW 5th Place"|"Fort Lauderdale"|FL|33315||Male|12047827602|"No Response"|1||0|0|0|0||0|Brodeur||||||||"SARS-CoV-2 (COVID-19)"|Antigen|97097-0|"SARS-CoV-2 Ag Upper resp Ql IA.rapid"|"Nasopharyngeal swab"|258500001|06/18/2022|Negative|260385009
39|4244|10D2214779||Brodeur|Julie||05/09/1975||"605 Sw 5th Place"|"Fort Lauderdale"|FL|33315||Female|2047996048|"No Response"|1||0|0|0|0||0|Brodeur||||||||"SARS-CoV-2 (COVID-19)"|Antigen|97097-0|"SARS-CoV-2 Ag Upper resp Ql IA.rapid"|"Nasopharyngeal swab"|258500001|06/18/2022|Negative|260385009
40|4244|10D2214779||Dorvilus|Vilony||04/05/1979||"801 9th st"|"Lake park"|FL|33403||Male|5616187571|"No Response"|0||0|0|0|0||0|Dorvilus||||||||"SARS-CoV-2 (COVID-19)"|Antigen|97097-0|"SARS-CoV-2 Ag Upper resp Ql IA.rapid"|"Nasopharyngeal swab"|258500001|06/18/2022|Negative|260385009
41|4244|10D2214779||Cochrane|Kathryn||10/07/1950||"110 W Cypress Rd"|"Lake Worth"|FL|33467||Female|5619061606|"No Response"|1||0|0|0|0||0|Cochrane||||||||"SARS-CoV-2 (COVID-19)"|PCR|94500-6|"SARS-CoV-2 RNA Resp Ql NAA+probe"|"Nasopharyngeal swab"|258500001|06/18/2022|Negative|260385009
42|4244|10D2214779||Guadamuz|Socorro||06/04/1962||Unknown|Unknown|FL|99999||Female|9177342141|"No Response"|0||0|0|0|0||0|Guadamuz||||||||"SARS-CoV-2 (COVID-19)"|PCR|94500-6|"SARS-CoV-2 RNA Resp Ql NAA+probe"|"Nasopharyngeal swab"|258500001|06/18/2022|Negative|260385009
43|4244|10D2214779||Quaye|Flora||03/10/1970||"701 S Olive Ave #1007"|"West palm beach fl"|FL|33401||Female|5715944957|"No Response"|0||0|0|0|0||0|Quaye||||||||"SARS-CoV-2 (COVID-19)"|PCR|94500-6|"SARS-CoV-2 RNA Resp Ql NAA+probe"|"Nasopharyngeal swab"|258500001|06/18/2022|Negative|260385009
44|4244|10D2214779||Tse|"Wing Yu"||10/27/1984||Unknown|Unknown|FL|99999||Female|9999999999|"No Response"|0||0|0|0|1||0|Tse||||||||"SARS-CoV-2 (COVID-19)"|PCR|94500-6|"SARS-CoV-2 RNA Resp Ql NAA+probe"|"Nasopharyngeal swab"|258500001|06/18/2022|Positive|10828004
45|4244|10D2214779||Tse|"Wing Shan"||05/26/1986||Unknown|Unknown|FL|99999||Female|85290197987|"No Response"|0||0|0|0|1||0|Tse||||||||"SARS-CoV-2 (COVID-19)"|PCR|94500-6|"SARS-CoV-2 RNA Resp Ql NAA+probe"|"Nasopharyngeal swab"|258500001|06/18/2022|Negative|260385009
46|4244|10D2214779||Wan|"Kam Tong"||03/06/1983||Unknown|Unknown|FL|99999||Male|85290197987|"No Response"|0||0|0|0|0||1|Wan||||||||"SARS-CoV-2 (COVID-19)"|PCR|94500-6|"SARS-CoV-2 RNA Resp Ql NAA+probe"|"Nasopharyngeal swab"|258500001|06/18/2022|Positive|10828004
47|4244|10D2214779||"Dutra Dias"|Pauliany||10/31/1986||Unknown|Unknown|FL|99999||Female|9999999999|"No Response"|0||0|0|0|0||1|"Dutra Dias"||||||||"SARS-CoV-2 (COVID-19)"|Antigen|97097-0|"SARS-CoV-2 Ag Upper resp Ql IA.rapid"|"Nasopharyngeal swab"|258500001|06/18/2022|Negative|260385009
48|4244|10D2214779||Bracho|Jorge||12/11/1981||"23423 botkins rd"|Hockley|FL|77447||Male|8327683660|"No Response"|0||0|0|0|0||0|Bracho||||||||"SARS-CoV-2 (COVID-19)"|Antigen|97097-0|"SARS-CoV-2 Ag Upper resp Ql IA.rapid"|"Nasopharyngeal swab"|258500001|06/18/2022|Negative|260385009
49|4244|10D2214779||Gibbon|Nicolas||01/03/2008||"23423 botkins rd"|Hockley|FL|77447||Male|8329511727|"No Response"|1||0|0|0|0||0|Gibbon||||||||"SARS-CoV-2 (COVID-19)"|Antigen|97097-0|"SARS-CoV-2 Ag Upper resp Ql IA.rapid"|"Nasopharyngeal swab"|258500001|06/18/2022|Negative|260385009
50|4244|10D2214779||Gibbon|Naida||04/23/1974||"22211 merabrook dr"|katy|FL|99999||Female|8325269149|"No Response"|0||0|0|0|0||0|Gibbon||||||||"SARS-CoV-2 (COVID-19)"|Antigen|97097-0|"SARS-CoV-2 Ag Upper resp Ql IA.rapid"|"Nasopharyngeal swab"|258500001|06/18/2022|Negative|260385009
