RecordID|FacilityID|CLIAID|PatientID|LastName|FirstName|MiddleName|DOB|SSN|StreetAddress|City|State|Zip|County|Gender|PhoneNumber|Ethnicity|RaceWhite|RaceBlack|RaceAmericanIndianAlaskanNative|RaceAsian|RaceNativeHawaiianOrOtherPacificIslander|RaceOther|RaceUnknown|RaceNoResponse|ProviderName|NPI|Pregnant|SchoolAssociation|SchoolName|MeetILIDefinition|PerformingLab|AccessionNumber|Pathogen|TestType|LOINC|LOINCShortName|SpecimenCollectionType|SpecimenSNOMED|SpecimenCollectedDate|Result|ResultSNOMED
1|4244|10D2214779||Schamback|Lindsay||04/08/1984||"8 bamboo Lane"|Jupiter|FL|33458||Female|5616762422|"No Response"|1||0|0|0|0||0|Schamback||||||||"SARS-CoV-2 (COVID-19)"|Antigen|97097-0|"SARS-CoV-2 Ag Upper resp Ql IA.rapid"|"Nasopharyngeal swab"|258500001|08/09/2021|Negative|260385009
2|4244|10D2214779||Schamback|Lindsay||04/08/1984||"8 bamboo Lane"|Jupiter|FL|33458||Female|5616762422|"No Response"|1||0|0|0|0||0|Schamback||||||||"SARS-CoV-2 (COVID-19)"|Antigen|97097-0|"SARS-CoV-2 Ag Upper resp Ql IA.rapid"|"Nasopharyngeal swab"|258500001|08/09/2021|Negative|260385009
3|4244|10D2214779||Atash|Metis||01/01/1979||"9015 NE 10th Avenue"|Miami|FL|33138||Female|9999999999|"No Response"|1||0|0|0|0||0|Atash||||||||"SARS-CoV-2 (COVID-19)"|Antigen|97097-0|"SARS-CoV-2 Ag Upper resp Ql IA.rapid"|"Nasopharyngeal swab"|258500001|08/26/2021|Negative|260385009
4|4244|10D2214779||Schamback|Aaron||06/27/1974||Unknown|Unknown|FL|33458||Male|5616762422|"No Response"|1||0|0|0|0||0|Schamback||||||||"SARS-CoV-2 (COVID-19)"|Antigen|97097-0|"SARS-CoV-2 Ag Upper resp Ql IA.rapid"|"Nasopharyngeal swab"|258500001|08/30/2021|Negative|260385009
5|4244|10D2214779||Schamback|Lindsay||04/08/1984||Unknown|Unknown|FL|33458||Female|5616762422|"No Response"|1||0|0|0|0||0|Schamback||||||||"SARS-CoV-2 (COVID-19)"|Antigen|97097-0|"SARS-CoV-2 Ag Upper resp Ql IA.rapid"|"Nasopharyngeal swab"|258500001|08/30/2021|Negative|260385009
6|4244|10D2214779||Schamback|Lindsay||04/08/1984||Unknown|Unknown|FL|33458||Female|5616762422|"No Response"|1||0|0|0|0||0|Schamback||||||||"SARS-CoV-2 (COVID-19)"|Antigen|97097-0|"SARS-CoV-2 Ag Upper resp Ql IA.rapid"|"Nasopharyngeal swab"|258500001|08/30/2021|Negative|260385009
7|4244|10D2214779||Schamback|Dylan||08/13/2011||Unknown|Unknown|FL|33458||Male|5616762422|"No Response"|1||0|0|0|0||0|Schamback||||||||"SARS-CoV-2 (COVID-19)"|Antigen|97097-0|"SARS-CoV-2 Ag Upper resp Ql IA.rapid"|"Nasopharyngeal swab"|258500001|08/30/2021|Negative|260385009
8|4244|10D2214779||Schamback|Preston||05/20/2013||Unknown|Unknown|FL|33458||Male|5616762422|"No Response"|1||0|0|0|0||0|Schamback||||||||"SARS-CoV-2 (COVID-19)"|Antigen|97097-0|"SARS-CoV-2 Ag Upper resp Ql IA.rapid"|"Nasopharyngeal swab"|258500001|08/30/2021|Negative|260385009
9|4244|10D2214779||Schamback|Brandon||10/15/2015||Unknown|Unknown|FL|33458||Male|5616762422|"No Response"|1||0|0|0|0||0|Schamback||||||||"SARS-CoV-2 (COVID-19)"|Antigen|97097-0|"SARS-CoV-2 Ag Upper resp Ql IA.rapid"|"Nasopharyngeal swab"|258500001|08/30/2021|Negative|260385009
10|4244|10D2214779||Atash|Metis||01/01/1979||"9015 NE 10th Avenue"|Miami|FL|33138||Female|9999999999|"No Response"|1||0|0|0|0||0|Atash||||||||"SARS-CoV-2 (COVID-19)"|Antigen|97097-0|"SARS-CoV-2 Ag Upper resp Ql IA.rapid"|"Nasopharyngeal swab"|258500001|09/30/2021|Negative|260385009
11|4244|10D2214779||Schamback|Dylan||08/13/2011||Unknown|Unknown|FL|33458||Male|5616762422|"No Response"|1||0|0|0|0||0|Schamback||||||||"SARS-CoV-2 (COVID-19)"|Antigen|97097-0|"SARS-CoV-2 Ag Upper resp Ql IA.rapid"|"Nasopharyngeal swab"|258500001|10/14/2021|Negative|260385009
12|4244|10D2214779||Schamback|Brandon||10/15/2015||Unknown|Unknown|FL|33458||Male|5616762422|"No Response"|1||0|0|0|0||0|Schamback||||||||"SARS-CoV-2 (COVID-19)"|Antigen|97097-0|"SARS-CoV-2 Ag Upper resp Ql IA.rapid"|"Nasopharyngeal swab"|258500001|10/14/2021|Negative|260385009
13|4244|10D2214779||Schamback|Lindsay||04/08/1984||Unknown|Unknown|FL|33458||Female|5616762422|"No Response"|1||0|0|0|0||0|Schamback||||||||"SARS-CoV-2 (COVID-19)"|Antigen|97097-0|"SARS-CoV-2 Ag Upper resp Ql IA.rapid"|"Nasopharyngeal swab"|258500001|10/14/2021|Negative|260385009
14|4244|10D2214779||Schamback|Lindsay||04/08/1984||Unknown|Unknown|FL|33458||Female|5616762422|"No Response"|1||0|0|0|0||0|Schamback||||||||"SARS-CoV-2 (COVID-19)"|Antigen|97097-0|"SARS-CoV-2 Ag Upper resp Ql IA.rapid"|"Nasopharyngeal swab"|258500001|10/14/2021|Negative|260385009
15|4244|10D2214779||Atash|Metis||01/01/1979||Unknown|Unknown|FL|99999|||9999999999|"No Response"|0||0|0|0|0||1|Atash||||||||"SARS-CoV-2 (COVID-19)"|Antigen|97097-0|"SARS-CoV-2 Ag Upper resp Ql IA.rapid"|"Nasopharyngeal swab"|258500001|11/07/2021|Negative|260385009
16|4244|10D2214779||Atash|Metis||01/01/1979||"9015 NE 10th Avenue"|Miami|FL|33138||Female|9999999999|"No Response"|1||0|0|0|0||0|Atash||||||||"SARS-CoV-2 (COVID-19)"|Antigen|97097-0|"SARS-CoV-2 Ag Upper resp Ql IA.rapid"|"Nasopharyngeal swab"|258500001|12/10/2021|Negative|260385009
17|4244|10D2214779||Schamback|Preston||05/20/2013||Unknown|Unknown|FL|99999||Male|5616762422|"No Response"|1||0|0|0|0||0|Schamback||||||||"SARS-CoV-2 (COVID-19)"|Antigen|97097-0|"SARS-CoV-2 Ag Upper resp Ql IA.rapid"|"Nasopharyngeal swab"|258500001|01/06/2022|Negative|260385009
18|4244|10D2214779||Schamback|Brandon||10/15/2015||Unknown|Unknown|FL|99999||Male|5616762422|"No Response"|1||0|0|0|0||0|Schamback||||||||"SARS-CoV-2 (COVID-19)"|Antigen|97097-0|"SARS-CoV-2 Ag Upper resp Ql IA.rapid"|"Nasopharyngeal swab"|258500001|01/07/2022|Negative|260385009
19|4244|10D2214779||Schamback|Lindsay||04/08/1984||Unknown|Unknown|FL|99999||Female|5616762422|"No Response"|1||0|0|0|0||0|Schamback||||||||"SARS-CoV-2 (COVID-19)"|Antigen|97097-0|"SARS-CoV-2 Ag Upper resp Ql IA.rapid"|"Nasopharyngeal swab"|258500001|01/11/2022|Negative|260385009
20|4244|10D2214779||Schamback|Lindsay||04/08/1984||Unknown|Unknown|FL|99999||Female|5616762422|"No Response"|1||0|0|0|0||0|Schamback||||||||"SARS-CoV-2 (COVID-19)"|Antigen|97097-0|"SARS-CoV-2 Ag Upper resp Ql IA.rapid"|"Nasopharyngeal swab"|258500001|01/11/2022|Negative|260385009
21|4244|10D2214779||Schamback|Aaron||06/27/1974||Unknown|Unknown|FL|99999||Male|5616762422|"No Response"|1||0|0|0|0||0|Schamback||||||||"SARS-CoV-2 (COVID-19)"|Antigen|97097-0|"SARS-CoV-2 Ag Upper resp Ql IA.rapid"|"Nasopharyngeal swab"|258500001|01/11/2022|Negative|260385009
22|4244|10D2214779||Parker|Donald||06/04/1965||"203 Nandina Terrace"|"Winter Springs"|FL|32708||Male|3212584242|"No Response"|1||0|0|0|0||0|Parker||||||||"SARS-CoV-2 (COVID-19)"|Antigen|97097-0|"SARS-CoV-2 Ag Upper resp Ql IA.rapid"|"Nasopharyngeal swab"|258500001|02/17/2022|Negative|260385009
23|4244|10D2214779||Manakai|Kate||03/11/1975||"912 S Monterey cir"|"Boynton beach"|FL|33436||Female|7542436355|"No Response"|0||0|0|0|1||0|Manakai||||||||"SARS-CoV-2 (COVID-19)"|PCR|94500-6|"SARS-CoV-2 RNA Resp Ql NAA+probe"|"Nasopharyngeal swab"|258500001|03/05/2022|Negative|260385009
24|4244|10D2214779||Campbell|Disa||10/09/1962||"2182 Telogia Court"|"West Palm Beach"|FL|33411||Female|2028809056|"No Response"|0||0|0|0|0||0|Campbell||||||||"SARS-CoV-2 (COVID-19)"|Antigen|97097-0|"SARS-CoV-2 Ag Upper resp Ql IA.rapid"|"Nasopharyngeal swab"|258500001|05/26/2022|Negative|260385009
25|4244|10D2214779||Parker|Donald||06/04/1965||"203 Nandina Terrace"|"Winter Springs"|FL|32708||Male|3212584242|"No Response"|1||0|0|0|0||0|Parker||||||||"SARS-CoV-2 (COVID-19)"|Antigen|97097-0|"SARS-CoV-2 Ag Upper resp Ql IA.rapid"|"Nasopharyngeal swab"|258500001|06/14/2022|Negative|260385009
26|4244|10D2214779||May|Carolyn||04/13/1950||"108 Ark Road"|Lumberton|FL|08048||Female|6094409599|"No Response"|1||0|0|0|0||0|May||||||||"SARS-CoV-2 (COVID-19)"|PCR|94500-6|"SARS-CoV-2 RNA Resp Ql NAA+probe"|"Nasopharyngeal swab"|258500001|06/20/2022|Negative|260385009
27|4244|10D2214779||Manakai|Kate||03/11/1975||"912 S Monterey Cir"|"Boynton beach"|FL|33436||Female|7542436355|"No Response"|0||0|0|0|1||0|Manakai||||||||"SARS-CoV-2 (COVID-19)"|PCR|94500-6|"SARS-CoV-2 RNA Resp Ql NAA+probe"|"Nasopharyngeal swab"|258500001|06/20/2022|Negative|260385009
28|4244|10D2214779||Zambrano|Daniel||01/01/1970||"4389 Colony View Dr."|"Lake Worth"|FL|33463||Male|2544247784|"No Response"|0||0|0|0|0||0|Zambrano||||||||"SARS-CoV-2 (COVID-19)"|PCR|94500-6|"SARS-CoV-2 RNA Resp Ql NAA+probe"|"Nasopharyngeal swab"|258500001|06/21/2022|Negative|260385009
29|4244|10D2214779||Ceballos|Juan||09/18/1953||"53 Chateaux CIR."|"West Palma Beach"|FL|33404||Male|5615317152|"No Response"|0||0|0|0|0||0|Ceballos||||||||"SARS-CoV-2 (COVID-19)"|PCR|94500-6|"SARS-CoV-2 RNA Resp Ql NAA+probe"|"Nasopharyngeal swab"|258500001|06/21/2022|Negative|260385009
30|4244|10D2214779||Diamond|Spencer||07/25/2003||"11465 Old Harbour Road"|"North Palm Beach"|FL|33408||Female|3474618933|"No Response"|1||0|0|0|0||0|Diamond||||||||"SARS-CoV-2 (COVID-19)"|PCR|94500-6|"SARS-CoV-2 RNA Resp Ql NAA+probe"|"Nasopharyngeal swab"|258500001|06/21/2022|Negative|260385009
31|4244|10D2214779||Schamback|Aaron||06/27/1974||"8 Bamboo Lane"|Jupiter|FL|33458||Male|5616762422|"No Response"|1||0|0|0|0||0|Schamback||||||||"SARS-CoV-2 (COVID-19)"|Antigen|97097-0|"SARS-CoV-2 Ag Upper resp Ql IA.rapid"|"Nasopharyngeal swab"|258500001|06/21/2022|Negative|260385009
32|4244|10D2214779||Maurer|Matteo||01/18/2018||"Hotel Winter Haven, 1400 Ocean Drive, 33139 Miami Beach"|"Miami Beach"|FL|33139||Male|9999999999|"No Response"|1||0|0|0|0||0|Maurer||||||||"SARS-CoV-2 (COVID-19)"|Antigen|97097-0|"SARS-CoV-2 Ag Upper resp Ql IA.rapid"|"Nasopharyngeal swab"|258500001|06/21/2022|Negative|260385009
33|4244|10D2214779||Wingster|Shamonia||08/31/1985||Unknown|APOPKA|FL|32722||Female|9999999999|"No Response"|0||0|0|0|0||0|Wingster||||||||"SARS-CoV-2 (COVID-19)"|PCR|94500-6|"SARS-CoV-2 RNA Resp Ql NAA+probe"|"Nasopharyngeal swab"|258500001|06/21/2022|Negative|260385009
34|4244|10D2214779||Stadhard|Sharonda||01/01/1970||Unknown|Unknown|FL|99999||Female|7869046804|"No Response"|0||0|0|0|0||0|Stadhard||||||||"SARS-CoV-2 (COVID-19)"|PCR|94500-6|"SARS-CoV-2 RNA Resp Ql NAA+probe"|"Nasopharyngeal swab"|258500001|06/21/2022|Negative|260385009
35|4244|10D2214779||CASAL|ISABEL||06/30/1970||"21236 SUMMERTRACE CIR BOCA RATON"|FLORIDA|FL|33428||Female|9999999999|"No Response"|0||0|0|0|0||0|CASAL||||||||"SARS-CoV-2 (COVID-19)"|PCR|94500-6|"SARS-CoV-2 RNA Resp Ql NAA+probe"|"Nasopharyngeal swab"|258500001|06/21/2022|Negative|260385009
36|4244|10D2214779||Schamback|Brandon||10/15/2015||"8 Bamboo Lane"|Jupiter|FL|33458||Male|5616762422|"No Response"|1||0|0|0|0||0|Schamback||||||||"SARS-CoV-2 (COVID-19)"|Antigen|97097-0|"SARS-CoV-2 Ag Upper resp Ql IA.rapid"|"Nasopharyngeal swab"|258500001|06/21/2022|Negative|260385009
37|4244|10D2214779||Schamback|Preston||05/20/2013||"8 Bamboo Lane"|Jupiter|FL|33458||Male|5616762422|"No Response"|1||0|0|0|0||0|Schamback||||||||"SARS-CoV-2 (COVID-19)"|Antigen|97097-0|"SARS-CoV-2 Ag Upper resp Ql IA.rapid"|"Nasopharyngeal swab"|258500001|06/21/2022|Negative|260385009
38|4244|10D2214779||Schamback|Lindsay||04/08/1984||"8 Bamboo Lane"|Jupiter|FL|33458||Female|5616762422|"No Response"|1||0|0|0|0||0|Schamback||||||||"SARS-CoV-2 (COVID-19)"|Antigen|97097-0|"SARS-CoV-2 Ag Upper resp Ql IA.rapid"|"Nasopharyngeal swab"|258500001|06/21/2022|Negative|260385009
39|4244|10D2214779||Schamback|Lindsay||04/08/1984||"8 Bamboo Lane"|Jupiter|FL|33458||Female|5616762422|"No Response"|1||0|0|0|0||0|Schamback||||||||"SARS-CoV-2 (COVID-19)"|Antigen|97097-0|"SARS-CoV-2 Ag Upper resp Ql IA.rapid"|"Nasopharyngeal swab"|258500001|06/21/2022|Negative|260385009
40|4244|10D2214779||Schamback|Dylan||08/13/2011||"8 Bamboo Lane"|Jupiter|FL|33458||Male|5616762422|"No Response"|1||0|0|0|0||0|Schamback||||||||"SARS-CoV-2 (COVID-19)"|Antigen|97097-0|"SARS-CoV-2 Ag Upper resp Ql IA.rapid"|"Nasopharyngeal swab"|258500001|06/21/2022|Negative|260385009
41|4244|10D2214779||Schamback|Preston||05/20/2013||"8 Bamboo Lane"|Jupiter|FL|33458||Male|5616762422|"No Response"|1||0|0|0|0||0|Schamback||||||||"SARS-CoV-2 (COVID-19)"|Antigen|97097-0|"SARS-CoV-2 Ag Upper resp Ql IA.rapid"|"Nasopharyngeal swab"|258500001|06/21/2022|Negative|260385009
42|4244|10D2214779||DeFreitas|Codbert||03/03/1971||"3321 Simms St., Unit 13A"|Hollywood|FL|33021||Male|9545401651|"No Response"|0||0|0|0|0||0|DeFreitas||||||||"SARS-CoV-2 (COVID-19)"|PCR|94500-6|"SARS-CoV-2 RNA Resp Ql NAA+probe"|"Nasopharyngeal swab"|258500001|06/21/2022|Negative|260385009
43|4244|10D2214779||Cabral|Joao||06/16/1986||Unknown|Unknown|FL|99999||Male|7863962445|"No Response"|1||0|0|0|0||0|Cabral||||||||"SARS-CoV-2 (COVID-19)"|Antigen|97097-0|"SARS-CoV-2 Ag Upper resp Ql IA.rapid"|"Nasopharyngeal swab"|258500001|06/21/2022|Negative|260385009
44|4244|10D2214779||Mojena|Jose||09/09/1960||"2903 Point East Drive K201"|Aventura|FL|33160||Male|7867543451|"No Response"|0||0|0|0|0||0|Mojena||||||||"SARS-CoV-2 (COVID-19)"|Antigen|97097-0|"SARS-CoV-2 Ag Upper resp Ql IA.rapid"|"Nasopharyngeal swab"|258500001|06/21/2022|Negative|260385009
45|4244|10D2214779||Porter|Sean||10/22/1964||"1255 Collins Avenue, Apt. 406"|"Miami Beach"|FL|33139||Male|3095021678|"No Response"|0||0|0|0|0||0|Porter||||||||"SARS-CoV-2 (COVID-19)"|Antigen|97097-0|"SARS-CoV-2 Ag Upper resp Ql IA.rapid"|"Nasopharyngeal swab"|258500001|06/21/2022|Positive|10828004
46|4244|10D2214779||Gomez|"Jose W"||01/20/1984||"2132 Jackson st"|Hollywood|FL|33020||Male|2244094664|"No Response"|0||0|0|0|0||0|Gomez||||||||"SARS-CoV-2 (COVID-19)"|Antigen|97097-0|"SARS-CoV-2 Ag Upper resp Ql IA.rapid"|"Nasopharyngeal swab"|258500001|06/21/2022|Negative|260385009
47|4244|10D2214779||Atash|Metis||01/01/1979||"9015 NE 10th Avenue"|Miami|FL|33138||Female|9999999999|"No Response"|1||0|0|0|0||0|Atash||||||||"SARS-CoV-2 (COVID-19)"|Antigen|97097-0|"SARS-CoV-2 Ag Upper resp Ql IA.rapid"|"Nasopharyngeal swab"|258500001|06/21/2022|Negative|260385009
48|4244|10D2214779||Campbell|Disa||10/09/1962||"2182 Telogia Court"|"West Palm Beach"|FL|33411||Female|2028809056|"No Response"|0||0|0|0|0||0|Campbell||||||||"SARS-CoV-2 (COVID-19)"|Antigen|97097-0|"SARS-CoV-2 Ag Upper resp Ql IA.rapid"|"Nasopharyngeal swab"|258500001|06/21/2022|Negative|260385009
49|4244|10D2214779||Parker|Donald||06/04/1965||"203 Nandina Terrace"|"Winter Springs"|FL|32708||Male|3212584242|"No Response"|1||0|0|0|0||0|Parker||||||||"SARS-CoV-2 (COVID-19)"|Antigen|97097-0|"SARS-CoV-2 Ag Upper resp Ql IA.rapid"|"Nasopharyngeal swab"|258500001|06/21/2022|Negative|260385009
50|4244|10D2214779||Weisman|Ross||02/02/1995||"7744 Trieste Place"|"Delray Beach"|FL|33446||Male|7863962445|"No Response"|1||0|0|0|0||0|Weisman||||||||"SARS-CoV-2 (COVID-19)"|PCR|94500-6|"SARS-CoV-2 RNA Resp Ql NAA+probe"|"Nasopharyngeal swab"|258500001|06/21/2022|Negative|260385009
51|4244|10D2214779||Bednarz|Henryk||11/03/1944||"1518 palmland Dr"|"Boynton Beach"|FL|33436||Male|5612949974|"No Response"|1||0|0|0|0||0|Bednarz||||||||"SARS-CoV-2 (COVID-19)"|Antigen|97097-0|"SARS-CoV-2 Ag Upper resp Ql IA.rapid"|"Nasopharyngeal swab"|258500001|06/21/2022|Negative|260385009
52|4244|10D2214779||Shoemaker|Tinna||03/15/1980||"1403 Jackson Keller Rd Apt 1005"|"San Antonio"|FL|78213||Female|2108037357|"No Response"|1||0|0|0|0||0|Shoemaker||||||||"SARS-CoV-2 (COVID-19)"|Antigen|97097-0|"SARS-CoV-2 Ag Upper resp Ql IA.rapid"|"Nasopharyngeal swab"|258500001|06/21/2022|Negative|260385009
53|4244|10D2214779||"Lujan Gonzalez"|Patricia||02/23/1970||"2531 Lake Louise Dr"|"San Antonio"|FL|78228||Female|2103789810|"No Response"|0||0|0|0|0||0|"Lujan Gonzalez"||||||||"SARS-CoV-2 (COVID-19)"|Antigen|97097-0|"SARS-CoV-2 Ag Upper resp Ql IA.rapid"|"Nasopharyngeal swab"|258500001|06/21/2022|Negative|260385009
54|4244|10D2214779||"Lujan Gonzalez"|Patricia||02/23/1970||"2531 Lake Louise Dr"|"San Antonio"|FL|78228||Female|2103789810|"No Response"|0||0|0|0|0||0|"Lujan Gonzalez"||||||||"SARS-CoV-2 (COVID-19)"|Antigen|97097-0|"SARS-CoV-2 Ag Upper resp Ql IA.rapid"|"Nasopharyngeal swab"|258500001|06/21/2022|Negative|260385009
55|4244|10D2214779||"De Sa"|"Vitor Muraki"||09/01/1989||Unknown|Unknown|FL|99999||Male|7863962445|"No Response"|0||0|0|0|1||0|"De Sa"||||||||"SARS-CoV-2 (COVID-19)"|PCR|94500-6|"SARS-CoV-2 RNA Resp Ql NAA+probe"|"Nasopharyngeal swab"|258500001|06/21/2022|Negative|260385009
56|4244|10D2214779||Joseph|Rosalie||03/16/1960||"2205 Malibu lake cir#1012"|"Naples, Florida"|FL|34119||Female|7868735563|"No Response"|0||0|0|0|0||0|Joseph||||||||"SARS-CoV-2 (COVID-19)"|Antigen|97097-0|"SARS-CoV-2 Ag Upper resp Ql IA.rapid"|"Nasopharyngeal swab"|258500001|06/21/2022|Negative|260385009
57|4244|10D2214779||Khan|Azad||11/12/1957||Unknown|Unknown|FL|99999||Male|3403442605|"No Response"|0||0|0|0|0||1|Khan||||||||"SARS-CoV-2 (COVID-19)"|Antigen|97097-0|"SARS-CoV-2 Ag Upper resp Ql IA.rapid"|"Nasopharyngeal swab"|258500001|06/21/2022|Negative|260385009
58|4244|10D2214779||Khan|Sharoza||03/20/1961||Unknown|Unknown|FL|99999||Female|3403442605|"No Response"|0||0|0|0|0||1|Khan||||||||"SARS-CoV-2 (COVID-19)"|Antigen|97097-0|"SARS-CoV-2 Ag Upper resp Ql IA.rapid"|"Nasopharyngeal swab"|258500001|06/21/2022|Negative|260385009
59|4244|10D2214779||Corbin|"Nydia Melanie"||05/10/1965||Unknown|Unknown|FL|99999||Female|7866467449|"No Response"|0||0|0|0|0||1|Corbin||||||||"SARS-CoV-2 (COVID-19)"|Antigen|97097-0|"SARS-CoV-2 Ag Upper resp Ql IA.rapid"|"Nasopharyngeal swab"|258500001|06/21/2022|Positive|10828004
60|4244|10D2214779||Alvarez|Marcos||06/03/1982||"7629 chapelhill dr"|Orlando|FL|32819||Male|4079284422|"No Response"|0||0|0|0|0||0|Alvarez||||||||"SARS-CoV-2 (COVID-19)"|PCR|94500-6|"SARS-CoV-2 RNA Resp Ql NAA+probe"|"Nasopharyngeal swab"|258500001|06/21/2022|Negative|260385009
61|4244|10D2214779||Alvarez|Marcos||06/03/1982||Unknown|Unknown|FL|99999||Male|4079284422|"No Response"|0||0|0|0|0||1|Alvarez||||||||"SARS-CoV-2 (COVID-19)"|PCR|94500-6|"SARS-CoV-2 RNA Resp Ql NAA+probe"|"Nasopharyngeal swab"|258500001|06/21/2022|Negative|260385009
62|4244|10D2214779||Corbin|"Nydia Melanie"||05/10/1965||Unknown|Unknown|FL|99999||Female|7866467449|"No Response"|0||0|0|0|0||1|Corbin||||||||"SARS-CoV-2 (COVID-19)"|Antigen|97097-0|"SARS-CoV-2 Ag Upper resp Ql IA.rapid"|"Nasopharyngeal swab"|258500001|06/27/2022|Positive|10828004
63|4244|10D2214779||Parker|Donald||06/04/1965||"203 Nandina Terrace"|"Winter Springs"|FL|32708||Male|3212584242|"No Response"|1||0|0|0|0||0|Parker||||||||"SARS-CoV-2 (COVID-19)"|Antigen|97097-0|"SARS-CoV-2 Ag Upper resp Ql IA.rapid"|"Nasopharyngeal swab"|258500001|06/27/2022|Negative|260385009
