RecordID|FacilityID|CLIAID|PatientID|LastName|FirstName|MiddleName|DOB|SSN|StreetAddress|City|State|Zip|County|Gender|PhoneNumber|Ethnicity|RaceWhite|RaceBlack|RaceAmericanIndianAlaskanNative|RaceAsian|RaceNativeHawaiianOrOtherPacificIslander|RaceOther|RaceUnknown|RaceNoResponse|ProviderName|NPI|Pregnant|SchoolAssociation|SchoolName|MeetILIDefinition|PerformingLab|AccessionNumber|Pathogen|TestType|LOINC|LOINCShortName|SpecimenCollectionType|SpecimenSNOMED|SpecimenCollectedDate|Result|ResultSNOMED
1|4244|10D2214779||BAILEY|BIANCA||06/23/1997||"1603 Oak Berry Cir"|Wellington|FL|33414||Female|5613588115|"No Response"|1||0|0|0|0||0|BAILEY||||||||"SARS-CoV-2 (COVID-19)"|Antigen|97097-0|"SARS-CoV-2 Ag Upper resp Ql IA.rapid"|"Nasopharyngeal swab"|258500001|08/27/2021|Negative|260385009
2|4244|10D2214779||BAILEY|BIANCA||06/23/1997||"1603 Oak Berry Cir"|Wellington|FL|33414||Female|5613588115|"No Response"|1||0|0|0|0||0|BAILEY||||||||"SARS-CoV-2 (COVID-19)"|PCR|94500-6|"SARS-CoV-2 RNA Resp Ql NAA+probe"|"Nasopharyngeal swab"|258500001|08/27/2021|Positive|10828004
3|4244|10D2214779||"ESTADES SAEZ JOHANSSON"|ANGEL||01/28/1968||"2520 NE 50TH STREET"|"LIGHTHOUSE POINT"|FL|33064||Male|9546489840|"No Response"|1||0|0|0|0||0|"ESTADES SAEZ JOHANSSON"||||||||"SARS-CoV-2 (COVID-19)"|PCR|94500-6|"SARS-CoV-2 RNA Resp Ql NAA+probe"|"Nasopharyngeal swab"|258500001|09/04/2021|Positive|10828004
4|4244|10D2214779||Meijer|Amara||10/10/2018||"333 Las Olas Way, Apt 1810"|"Fort Lauderdale"|FL|33301||Female|4155968876|"No Response"|1||0|0|0|0||0|Meijer||||||||"SARS-CoV-2 (COVID-19)"|Antigen|97097-0|"SARS-CoV-2 Ag Upper resp Ql IA.rapid"|"Nasopharyngeal swab"|258500001|09/16/2021|Negative|260385009
5|4244|10D2214779||BAILEY|BIANCA||06/23/1997||"1603 Oakberry Cir"|Wellington|FL|33414||Female|5613588115|"No Response"|1||0|0|0|0||0|BAILEY||||||||"SARS-CoV-2 (COVID-19)"|Antigen|97097-0|"SARS-CoV-2 Ag Upper resp Ql IA.rapid"|"Nasopharyngeal swab"|258500001|11/10/2021|Negative|260385009
6|4244|10D2214779||BAILEY|BIANCA||06/23/1997||"1603 Oakberry Cir"|Wellington|FL|33414||Female|5613588115|"No Response"|1||0|0|0|0||0|BAILEY||||||||"SARS-CoV-2 (COVID-19)"|PCR|94500-6|"SARS-CoV-2 RNA Resp Ql NAA+probe"|"Nasopharyngeal swab"|258500001|11/10/2021|Positive|10828004
7|4244|10D2214779||BAILEY|BIANCA||06/23/1997||"1603 Oakberry Cir"|Wellington|FL|33414||Female|5613588115|"No Response"|1||0|0|0|0||0|BAILEY||||||||"SARS-CoV-2 (COVID-19)"|Antigen|97097-0|"SARS-CoV-2 Ag Upper resp Ql IA.rapid"|"Nasopharyngeal swab"|258500001|11/10/2021|Negative|260385009
8|4244|10D2214779||BAILEY|BIANCA||06/23/1997||"1603 Oakberry Cir"|Wellington|FL|33414||Female|5613588115|"No Response"|1||0|0|0|0||0|BAILEY||||||||"SARS-CoV-2 (COVID-19)"|PCR|94500-6|"SARS-CoV-2 RNA Resp Ql NAA+probe"|"Nasopharyngeal swab"|258500001|11/10/2021|Positive|10828004
9|4244|10D2214779||BAILEY|BIANCA||06/23/1997||"1603 Oak Berry Cir"|Wellington|FL|33414||Female|5613588115|"No Response"|1||0|0|0|0||0|BAILEY||||||||"SARS-CoV-2 (COVID-19)"|Antigen|97097-0|"SARS-CoV-2 Ag Upper resp Ql IA.rapid"|"Nasopharyngeal swab"|258500001|12/26/2021|Negative|260385009
10|4244|10D2214779||BAILEY|BIANCA||06/23/1997||"1603 Oak Berry Cir"|Wellington|FL|33414||Female|5613588115|"No Response"|1||0|0|0|0||0|BAILEY||||||||"SARS-CoV-2 (COVID-19)"|PCR|94500-6|"SARS-CoV-2 RNA Resp Ql NAA+probe"|"Nasopharyngeal swab"|258500001|12/26/2021|Positive|10828004
11|4244|10D2214779||BAILEY|BIANCA||06/23/1997||"1603 Oak Berry Cir"|Wellington|FL|33414||Female|5613588115|"No Response"|1||0|0|0|0||0|BAILEY||||||||"SARS-CoV-2 (COVID-19)"|Antigen|97097-0|"SARS-CoV-2 Ag Upper resp Ql IA.rapid"|"Nasopharyngeal swab"|258500001|01/15/2022|Negative|260385009
12|4244|10D2214779||BAILEY|BIANCA||06/23/1997||"1603 Oak Berry Cir"|Wellington|FL|33414||Female|5613588115|"No Response"|1||0|0|0|0||0|BAILEY||||||||"SARS-CoV-2 (COVID-19)"|PCR|94500-6|"SARS-CoV-2 RNA Resp Ql NAA+probe"|"Nasopharyngeal swab"|258500001|01/15/2022|Positive|10828004
13|4244|10D2214779||"ESTADES SAEZ JOHANSSON"|ANGEL||01/28/1968||"2520 NE 50TH STREET"|"LIGHTHOUSE POINT"|FL|33306||Male|9546489840|"No Response"|1||0|0|0|0||0|"ESTADES SAEZ JOHANSSON"||||||||"SARS-CoV-2 (COVID-19)"|PCR|94500-6|"SARS-CoV-2 RNA Resp Ql NAA+probe"|"Nasopharyngeal swab"|258500001|02/12/2022|Positive|10828004
14|4244|10D2214779||Meijer|Amara||10/10/2018||"333 las olas way unit 1810"|"Fort Lauderdale"|FL|33301||Female|4155968876|"No Response"|0||0|0|0|1||0|Meijer||||||||"SARS-CoV-2 (COVID-19)"|Antigen|97097-0|"SARS-CoV-2 Ag Upper resp Ql IA.rapid"|"Nasopharyngeal swab"|258500001|02/25/2022|Negative|260385009
15|4244|10D2214779||Corbin|"Nydia Melanie"||05/10/1965||Unknown|Unknown|FL|99999||Female|7866467449|"No Response"|0||0|0|0|0||1|Corbin||||||||"SARS-CoV-2 (COVID-19)"|Antigen|97097-0|"SARS-CoV-2 Ag Upper resp Ql IA.rapid"|"Nasopharyngeal swab"|258500001|06/21/2022|Negative|260385009
16|4244|10D2214779||Rodriguez|Yosniel||10/16/1995||Unknown|Unknown|FL|99999||Male|3057467494|"No Response"|0||0|0|0|0||1|Rodriguez||||||||"SARS-CoV-2 (COVID-19)"|Antigen|97097-0|"SARS-CoV-2 Ag Upper resp Ql IA.rapid"|"Nasopharyngeal swab"|258500001|06/22/2022|Negative|260385009
17|4244|10D2214779||Lezama|Yaritza||11/17/1996||Unknown|Unknown|FL|99999||Female|3057467494|"No Response"|0||0|0|0|0||1|Lezama||||||||"SARS-CoV-2 (COVID-19)"|Antigen|97097-0|"SARS-CoV-2 Ag Upper resp Ql IA.rapid"|"Nasopharyngeal swab"|258500001|06/22/2022|Negative|260385009
18|4244|10D2214779||"ESTADES SAEZ JOHANSSON"|ANGEL||01/28/1968||"2520 NE 50th Street"|"Lighthouse Point"|FL|33064||Male|9546489840|"No Response"|1||0|0|0|0||0|"ESTADES SAEZ JOHANSSON"||||||||"SARS-CoV-2 (COVID-19)"|PCR|94500-6|"SARS-CoV-2 RNA Resp Ql NAA+probe"|"Nasopharyngeal swab"|258500001|06/24/2022|Positive|10828004
19|4244|10D2214779||Meijer|Amara||10/10/2018||"333 Las Olas Way, #1810"|"Fort Lauderdale"|FL|33301||Female|4155968876|"No Response"|1||0|0|0|0||0|Meijer||||||||"SARS-CoV-2 (COVID-19)"|Antigen|97097-0|"SARS-CoV-2 Ag Upper resp Ql IA.rapid"|"Nasopharyngeal swab"|258500001|06/24/2022|Negative|260385009
20|4244|10D2214779||Lezama|Yaritza||11/17/1996||Unknown|Unknown|FL|99999||Female|3057467494|"No Response"|0||0|0|0|0||1|Lezama||||||||"SARS-CoV-2 (COVID-19)"|Antigen|97097-0|"SARS-CoV-2 Ag Upper resp Ql IA.rapid"|"Nasopharyngeal swab"|258500001|06/26/2022|Negative|260385009
21|4244|10D2214779||Tsuya|Ayami||01/05/2007||"460 White Heart Rd"|"Las Vegas"|FL|89148||Female|7028459736|"No Response"|0||0|1|0|0||0|Tsuya||||||||"SARS-CoV-2 (COVID-19)"|PCR|94500-6|"SARS-CoV-2 RNA Resp Ql NAA+probe"|"Nasopharyngeal swab"|258500001|06/26/2022|Negative|260385009
22|4244|10D2214779||Marinkovic|Mirko||01/01/1970||"Padre Alberto hurtado 2941"|Santiago|FL|83200||Male|9999999999|"No Response"|0||0|0|0|0||0|Marinkovic||||||||"SARS-CoV-2 (COVID-19)"|Antigen|97097-0|"SARS-CoV-2 Ag Upper resp Ql IA.rapid"|"Nasopharyngeal swab"|258500001|06/27/2022|Negative|260385009
23|4244|10D2214779||Gomez|Arlyn||05/19/1983||"1275 Sw 140th Place"|Miami|FL|33184||Female|3052986847|"No Response"|0||0|0|0|0||0|Gomez||||||||"SARS-CoV-2 (COVID-19)"|Antigen|97097-0|"SARS-CoV-2 Ag Upper resp Ql IA.rapid"|"Nasopharyngeal swab"|258500001|06/27/2022|Negative|260385009
24|4244|10D2214779||Carroll|Brielle||05/16/2016||"411 Executive center dr Apt 213"|"West palm beach"|FL|33401||Female|5613357980|"No Response"|0||0|0|0|1||0|Carroll||||||||"SARS-CoV-2 (COVID-19)"|Antigen|97097-0|"SARS-CoV-2 Ag Upper resp Ql IA.rapid"|"Nasopharyngeal swab"|258500001|06/27/2022|Negative|260385009
25|4244|10D2214779||"Borges Miranda"|Cristobal||05/17/1957||"481 Flanders K"|"Delray Beach, FL"|FL|33484||Male|7862166231|"No Response"|0||0|0|0|0||0|"Borges Miranda"||||||||"SARS-CoV-2 (COVID-19)"|Antigen|97097-0|"SARS-CoV-2 Ag Upper resp Ql IA.rapid"|"Nasopharyngeal swab"|258500001|06/27/2022|Negative|260385009
26|4244|10D2214779||Roses|Martha||04/19/1952||"9500 SW 26 Dr"|Miami|FL|33165||Female|3053027559|"No Response"|0||0|0|0|0||0|Roses||||||||"SARS-CoV-2 (COVID-19)"|Antigen|97097-0|"SARS-CoV-2 Ag Upper resp Ql IA.rapid"|"Nasopharyngeal swab"|258500001|06/27/2022|Negative|260385009
27|4244|10D2214779||"ESTADES SAEZ JOHANSSON"|ANGEL||01/28/1968||"2520 NE 50th Street"|"Lighthouse Pointe"|FL|33064||Male|9546489840|"No Response"|1||0|0|0|0||0|"ESTADES SAEZ JOHANSSON"||||||||"SARS-CoV-2 (COVID-19)"|PCR|94500-6|"SARS-CoV-2 RNA Resp Ql NAA+probe"|"Nasopharyngeal swab"|258500001|06/27/2022|Positive|10828004
28|4244|10D2214779||Jenkins|Ayanna||07/23/1999||"3914 Bolton Street"|Augusta|FL|30908||Female|7622189088|"No Response"|0||0|0|0|1||0|Jenkins||||||||"SARS-CoV-2 (COVID-19)"|Antigen|97097-0|"SARS-CoV-2 Ag Upper resp Ql IA.rapid"|"Nasopharyngeal swab"|258500001|06/27/2022|Negative|260385009
29|4244|10D2214779||Roses|Isidro||05/12/1942||"9500 SW 26 Dr"|Miami|FL|33165||Male|3053020455|"No Response"|0||0|0|0|0||0|Roses||||||||"SARS-CoV-2 (COVID-19)"|Antigen|97097-0|"SARS-CoV-2 Ag Upper resp Ql IA.rapid"|"Nasopharyngeal swab"|258500001|06/27/2022|Negative|260385009
30|4244|10D2214779||Rodriguez|Yosniel||10/16/1995||"11730 sw 180th st"|Miami|FL|33177||Male|3057467494|"No Response"|0||0|0|0|0||0|Rodriguez||||||||"SARS-CoV-2 (COVID-19)"|Antigen|97097-0|"SARS-CoV-2 Ag Upper resp Ql IA.rapid"|"Nasopharyngeal swab"|258500001|06/27/2022|Negative|260385009
31|4244|10D2214779||Ramirez|Durbis||10/07/1975||Unknown|Unknown|FL|99999||Female|9999999999|"No Response"|0||0|0|0|0||0|Ramirez||||||||"SARS-CoV-2 (COVID-19)"|Antigen|97097-0|"SARS-CoV-2 Ag Upper resp Ql IA.rapid"|"Nasopharyngeal swab"|258500001|06/27/2022|Negative|260385009
32|4244|10D2214779||Carroll|"Bri Niyah"||10/25/2014||"411 Executive center dr Apt 213"|"West palm beach"|FL|33401||Female|5613357980|"No Response"|0||0|0|0|1||0|Carroll||||||||"SARS-CoV-2 (COVID-19)"|Antigen|97097-0|"SARS-CoV-2 Ag Upper resp Ql IA.rapid"|"Nasopharyngeal swab"|258500001|06/27/2022|Negative|260385009
33|4244|10D2214779||Palaniappan|Balaji||07/02/1979||"Hyatt place orlando"|Orlando|FL|36836||Male|9999999999|"No Response"|0||0|1|0|0||0|Palaniappan||||||||"SARS-CoV-2 (COVID-19)"|Antigen|97097-0|"SARS-CoV-2 Ag Upper resp Ql IA.rapid"|"Nasopharyngeal swab"|258500001|06/27/2022|Negative|260385009
34|4244|10D2214779||Balaji|"Abirami sundari"||12/27/1981||"Hyatt place orlando"|Orlando|FL|36836||Female|9999999999|"No Response"|0||0|1|0|0||0|Balaji||||||||"SARS-CoV-2 (COVID-19)"|Antigen|97097-0|"SARS-CoV-2 Ag Upper resp Ql IA.rapid"|"Nasopharyngeal swab"|258500001|06/27/2022|Negative|260385009
35|4244|10D2214779||Balaji|Ganesh||11/16/2004||"Hyatt place orlando"|Orlando|FL|36836||Male|9999999999|"No Response"|0||0|1|0|0||0|Balaji||||||||"SARS-CoV-2 (COVID-19)"|Antigen|97097-0|"SARS-CoV-2 Ag Upper resp Ql IA.rapid"|"Nasopharyngeal swab"|258500001|06/27/2022|Negative|260385009
36|4244|10D2214779||Balaji|Mahalakshmi||04/11/2006||"Hyatt place orlando"|Orlando|FL|36836||Female|9999999999|"No Response"|0||0|1|0|0||0|Balaji||||||||"SARS-CoV-2 (COVID-19)"|Antigen|97097-0|"SARS-CoV-2 Ag Upper resp Ql IA.rapid"|"Nasopharyngeal swab"|258500001|06/27/2022|Negative|260385009
37|4244|10D2214779||Reyes|Andrea||01/01/1970||"Pedro fontova"|Santiago|FL|83200||Female|9999999999|"No Response"|0||0|0|0|0||0|Reyes||||||||"SARS-CoV-2 (COVID-19)"|Antigen|97097-0|"SARS-CoV-2 Ag Upper resp Ql IA.rapid"|"Nasopharyngeal swab"|258500001|06/27/2022|Negative|260385009
38|4244|10D2214779||Rojas|Consuelo||01/01/1970||"Calbucura 6970"|Santiago|FL|99999||Female|9999999999|"No Response"|0||0|0|0|0||0|Rojas||||||||"SARS-CoV-2 (COVID-19)"|Antigen|97097-0|"SARS-CoV-2 Ag Upper resp Ql IA.rapid"|"Nasopharyngeal swab"|258500001|06/27/2022|Negative|260385009
39|4244|10D2214779||Sciaraffia|Franco||09/24/1996||"19370 Collins Avenue 1127, Sunny Isles Beach, Florida 33160, Estados Unidos"|Santiago|FL|85800||Male|9999999999|"No Response"|0||0|0|0|0||0|Sciaraffia||||||||"SARS-CoV-2 (COVID-19)"|Antigen|97097-0|"SARS-CoV-2 Ag Upper resp Ql IA.rapid"|"Nasopharyngeal swab"|258500001|06/27/2022|Negative|260385009
40|4244|10D2214779||Lubowicki|Erik||12/17/1999||"9060 se gomez ave"|"Hobe sound"|FL|33455||Male|7243167019|"No Response"|1||0|0|0|0||0|Lubowicki||||||||"SARS-CoV-2 (COVID-19)"|PCR|94500-6|"SARS-CoV-2 RNA Resp Ql NAA+probe"|"Nasopharyngeal swab"|258500001|06/27/2022|Negative|260385009
41|4244|10D2214779||Corbin|"Nydia Melanie"||05/10/1965||Unknown|Unknown|FL|99999||Female|7866467449|"No Response"|0||0|0|0|0||1|Corbin||||||||"SARS-CoV-2 (COVID-19)"|Antigen|97097-0|"SARS-CoV-2 Ag Upper resp Ql IA.rapid"|"Nasopharyngeal swab"|258500001|06/27/2022|Negative|260385009
42|4244|10D2214779||Meijer|Amara||10/10/2018||"333 Las Olas Way"|"Fort Lauderdale"|FL|33301||Female|4155968876|"No Response"|1||0|0|0|0||0|Meijer||||||||"SARS-CoV-2 (COVID-19)"|Antigen|97097-0|"SARS-CoV-2 Ag Upper resp Ql IA.rapid"|"Nasopharyngeal swab"|258500001|06/27/2022|Negative|260385009
43|4244|10D2214779||BAILEY|BIANCA||06/23/1997||"1603 OAKBERRY CIR"|WELLINGTON|FL|33414||Female|5613588115|"No Response"|1||0|0|0|0||0|BAILEY||||||||"SARS-CoV-2 (COVID-19)"|Antigen|97097-0|"SARS-CoV-2 Ag Upper resp Ql IA.rapid"|"Nasopharyngeal swab"|258500001|06/27/2022|Negative|260385009
44|4244|10D2214779||BAILEY|BIANCA||06/23/1997||"1603 OAKBERRY CIR"|WELLINGTON|FL|33414||Female|5613588115|"No Response"|1||0|0|0|0||0|BAILEY||||||||"SARS-CoV-2 (COVID-19)"|PCR|94500-6|"SARS-CoV-2 RNA Resp Ql NAA+probe"|"Nasopharyngeal swab"|258500001|06/27/2022|Positive|10828004
45|4244|10D2214779||Roses|Sophie||08/16/2011||"12333 Sw 28 Ter"|Miami|FL|33175||Female|3055052008|"No Response"|0||0|0|0|0||0|Roses||||||||"SARS-CoV-2 (COVID-19)"|Antigen|97097-0|"SARS-CoV-2 Ag Upper resp Ql IA.rapid"|"Nasopharyngeal swab"|258500001|06/27/2022|Negative|260385009
46|4244|10D2214779||Roses|Amelie||05/29/2007||"12333 Sw 28 Ter"|Miami|FL|33175||Female|3055052008|"No Response"|0||0|0|0|0||0|Roses||||||||"SARS-CoV-2 (COVID-19)"|Antigen|97097-0|"SARS-CoV-2 Ag Upper resp Ql IA.rapid"|"Nasopharyngeal swab"|258500001|06/27/2022|Negative|260385009
47|4244|10D2214779||Porter|"Sean Clayton"||10/22/1964||Unknown|Unknown|FL|99999||Male|7863962445|"No Response"|0||0|0|0|0||1|Porter||||||||"SARS-CoV-2 (COVID-19)"|Antigen|97097-0|"SARS-CoV-2 Ag Upper resp Ql IA.rapid"|"Nasopharyngeal swab"|258500001|06/27/2022|Negative|260385009
48|4244|10D2214779||King|"John Michael"||01/30/1964||"109 Batsonwood Pl"|Apex|FL|27539||Male|6176056523|"No Response"|1||0|0|0|0||0|King||||||||"SARS-CoV-2 (COVID-19)"|PCR|94500-6|"SARS-CoV-2 RNA Resp Ql NAA+probe"|"Nasopharyngeal swab"|258500001|06/27/2022|Negative|260385009
49|4244|10D2214779||Temes|Lindsey||05/08/2006||"830  e Dilido"|"Miami  beach"|FL|33139||Female|3058772869|"No Response"|1||0|0|0|0||0|Temes||||||||"SARS-CoV-2 (COVID-19)"|Antigen|97097-0|"SARS-CoV-2 Ag Upper resp Ql IA.rapid"|"Nasopharyngeal swab"|258500001|06/27/2022|Negative|260385009
50|4244|10D2214779||Joseph|Arionce||05/26/1962||"6925 aspen square ln"|orlando|FL|32818||Male|4074563102|"No Response"|0||0|0|0|0||0|Joseph||||||||"SARS-CoV-2 (COVID-19)"|Antigen|97097-0|"SARS-CoV-2 Ag Upper resp Ql IA.rapid"|"Nasopharyngeal swab"|258500001|06/27/2022|Negative|260385009
51|4244|10D2214779||Warshawsky|Alexandra||06/17/1986||Unknown|Unknown|FL|99999||Female|9999999999|"No Response"|1||0|0|0|0||0|Warshawsky||||||||"SARS-CoV-2 (COVID-19)"|PCR|94500-6|"SARS-CoV-2 RNA Resp Ql NAA+probe"|"Nasopharyngeal swab"|258500001|06/27/2022|Negative|260385009
52|4244|10D2214779||Warshawsky|Alexandra||06/17/1986||Unknown|Unknown|FL|99999||Female|9999999999|"No Response"|1||0|0|0|0||0|Warshawsky||||||||"SARS-CoV-2 (COVID-19)"|PCR|94500-6|"SARS-CoV-2 RNA Resp Ql NAA+probe"|"Nasopharyngeal swab"|258500001|06/27/2022|Negative|260385009
53|4244|10D2214779||"ESTADES SAEZ JOHANSSON"|ANGEL||01/28/1968||"2520 NE 50th Street"|"Lighthouse Point"|FL|33064||Male|9546489840|"No Response"|1||0|0|0|0||0|"ESTADES SAEZ JOHANSSON"||||||||"SARS-CoV-2 (COVID-19)"|PCR|94500-6|"SARS-CoV-2 RNA Resp Ql NAA+probe"|"Nasopharyngeal swab"|258500001|06/27/2022|Positive|10828004
