RecordID|FacilityID|CLIAID|PatientID|LastName|FirstName|MiddleName|DOB|SSN|StreetAddress|City|State|Zip|County|Gender|PhoneNumber|Ethnicity|RaceWhite|RaceBlack|RaceAmericanIndianAlaskanNative|RaceAsian|RaceNativeHawaiianOrOtherPacificIslander|RaceOther|RaceUnknown|RaceNoResponse|ProviderName|NPI|Pregnant|SchoolAssociation|SchoolName|MeetILIDefinition|PerformingLab|AccessionNumber|Pathogen|TestType|LOINC|LOINCShortName|SpecimenCollectionType|SpecimenSNOMED|SpecimenCollectedDate|Result|ResultSNOMED
1|4244|10D2214779||Soucy|Frederic||02/14/1975||"169 North Cortez Dr"|Margate|FL|33068||Male|9999999999|"No Response"|1||0|0|0|0||0|Soucy||||||||"SARS-CoV-2 (COVID-19)"|Antigen|97097-0|"SARS-CoV-2 Ag Upper resp Ql IA.rapid"|"Nasopharyngeal swab"|258500001|08/21/2021|Negative|260385009
2|4244|10D2214779||LIGHTBOURNE|SHEIRA||05/23/1987||"7901 sw 6th street"|"Fort Lauderdale"|FL|33324||Female|12425568134|"No Response"|0||0|0|0|0||0|LIGHTBOURNE||||||||"SARS-CoV-2 (COVID-19)"|Antigen|97097-0|"SARS-CoV-2 Ag Upper resp Ql IA.rapid"|"Nasopharyngeal swab"|258500001|10/27/2021|Negative|260385009
3|4244|10D2214779||JOHNSON|DUDLEY||05/05/1986||"7901 sw 6th street"|"Fort Lauderdale"|FL|33324||Male|12425568134|"No Response"|0||0|0|0|0||0|JOHNSON||||||||"SARS-CoV-2 (COVID-19)"|Antigen|97097-0|"SARS-CoV-2 Ag Upper resp Ql IA.rapid"|"Nasopharyngeal swab"|258500001|10/27/2021|Negative|260385009
4|4244|10D2214779||Soucy|Frederic||02/14/1975||"169 North Cortez Drive"|Margate|FL|33068||Male|9999999999|"No Response"|1||0|0|0|0||0|Soucy||||||||"SARS-CoV-2 (COVID-19)"|Antigen|97097-0|"SARS-CoV-2 Ag Upper resp Ql IA.rapid"|"Nasopharyngeal swab"|258500001|11/12/2021|Negative|260385009
5|4244|10D2214779||"Morin Rancourt"|Nadie||05/03/1980||"169 north cortez drive"|Margate|FL|33068||Female|4188941751|"No Response"|1||0|0|0|0||0|"Morin Rancourt"||||||||"SARS-CoV-2 (COVID-19)"|Antigen|97097-0|"SARS-CoV-2 Ag Upper resp Ql IA.rapid"|"Nasopharyngeal swab"|258500001|11/21/2021|Negative|260385009
6|4244|10D2214779||LIGHTBOURNE|SHEIRA||05/23/1987||"7901 SW 6th St"|"Fort Lauderdale"|FL|33324||Female|12425568134|"No Response"|0||0|0|0|0||0|LIGHTBOURNE||||||||"SARS-CoV-2 (COVID-19)"|Antigen|97097-0|"SARS-CoV-2 Ag Upper resp Ql IA.rapid"|"Nasopharyngeal swab"|258500001|01/13/2022|Negative|260385009
7|4244|10D2214779||JOHNSON|DUDLEY||05/05/1986||"7901 SW 6th St"|"Fort Lauderdale"|FL|33324||Male|12425568134|"No Response"|0||0|0|0|0||0|JOHNSON||||||||"SARS-CoV-2 (COVID-19)"|Antigen|97097-0|"SARS-CoV-2 Ag Upper resp Ql IA.rapid"|"Nasopharyngeal swab"|258500001|01/13/2022|Negative|260385009
8|4244|10D2214779||"Morin Rancourt"|Nadie||05/03/1980||"169 south cortez drive"|Margate|FL|33068||Female|4188941751|"No Response"|1||0|0|0|0||0|"Morin Rancourt"||||||||"SARS-CoV-2 (COVID-19)"|Antigen|97097-0|"SARS-CoV-2 Ag Upper resp Ql IA.rapid"|"Nasopharyngeal swab"|258500001|01/29/2022|Negative|260385009
9|4244|10D2214779||Soucy|Frederic||02/14/1975||"169 south cortez drive"|Margate|FL|33068||Male|9999999999|"No Response"|1||0|0|0|0||0|Soucy||||||||"SARS-CoV-2 (COVID-19)"|Antigen|97097-0|"SARS-CoV-2 Ag Upper resp Ql IA.rapid"|"Nasopharyngeal swab"|258500001|01/29/2022|Negative|260385009
10|4244|10D2214779||Diaz|Johnny||02/12/1966||"10214 NW 33 st"|"Coral springs  florida"|FL|33065||Male|9549821442|"No Response"|0||0|0|0|0||0|Diaz||||||||"SARS-CoV-2 (COVID-19)"|PCR|94500-6|"SARS-CoV-2 RNA Resp Ql NAA+probe"|"Nasopharyngeal swab"|258500001|06/18/2022|Negative|260385009
11|4244|10D2214779||Pizano|Robert||09/15/1991||Unknown|Henderson|FL|89015||Male|9999999999|"No Response"|0||0|0|0|0||0|Pizano||||||||"SARS-CoV-2 (COVID-19)"|PCR|94500-6|"SARS-CoV-2 RNA Resp Ql NAA+probe"|"Nasopharyngeal swab"|258500001|06/18/2022|Negative|260385009
12|4244|10D2214779||Jung|Jinwoo||07/26/1988||Unknown|Unknown|FL|99999||Male|18683258980|"No Response"|0||0|1|0|0||0|Jung||||||||"SARS-CoV-2 (COVID-19)"|Antigen|97097-0|"SARS-CoV-2 Ag Upper resp Ql IA.rapid"|"Nasopharyngeal swab"|258500001|06/19/2022|Negative|260385009
13|4244|10D2214779||Seo|Hyerim||05/17/1989||Unknown|Unknown|FL|99999||Female|18683818977|"No Response"|0||0|1|0|0||0|Seo||||||||"SARS-CoV-2 (COVID-19)"|Antigen|97097-0|"SARS-CoV-2 Ag Upper resp Ql IA.rapid"|"Nasopharyngeal swab"|258500001|06/19/2022|Negative|260385009
14|4244|10D2214779||Seo|Hyerim||05/17/1989||Unknown|Unknown|FL|99999||Female|18683818977|"No Response"|0||0|1|0|0||0|Seo||||||||"SARS-CoV-2 (COVID-19)"|Antigen|97097-0|"SARS-CoV-2 Ag Upper resp Ql IA.rapid"|"Nasopharyngeal swab"|258500001|06/19/2022|Negative|260385009
15|4244|10D2214779||Hilton|Sheryl||11/04/1964||"1230 Falcon Avenue"|"Miami Springs"|FL|33166||Female|7862968148|"No Response"|1||0|0|0|0||0|Hilton||||||||"SARS-CoV-2 (COVID-19)"|PCR|94500-6|"SARS-CoV-2 RNA Resp Ql NAA+probe"|"Nasopharyngeal swab"|258500001|06/19/2022|Negative|260385009
16|4244|10D2214779||Yoo|Seojin||05/29/2004||"205 Bidwell Pkwy"|Buffalo|FL|14222||Female|7168660763|"No Response"|0||0|1|0|0||0|Yoo||||||||"SARS-CoV-2 (COVID-19)"|PCR|94500-6|"SARS-CoV-2 RNA Resp Ql NAA+probe"|"Nasopharyngeal swab"|258500001|06/19/2022|Negative|260385009
17|4244|10D2214779||Heinemann|John||09/02/1970||"4716 sw 186 way"|Miramar|FL|33029||Male|9548290549|"No Response"|1||0|0|0|0||0|Heinemann||||||||"SARS-CoV-2 (COVID-19)"|PCR|94500-6|"SARS-CoV-2 RNA Resp Ql NAA+probe"|"Nasopharyngeal swab"|258500001|06/19/2022|Negative|260385009
18|4244|10D2214779||Heinemann|Lisa||09/28/1970||"4716 sw 186 way"|Miramar|FL|33029||Female|9548425858|"No Response"|1||0|0|0|0||0|Heinemann||||||||"SARS-CoV-2 (COVID-19)"|PCR|94500-6|"SARS-CoV-2 RNA Resp Ql NAA+probe"|"Nasopharyngeal swab"|258500001|06/19/2022|Negative|260385009
19|4244|10D2214779||Heinemann|Lisa||09/28/1970||"4716 sw 186 way"|Miramar|FL|33029||Female|9548425858|"No Response"|1||0|0|0|0||0|Heinemann||||||||"SARS-CoV-2 (COVID-19)"|PCR|94500-6|"SARS-CoV-2 RNA Resp Ql NAA+probe"|"Nasopharyngeal swab"|258500001|06/19/2022|Negative|260385009
20|4244|10D2214779||LIGHTBOURNE|SHEIRA||05/23/1987||"7901 SW 6 STREET"|"FORT LAUDERDALE"|FL|33324||Female|12425568134|"No Response"|0||0|0|0|0||0|LIGHTBOURNE||||||||"SARS-CoV-2 (COVID-19)"|Antigen|97097-0|"SARS-CoV-2 Ag Upper resp Ql IA.rapid"|"Nasopharyngeal swab"|258500001|06/19/2022|Negative|260385009
21|4244|10D2214779||JOHNSON|DUDLEY||05/05/1986||"7901 SW 6 STREET"|"FORT LAUDERDALE"|FL|33324||Male|12425568134|"No Response"|0||0|0|0|0||0|JOHNSON||||||||"SARS-CoV-2 (COVID-19)"|Antigen|97097-0|"SARS-CoV-2 Ag Upper resp Ql IA.rapid"|"Nasopharyngeal swab"|258500001|06/19/2022|Negative|260385009
22|4244|10D2214779||Wilson|Christine||10/15/1972||"827 Steubing Oaks"|"San Antonio"|FL|78258||Female|9548296868|"No Response"|1||0|0|0|0||0|Wilson||||||||"SARS-CoV-2 (COVID-19)"|Antigen|97097-0|"SARS-CoV-2 Ag Upper resp Ql IA.rapid"|"Nasopharyngeal swab"|258500001|06/19/2022|Negative|260385009
23|4244|10D2214779||Wilson|Michael||05/30/2022||"827 Steubing Oaks"|"San Antonio"|FL|78258||Male|9548296860|"No Response"|1||0|0|0|0||0|Wilson||||||||"SARS-CoV-2 (COVID-19)"|Antigen|97097-0|"SARS-CoV-2 Ag Upper resp Ql IA.rapid"|"Nasopharyngeal swab"|258500001|06/19/2022|Negative|260385009
24|4244|10D2214779||Acosta|Jeremy||10/07/2000||"3545 NE 166th St"|"North Miami Beach"|FL|33160||Male|6094189481|"No Response"|0||0|0|0|0||0|Acosta||||||||"SARS-CoV-2 (COVID-19)"|Antigen|97097-0|"SARS-CoV-2 Ag Upper resp Ql IA.rapid"|"Nasopharyngeal swab"|258500001|06/19/2022|Positive|10828004
25|4244|10D2214779||Charles|Beaudois||01/15/1960||"3425 Nw 44th Street"|"Lauderdale Lakes"|FL|33309||Male|9494827331|"No Response"|0||0|0|0|0||0|Charles||||||||"SARS-CoV-2 (COVID-19)"|Antigen|97097-0|"SARS-CoV-2 Ag Upper resp Ql IA.rapid"|"Nasopharyngeal swab"|258500001|06/19/2022|Negative|260385009
26|4244|10D2214779||Garcia|Ryan||05/17/1976||"1830 S Ocean Dr Apt 1208"|Hallandale|FL|33009||Male|18686827926|"No Response"|1||0|0|0|0||0|Garcia||||||||"SARS-CoV-2 (COVID-19)"|Antigen|97097-0|"SARS-CoV-2 Ag Upper resp Ql IA.rapid"|"Nasopharyngeal swab"|258500001|06/19/2022|Negative|260385009
27|4244|10D2214779||Garcia|Axl||10/22/2015||"1830 S Ocean Dr Apt 1208"|Hallandale|FL|33009||Male|18686827926|"No Response"|1||0|0|0|0||0|Garcia||||||||"SARS-CoV-2 (COVID-19)"|Antigen|97097-0|"SARS-CoV-2 Ag Upper resp Ql IA.rapid"|"Nasopharyngeal swab"|258500001|06/19/2022|Negative|260385009
28|4244|10D2214779||Fishman|Denis||04/10/1977||Unknown|Unknown|FL|99999||Male|7187535789|"No Response"|1||0|0|0|0||0|Fishman||||||||"SARS-CoV-2 (COVID-19)"|Antigen|97097-0|"SARS-CoV-2 Ag Upper resp Ql IA.rapid"|"Nasopharyngeal swab"|258500001|06/19/2022|Negative|260385009
29|4244|10D2214779||Fishman|Denis||04/10/1977||Unknown|Unknown|FL|99999||Male|7187535789|"No Response"|1||0|0|0|0||0|Fishman||||||||"SARS-CoV-2 (COVID-19)"|Antigen|97097-0|"SARS-CoV-2 Ag Upper resp Ql IA.rapid"|"Nasopharyngeal swab"|258500001|06/19/2022|Negative|260385009
30|4244|10D2214779||"Morin Rancourt"|Nadie||05/03/1980||"169 north cortez drive"|Margate|FL|33068||Female|4188941751|"No Response"|1||0|0|0|0||0|"Morin Rancourt"||||||||"SARS-CoV-2 (COVID-19)"|Antigen|97097-0|"SARS-CoV-2 Ag Upper resp Ql IA.rapid"|"Nasopharyngeal swab"|258500001|06/19/2022|Negative|260385009
31|4244|10D2214779||Soucy|Frederic||02/14/1975||"169 North Cortez Dr."|Margate|FL|33068||Male|9999999999|"No Response"|1||0|0|0|0||0|Soucy||||||||"SARS-CoV-2 (COVID-19)"|Antigen|97097-0|"SARS-CoV-2 Ag Upper resp Ql IA.rapid"|"Nasopharyngeal swab"|258500001|06/19/2022|Negative|260385009
32|4244|10D2214779||"Pena Moreno"|Sophia||10/06/2000||Unknown|Unknown|FL|99999||Female|7868329030|"No Response"|0||0|0|0|0||1|"Pena Moreno"||||||||"SARS-CoV-2 (COVID-19)"|PCR|94500-6|"SARS-CoV-2 RNA Resp Ql NAA+probe"|"Nasopharyngeal swab"|258500001|06/19/2022|Negative|260385009
