RecordID|FacilityID|CLIAID|PatientID|LastName|FirstName|MiddleName|DOB|SSN|StreetAddress|City|State|Zip|County|Gender|PhoneNumber|Ethnicity|RaceWhite|RaceBlack|RaceAmericanIndianAlaskanNative|RaceAsian|RaceNativeHawaiianOrOtherPacificIslander|RaceOther|RaceUnknown|RaceNoResponse|ProviderName|NPI|Pregnant|SchoolAssociation|SchoolName|MeetILIDefinition|PerformingLab|AccessionNumber|Pathogen|TestType|LOINC|LOINCShortName|SpecimenCollectionType|SpecimenSNOMED|SpecimenCollectedDate|Result|ResultSNOMED
1|4244|10D2214779||Ruddy|Kimberly||07/14/1974||"17320 N.E. 12th Avenue"|"North Miami Beach"|FL|33162||Female|3055823211|"No Response"|1||0|0|0|0||0|Ruddy||||||||"SARS-CoV-2 (COVID-19)"|Antigen|97097-0|"SARS-CoV-2 Ag Upper resp Ql IA.rapid"|"Nasopharyngeal swab"|258500001|08/12/2021|Negative|260385009
2|4244|10D2214779||Kelly|Philippa||06/30/1985||"16001 Collins Ave,  Apt 3305"|"North Miami Beach"|FL|33160||Female|5618180682|"No Response"|0||0|0|0|0||0|Kelly||||||||"SARS-CoV-2 (COVID-19)"|PCR|94500-6|"SARS-CoV-2 RNA Resp Ql NAA+probe"|"Nasopharyngeal swab"|258500001|08/21/2021|Negative|260385009
3|4244|10D2214779||Green|Katherine||03/17/1958||Unknown|Unknown|FL|99999||Female|14165004511|"No Response"|1||0|0|0|0||0|Green||||||||"SARS-CoV-2 (COVID-19)"|Antigen|97097-0|"SARS-CoV-2 Ag Upper resp Ql IA.rapid"|"Nasopharyngeal swab"|258500001|09/16/2021|Negative|260385009
4|4244|10D2214779||Green|Katherine||03/17/1958||"Diplomat hotel"|"North miami"|FL|99999||Female|14165004511|"No Response"|1||0|0|0|0||0|Green||||||||"SARS-CoV-2 (COVID-19)"|Antigen|97097-0|"SARS-CoV-2 Ag Upper resp Ql IA.rapid"|"Nasopharyngeal swab"|258500001|09/24/2021|Negative|260385009
5|4244|10D2214779||Bethel|David||11/25/1988||"1535 south perimeter rd"|"Fort lauderdale"|FL|33309||Male|7863962445|"No Response"|1||0|0|0|0||0|Bethel||||||||"SARS-CoV-2 (COVID-19)"|Antigen|97097-0|"SARS-CoV-2 Ag Upper resp Ql IA.rapid"|"Nasopharyngeal swab"|258500001|10/02/2021|Negative|260385009
6|4244|10D2214779||Kelly|Philippa||06/30/1985||Unknown|Unknown|FL|99999|||5618180682|"No Response"|0||0|0|0|0||1|Kelly||||||||"SARS-CoV-2 (COVID-19)"|PCR|94500-6|"SARS-CoV-2 RNA Resp Ql NAA+probe"|"Nasopharyngeal swab"|258500001|10/12/2021|Negative|260385009
7|4244|10D2214779||Bethel|David||11/25/1988||"1535 South Perimter RD"|"Fort Lauderdale"|FL|00000||Male|7863962445|"No Response"|1||0|0|0|0||0|Bethel||||||||"SARS-CoV-2 (COVID-19)"|Antigen|97097-0|"SARS-CoV-2 Ag Upper resp Ql IA.rapid"|"Nasopharyngeal swab"|258500001|10/12/2021|Negative|260385009
8|4244|10D2214779||Bethel|David||11/25/1988||"1535 South perimeter rd, hngr 36A"|"Fort Lauderdale"|FL|33309||Male|7863962445|"No Response"|1||0|0|0|0||0|Bethel||||||||"SARS-CoV-2 (COVID-19)"|Antigen|97097-0|"SARS-CoV-2 Ag Upper resp Ql IA.rapid"|"Nasopharyngeal swab"|258500001|10/30/2021|Negative|260385009
9|4244|10D2214779||Kelly|Philippa||06/30/1985||Unknown|Unknown|FL|99999|||5618180682|"No Response"|0||0|0|0|0||1|Kelly||||||||"SARS-CoV-2 (COVID-19)"|PCR|94500-6|"SARS-CoV-2 RNA Resp Ql NAA+probe"|"Nasopharyngeal swab"|258500001|11/12/2021|Negative|260385009
10|4244|10D2214779||Child|Mark||04/08/1962||"Monte Carlo Apartments, 6551 Collins Avenue"|Miami|FL|33141||Male|9999999999|"No Response"|1||0|0|0|0||0|Child||||||||"SARS-CoV-2 (COVID-19)"|PCR|94500-6|"SARS-CoV-2 RNA Resp Ql NAA+probe"|"Nasopharyngeal swab"|258500001|11/13/2021|Negative|260385009
11|4244|10D2214779||Bethel|David||11/25/1988||"1535 South Perimeter RD"|"Fort Lauderdale"|FL|33309||Male|7863962445|"No Response"|1||0|0|0|0||0|Bethel||||||||"SARS-CoV-2 (COVID-19)"|Antigen|97097-0|"SARS-CoV-2 Ag Upper resp Ql IA.rapid"|"Nasopharyngeal swab"|258500001|11/19/2021|Negative|260385009
12|4244|10D2214779||Child|Mark||04/08/1962||"5600 Collins Avenue"|Miami|FL|05600||Male|9999999999|"No Response"|1||0|0|0|0||0|Child||||||||"SARS-CoV-2 (COVID-19)"|PCR|94500-6|"SARS-CoV-2 RNA Resp Ql NAA+probe"|"Nasopharyngeal swab"|258500001|12/07/2021|Negative|260385009
13|4244|10D2214779||Bethel|David||11/25/1988||"1535 South Perimter RD"|"Fort Lauderdale"|FL|33309||Male|7863962445|"No Response"|1||0|0|0|0||0|Bethel||||||||"SARS-CoV-2 (COVID-19)"|Antigen|97097-0|"SARS-CoV-2 Ag Upper resp Ql IA.rapid"|"Nasopharyngeal swab"|258500001|12/17/2021|Negative|260385009
14|4244|10D2214779||Lawrence-Borrell|Zachary||01/02/2004||"22304 Calibre Court 1305"|"Boca Raton"|FL|33433||Male|9545573178|"No Response"|0||0|0|0|0||0|Lawrence-Borrell||||||||"SARS-CoV-2 (COVID-19)"|PCR|94500-6|"SARS-CoV-2 RNA Resp Ql NAA+probe"|"Nasopharyngeal swab"|258500001|12/20/2021|Negative|260385009
15|4244|10D2214779||Schwartz|Diann||06/25/1969||"17320 N.E. 12th Ave"|"North Miami Beach"|FL|33162||Female|7862808896|"No Response"|1||0|0|0|0||0|Schwartz||||||||"SARS-CoV-2 (COVID-19)"|Antigen|97097-0|"SARS-CoV-2 Ag Upper resp Ql IA.rapid"|"Nasopharyngeal swab"|258500001|12/24/2021|Negative|260385009
16|4244|10D2214779||Schwartz|Diann||06/25/1969||"17320 N.E. 12th Ave"|"North Miami Beach"|FL|33162||Female|7862808896|"No Response"|1||0|0|0|0||0|Schwartz||||||||"SARS-CoV-2 (COVID-19)"|Antigen|97097-0|"SARS-CoV-2 Ag Upper resp Ql IA.rapid"|"Nasopharyngeal swab"|258500001|12/24/2021|Negative|260385009
17|4244|10D2214779||Schwartz|Linda||06/22/1970||"17320 N.E. 12th Ave"|"North Miami Beach"|FL|33162||Female|7862808896|"No Response"|1||0|0|0|0||0|Schwartz||||||||"SARS-CoV-2 (COVID-19)"|Antigen|97097-0|"SARS-CoV-2 Ag Upper resp Ql IA.rapid"|"Nasopharyngeal swab"|258500001|12/24/2021|Negative|260385009
18|4244|10D2214779||Ruddy|Kimberly||07/14/1974||"17320 N.E. 12th Ave"|"North Miami Beach"|FL|33162||Female|3055823211|"No Response"|1||0|0|0|0||0|Ruddy||||||||"SARS-CoV-2 (COVID-19)"|Antigen|97097-0|"SARS-CoV-2 Ag Upper resp Ql IA.rapid"|"Nasopharyngeal swab"|258500001|12/24/2021|Negative|260385009
19|4244|10D2214779||Tatos|Michelle||10/02/1972||"2242 Tillman Ave"|Orlando|FL|34787||Female|8016520695|"No Response"|1||0|0|0|0||0|Tatos||||||||"SARS-CoV-2 (COVID-19)"|Antigen|97097-0|"SARS-CoV-2 Ag Upper resp Ql IA.rapid"|"Nasopharyngeal swab"|258500001|01/12/2022|Negative|260385009
20|4244|10D2214779||Tatos|Alexandru||07/01/2007||"2242 Tillman Ave"|Orlando|FL|34787||Male|8016520695|"No Response"|1||0|0|0|0||0|Tatos||||||||"SARS-CoV-2 (COVID-19)"|Antigen|97097-0|"SARS-CoV-2 Ag Upper resp Ql IA.rapid"|"Nasopharyngeal swab"|258500001|01/12/2022|Negative|260385009
21|4244|10D2214779||Bethel|David||11/25/1988||"1535 South Perimeter RD"|"Fort lauderdale"|FL|33309||Male|7863962445|"No Response"|1||0|0|0|0||0|Bethel||||||||"SARS-CoV-2 (COVID-19)"|Antigen|97097-0|"SARS-CoV-2 Ag Upper resp Ql IA.rapid"|"Nasopharyngeal swab"|258500001|01/20/2022|Negative|260385009
22|4244|10D2214779||Almeida|Sara||10/25/1997||Unknown|Unknown|FL|99999||Female|7863962445|"No Response"|0||0|0|0|1||0|Almeida||||||||"SARS-CoV-2 (COVID-19)"|PCR|94500-6|"SARS-CoV-2 RNA Resp Ql NAA+probe"|"Nasopharyngeal swab"|258500001|01/22/2022|Negative|260385009
23|4244|10D2214779||Schwartz|Diann||06/25/1969||"17320 N.E. 12th Ave"|"North Miami Beach"|FL|33162||Female|7862808896|"No Response"|1||0|0|0|0||0|Schwartz||||||||"SARS-CoV-2 (COVID-19)"|Antigen|97097-0|"SARS-CoV-2 Ag Upper resp Ql IA.rapid"|"Nasopharyngeal swab"|258500001|02/05/2022|Negative|260385009
24|4244|10D2214779||Schwartz|Diann||06/25/1969||"17320 N.E. 12th Ave"|"North Miami Beach"|FL|33162||Female|7862808896|"No Response"|1||0|0|0|0||0|Schwartz||||||||"SARS-CoV-2 (COVID-19)"|Antigen|97097-0|"SARS-CoV-2 Ag Upper resp Ql IA.rapid"|"Nasopharyngeal swab"|258500001|02/05/2022|Negative|260385009
25|4244|10D2214779||Ruddy|Kimberly||07/14/1974||"6130 S.W. 39th Ct"|Davie|FL|33314||Female|3055823211|"No Response"|1||0|0|0|0||0|Ruddy||||||||"SARS-CoV-2 (COVID-19)"|Antigen|97097-0|"SARS-CoV-2 Ag Upper resp Ql IA.rapid"|"Nasopharyngeal swab"|258500001|02/05/2022|Negative|260385009
26|4244|10D2214779||Schwartz|Linda||06/22/1970||"17320 N.E. 12th Ave"|"North Miami Beach"|FL|33162||Female|7862808896|"No Response"|1||0|0|0|0||0|Schwartz||||||||"SARS-CoV-2 (COVID-19)"|Antigen|97097-0|"SARS-CoV-2 Ag Upper resp Ql IA.rapid"|"Nasopharyngeal swab"|258500001|02/05/2022|Negative|260385009
27|4244|10D2214779||Tatos|Michelle||10/02/1972||"2242 Tillman Ave"|"winter garden"|FL|34787||Female|8016520695|"No Response"|1||0|0|0|0||0|Tatos||||||||"SARS-CoV-2 (COVID-19)"|Antigen|97097-0|"SARS-CoV-2 Ag Upper resp Ql IA.rapid"|"Nasopharyngeal swab"|258500001|02/18/2022|Negative|260385009
28|4244|10D2214779||Tatos|Alexandru||07/01/2007||"2242 Tillman Ave"|"winter garden"|FL|34787||Male|8016520695|"No Response"|1||0|0|0|0||0|Tatos||||||||"SARS-CoV-2 (COVID-19)"|Antigen|97097-0|"SARS-CoV-2 Ag Upper resp Ql IA.rapid"|"Nasopharyngeal swab"|258500001|02/18/2022|Negative|260385009
29|4244|10D2214779||Green|Katherine||03/17/1958||"4000 South Ocean Drive"|Hollywood|FL|33019||Female|14165004511|"No Response"|1||0|0|0|0||0|Green||||||||"SARS-CoV-2 (COVID-19)"|Antigen|97097-0|"SARS-CoV-2 Ag Upper resp Ql IA.rapid"|"Nasopharyngeal swab"|258500001|02/22/2022|Negative|260385009
30|4244|10D2214779||Bethel|David||11/25/1988||"1535 South Perimeter RD"|"Fort Lauderdale"|FL|33309||Male|7863962445|"No Response"|1||0|0|0|0||0|Bethel||||||||"SARS-CoV-2 (COVID-19)"|Antigen|97097-0|"SARS-CoV-2 Ag Upper resp Ql IA.rapid"|"Nasopharyngeal swab"|258500001|02/23/2022|Negative|260385009
31|4244|10D2214779||Schwartz|Diann||06/25/1969||"17320 N.E. 12th Ave"|Miami|FL|00000||Female|7862808896|"No Response"|1||0|0|0|0||0|Schwartz||||||||"SARS-CoV-2 (COVID-19)"|Antigen|97097-0|"SARS-CoV-2 Ag Upper resp Ql IA.rapid"|"Nasopharyngeal swab"|258500001|03/05/2022|Negative|260385009
32|4244|10D2214779||Schwartz|Diann||06/25/1969||"17320 N.E. 12th Ave"|Miami|FL|00000||Female|7862808896|"No Response"|1||0|0|0|0||0|Schwartz||||||||"SARS-CoV-2 (COVID-19)"|Antigen|97097-0|"SARS-CoV-2 Ag Upper resp Ql IA.rapid"|"Nasopharyngeal swab"|258500001|03/05/2022|Negative|260385009
33|4244|10D2214779||Schwartz|Linda||06/22/1970||"17330 N.E. 12th Ave"|Miami|FL|33162||Female|7862808896|"No Response"|1||0|0|0|0||0|Schwartz||||||||"SARS-CoV-2 (COVID-19)"|Antigen|97097-0|"SARS-CoV-2 Ag Upper resp Ql IA.rapid"|"Nasopharyngeal swab"|258500001|03/05/2022|Negative|260385009
34|4244|10D2214779||Child|Mark||04/08/1962||Unknown|Unknown|FL|99999||Male|9999999999|"No Response"|1||0|0|0|0||0|Child||||||||"SARS-CoV-2 (COVID-19)"|PCR|94500-6|"SARS-CoV-2 RNA Resp Ql NAA+probe"|"Nasopharyngeal swab"|258500001|03/05/2022|Negative|260385009
35|4244|10D2214779||Wilhelm|Ian||01/27/1981||Unknown|Unknown|FL|99999||Male|7863962445|"No Response"|0||0|0|0|1||0|Wilhelm||||||||"SARS-CoV-2 (COVID-19)"|PCR|94500-6|"SARS-CoV-2 RNA Resp Ql NAA+probe"|"Nasopharyngeal swab"|258500001|03/06/2022|Negative|260385009
36|4244|10D2214779||Tatos|Michelle||10/02/1972||"2242 Tillman Ave"|"winter garden"|FL|34787||Female|8016520695|"No Response"|1||0|0|0|0||0|Tatos||||||||"SARS-CoV-2 (COVID-19)"|Antigen|97097-0|"SARS-CoV-2 Ag Upper resp Ql IA.rapid"|"Nasopharyngeal swab"|258500001|03/10/2022|Negative|260385009
37|4244|10D2214779||Tatos|Alexandru||07/01/2007||"2242 Tillman Ave"|"winter garden"|FL|34787||Male|8016520695|"No Response"|1||0|0|0|0||0|Tatos||||||||"SARS-CoV-2 (COVID-19)"|Antigen|97097-0|"SARS-CoV-2 Ag Upper resp Ql IA.rapid"|"Nasopharyngeal swab"|258500001|03/10/2022|Negative|260385009
38|4244|10D2214779||Schwartz|Diann||06/25/1969||"17320 N.E. 12th Avenue"|Miami|FL|33162||Female|7862808896|"No Response"|1||0|0|0|0||0|Schwartz||||||||"SARS-CoV-2 (COVID-19)"|Antigen|97097-0|"SARS-CoV-2 Ag Upper resp Ql IA.rapid"|"Nasopharyngeal swab"|258500001|03/12/2022|Negative|260385009
39|4244|10D2214779||Schwartz|Diann||06/25/1969||"17320 N.E. 12th Avenue"|Miami|FL|33162||Female|7862808896|"No Response"|1||0|0|0|0||0|Schwartz||||||||"SARS-CoV-2 (COVID-19)"|Antigen|97097-0|"SARS-CoV-2 Ag Upper resp Ql IA.rapid"|"Nasopharyngeal swab"|258500001|03/12/2022|Negative|260385009
40|4244|10D2214779||Schwartz|Linda||06/22/1970||"17320 N.E. 12th Ave"|Miami|FL|33162||Female|7862808896|"No Response"|1||0|0|0|0||0|Schwartz||||||||"SARS-CoV-2 (COVID-19)"|Antigen|97097-0|"SARS-CoV-2 Ag Upper resp Ql IA.rapid"|"Nasopharyngeal swab"|258500001|03/12/2022|Negative|260385009
41|4244|10D2214779||Bethel|David||11/25/1988||Unknown|Unknown|FL|99999||Male|7863962445|"No Response"|0||0|0|0|1||0|Bethel||||||||"SARS-CoV-2 (COVID-19)"|Antigen|97097-0|"SARS-CoV-2 Ag Upper resp Ql IA.rapid"|"Nasopharyngeal swab"|258500001|03/16/2022|Negative|260385009
42|4244|10D2214779||Schwartz|Linda||06/22/1970||"17320 N.E. 12th Ave"|Miami|FL|33162||Female|7862808896|"No Response"|1||0|0|0|0||0|Schwartz||||||||"SARS-CoV-2 (COVID-19)"|Antigen|97097-0|"SARS-CoV-2 Ag Upper resp Ql IA.rapid"|"Nasopharyngeal swab"|258500001|04/09/2022|Negative|260385009
43|4244|10D2214779||Schwartz|Diann||06/25/1969||"17320 N.E. 12th Ave"|Miami|FL|33162||Female|7862808896|"No Response"|1||0|0|0|0||0|Schwartz||||||||"SARS-CoV-2 (COVID-19)"|Antigen|97097-0|"SARS-CoV-2 Ag Upper resp Ql IA.rapid"|"Nasopharyngeal swab"|258500001|04/09/2022|Negative|260385009
44|4244|10D2214779||Schwartz|Diann||06/25/1969||"17320 N.E. 12th Ave"|Miami|FL|33162||Female|7862808896|"No Response"|1||0|0|0|0||0|Schwartz||||||||"SARS-CoV-2 (COVID-19)"|Antigen|97097-0|"SARS-CoV-2 Ag Upper resp Ql IA.rapid"|"Nasopharyngeal swab"|258500001|04/09/2022|Negative|260385009
45|4244|10D2214779||Almeida|Sara||10/25/1997||Unknown|Unknown|FL|99999||Female|7863962445|"No Response"|0||0|0|0|1||0|Almeida||||||||"SARS-CoV-2 (COVID-19)"|PCR|94500-6|"SARS-CoV-2 RNA Resp Ql NAA+probe"|"Nasopharyngeal swab"|258500001|04/20/2022|Negative|260385009
46|4244|10D2214779||Wilhelm|Ian||01/27/1981||Unknown|Unknown|FL|99999||Male|7863962445|"No Response"|0||0|0|0|1||0|Wilhelm||||||||"SARS-CoV-2 (COVID-19)"|PCR|94500-6|"SARS-CoV-2 RNA Resp Ql NAA+probe"|"Nasopharyngeal swab"|258500001|04/25/2022|Negative|260385009
47|4244|10D2214779||Schwartz|Diann||06/25/1969||"17320 N.E. 12th Ave"|Miami|FL|33162||Female|7862808896|"No Response"|1||0|0|0|0||0|Schwartz||||||||"SARS-CoV-2 (COVID-19)"|Antigen|97097-0|"SARS-CoV-2 Ag Upper resp Ql IA.rapid"|"Nasopharyngeal swab"|258500001|05/07/2022|Negative|260385009
48|4244|10D2214779||Schwartz|Diann||06/25/1969||"17320 N.E. 12th Ave"|Miami|FL|33162||Female|7862808896|"No Response"|1||0|0|0|0||0|Schwartz||||||||"SARS-CoV-2 (COVID-19)"|Antigen|97097-0|"SARS-CoV-2 Ag Upper resp Ql IA.rapid"|"Nasopharyngeal swab"|258500001|05/07/2022|Negative|260385009
49|4244|10D2214779||Schwartz|Linda||06/22/1970||"17320 N.E. 12th Ave"|Miami|FL|33162||Female|7862808896|"No Response"|1||0|0|0|0||0|Schwartz||||||||"SARS-CoV-2 (COVID-19)"|Antigen|97097-0|"SARS-CoV-2 Ag Upper resp Ql IA.rapid"|"Nasopharyngeal swab"|258500001|05/07/2022|Negative|260385009
50|4244|10D2214779||Gari|Maritza||08/13/1960||"2801 NE 183 St #306"|Aventura|FL|33160||Female|3054092741|"No Response"|0||0|0|0|0||0|Gari||||||||"SARS-CoV-2 (COVID-19)"|Antigen|97097-0|"SARS-CoV-2 Ag Upper resp Ql IA.rapid"|"Nasopharyngeal swab"|258500001|05/12/2022|Negative|260385009
51|4244|10D2214779||Wilhelm|Ian||01/27/1981||Unknown|Unknown|FL|99999||Male|7863962445|"No Response"|0||0|0|0|1||0|Wilhelm||||||||"SARS-CoV-2 (COVID-19)"|PCR|94500-6|"SARS-CoV-2 RNA Resp Ql NAA+probe"|"Nasopharyngeal swab"|258500001|05/26/2022|Negative|260385009
52|4244|10D2214779||Almeida|Sara||10/25/1997||Unknown|Unknown|FL|99999||Female|7863962445|"No Response"|0||0|0|0|1||0|Almeida||||||||"SARS-CoV-2 (COVID-19)"|PCR|94500-6|"SARS-CoV-2 RNA Resp Ql NAA+probe"|"Nasopharyngeal swab"|258500001|05/26/2022|Negative|260385009
53|4244|10D2214779||Dorado|Juan||08/19/1992||Unknown|Unknown|FL|99999||Male|7863962445|"No Response"|0||0|0|0|1||0|Dorado||||||||"SARS-CoV-2 (COVID-19)"|PCR|94500-6|"SARS-CoV-2 RNA Resp Ql NAA+probe"|"Nasopharyngeal swab"|258500001|05/27/2022|Negative|260385009
54|4244|10D2214779||Schwartz|Diann||06/25/1969||"17320 N.E 12th Ave"|Miami|FL|33162||Female|7862808896|"No Response"|1||0|0|0|0||0|Schwartz||||||||"SARS-CoV-2 (COVID-19)"|Antigen|97097-0|"SARS-CoV-2 Ag Upper resp Ql IA.rapid"|"Nasopharyngeal swab"|258500001|06/04/2022|Negative|260385009
55|4244|10D2214779||Schwartz|Diann||06/25/1969||"17320 N.E 12th Ave"|Miami|FL|33162||Female|7862808896|"No Response"|1||0|0|0|0||0|Schwartz||||||||"SARS-CoV-2 (COVID-19)"|Antigen|97097-0|"SARS-CoV-2 Ag Upper resp Ql IA.rapid"|"Nasopharyngeal swab"|258500001|06/04/2022|Negative|260385009
56|4244|10D2214779||Schwartz|Linda||06/22/1970||"17320 N.E 12th Ave"|Miami|FL|33162||Female|7862808896|"No Response"|1||0|0|0|0||0|Schwartz||||||||"SARS-CoV-2 (COVID-19)"|Antigen|97097-0|"SARS-CoV-2 Ag Upper resp Ql IA.rapid"|"Nasopharyngeal swab"|258500001|06/04/2022|Negative|260385009
57|4244|10D2214779||Tatos|Michelle||10/02/1972||"2242 Tillman Ave"|"winter garden"|FL|34787||Female|8016520695|"No Response"|1||0|0|0|0||0|Tatos||||||||"SARS-CoV-2 (COVID-19)"|Antigen|97097-0|"SARS-CoV-2 Ag Upper resp Ql IA.rapid"|"Nasopharyngeal swab"|258500001|06/12/2022|Negative|260385009
58|4244|10D2214779||Tatos|Alexandru||07/01/2007||"2242 Tillman Ave"|"winter garden"|FL|34787||Male|8016520695|"No Response"|1||0|0|0|0||0|Tatos||||||||"SARS-CoV-2 (COVID-19)"|Antigen|97097-0|"SARS-CoV-2 Ag Upper resp Ql IA.rapid"|"Nasopharyngeal swab"|258500001|06/12/2022|Negative|260385009
59|4244|10D2214779||Rodriguez|Melissa||02/28/2003||"3351 Taconic Dr"|"West Palm Beach"|FL|33406||Female|5616352380|"No Response"|0||0|0|0|0||0|Rodriguez||||||||"SARS-CoV-2 (COVID-19)"|Antigen|97097-0|"SARS-CoV-2 Ag Upper resp Ql IA.rapid"|"Nasopharyngeal swab"|258500001|06/14/2022|Negative|260385009
60|4244|10D2214779||Villaroel|Guiselle||04/23/2002||Unknown|Unknown|FL|99999||Female|7863962445|"No Response"|0||0|0|0|1||0|Villaroel||||||||"SARS-CoV-2 (COVID-19)"|PCR|94500-6|"SARS-CoV-2 RNA Resp Ql NAA+probe"|"Nasopharyngeal swab"|258500001|06/17/2022|Negative|260385009
61|4244|10D2214779||Haiko|Kenneth||06/18/1947||Unknown|"Pompano Beach"|FL|33069||Male|9545621671|"No Response"|1||0|0|0|0||0|Haiko||||||||"SARS-CoV-2 (COVID-19)"|PCR|94500-6|"SARS-CoV-2 RNA Resp Ql NAA+probe"|"Nasopharyngeal swab"|258500001|06/16/2022|Negative|260385009
62|4244|10D2214779||Doty|Galey||05/25/1953||"5904 Alimar Drive"|"Las Vegas"|FL|89130||Female|7022326506|"No Response"|1||0|0|0|0||0|Doty||||||||"SARS-CoV-2 (COVID-19)"|PCR|94500-6|"SARS-CoV-2 RNA Resp Ql NAA+probe"|"Nasopharyngeal swab"|258500001|06/17/2022|Negative|260385009
63|4244|10D2214779||Doty|Barney||05/23/1956||"5904 Alimar Dr"|"Las Vegas"|FL|89130||Male|7023431901|"No Response"|1||0|0|0|0||0|Doty||||||||"SARS-CoV-2 (COVID-19)"|PCR|94500-6|"SARS-CoV-2 RNA Resp Ql NAA+probe"|"Nasopharyngeal swab"|258500001|06/17/2022|Negative|260385009
64|4244|10D2214779||Marcic|James||09/17/1989||"2520 NE 51st street"|"Lighthouse point"|FL|33064||Male|4077194066|"No Response"|1||0|0|0|0||0|Marcic||||||||"SARS-CoV-2 (COVID-19)"|PCR|94500-6|"SARS-CoV-2 RNA Resp Ql NAA+probe"|"Nasopharyngeal swab"|258500001|06/16/2022|Negative|260385009
65|4244|10D2214779||"Garcia Rivera"|Miguel||08/16/1946||"2421 NE 65th Street   Apartment 2-306"|"Fort Lauderdale"|FL|33308||Male|9179300524|"No Response"|0||0|0|0|0||0|"Garcia Rivera"||||||||"SARS-CoV-2 (COVID-19)"|Antigen|97097-0|"SARS-CoV-2 Ag Upper resp Ql IA.rapid"|"Nasopharyngeal swab"|258500001|06/17/2022|Negative|260385009
66|4244|10D2214779||Altman|Michael||04/27/1958||"2421 NE 65th Street  Apartment 2-306"|"Fort Lauderdale"|FL|33308||Male|9179300524|"No Response"|1||0|0|0|0||0|Altman||||||||"SARS-CoV-2 (COVID-19)"|Antigen|97097-0|"SARS-CoV-2 Ag Upper resp Ql IA.rapid"|"Nasopharyngeal swab"|258500001|06/17/2022|Negative|260385009
67|4244|10D2214779||Lawrence-Borrell|Zachary||01/02/2004||"22304 Calibre Court 1305"|"Boca Raton"|FL|33433||Male|9545573178|"No Response"|0||0|0|0|0||0|Lawrence-Borrell||||||||"SARS-CoV-2 (COVID-19)"|PCR|94500-6|"SARS-CoV-2 RNA Resp Ql NAA+probe"|"Nasopharyngeal swab"|258500001|06/17/2022|Negative|260385009
68|4244|10D2214779||"Kafati Hilsaca"|"Paulina Sofia"||01/25/2020||"13214 SW 46 Terrace"|Miami|FL|33175||Female|3134135847|"No Response"|0||0|0|0|0||0|"Kafati Hilsaca"||||||||"SARS-CoV-2 (COVID-19)"|Antigen|97097-0|"SARS-CoV-2 Ag Upper resp Ql IA.rapid"|"Nasopharyngeal swab"|258500001|06/17/2022|Negative|260385009
69|4244|10D2214779||Robinson|Ken||09/04/1971||Unknown|Unknown|FL|99999||Male|9548678439|"No Response"|0||0|0|0|0||0|Robinson||||||||"SARS-CoV-2 (COVID-19)"|PCR|94500-6|"SARS-CoV-2 RNA Resp Ql NAA+probe"|"Nasopharyngeal swab"|258500001|06/17/2022|Positive|10828004
70|4244|10D2214779||Schwartz|Diann||06/25/1969||"17320 N.E. 12th Avenue"|Miami|FL|33162||Female|7862808896|"No Response"|1||0|0|0|0||0|Schwartz||||||||"SARS-CoV-2 (COVID-19)"|Antigen|97097-0|"SARS-CoV-2 Ag Upper resp Ql IA.rapid"|"Nasopharyngeal swab"|258500001|06/17/2022|Negative|260385009
71|4244|10D2214779||Schwartz|Diann||06/25/1969||"17320 N.E. 12th Avenue"|Miami|FL|33162||Female|7862808896|"No Response"|1||0|0|0|0||0|Schwartz||||||||"SARS-CoV-2 (COVID-19)"|Antigen|97097-0|"SARS-CoV-2 Ag Upper resp Ql IA.rapid"|"Nasopharyngeal swab"|258500001|06/17/2022|Negative|260385009
72|4244|10D2214779||Schwartz|Linda||06/22/1970||"17320 N.E. 12th Avenue"|Miami|FL|33162||Female|7862808896|"No Response"|1||0|0|0|0||0|Schwartz||||||||"SARS-CoV-2 (COVID-19)"|Antigen|97097-0|"SARS-CoV-2 Ag Upper resp Ql IA.rapid"|"Nasopharyngeal swab"|258500001|06/17/2022|Negative|260385009
73|4244|10D2214779||Ruddy|Kimberly||07/14/1974||"6130 S.W. 39th Court"|Davie|FL|33314||Female|3055823211|"No Response"|1||0|0|0|0||0|Ruddy||||||||"SARS-CoV-2 (COVID-19)"|Antigen|97097-0|"SARS-CoV-2 Ag Upper resp Ql IA.rapid"|"Nasopharyngeal swab"|258500001|06/17/2022|Negative|260385009
74|4244|10D2214779||Deering|Sarah||10/09/1994||"1650 james avenue"|"Miami beach"|FL|01650||Female|9999999999|"No Response"|1||0|0|0|0||0|Deering||||||||"SARS-CoV-2 (COVID-19)"|Antigen|97097-0|"SARS-CoV-2 Ag Upper resp Ql IA.rapid"|"Nasopharyngeal swab"|258500001|06/17/2022|Negative|260385009
75|4244|10D2214779||Russo|Antonio||04/06/1992||Unknown|Unknown|FL|99999||Male|9999999999|"No Response"|1||0|0|0|0||0|Russo||||||||"SARS-CoV-2 (COVID-19)"|Antigen|97097-0|"SARS-CoV-2 Ag Upper resp Ql IA.rapid"|"Nasopharyngeal swab"|258500001|06/17/2022|Negative|260385009
76|4244|10D2214779||Joy|"Dian Frances"||01/12/1957||"106 E. Nelson Street"|Tavares|FL|32778||Female|3524084014|"No Response"|1||0|0|0|0||0|Joy||||||||"SARS-CoV-2 (COVID-19)"|Antigen|97097-0|"SARS-CoV-2 Ag Upper resp Ql IA.rapid"|"Nasopharyngeal swab"|258500001|06/17/2022|Negative|260385009
77|4244|10D2214779||Garciano|Grace||02/22/1984||"10124 Lexington Pines Ave"|"Las Vegas"|FL|89129||Female|7022044894|"No Response"|0||0|1|0|0||0|Garciano||||||||"SARS-CoV-2 (COVID-19)"|Antigen|97097-0|"SARS-CoV-2 Ag Upper resp Ql IA.rapid"|"Nasopharyngeal swab"|258500001|06/17/2022|Negative|260385009
78|4244|10D2214779||OBryan|Breanna||08/06/2014||"10124 Lexington Pines Ave"|"Las Vegas"|FL|89129||Female|7022044894|"No Response"|0||0|1|0|0||0|OBryan||||||||"SARS-CoV-2 (COVID-19)"|Antigen|97097-0|"SARS-CoV-2 Ag Upper resp Ql IA.rapid"|"Nasopharyngeal swab"|258500001|06/17/2022|Negative|260385009
79|4244|10D2214779||Joffe|Stanley||12/16/1947||"3075 Soft Horizon Way"|"Las Vegas"|FL|89135||Male|2135071216|"No Response"|1||0|0|0|0||0|Joffe||||||||"SARS-CoV-2 (COVID-19)"|PCR|94500-6|"SARS-CoV-2 RNA Resp Ql NAA+probe"|"Nasopharyngeal swab"|258500001|06/17/2022|Negative|260385009
80|4244|10D2214779||"Gelbard Joffe"|Georgette||03/23/1955||"3075 Soft Horizon Way"|"Las Vegas"|FL|89135||Female|3108778771|"No Response"|1||0|0|0|0||0|"Gelbard Joffe"||||||||"SARS-CoV-2 (COVID-19)"|PCR|94500-6|"SARS-CoV-2 RNA Resp Ql NAA+probe"|"Nasopharyngeal swab"|258500001|06/17/2022|Negative|260385009
81|4244|10D2214779||Zaga|Miriam||10/27/1992||Unknown|Unknown|FL|99999||Female|7863962445|"No Response"|0||0|0|0|1||0|Zaga||||||||"SARS-CoV-2 (COVID-19)"|PCR|94500-6|"SARS-CoV-2 RNA Resp Ql NAA+probe"|"Nasopharyngeal swab"|258500001|06/17/2022|Negative|260385009
82|4244|10D2214779||Kanauss|Lorri||03/29/1972||"1235 Briar Rose Lane"|Quincy|FL|62305||Female|2174304545|"No Response"|1||0|0|0|0||0|Kanauss||||||||"SARS-CoV-2 (COVID-19)"|Antigen|97097-0|"SARS-CoV-2 Ag Upper resp Ql IA.rapid"|"Nasopharyngeal swab"|258500001|06/17/2022|Negative|260385009
83|4244|10D2214779||Kanauss|Alan||08/24/1969||"1235 Briar Rose Lane"|Quincy|FL|62305||Male|2174304543|"No Response"|1||0|0|0|0||0|Kanauss||||||||"SARS-CoV-2 (COVID-19)"|Antigen|97097-0|"SARS-CoV-2 Ag Upper resp Ql IA.rapid"|"Nasopharyngeal swab"|258500001|06/17/2022|Negative|260385009
84|4244|10D2214779||Kanauss|Landon||05/11/2004||"1235 Briar Rose Lane"|Quincy|FL|62305||Male|2174401418|"No Response"|1||0|0|0|0||0|Kanauss||||||||"SARS-CoV-2 (COVID-19)"|Antigen|97097-0|"SARS-CoV-2 Ag Upper resp Ql IA.rapid"|"Nasopharyngeal swab"|258500001|06/17/2022|Negative|260385009
85|4244|10D2214779||Kanauss|Lorral||01/07/2000||"1235 Briar Rose Lane"|Quincy|FL|62305||Female|2174305961|"No Response"|1||0|0|0|0||0|Kanauss||||||||"SARS-CoV-2 (COVID-19)"|Antigen|97097-0|"SARS-CoV-2 Ag Upper resp Ql IA.rapid"|"Nasopharyngeal swab"|258500001|06/17/2022|Negative|260385009
86|4244|10D2214779||Gibleon|Patricia||06/25/1952||"3350 Genevieve Drive"|Quincy|FL|62305||Female|2174304545|"No Response"|1||0|0|0|0||0|Gibleon||||||||"SARS-CoV-2 (COVID-19)"|Antigen|97097-0|"SARS-CoV-2 Ag Upper resp Ql IA.rapid"|"Nasopharyngeal swab"|258500001|06/17/2022|Negative|260385009
87|4244|10D2214779||Dorado|Juan||08/19/1992||Unknown|Unknown|FL|99999||Male|7863962445|"No Response"|0||0|0|0|1||0|Dorado||||||||"SARS-CoV-2 (COVID-19)"|PCR|94500-6|"SARS-CoV-2 RNA Resp Ql NAA+probe"|"Nasopharyngeal swab"|258500001|06/17/2022|Negative|260385009
88|4244|10D2214779||ROOT|KENT||10/29/1958||"6706 BOCA PINES TRAIL APT A"|"BOCA RATON"|FL|33433||Male|5613505478|"No Response"|1||0|0|0|0||0|ROOT||||||||"SARS-CoV-2 (COVID-19)"|Antigen|97097-0|"SARS-CoV-2 Ag Upper resp Ql IA.rapid"|"Nasopharyngeal swab"|258500001|06/17/2022|Negative|260385009
89|4244|10D2214779||MILLER|ANA||02/25/1954||"6706 BOCA PINES TRAIL  APT A"|"BOCA RATON"|FL|33433||Female|5613505478|"No Response"|1||0|0|0|0||0|MILLER||||||||"SARS-CoV-2 (COVID-19)"|Antigen|97097-0|"SARS-CoV-2 Ag Upper resp Ql IA.rapid"|"Nasopharyngeal swab"|258500001|06/17/2022|Negative|260385009
90|4244|10D2214779||Sinijärv|Anders||06/09/1960||"750 Ocean Dr"|"Miami Beach"|FL|33139||Male|9999999999|"No Response"|1||0|0|0|0||0|Sinijärv||||||||"SARS-CoV-2 (COVID-19)"|Antigen|97097-0|"SARS-CoV-2 Ag Upper resp Ql IA.rapid"|"Nasopharyngeal swab"|258500001|06/17/2022|Negative|260385009
91|4244|10D2214779||Sinijärv|Sandra||10/06/1965||"750 Ocean Dr"|"Miami Beach"|FL|33139||Female|9999999999|"No Response"|1||0|0|0|0||0|Sinijärv||||||||"SARS-CoV-2 (COVID-19)"|Antigen|97097-0|"SARS-CoV-2 Ag Upper resp Ql IA.rapid"|"Nasopharyngeal swab"|258500001|06/17/2022|Negative|260385009
92|4244|10D2214779||"Soerensen Nilsson"|"Birthe Agneta"||03/06/1958||"750 Ocean dr"|"Miami Beach"|FL|33139||Female|9999999999|"No Response"|1||0|0|0|0||0|"Soerensen Nilsson"||||||||"SARS-CoV-2 (COVID-19)"|Antigen|97097-0|"SARS-CoV-2 Ag Upper resp Ql IA.rapid"|"Nasopharyngeal swab"|258500001|06/17/2022|Negative|260385009
93|4244|10D2214779||Usher.|Howard||05/23/1953||Unknown|"Severn Ontario"|FL|99999||Male|14165004511|"No Response"|1||0|0|0|0||0|Usher.||||||||"SARS-CoV-2 (COVID-19)"|Antigen|97097-0|"SARS-CoV-2 Ag Upper resp Ql IA.rapid"|"Nasopharyngeal swab"|258500001|06/17/2022|Negative|260385009
94|4244|10D2214779||Green|Katherine||03/17/1958||Unknown|"Severn Ontario"|FL|99999||Female|14165004511|"No Response"|1||0|0|0|0||0|Green||||||||"SARS-CoV-2 (COVID-19)"|Antigen|97097-0|"SARS-CoV-2 Ag Upper resp Ql IA.rapid"|"Nasopharyngeal swab"|258500001|06/17/2022|Negative|260385009
95|4244|10D2214779||Almeida|Sara||10/25/1997||Unknown|Unknown|FL|99999||Female|7863962445|"No Response"|0||0|0|0|1||0|Almeida||||||||"SARS-CoV-2 (COVID-19)"|PCR|94500-6|"SARS-CoV-2 RNA Resp Ql NAA+probe"|"Nasopharyngeal swab"|258500001|06/17/2022|Negative|260385009
96|4244|10D2214779||Tatos|Michelle||10/02/1972||"2242 Tillman Ave"|"winter garden"|FL|34787||Female|8016520695|"No Response"|1||0|0|0|0||0|Tatos||||||||"SARS-CoV-2 (COVID-19)"|Antigen|97097-0|"SARS-CoV-2 Ag Upper resp Ql IA.rapid"|"Nasopharyngeal swab"|258500001|06/17/2022|Negative|260385009
97|4244|10D2214779||Tatos|Alexandru||07/01/2007||"2242 Tillman Ave"|"winter garden"|FL|34787||Male|8016520695|"No Response"|1||0|0|0|0||0|Tatos||||||||"SARS-CoV-2 (COVID-19)"|Antigen|97097-0|"SARS-CoV-2 Ag Upper resp Ql IA.rapid"|"Nasopharyngeal swab"|258500001|06/17/2022|Negative|260385009
98|4244|10D2214779||Nilsson|"Kenneth Reidar"||06/06/1957||"750 Ocean Dr"|"Miami Beach"|FL|33139||Male|9999999999|"No Response"|1||0|0|0|0||0|Nilsson||||||||"SARS-CoV-2 (COVID-19)"|Antigen|97097-0|"SARS-CoV-2 Ag Upper resp Ql IA.rapid"|"Nasopharyngeal swab"|258500001|06/17/2022|Negative|260385009
99|4244|10D2214779||Wilhelm|Ian||01/27/1981||Unknown|Unknown|FL|99999||Male|7863962445|"No Response"|0||0|0|0|1||0|Wilhelm||||||||"SARS-CoV-2 (COVID-19)"|PCR|94500-6|"SARS-CoV-2 RNA Resp Ql NAA+probe"|"Nasopharyngeal swab"|258500001|06/17/2022|Negative|260385009
100|4244|10D2214779||Goston|Nekeya||08/15/1991||"1748 N. Long Ave"|Chicago|FL|60639||Female|9999999999|"No Response"|0||0|0|0|0||0|Goston||||||||"SARS-CoV-2 (COVID-19)"|Antigen|97097-0|"SARS-CoV-2 Ag Upper resp Ql IA.rapid"|"Nasopharyngeal swab"|258500001|06/17/2022|Negative|260385009
101|4244|10D2214779||Spencer|Marchello||08/17/1982||"3942 W. Jackson Blvd"|Chicago|FL|60624||Male|7736307021|"No Response"|0||0|0|0|0||0|Spencer||||||||"SARS-CoV-2 (COVID-19)"|Antigen|97097-0|"SARS-CoV-2 Ag Upper resp Ql IA.rapid"|"Nasopharyngeal swab"|258500001|06/17/2022|Negative|260385009
102|4244|10D2214779||Conway|Pete||06/12/1963||"295 ne 5th ave"|"Delray Beach"|FL|33483||Male|4047543057|"No Response"|1||0|0|0|0||0|Conway||||||||"SARS-CoV-2 (COVID-19)"|Antigen|97097-0|"SARS-CoV-2 Ag Upper resp Ql IA.rapid"|"Nasopharyngeal swab"|258500001|06/17/2022|Negative|260385009
103|4244|10D2214779||Conway|Bonnie||02/06/1960||"295 ne 5th ave"|"Delray Beach"|FL|33483||Female|4047543057|"No Response"|1||0|0|0|0||0|Conway||||||||"SARS-CoV-2 (COVID-19)"|Antigen|97097-0|"SARS-CoV-2 Ag Upper resp Ql IA.rapid"|"Nasopharyngeal swab"|258500001|06/17/2022|Negative|260385009
104|4244|10D2214779||"ALONSO ORTIZ"|AMPARO||10/30/1950||"8305 BOB O LINK DR"|"WEST PALM BEACH"|FL|33412||Female|7865019053|"No Response"|0||0|0|0|0||0|"ALONSO ORTIZ"||||||||"SARS-CoV-2 (COVID-19)"|Antigen|97097-0|"SARS-CoV-2 Ag Upper resp Ql IA.rapid"|"Nasopharyngeal swab"|258500001|06/17/2022|Negative|260385009
105|4244|10D2214779||garcet|giraldo||01/07/1971||"8305 BOB O LINK DR"|"WEST PALM BEACH"|FL|33412||Male|7865019053|"No Response"|0||0|0|0|0||0|garcet||||||||"SARS-CoV-2 (COVID-19)"|Antigen|97097-0|"SARS-CoV-2 Ag Upper resp Ql IA.rapid"|"Nasopharyngeal swab"|258500001|06/17/2022|Negative|260385009
106|4244|10D2214779||ALONSO-GARCET|DANIELA||03/13/1978||"8305 BOB O LINK DR"|"WEST PALM BEACH"|FL|33412||Female|7865019053|"No Response"|0||0|0|0|0||0|ALONSO-GARCET||||||||"SARS-CoV-2 (COVID-19)"|Antigen|97097-0|"SARS-CoV-2 Ag Upper resp Ql IA.rapid"|"Nasopharyngeal swab"|258500001|06/17/2022|Negative|260385009
107|4244|10D2214779||Wetteborn|"Kent Vincent"||06/17/1952||"146 Biscayne Boulevard"|Miami|FL|33132||Male|9999999999|"No Response"|1||0|0|0|0||0|Wetteborn||||||||"SARS-CoV-2 (COVID-19)"|Antigen|97097-0|"SARS-CoV-2 Ag Upper resp Ql IA.rapid"|"Nasopharyngeal swab"|258500001|06/17/2022|Negative|260385009
108|4244|10D2214779||Wetteborn|"Christina Maria"||05/04/1954||"146 Biscayne Boulevard"|Miami|FL|33132||Female|9999999999|"No Response"|1||0|0|0|0||0|Wetteborn||||||||"SARS-CoV-2 (COVID-19)"|Antigen|97097-0|"SARS-CoV-2 Ag Upper resp Ql IA.rapid"|"Nasopharyngeal swab"|258500001|06/17/2022|Negative|260385009
109|4244|10D2214779||Brabham|Brett||10/05/1971||"30298 Deaux Run"|Albany|FL|70711||Male|2259331832|"No Response"|1||0|0|0|0||0|Brabham||||||||"SARS-CoV-2 (COVID-19)"|Antigen|97097-0|"SARS-CoV-2 Ag Upper resp Ql IA.rapid"|"Nasopharyngeal swab"|258500001|06/17/2022|Negative|260385009
110|4244|10D2214779||Brabham|Kimberly||11/12/1971||"30298 Deaux Run"|Albany|FL|70711||Female|2257156031|"No Response"|1||0|0|0|0||0|Brabham||||||||"SARS-CoV-2 (COVID-19)"|PCR|94500-6|"SARS-CoV-2 RNA Resp Ql NAA+probe"|"Nasopharyngeal swab"|258500001|06/17/2022|Negative|260385009
111|4244|10D2214779||Bethel|David||11/25/1988||"1535 South Perimeter RD"|"Fort Lauderdale"|FL|33309||Male|7863962445|"No Response"|1||0|0|0|0||0|Bethel||||||||"SARS-CoV-2 (COVID-19)"|Antigen|97097-0|"SARS-CoV-2 Ag Upper resp Ql IA.rapid"|"Nasopharyngeal swab"|258500001|06/17/2022|Negative|260385009
112|4244|10D2214779||Chen|Evonne||10/01/1967||"427 Lisbon St."|"San Francisco"|FL|94112||Female|4152692701|"No Response"|0||0|1|0|0||0|Chen||||||||"SARS-CoV-2 (COVID-19)"|PCR|94500-6|"SARS-CoV-2 RNA Resp Ql NAA+probe"|"Nasopharyngeal swab"|258500001|06/17/2022|Negative|260385009
113|4244|10D2214779||Chandarpal|"Rabindranauth Ramanand"||12/20/1979||Unknown|Unknown|FL|99999||Male|5926876646|"No Response"|0||0|0|0|0||1|Chandarpal||||||||"SARS-CoV-2 (COVID-19)"|Antigen|97097-0|"SARS-CoV-2 Ag Upper resp Ql IA.rapid"|"Nasopharyngeal swab"|258500001|06/17/2022|Negative|260385009
114|4244|10D2214779||Renz|"Sabine Theresia"||04/25/1963||Unknown|Unknown|FL|99999||Female|7863962445|"No Response"|0||0|0|0|0||1|Renz||||||||"SARS-CoV-2 (COVID-19)"|Antigen|97097-0|"SARS-CoV-2 Ag Upper resp Ql IA.rapid"|"Nasopharyngeal swab"|258500001|06/17/2022|Negative|260385009
115|4244|10D2214779||Besier|"Karlheinz Wolfgang"||08/03/1962||Unknown|Unknown|FL|99999||Male|7863962445|"No Response"|0||0|0|0|0||1|Besier||||||||"SARS-CoV-2 (COVID-19)"|Antigen|97097-0|"SARS-CoV-2 Ag Upper resp Ql IA.rapid"|"Nasopharyngeal swab"|258500001|06/17/2022|Negative|260385009
116|4244|10D2214779||Ramgattie|Tricia||09/28/1982||Unknown|Unknown|FL|99999||Female|8687398964|"No Response"|0||0|0|0|1||0|Ramgattie||||||||"SARS-CoV-2 (COVID-19)"|Antigen|97097-0|"SARS-CoV-2 Ag Upper resp Ql IA.rapid"|"Nasopharyngeal swab"|258500001|06/17/2022|Negative|260385009
117|4244|10D2214779||Ramgattie|Dolores||04/06/1960||Unknown|Unknown|FL|99999||Female|8687398964|"No Response"|0||0|0|0|1||0|Ramgattie||||||||"SARS-CoV-2 (COVID-19)"|Antigen|97097-0|"SARS-CoV-2 Ag Upper resp Ql IA.rapid"|"Nasopharyngeal swab"|258500001|06/17/2022|Negative|260385009
118|4244|10D2214779||Ramgattie|Samantha||11/26/1985||Unknown|Unknown|FL|99999||Female|8687204133|"No Response"|0||0|0|0|1||0|Ramgattie||||||||"SARS-CoV-2 (COVID-19)"|Antigen|97097-0|"SARS-CoV-2 Ag Upper resp Ql IA.rapid"|"Nasopharyngeal swab"|258500001|06/17/2022|Negative|260385009
119|4244|10D2214779||Hannah|Lynne||12/30/1964||Unknown|Unknown|FL|99999||Female|9999999999|"No Response"|1||0|0|0|0||0|Hannah||||||||"SARS-CoV-2 (COVID-19)"|Antigen|97097-0|"SARS-CoV-2 Ag Upper resp Ql IA.rapid"|"Nasopharyngeal swab"|258500001|06/17/2022|Negative|260385009
120|4244|10D2214779||Hardman|Pauline||02/08/1942||Unknown|Unknown|FL|99999||Female|9999999999|"No Response"|1||0|0|0|0||0|Hardman||||||||"SARS-CoV-2 (COVID-19)"|Antigen|97097-0|"SARS-CoV-2 Ag Upper resp Ql IA.rapid"|"Nasopharyngeal swab"|258500001|06/17/2022|Negative|260385009
121|4244|10D2214779||"Aponte Cintron"|"Luis G"||11/16/1957||Unknown|Unknown|FL|99999||Male|7874693277|"No Response"|0||0|0|0|0||1|"Aponte Cintron"||||||||"SARS-CoV-2 (COVID-19)"|Antigen|97097-0|"SARS-CoV-2 Ag Upper resp Ql IA.rapid"|"Nasopharyngeal swab"|258500001|06/17/2022|Negative|260385009
122|4244|10D2214779||"Roldan Ramos"|"Ana M"||03/24/1959||Unknown|Unknown|FL|99999||Female|7874693277|"No Response"|0||0|0|0|0||1|"Roldan Ramos"||||||||"SARS-CoV-2 (COVID-19)"|Antigen|97097-0|"SARS-CoV-2 Ag Upper resp Ql IA.rapid"|"Nasopharyngeal swab"|258500001|06/17/2022|Negative|260385009
123|4244|10D2214779||"Aponte Roldan"|"Luis G"||06/13/1986||"2014 SE 18th st"|Homestead|FL|33035||Male|7874693277|"No Response"|0||0|0|0|0||1|"Aponte Roldan"||||||||"SARS-CoV-2 (COVID-19)"|Antigen|97097-0|"SARS-CoV-2 Ag Upper resp Ql IA.rapid"|"Nasopharyngeal swab"|258500001|06/17/2022|Negative|260385009
124|4244|10D2214779||Mahabir|Gail||02/25/1970||"3924 promenade Square Dr Apt 5322"|Orlando|FL|32837||Female|4073833526|"No Response"|0||0|0|0|0||0|Mahabir||||||||"SARS-CoV-2 (COVID-19)"|Antigen|97097-0|"SARS-CoV-2 Ag Upper resp Ql IA.rapid"|"Nasopharyngeal swab"|258500001|06/17/2022|Negative|260385009
125|4244|10D2214779||Burrows|"Renee Marie"||09/13/1962||Unknown|Unknown|FL|99999||Female|9546610557|"No Response"|0||0|0|0|0||1|Burrows||||||||"SARS-CoV-2 (COVID-19)"|Antigen|97097-0|"SARS-CoV-2 Ag Upper resp Ql IA.rapid"|"Nasopharyngeal swab"|258500001|06/17/2022|Negative|260385009
126|4244|10D2214779||Burrows|"Keith Tyrone"||01/30/1964||Unknown|Unknown|FL|99999||Male|9546610557|"No Response"|0||0|0|0|0||1|Burrows||||||||"SARS-CoV-2 (COVID-19)"|Antigen|97097-0|"SARS-CoV-2 Ag Upper resp Ql IA.rapid"|"Nasopharyngeal swab"|258500001|06/17/2022|Negative|260385009
127|4244|10D2214779||Hinkle|Sandra||10/25/1955||"8024 Villa Arbol Ct"|"Las Vegas"|FL|89131||Female|7024239939|"No Response"|1||0|0|0|0||0|Hinkle||||||||"SARS-CoV-2 (COVID-19)"|Antigen|97097-0|"SARS-CoV-2 Ag Upper resp Ql IA.rapid"|"Nasopharyngeal swab"|258500001|06/17/2022|Negative|260385009
128|4244|10D2214779||Kelly|Philippa||06/30/1985||Unknown|Unknown|FL|99999||Female|5618180682|"No Response"|0||0|0|0|0||1|Kelly||||||||"SARS-CoV-2 (COVID-19)"|PCR|94500-6|"SARS-CoV-2 RNA Resp Ql NAA+probe"|"Nasopharyngeal swab"|258500001|06/17/2022|Negative|260385009
129|4244|10D2214779||"Bechara Marcano"|"Elian Jose"||11/08/1999||Unknown|Unknown|FL|99999||Male|16892478996|"No Response"|0||0|0|0|0||0|"Bechara Marcano"||||||||"SARS-CoV-2 (COVID-19)"|Antigen|97097-0|"SARS-CoV-2 Ag Upper resp Ql IA.rapid"|"Nasopharyngeal swab"|258500001|06/17/2022|Negative|260385009
130|4244|10D2214779||Bellajaro|Theresa||10/14/1946||"6219 Cumberland Gap Ave"|"Las Vegas"|FL|89122||Female|7028606570|"No Response"|0||0|1|0|0||0|Bellajaro||||||||"SARS-CoV-2 (COVID-19)"|Antigen|97097-0|"SARS-CoV-2 Ag Upper resp Ql IA.rapid"|"Nasopharyngeal swab"|258500001|06/17/2022|Negative|260385009
131|4244|10D2214779||Flanner|"Kenneth L"||07/15/1950||"6219 Cumberland Gap Ave"|"Las Vegas"|FL|89122||Male|7028606570|"No Response"|1||0|0|0|0||0|Flanner||||||||"SARS-CoV-2 (COVID-19)"|Antigen|97097-0|"SARS-CoV-2 Ag Upper resp Ql IA.rapid"|"Nasopharyngeal swab"|258500001|06/17/2022|Negative|260385009
132|4244|10D2214779||Cebotari|Mariana||11/07/1987||Unknown|Unknown|FL|99999||Female|7863962445|"No Response"|0||0|0|0|0||1|Cebotari||||||||"SARS-CoV-2 (COVID-19)"|Antigen|97097-0|"SARS-CoV-2 Ag Upper resp Ql IA.rapid"|"Nasopharyngeal swab"|258500001|06/17/2022|Negative|260385009
133|4244|10D2214779||"Vaz Moreira"|"Simao Gil"||12/30/1978||Unknown|Unknown|FL|99999||Male|7863962445|"No Response"|0||0|0|0|0||1|"Vaz Moreira"||||||||"SARS-CoV-2 (COVID-19)"|Antigen|97097-0|"SARS-CoV-2 Ag Upper resp Ql IA.rapid"|"Nasopharyngeal swab"|258500001|06/17/2022|Negative|260385009
134|4244|10D2214779||Child|Mark||04/08/1962||Unknown|Unknown|FL|99999||Male|9999999999|"No Response"|1||0|0|0|0||0|Child||||||||"SARS-CoV-2 (COVID-19)"|PCR|94500-6|"SARS-CoV-2 RNA Resp Ql NAA+probe"|"Nasopharyngeal swab"|258500001|06/17/2022|Negative|260385009
135|4244|10D2214779||Gari|Maritza||08/13/1960||Unknown|Unknown|FL|99999||Female|3054092741|"No Response"|0||0|0|0|0||1|Gari||||||||"SARS-CoV-2 (COVID-19)"|Antigen|97097-0|"SARS-CoV-2 Ag Upper resp Ql IA.rapid"|"Nasopharyngeal swab"|258500001|06/17/2022|Negative|260385009
136|4244|10D2214779||Gari|Maritza||08/13/1960||Unknown|Unknown|FL|99999||Female|3054092741|"No Response"|0||0|0|0|0||1|Gari||||||||"SARS-CoV-2 (COVID-19)"|Antigen|97097-0|"SARS-CoV-2 Ag Upper resp Ql IA.rapid"|"Nasopharyngeal swab"|258500001|06/17/2022|Negative|260385009
137|4244|10D2214779||Krafel|Ken||10/14/1968||"5145 Oak Valley Dr"|Madison|FL|53704||Male|6086988460|"No Response"|1||0|0|0|0||0|Krafel||||||||"SARS-CoV-2 (COVID-19)"|Antigen|97097-0|"SARS-CoV-2 Ag Upper resp Ql IA.rapid"|"Nasopharyngeal swab"|258500001|06/17/2022|Negative|260385009
138|4244|10D2214779||Ludicke|Daniel||09/27/1989||Unknown|Unknown|FL|99999||Male|7863962445|"No Response"|0||0|0|0|0||1|Ludicke||||||||"SARS-CoV-2 (COVID-19)"|Antigen|97097-0|"SARS-CoV-2 Ag Upper resp Ql IA.rapid"|"Nasopharyngeal swab"|258500001|06/17/2022|Negative|260385009
139|4244|10D2214779||Lippe|Julia||06/02/1994||Unknown|Unknown|FL|99999||Female|7863962445|"No Response"|0||0|0|0|0||1|Lippe||||||||"SARS-CoV-2 (COVID-19)"|Antigen|97097-0|"SARS-CoV-2 Ag Upper resp Ql IA.rapid"|"Nasopharyngeal swab"|258500001|06/17/2022|Positive|10828004
140|4244|10D2214779||Mendez|Chris||03/02/1969||"461 Sw 18th ct"|"Pompano beach"|FL|33060||Male|9178066099|"No Response"|0||0|0|0|0||0|Mendez||||||||"SARS-CoV-2 (COVID-19)"|Antigen|97097-0|"SARS-CoV-2 Ag Upper resp Ql IA.rapid"|"Nasopharyngeal swab"|258500001|06/17/2022|Negative|260385009
141|4244|10D2214779||Tyler|Selina||09/03/1968||"111 Harrington Road"|"Newport News"|FL|23602||Female|3014558812|"No Response"|0||0|0|0|0||0|Tyler||||||||"SARS-CoV-2 (COVID-19)"|Antigen|97097-0|"SARS-CoV-2 Ag Upper resp Ql IA.rapid"|"Nasopharyngeal swab"|258500001|06/17/2022|Negative|260385009
142|4244|10D2214779||Tyler|Warren||07/16/1963||"111 Harrington Rd"|"Newport News"|FL|23602||Male|7572687290|"No Response"|0||0|0|0|0||0|Tyler||||||||"SARS-CoV-2 (COVID-19)"|Antigen|97097-0|"SARS-CoV-2 Ag Upper resp Ql IA.rapid"|"Nasopharyngeal swab"|258500001|06/17/2022|Negative|260385009
143|4244|10D2214779||Buckley|Nicholas||08/28/1978||Unknown|Unknown|FL|99999||Male|4155962612|"No Response"|0||0|0|0|0||1|Buckley||||||||"SARS-CoV-2 (COVID-19)"|Antigen|97097-0|"SARS-CoV-2 Ag Upper resp Ql IA.rapid"|"Nasopharyngeal swab"|258500001|06/17/2022|Positive|10828004
144|4244|10D2214779||Davis|James||07/03/1978||Unknown|Unknown|FL|99999||Male|9258267929|"No Response"|1||0|0|0|0||0|Davis||||||||"SARS-CoV-2 (COVID-19)"|Antigen|97097-0|"SARS-CoV-2 Ag Upper resp Ql IA.rapid"|"Nasopharyngeal swab"|258500001|06/17/2022|Negative|260385009
145|4244|10D2214779||Dames|"Zhivago Henry"||03/18/1972||Unknown|Unknown|FL|99999||Male|2423761928|"No Response"|0||0|0|0|0||1|Dames||||||||"SARS-CoV-2 (COVID-19)"|Antigen|97097-0|"SARS-CoV-2 Ag Upper resp Ql IA.rapid"|"Nasopharyngeal swab"|258500001|06/17/2022|Negative|260385009
146|4244|10D2214779||White|"Nick Antwaun"||12/10/1988||Unknown|Unknown|FL|99999||Male|7868332863|"No Response"|0||0|0|0|0||1|White||||||||"SARS-CoV-2 (COVID-19)"|Antigen|97097-0|"SARS-CoV-2 Ag Upper resp Ql IA.rapid"|"Nasopharyngeal swab"|258500001|06/17/2022|Negative|260385009
147|4244|10D2214779||Almeida|Sara||10/25/1997||Unknown|Unknown|FL|99999||Female|7863962445|"No Response"|0||0|0|0|1||0|Almeida||||||||"SARS-CoV-2 (COVID-19)"|PCR|94500-6|"SARS-CoV-2 RNA Resp Ql NAA+probe"|"Nasopharyngeal swab"|258500001|06/24/2022|Negative|260385009
