RecordID|FacilityID|CLIAID|PatientID|LastName|FirstName|MiddleName|DOB|SSN|StreetAddress|City|State|Zip|County|Gender|PhoneNumber|Ethnicity|RaceWhite|RaceBlack|RaceAmericanIndianAlaskanNative|RaceAsian|RaceNativeHawaiianOrOtherPacificIslander|RaceOther|RaceUnknown|RaceNoResponse|ProviderName|NPI|Pregnant|SchoolAssociation|SchoolName|MeetILIDefinition|PerformingLab|AccessionNumber|Pathogen|TestType|LOINC|LOINCShortName|SpecimenCollectionType|SpecimenSNOMED|SpecimenCollectedDate|Result|ResultSNOMED
1|4244|10D2214779||Lama|Miguel||02/01/1975||"211 Berenger Walk"|"Royal Palm Beach"|FL|33414||Male|3053109479|"No Response"|0||0|0|0|0||0|Lama||||||||"SARS-CoV-2 (COVID-19)"|PCR|94500-6|"SARS-CoV-2 RNA Resp Ql NAA+probe"|"Nasopharyngeal swab"|258500001|10/05/2021|Negative|260385009
2|4244|10D2214779||Khan|"Marc Bevan Alain"||02/05/1988||"766 NW 99 Circle"|Plantation|FL|33324||Male|9547090949|"No Response"|0||0|1|0|0||0|Khan||||||||"SARS-CoV-2 (COVID-19)"|Antigen|97097-0|"SARS-CoV-2 Ag Upper resp Ql IA.rapid"|"Nasopharyngeal swab"|258500001|10/21/2021|Negative|260385009
3|4244|10D2214779||Lama|Miguel||02/01/1975||"211 Berenger Walk"|"Royal Palm Beach"|FL|33414||Male|3053109479|"No Response"|0||0|0|0|0||0|Lama||||||||"SARS-CoV-2 (COVID-19)"|PCR|94500-6|"SARS-CoV-2 RNA Resp Ql NAA+probe"|"Nasopharyngeal swab"|258500001|11/25/2021|Negative|260385009
4|4244|10D2214779||Parker|Donald||06/04/1965||"203 Nandina Terrace"|"Winter Springs"|FL|32708||Male|3212584242|"No Response"|1||0|0|0|0||0|Parker||||||||"SARS-CoV-2 (COVID-19)"|Antigen|97097-0|"SARS-CoV-2 Ag Upper resp Ql IA.rapid"|"Nasopharyngeal swab"|258500001|02/17/2022|Negative|260385009
5|4244|10D2214779||Khan|"Marc Bevan Alain"||02/05/1988||"766 NW 99 Circle"|Plantation|FL|33324||Male|9547090949|"No Response"|0||0|1|0|0||0|Khan||||||||"SARS-CoV-2 (COVID-19)"|Antigen|97097-0|"SARS-CoV-2 Ag Upper resp Ql IA.rapid"|"Nasopharyngeal swab"|258500001|02/21/2022|Negative|260385009
6|4244|10D2214779||Villanueva|"Massimiliano Grey"||01/01/1970||"788 Brickell Plaza"|Miami|FL|33131||Male|3069654786|"No Response"|0||0|0|0|0||0|Villanueva||||||||"SARS-CoV-2 (COVID-19)"|Antigen|97097-0|"SARS-CoV-2 Ag Upper resp Ql IA.rapid"|"Nasopharyngeal swab"|258500001|05/01/2022|Negative|260385009
7|4244|10D2214779||Parker|Donald||06/04/1965||"203 Nandina Terrace"|"Winter Springs"|FL|32708||Male|3212584242|"No Response"|1||0|0|0|0||0|Parker||||||||"SARS-CoV-2 (COVID-19)"|Antigen|97097-0|"SARS-CoV-2 Ag Upper resp Ql IA.rapid"|"Nasopharyngeal swab"|258500001|06/14/2022|Negative|260385009
8|4244|10D2214779||Parker|Donald||06/04/1965||"203 Nandina Terrace"|"Winter Springs"|FL|32708||Male|3212584242|"No Response"|1||0|0|0|0||0|Parker||||||||"SARS-CoV-2 (COVID-19)"|Antigen|97097-0|"SARS-CoV-2 Ag Upper resp Ql IA.rapid"|"Nasopharyngeal swab"|258500001|06/21/2022|Negative|260385009
9|4244|10D2214779||Antonione|Enzo||10/01/2001||"1289 chenille circle"|Weston|FL|33327||Male|3126236850|"No Response"|0||0|0|0|0||0|Antonione||||||||"SARS-CoV-2 (COVID-19)"|PCR|94500-6|"SARS-CoV-2 RNA Resp Ql NAA+probe"|"Nasopharyngeal swab"|258500001|06/27/2022|Negative|260385009
10|4244|10D2214779||Parker|Donald||06/04/1965||"203 Nandina Terrace"|"Winter Springs"|FL|32708||Male|3212584242|"No Response"|1||0|0|0|0||0|Parker||||||||"SARS-CoV-2 (COVID-19)"|Antigen|97097-0|"SARS-CoV-2 Ag Upper resp Ql IA.rapid"|"Nasopharyngeal swab"|258500001|06/27/2022|Negative|260385009
11|4244|10D2214779||Lama|Miguel||02/01/1975||"211 Berenger Walk"|"Royal Palm Beach"|FL|33414||Male|3053109479|"No Response"|0||0|0|0|0||0|Lama||||||||"SARS-CoV-2 (COVID-19)"|PCR|94500-6|"SARS-CoV-2 RNA Resp Ql NAA+probe"|"Nasopharyngeal swab"|258500001|06/27/2022|Negative|260385009
12|4244|10D2214779||Gill|Lance||01/01/1975||"208 Seabreeze Circle"|Jupiter|FL|33477||Male|7609083038|"No Response"|1||0|0|0|0||0|Gill||||||||"SARS-CoV-2 (COVID-19)"|PCR|94500-6|"SARS-CoV-2 RNA Resp Ql NAA+probe"|"Nasopharyngeal swab"|258500001|06/27/2022|Negative|260385009
13|4244|10D2214779||Khan|"Marc Bevan Alain"||02/05/1988||"766 NW 99 Circle"|Plantation|FL|33324||Male|9547090949|"No Response"|0||0|1|0|0||0|Khan||||||||"SARS-CoV-2 (COVID-19)"|Antigen|97097-0|"SARS-CoV-2 Ag Upper resp Ql IA.rapid"|"Nasopharyngeal swab"|258500001|06/27/2022|Negative|260385009
14|4244|10D2214779||Grangaard|Alesia||08/07/1966||"8208 Arch Bay Lane"|"Las Vegas"|FL|89128||Female|7024619300|"No Response"|0||0|0|0|0||0|Grangaard||||||||"SARS-CoV-2 (COVID-19)"|PCR|94500-6|"SARS-CoV-2 RNA Resp Ql NAA+probe"|"Nasopharyngeal swab"|258500001|06/27/2022|Negative|260385009
15|4244|10D2214779||Martinez|"Carlos Alberto"||01/25/1972||"14010 ne 3 ct apt 2"|miami|FL|33162||Male|7862526635|"No Response"|0||0|0|0|0||0|Martinez||||||||"SARS-CoV-2 (COVID-19)"|Antigen|97097-0|"SARS-CoV-2 Ag Upper resp Ql IA.rapid"|"Nasopharyngeal swab"|258500001|06/27/2022|Negative|260385009
16|4244|10D2214779||Titus|Celeste||05/28/1980||"1050 Caribbean way"|Miami|FL|33132||Female|7867107902|"No Response"|0||0|0|0|1||0|Titus||||||||"SARS-CoV-2 (COVID-19)"|Antigen|97097-0|"SARS-CoV-2 Ag Upper resp Ql IA.rapid"|"Nasopharyngeal swab"|258500001|06/27/2022|Negative|260385009
17|4244|10D2214779||Villanueva|"Vera Ingrid"||01/01/1970||"788 Brickell Plaza"|Miami|FL|33131||Female|9999999999|"No Response"|0||0|0|0|0||0|Villanueva||||||||"SARS-CoV-2 (COVID-19)"|Antigen|97097-0|"SARS-CoV-2 Ag Upper resp Ql IA.rapid"|"Nasopharyngeal swab"|258500001|06/27/2022|Negative|260385009
18|4244|10D2214779||Villanueva|"Massimiliano Grey"||01/01/1970||"788 Brickell Plaza"|Miami|FL|33131||Male|3069654786|"No Response"|0||0|0|0|0||0|Villanueva||||||||"SARS-CoV-2 (COVID-19)"|Antigen|97097-0|"SARS-CoV-2 Ag Upper resp Ql IA.rapid"|"Nasopharyngeal swab"|258500001|06/27/2022|Negative|260385009
