RecordID|FacilityID|CLIAID|PatientID|LastName|FirstName|MiddleName|DOB|SSN|StreetAddress|City|State|Zip|County|Gender|PhoneNumber|Ethnicity|RaceWhite|RaceBlack|RaceAmericanIndianAlaskanNative|RaceAsian|RaceNativeHawaiianOrOtherPacificIslander|RaceOther|RaceUnknown|RaceNoResponse|ProviderName|NPI|Pregnant|SchoolAssociation|SchoolName|MeetILIDefinition|PerformingLab|AccessionNumber|Pathogen|TestType|LOINC|LOINCShortName|SpecimenCollectionType|SpecimenSNOMED|SpecimenCollectedDate|Result|ResultSNOMED
1|4244|10D2214779||Martinez|Francisco||12/18/1970||"1610 North West 33 street."|Miami|FL|33142||Male|17864748515|"No Response"|0||0|0|0|0||0|Martinez||||||||"SARS-CoV-2 (COVID-19)"|Antigen|97097-0|"SARS-CoV-2 Ag Upper resp Ql IA.rapid"|"Nasopharyngeal swab"|258500001|08/12/2021|Negative|260385009
2|4244|10D2214779||"Estrada Fernandez Salvador"|"Elisa Maria"||07/14/1976||"450 Alton Road"|"Miami Beach"|FL|33139||Female|3058772598|"No Response"|1||0|0|0|0||0|"Estrada Fernandez Salvador"||||||||"SARS-CoV-2 (COVID-19)"|PCR|94500-6|"SARS-CoV-2 RNA Resp Ql NAA+probe"|"Nasopharyngeal swab"|258500001|09/07/2021|Negative|260385009
3|4244|10D2214779||schneidau|william||10/08/1956||"6271 shadow tree lane"|"lake worth"|FL|33463||Male|5613853825|"No Response"|1||0|0|0|0||0|schneidau||||||||"SARS-CoV-2 (COVID-19)"|Antigen|97097-0|"SARS-CoV-2 Ag Upper resp Ql IA.rapid"|"Nasopharyngeal swab"|258500001|09/16/2021|Negative|260385009
4|4244|10D2214779||schneidau|william||10/08/1956||"6271 Shadow Tree Lane"|"Lake Worth"|FL|33463||Male|5613853825|"No Response"|1||0|0|0|0||0|schneidau||||||||"SARS-CoV-2 (COVID-19)"|Antigen|97097-0|"SARS-CoV-2 Ag Upper resp Ql IA.rapid"|"Nasopharyngeal swab"|258500001|10/21/2021|Negative|260385009
5|4244|10D2214779||schneidau|louann||08/19/1960||"6271 Shadow Tree Lane"|"Lake Worth"|FL|33463||Female|5616628841|"No Response"|1||0|0|0|0||0|schneidau||||||||"SARS-CoV-2 (COVID-19)"|Antigen|97097-0|"SARS-CoV-2 Ag Upper resp Ql IA.rapid"|"Nasopharyngeal swab"|258500001|10/21/2021|Negative|260385009
6|4244|10D2214779||Boza|Humberto||04/05/1946||"4784 nw 2 place"|Plantation|FL|33317||Male|9999999999|"No Response"|0||0|0|0|0||0|Boza||||||||"SARS-CoV-2 (COVID-19)"|Antigen|97097-0|"SARS-CoV-2 Ag Upper resp Ql IA.rapid"|"Nasopharyngeal swab"|258500001|11/03/2021|Negative|260385009
7|4244|10D2214779||schneidau|william||10/08/1956||"6271 shadow tree lane"|"lake worth"|FL|33463||Male|5613853825|"No Response"|1||0|0|0|0||0|schneidau||||||||"SARS-CoV-2 (COVID-19)"|Antigen|97097-0|"SARS-CoV-2 Ag Upper resp Ql IA.rapid"|"Nasopharyngeal swab"|258500001|11/19/2021|Negative|260385009
8|4244|10D2214779||schneidau|louann||08/19/1960||"6271 shadow tree lane"|"lake worth"|FL|33463||Female|5616628841|"No Response"|1||0|0|0|0||0|schneidau||||||||"SARS-CoV-2 (COVID-19)"|Antigen|97097-0|"SARS-CoV-2 Ag Upper resp Ql IA.rapid"|"Nasopharyngeal swab"|258500001|11/19/2021|Negative|260385009
9|4244|10D2214779||Rowe|Jonathan||11/04/1966||"242 Grenada dr"|Jupiter|FL|33458||Male|5616292013|"No Response"|1||0|0|0|0||0|Rowe||||||||"SARS-CoV-2 (COVID-19)"|Antigen|97097-0|"SARS-CoV-2 Ag Upper resp Ql IA.rapid"|"Nasopharyngeal swab"|258500001|11/22/2021|Negative|260385009
10|4244|10D2214779||Martinez|Francisco||12/18/1970||Unknown|Unknown|FL|99999|||17864748515|"No Response"|0||0|0|0|0||1|Martinez||||||||"SARS-CoV-2 (COVID-19)"|Antigen|97097-0|"SARS-CoV-2 Ag Upper resp Ql IA.rapid"|"Nasopharyngeal swab"|258500001|11/23/2021|Negative|260385009
11|4244|10D2214779||Barrett|Robert||11/09/1956||"46983 Oak Street"|"East LIverpool"|FL|43920||Male|3308530442|"No Response"|1||0|0|0|0||0|Barrett||||||||"SARS-CoV-2 (COVID-19)"|Antigen|97097-0|"SARS-CoV-2 Ag Upper resp Ql IA.rapid"|"Nasopharyngeal swab"|258500001|12/02/2021|Negative|260385009
12|4244|10D2214779||Barrett|Deborah||09/06/1958||"46983 Oak Street"|"East Liverpool"|FL|43920||Female|3308436540|"No Response"|1||0|0|0|0||0|Barrett||||||||"SARS-CoV-2 (COVID-19)"|Antigen|97097-0|"SARS-CoV-2 Ag Upper resp Ql IA.rapid"|"Nasopharyngeal swab"|258500001|12/02/2021|Negative|260385009
13|4244|10D2214779||Boza|Humberto||04/05/1946||"4784 NW 2 Place"|Plantation|FL|33317||Male|9999999999|"No Response"|0||0|0|0|0||0|Boza||||||||"SARS-CoV-2 (COVID-19)"|Antigen|97097-0|"SARS-CoV-2 Ag Upper resp Ql IA.rapid"|"Nasopharyngeal swab"|258500001|12/16/2021|Negative|260385009
14|4244|10D2214779||schneidau|william||10/08/1956||"6271 Shadow Tree Lane"|"Lake Worth"|FL|33463||Male|5613853825|"No Response"|1||0|0|0|0||0|schneidau||||||||"SARS-CoV-2 (COVID-19)"|Antigen|97097-0|"SARS-CoV-2 Ag Upper resp Ql IA.rapid"|"Nasopharyngeal swab"|258500001|12/24/2021|Negative|260385009
15|4244|10D2214779||schneidau|louann||08/19/1960||"6271 Shadow Tree Lane"|"Lake Worth"|FL|33463||Female|5616628841|"No Response"|1||0|0|0|0||0|schneidau||||||||"SARS-CoV-2 (COVID-19)"|Antigen|97097-0|"SARS-CoV-2 Ag Upper resp Ql IA.rapid"|"Nasopharyngeal swab"|258500001|12/24/2021|Negative|260385009
16|4244|10D2214779||Garber|Marvyn||11/15/1938||"152 Las Brisas Circle"|Hypoluxo|FL|33462||Male|5615235089|"No Response"|1||0|0|0|0||0|Garber||||||||"SARS-CoV-2 (COVID-19)"|Antigen|97097-0|"SARS-CoV-2 Ag Upper resp Ql IA.rapid"|"Nasopharyngeal swab"|258500001|12/31/2021|Negative|260385009
17|4244|10D2214779||Isaacs|Rayma||06/24/1943||"152 Las Brisas Circle"|Hypoluxo|FL|33462||Female|9999999999|"No Response"|1||0|0|0|0||0|Isaacs||||||||"SARS-CoV-2 (COVID-19)"|Antigen|97097-0|"SARS-CoV-2 Ag Upper resp Ql IA.rapid"|"Nasopharyngeal swab"|258500001|12/31/2021|Negative|260385009
18|4244|10D2214779||Isaacs|Rayma||06/24/1943||"152 Las Brisas Circle"|Hypoluxo|FL|33462||Female|9999999999|"No Response"|1||0|0|0|0||0|Isaacs||||||||"SARS-CoV-2 (COVID-19)"|Antigen|97097-0|"SARS-CoV-2 Ag Upper resp Ql IA.rapid"|"Nasopharyngeal swab"|258500001|12/31/2021|Negative|260385009
19|4244|10D2214779||"Van Iwarden"|Heather||06/18/1986||"9693 Westover Club cir"|Windermere|FL|34786||Female|2294445552|"No Response"|1||0|0|0|0||0|"Van Iwarden"||||||||"SARS-CoV-2 (COVID-19)"|Antigen|97097-0|"SARS-CoV-2 Ag Upper resp Ql IA.rapid"|"Nasopharyngeal swab"|258500001|06/16/2022|Negative|260385009
20|4244|10D2214779||Dockter|"James E"||10/30/1943||"14622 Watermark Way"|"Palm Beach Gardens"|FL|33410||Male|5612367243|"No Response"|1||0|0|0|0||0|Dockter||||||||"SARS-CoV-2 (COVID-19)"|Antigen|97097-0|"SARS-CoV-2 Ag Upper resp Ql IA.rapid"|"Nasopharyngeal swab"|258500001|01/30/2022|Negative|260385009
21|4244|10D2214779||Dockter|"Rebecca L"||08/26/1944||"14622 Watermark Way"|"Palm Beach Gardens"|FL|33410||Female|5612367243|"No Response"|1||0|0|0|0||0|Dockter||||||||"SARS-CoV-2 (COVID-19)"|Antigen|97097-0|"SARS-CoV-2 Ag Upper resp Ql IA.rapid"|"Nasopharyngeal swab"|258500001|01/30/2022|Negative|260385009
22|4244|10D2214779||Barrett|Deborah||09/06/1958||"46983 Oak Street"|"East Liverpool"|FL|43920||Female|3308436540|"No Response"|1||0|0|0|0||0|Barrett||||||||"SARS-CoV-2 (COVID-19)"|Antigen|97097-0|"SARS-CoV-2 Ag Upper resp Ql IA.rapid"|"Nasopharyngeal swab"|258500001|02/10/2022|Negative|260385009
23|4244|10D2214779||Barrett|Robert||11/09/1956||"46983 Oak St"|"East Liverpool"|FL|43920||Male|3308530442|"No Response"|1||0|0|0|0||0|Barrett||||||||"SARS-CoV-2 (COVID-19)"|Antigen|97097-0|"SARS-CoV-2 Ag Upper resp Ql IA.rapid"|"Nasopharyngeal swab"|258500001|02/10/2022|Negative|260385009
24|4244|10D2214779||Dockter|"James E"||10/30/1943||"14622 Watermark Way"|"Palm Beach Gardens"|FL|33410||Male|5612367243|"No Response"|1||0|0|0|0||0|Dockter||||||||"SARS-CoV-2 (COVID-19)"|Antigen|97097-0|"SARS-CoV-2 Ag Upper resp Ql IA.rapid"|"Nasopharyngeal swab"|258500001|02/17/2022|Negative|260385009
25|4244|10D2214779||Dockter|"Rebecca L"||08/26/1944||"14622 Watermark Way"|"Palm Beach Gardens"|FL|33410||Female|5612367243|"No Response"|1||0|0|0|0||0|Dockter||||||||"SARS-CoV-2 (COVID-19)"|Antigen|97097-0|"SARS-CoV-2 Ag Upper resp Ql IA.rapid"|"Nasopharyngeal swab"|258500001|02/17/2022|Negative|260385009
26|4244|10D2214779||schneidau|william||10/08/1956||"6271 Shadow Tree Lane"|"Lake Worth"|FL|33463||Male|5613853825|"No Response"|1||0|0|0|0||0|schneidau||||||||"SARS-CoV-2 (COVID-19)"|Antigen|97097-0|"SARS-CoV-2 Ag Upper resp Ql IA.rapid"|"Nasopharyngeal swab"|258500001|03/03/2022|Negative|260385009
27|4244|10D2214779||schneidau|louann||08/19/1960||"6271 Shadow Tree Lane"|"Lake Worth"|FL|33463||Female|5616628841|"No Response"|1||0|0|0|0||0|schneidau||||||||"SARS-CoV-2 (COVID-19)"|Antigen|97097-0|"SARS-CoV-2 Ag Upper resp Ql IA.rapid"|"Nasopharyngeal swab"|258500001|03/03/2022|Negative|260385009
28|4244|10D2214779||Miller|Sarah||11/03/2010||Unknown|"palm beach gardens"|FL|33418||Female|5612811074|"No Response"|0||0|0|0|0||0|Miller||||||||"SARS-CoV-2 (COVID-19)"|Antigen|97097-0|"SARS-CoV-2 Ag Upper resp Ql IA.rapid"|"Nasopharyngeal swab"|258500001|03/10/2022|Negative|260385009
29|4244|10D2214779||Boza|Humberto||04/05/1946||"4784 NW 2 Place"|Plantation|FL|33317||Male|9999999999|"No Response"|0||0|0|0|0||0|Boza||||||||"SARS-CoV-2 (COVID-19)"|Antigen|97097-0|"SARS-CoV-2 Ag Upper resp Ql IA.rapid"|"Nasopharyngeal swab"|258500001|03/19/2022|Negative|260385009
30|4244|10D2214779||Campbell|Aleece||05/20/1976||"333 fern st apt 2014"|"West Palm Beach"|FL|33401||Female|4048341091|"No Response"|1||0|0|0|0||0|Campbell||||||||"SARS-CoV-2 (COVID-19)"|Antigen|97097-0|"SARS-CoV-2 Ag Upper resp Ql IA.rapid"|"Nasopharyngeal swab"|258500001|03/29/2022|Negative|260385009
31|4244|10D2214779||Barrett|Deborah||09/06/1958||"46983 Oak St"|"East Liverpool"|FL|43920||Female|3308436540|"No Response"|1||0|0|0|0||0|Barrett||||||||"SARS-CoV-2 (COVID-19)"|Antigen|97097-0|"SARS-CoV-2 Ag Upper resp Ql IA.rapid"|"Nasopharyngeal swab"|258500001|04/09/2022|Negative|260385009
32|4244|10D2214779||Barrett|Robert||11/09/1956||"46983 Oak St"|"East Liverpool"|FL|43920||Male|3308530442|"No Response"|1||0|0|0|0||0|Barrett||||||||"SARS-CoV-2 (COVID-19)"|Antigen|97097-0|"SARS-CoV-2 Ag Upper resp Ql IA.rapid"|"Nasopharyngeal swab"|258500001|04/09/2022|Negative|260385009
33|4244|10D2214779||McGregor|Michelle||02/02/1974||"8010 Fairway Lane"|"West Palm Beach"|FL|33412||Female|2428276506|"No Response"|1||0|0|0|0||0|McGregor||||||||"SARS-CoV-2 (COVID-19)"|Antigen|97097-0|"SARS-CoV-2 Ag Upper resp Ql IA.rapid"|"Nasopharyngeal swab"|258500001|04/11/2022|Negative|260385009
34|4244|10D2214779||Campbell|Aleece||05/20/1976||"333 Fern st apt 2014"|"West Palm Beach"|FL|33401||Female|4048341091|"No Response"|1||0|0|0|0||0|Campbell||||||||"SARS-CoV-2 (COVID-19)"|Antigen|97097-0|"SARS-CoV-2 Ag Upper resp Ql IA.rapid"|"Nasopharyngeal swab"|258500001|04/16/2022|Negative|260385009
35|4244|10D2214779||schneidau|william||10/08/1956||"6271 Shadow Tree Lane"|"Lake Worth"|FL|33463||Male|5613853825|"No Response"|1||0|0|0|0||0|schneidau||||||||"SARS-CoV-2 (COVID-19)"|Antigen|97097-0|"SARS-CoV-2 Ag Upper resp Ql IA.rapid"|"Nasopharyngeal swab"|258500001|04/28/2022|Negative|260385009
36|4244|10D2214779||schneidau|louann||08/19/1960||"6271 Shadow Tree Lane"|"Lake Worth"|FL|33463||Female|5616628841|"No Response"|1||0|0|0|0||0|schneidau||||||||"SARS-CoV-2 (COVID-19)"|Antigen|97097-0|"SARS-CoV-2 Ag Upper resp Ql IA.rapid"|"Nasopharyngeal swab"|258500001|04/28/2022|Negative|260385009
37|4244|10D2214779||McGregor|Michelle||02/02/1974||"334 20th St"|Miami|FL|33139||Female|2428276506|"No Response"|1||0|0|0|0||0|McGregor||||||||"SARS-CoV-2 (COVID-19)"|Antigen|97097-0|"SARS-CoV-2 Ag Upper resp Ql IA.rapid"|"Nasopharyngeal swab"|258500001|04/28/2022|Negative|260385009
38|4244|10D2214779||Campbell|Aleece||05/20/1976||"333 Fern St Apt 2014"|"West Palm Beach"|FL|33401||Female|4048341091|"No Response"|1||0|0|0|0||0|Campbell||||||||"SARS-CoV-2 (COVID-19)"|Antigen|97097-0|"SARS-CoV-2 Ag Upper resp Ql IA.rapid"|"Nasopharyngeal swab"|258500001|05/04/2022|Negative|260385009
39|4244|10D2214779||Boza|Humberto||04/05/1946||"4784 NW  2nd place"|Plantation|FL|33317||Male|9999999999|"No Response"|0||0|0|0|0||0|Boza||||||||"SARS-CoV-2 (COVID-19)"|Antigen|97097-0|"SARS-CoV-2 Ag Upper resp Ql IA.rapid"|"Nasopharyngeal swab"|258500001|05/06/2022|Negative|260385009
40|4244|10D2214779||Tonks|Justin||05/20/1982||Unknown|Unknown|FL|99999||Male|9999999999|"No Response"|1||0|0|0|0||0|Tonks||||||||"SARS-CoV-2 (COVID-19)"|PCR|94500-6|"SARS-CoV-2 RNA Resp Ql NAA+probe"|"Nasopharyngeal swab"|258500001|05/13/2022|Negative|260385009
41|4244|10D2214779||Campbell|Aleece||05/20/1976||"333 Fern St Apt 2014"|"West Palm Beach"|FL|33401||Female|4048341091|"No Response"|1||0|0|0|0||0|Campbell||||||||"SARS-CoV-2 (COVID-19)"|Antigen|97097-0|"SARS-CoV-2 Ag Upper resp Ql IA.rapid"|"Nasopharyngeal swab"|258500001|05/25/2022|Negative|260385009
42|4244|10D2214779||Robledo|Norgie||08/12/1985||Unknown|Unknown|FL|99999||Male|3212451341|"No Response"|0||0|0|0|0||0|Robledo||||||||"SARS-CoV-2 (COVID-19)"|Antigen|97097-0|"SARS-CoV-2 Ag Upper resp Ql IA.rapid"|"Nasopharyngeal swab"|258500001|06/06/2022|Negative|260385009
43|4244|10D2214779||Robledo|Norgie||08/12/1985||"6697 Millay Drive"|Orlando|FL|32809||Male|3212451341|"No Response"|0||0|0|0|0||0|Robledo||||||||"SARS-CoV-2 (COVID-19)"|Antigen|97097-0|"SARS-CoV-2 Ag Upper resp Ql IA.rapid"|"Nasopharyngeal swab"|258500001|06/09/2022|Negative|260385009
44|4244|10D2214779||Cohen|Veronica||06/15/1985||Unknown|Unknown|FL|99999||Female|7863962445|"No Response"|0||0|0|0|1||0|Cohen||||||||"SARS-CoV-2 (COVID-19)"|PCR|94500-6|"SARS-CoV-2 RNA Resp Ql NAA+probe"|"Nasopharyngeal swab"|258500001|06/09/2022|Negative|260385009
45|4244|10D2214779||Souza|Joice||05/19/1976||"12401 International Dr"|Orlando|FL|32821||Female|9295784610|"No Response"|0||0|0|0|0||0|Souza||||||||"SARS-CoV-2 (COVID-19)"|PCR|94500-6|"SARS-CoV-2 RNA Resp Ql NAA+probe"|"Nasopharyngeal swab"|258500001|06/14/2022|Negative|260385009
46|4244|10D2214779||JANACK|Diane||01/16/1959||"424 n 16th st"|"Las vegas"|FL|89101||Female|7023006006|"No Response"|0||0|0|0|0||0|JANACK||||||||"SARS-CoV-2 (COVID-19)"|PCR|94500-6|"SARS-CoV-2 RNA Resp Ql NAA+probe"|"Nasopharyngeal swab"|258500001|06/15/2022|Negative|260385009
47|4244|10D2214779||Thomas|Cherri||09/07/1992||"4010 S Ocean Dr"|Hollywood|FL|33019||Female|18683514873|"No Response"|0||0|0|0|0||0|Thomas||||||||"SARS-CoV-2 (COVID-19)"|Antigen|97097-0|"SARS-CoV-2 Ag Upper resp Ql IA.rapid"|"Nasopharyngeal swab"|258500001|06/16/2022|Negative|260385009
48|4244|10D2214779||Martinez|Francisco||12/18/1970||Unknown|Unknown|FL|99999|||17864748515|"No Response"|0||0|0|0|0||1|Martinez||||||||"SARS-CoV-2 (COVID-19)"|Antigen|97097-0|"SARS-CoV-2 Ag Upper resp Ql IA.rapid"|"Nasopharyngeal swab"|258500001|06/15/2022|Negative|260385009
49|4244|10D2214779||"Ortiz Flores"|William||12/23/1966||"5155 Coddington St"|Orlando|FL|32812||Male|4076836711|"No Response"|0||0|0|0|0||0|"Ortiz Flores"||||||||"SARS-CoV-2 (COVID-19)"|Antigen|97097-0|"SARS-CoV-2 Ag Upper resp Ql IA.rapid"|"Nasopharyngeal swab"|258500001|06/16/2022|Negative|260385009
50|4244|10D2214779||Urie|Brett||11/04/1985||Unknown|Unknown|FL|99999||Male|8055017896|"No Response"|1||0|0|0|0||0|Urie||||||||"SARS-CoV-2 (COVID-19)"|Antigen|97097-0|"SARS-CoV-2 Ag Upper resp Ql IA.rapid"|"Nasopharyngeal swab"|258500001|06/16/2022|Negative|260385009
51|4244|10D2214779||Urie|Kelsy||05/27/1987||Unknown|Unknown|FL|99999||Female|8055017895|"No Response"|1||0|0|0|0||0|Urie||||||||"SARS-CoV-2 (COVID-19)"|Antigen|97097-0|"SARS-CoV-2 Ag Upper resp Ql IA.rapid"|"Nasopharyngeal swab"|258500001|06/16/2022|Negative|260385009
52|4244|10D2214779||"Estrada Fernandez Salvador"|"Elisa Maria"||07/14/1976||"450 Alton Rd"|"Miami Beach"|FL|33139||Female|3058772598|"No Response"|1||0|0|0|0||0|"Estrada Fernandez Salvador"||||||||"SARS-CoV-2 (COVID-19)"|PCR|94500-6|"SARS-CoV-2 RNA Resp Ql NAA+probe"|"Nasopharyngeal swab"|258500001|06/16/2022|Negative|260385009
53|4244|10D2214779||Briand|Gustavo||10/18/1970||Unknown|Unknown|FL|99999||Male|7868592454|"No Response"|0||0|0|0|0||0|Briand||||||||"SARS-CoV-2 (COVID-19)"|PCR|94500-6|"SARS-CoV-2 RNA Resp Ql NAA+probe"|"Nasopharyngeal swab"|258500001|06/16/2022|Negative|260385009
54|4244|10D2214779||Boza|Humberto||04/05/1946||"4784 nw 2nd place"|Plantation|FL|33317||Male|9999999999|"No Response"|0||0|0|0|0||0|Boza||||||||"SARS-CoV-2 (COVID-19)"|Antigen|97097-0|"SARS-CoV-2 Ag Upper resp Ql IA.rapid"|"Nasopharyngeal swab"|258500001|06/16/2022|Negative|260385009
55|4244|10D2214779||Pastor|Maira||12/23/1974||"627 wyncroft lane#10"|Lancaster|FL|17603||Female|9999999999|"No Response"|0||0|0|0|0||0|Pastor||||||||"SARS-CoV-2 (COVID-19)"|Antigen|97097-0|"SARS-CoV-2 Ag Upper resp Ql IA.rapid"|"Nasopharyngeal swab"|258500001|06/16/2022|Negative|260385009
56|4244|10D2214779||Lambert|"Dorkis Junior"||04/13/2009||"627 wyncroft lane#10"|Lancaster|FL|17603||Male|9999999999|"No Response"|0||0|0|0|0||0|Lambert||||||||"SARS-CoV-2 (COVID-19)"|Antigen|97097-0|"SARS-CoV-2 Ag Upper resp Ql IA.rapid"|"Nasopharyngeal swab"|258500001|06/16/2022|Negative|260385009
57|4244|10D2214779||Lismat|Yvens||09/17/1982||"10945 SW 16th ST APT 105"|"Pembroke Pines"|FL|33025||Male|9548394979|"No Response"|0||0|0|0|0||0|Lismat||||||||"SARS-CoV-2 (COVID-19)"|Antigen|97097-0|"SARS-CoV-2 Ag Upper resp Ql IA.rapid"|"Nasopharyngeal swab"|258500001|06/16/2022|Negative|260385009
58|4244|10D2214779||Belsky|Kyle||07/03/1993||"1050 Blanche Street"|"West Palm Beach"|FL|33402||Male|5617586935|"No Response"|1||0|0|0|0||0|Belsky||||||||"SARS-CoV-2 (COVID-19)"|Antigen|97097-0|"SARS-CoV-2 Ag Upper resp Ql IA.rapid"|"Nasopharyngeal swab"|258500001|06/16/2022|Negative|260385009
59|4244|10D2214779||Garber|Marvyn||11/15/1938||"152 Las Brisas Circle"|Hypoluxo|FL|33462||Male|5615235089|"No Response"|1||0|0|0|0||0|Garber||||||||"SARS-CoV-2 (COVID-19)"|Antigen|97097-0|"SARS-CoV-2 Ag Upper resp Ql IA.rapid"|"Nasopharyngeal swab"|258500001|06/16/2022|Negative|260385009
60|4244|10D2214779||Isaacs|Rayma||06/24/1943||"152 Las Brisas Circle"|Hypoluxo|FL|33462||Female|9999999999|"No Response"|1||0|0|0|0||0|Isaacs||||||||"SARS-CoV-2 (COVID-19)"|Antigen|97097-0|"SARS-CoV-2 Ag Upper resp Ql IA.rapid"|"Nasopharyngeal swab"|258500001|06/16/2022|Negative|260385009
61|4244|10D2214779||mezheritsky|vladislav||04/10/1982||"17475 collins ave apt 803"|"sunny isles beach"|FL|33160||Male|6462561993|"No Response"|1||0|0|0|0||0|mezheritsky||||||||"SARS-CoV-2 (COVID-19)"|Antigen|97097-0|"SARS-CoV-2 Ag Upper resp Ql IA.rapid"|"Nasopharyngeal swab"|258500001|06/16/2022|Negative|260385009
62|4244|10D2214779||romanenko|victoria||07/25/1991||"17475 collins ave apt 803"|"sunny isles beach"|FL|33160||Female|3059049998|"No Response"|1||0|0|0|0||0|romanenko||||||||"SARS-CoV-2 (COVID-19)"|Antigen|97097-0|"SARS-CoV-2 Ag Upper resp Ql IA.rapid"|"Nasopharyngeal swab"|258500001|06/16/2022|Negative|260385009
63|4244|10D2214779||Weiss|Andrew||02/21/1986||"1100 biscayne Blvd unit 5404"|Miami|FL|33133||Male|6144773189|"No Response"|1||0|0|0|0||0|Weiss||||||||"SARS-CoV-2 (COVID-19)"|Antigen|97097-0|"SARS-CoV-2 Ag Upper resp Ql IA.rapid"|"Nasopharyngeal swab"|258500001|06/16/2022|Negative|260385009
64|4244|10D2214779||schneidau|william||10/08/1956||"6271 shadow tree lane"|"lake worth"|FL|33463||Male|5613853825|"No Response"|1||0|0|0|0||0|schneidau||||||||"SARS-CoV-2 (COVID-19)"|Antigen|97097-0|"SARS-CoV-2 Ag Upper resp Ql IA.rapid"|"Nasopharyngeal swab"|258500001|06/16/2022|Negative|260385009
65|4244|10D2214779||schneidau|louann||08/19/1960||"6271 shadow tree lane"|"lake worth"|FL|33463||Female|5616628841|"No Response"|1||0|0|0|0||0|schneidau||||||||"SARS-CoV-2 (COVID-19)"|Antigen|97097-0|"SARS-CoV-2 Ag Upper resp Ql IA.rapid"|"Nasopharyngeal swab"|258500001|06/16/2022|Negative|260385009
66|4244|10D2214779||Long|Priscilla||02/23/1979||"12816 Roper Rd"|"Winter Garden"|FL|34787||Female|4079472391|"No Response"|1||0|0|0|0||0|Long||||||||"SARS-CoV-2 (COVID-19)"|Antigen|97097-0|"SARS-CoV-2 Ag Upper resp Ql IA.rapid"|"Nasopharyngeal swab"|258500001|06/16/2022|Negative|260385009
67|4244|10D2214779||Long|Anthony||02/20/1969||"12816 Roper Rd"|"Winter Garden"|FL|34787||Male|4077619083|"No Response"|1||0|0|0|0||0|Long||||||||"SARS-CoV-2 (COVID-19)"|Antigen|97097-0|"SARS-CoV-2 Ag Upper resp Ql IA.rapid"|"Nasopharyngeal swab"|258500001|06/16/2022|Negative|260385009
68|4244|10D2214779||Long|Ryan||06/02/2008||"12816 Roper Rd"|"Winter Garden"|FL|34787||Male|4079472391|"No Response"|1||0|0|0|0||0|Long||||||||"SARS-CoV-2 (COVID-19)"|Antigen|97097-0|"SARS-CoV-2 Ag Upper resp Ql IA.rapid"|"Nasopharyngeal swab"|258500001|06/16/2022|Negative|260385009
69|4244|10D2214779||sandel|ronald||08/02/1940||"12375 72nd Ct N"|"west palm beach"|FL|33412||Male|5613853825|"No Response"|1||0|0|0|0||0|sandel||||||||"SARS-CoV-2 (COVID-19)"|Antigen|97097-0|"SARS-CoV-2 Ag Upper resp Ql IA.rapid"|"Nasopharyngeal swab"|258500001|06/16/2022|Negative|260385009
70|4244|10D2214779||sandel|justine||10/04/1946||"12375 72nd Ct N"|"west palm beach"|FL|33412||Female|5613853825|"No Response"|1||0|0|0|0||0|sandel||||||||"SARS-CoV-2 (COVID-19)"|Antigen|97097-0|"SARS-CoV-2 Ag Upper resp Ql IA.rapid"|"Nasopharyngeal swab"|258500001|06/16/2022|Negative|260385009
71|4244|10D2214779||Miller|Steve||03/27/1970||"1107 Duncan Circle Apt 203"|"Palm Beach Gardens"|FL|33418||Male|5612811074|"No Response"|1||0|0|0|0||0|Miller||||||||"SARS-CoV-2 (COVID-19)"|Antigen|97097-0|"SARS-CoV-2 Ag Upper resp Ql IA.rapid"|"Nasopharyngeal swab"|258500001|06/16/2022|Negative|260385009
72|4244|10D2214779||Miller|Sarah||11/03/2010||"1107 Duncan Circle Apt 203"|"Palm Beach Gardens"|FL|33418||Female|5612811074|"No Response"|0||0|0|0|0||0|Miller||||||||"SARS-CoV-2 (COVID-19)"|Antigen|97097-0|"SARS-CoV-2 Ag Upper resp Ql IA.rapid"|"Nasopharyngeal swab"|258500001|06/16/2022|Negative|260385009
73|4244|10D2214779||Rodgers|Nancy||10/12/1948||"21 long point ct"|Berlin|FL|21811||Female|4436142326|"No Response"|1||0|0|0|0||0|Rodgers||||||||"SARS-CoV-2 (COVID-19)"|Antigen|97097-0|"SARS-CoV-2 Ag Upper resp Ql IA.rapid"|"Nasopharyngeal swab"|258500001|06/16/2022|Negative|260385009
74|4244|10D2214779||Rodgers|Nancy||10/12/1948||"21 long point ct"|Berlin|FL|21811||Female|4436142326|"No Response"|1||0|0|0|0||0|Rodgers||||||||"SARS-CoV-2 (COVID-19)"|Antigen|97097-0|"SARS-CoV-2 Ag Upper resp Ql IA.rapid"|"Nasopharyngeal swab"|258500001|06/16/2022|Negative|260385009
75|4244|10D2214779||Rodgers|Richard||06/28/1948||"21long point ct"|Berlin|FL|21811||Male|4436182460|"No Response"|1||0|0|0|0||0|Rodgers||||||||"SARS-CoV-2 (COVID-19)"|Antigen|97097-0|"SARS-CoV-2 Ag Upper resp Ql IA.rapid"|"Nasopharyngeal swab"|258500001|06/16/2022|Negative|260385009
76|4244|10D2214779||Rodgers|Richard||06/28/1948||"21long point ct"|Berlin|FL|21811||Male|4436182460|"No Response"|1||0|0|0|0||0|Rodgers||||||||"SARS-CoV-2 (COVID-19)"|Antigen|97097-0|"SARS-CoV-2 Ag Upper resp Ql IA.rapid"|"Nasopharyngeal swab"|258500001|06/16/2022|Negative|260385009
77|4244|10D2214779||Tonks|Justin||05/20/1982||"29se 14th st"|"Dania beach"|FL|33004||Male|9999999999|"No Response"|1||0|0|0|0||0|Tonks||||||||"SARS-CoV-2 (COVID-19)"|PCR|94500-6|"SARS-CoV-2 RNA Resp Ql NAA+probe"|"Nasopharyngeal swab"|258500001|06/16/2022|Negative|260385009
78|4244|10D2214779||Donovan|Michael||08/26/1975||"LINQ hotel"|"Las Vegas"|FL|89109||Male|9999999999|"No Response"|1||0|0|0|0||0|Donovan||||||||"SARS-CoV-2 (COVID-19)"|Antigen|97097-0|"SARS-CoV-2 Ag Upper resp Ql IA.rapid"|"Nasopharyngeal swab"|258500001|06/16/2022|Negative|260385009
79|4244|10D2214779||"Ghosn Chelala"|Joelle||01/01/1970||"100 Rheaume Apt 800"|"Montreal, Quebec"|FL|99999||Female|5142391414|"No Response"|0||0|0|0|1||0|"Ghosn Chelala"||||||||"SARS-CoV-2 (COVID-19)"|Antigen|97097-0|"SARS-CoV-2 Ag Upper resp Ql IA.rapid"|"Nasopharyngeal swab"|258500001|06/16/2022|Negative|260385009
80|4244|10D2214779||"Al Sarraf"|Sara||01/01/1970||"4455 St-Urbain apt105"|"Montréal, Québec"|FL|99999||Female|5146076252|"No Response"|0||0|0|0|1||0|"Al Sarraf"||||||||"SARS-CoV-2 (COVID-19)"|Antigen|97097-0|"SARS-CoV-2 Ag Upper resp Ql IA.rapid"|"Nasopharyngeal swab"|258500001|06/16/2022|Negative|260385009
81|4244|10D2214779||Barrett|Deborah||09/06/1958||"46983 Oak St"|"East Liverpool"|FL|43920||Female|3308436540|"No Response"|1||0|0|0|0||0|Barrett||||||||"SARS-CoV-2 (COVID-19)"|Antigen|97097-0|"SARS-CoV-2 Ag Upper resp Ql IA.rapid"|"Nasopharyngeal swab"|258500001|06/16/2022|Negative|260385009
82|4244|10D2214779||Barrett|Robert||11/09/1956||"46983 Oak St"|"East Liverpool"|FL|43920||Male|3308530442|"No Response"|1||0|0|0|0||0|Barrett||||||||"SARS-CoV-2 (COVID-19)"|Antigen|97097-0|"SARS-CoV-2 Ag Upper resp Ql IA.rapid"|"Nasopharyngeal swab"|258500001|06/16/2022|Negative|260385009
83|4244|10D2214779||May|Marilynn||02/02/1961||"140 Beverly Lane"|Wintersville|FL|43953||Female|7406322367|"No Response"|1||0|0|0|0||0|May||||||||"SARS-CoV-2 (COVID-19)"|Antigen|97097-0|"SARS-CoV-2 Ag Upper resp Ql IA.rapid"|"Nasopharyngeal swab"|258500001|06/16/2022|Negative|260385009
84|4244|10D2214779||lai|"chon hin"||12/06/1988||"7280 pazienza ave"|"las vegas"|FL|89113||Male|7029188188|"No Response"|0||0|1|0|0||0|lai||||||||"SARS-CoV-2 (COVID-19)"|PCR|94500-6|"SARS-CoV-2 RNA Resp Ql NAA+probe"|"Nasopharyngeal swab"|258500001|06/16/2022|Positive|10828004
85|4244|10D2214779||Cohen|Veronica||06/15/1985||Unknown|Unknown|FL|99999||Female|7863962445|"No Response"|0||0|0|0|1||0|Cohen||||||||"SARS-CoV-2 (COVID-19)"|PCR|94500-6|"SARS-CoV-2 RNA Resp Ql NAA+probe"|"Nasopharyngeal swab"|258500001|06/16/2022|Negative|260385009
86|4244|10D2214779||Candelario|Maria||04/09/1967||"5155 Coddington St."|Orlando|FL|32812||Female|3212765021|"No Response"|0||0|0|0|0||0|Candelario||||||||"SARS-CoV-2 (COVID-19)"|Antigen|97097-0|"SARS-CoV-2 Ag Upper resp Ql IA.rapid"|"Nasopharyngeal swab"|258500001|06/16/2022|Negative|260385009
87|4244|10D2214779||Rowe|Jonathan||11/04/1966||Unknown|Unknown|FL|99999|||5616292013|"No Response"|0||0|0|0|0||1|Rowe||||||||"SARS-CoV-2 (COVID-19)"|Antigen|97097-0|"SARS-CoV-2 Ag Upper resp Ql IA.rapid"|"Nasopharyngeal swab"|258500001|06/16/2022|Negative|260385009
88|4244|10D2214779||Campbell|Aleece||05/20/1976||"333 Fern St Apt 2014"|"West Palm Beach"|FL|33401||Female|4048341091|"No Response"|1||0|0|0|0||0|Campbell||||||||"SARS-CoV-2 (COVID-19)"|Antigen|97097-0|"SARS-CoV-2 Ag Upper resp Ql IA.rapid"|"Nasopharyngeal swab"|258500001|06/16/2022|Negative|260385009
89|4244|10D2214779||McEwan|Tiffany||04/27/1991||Unknown|Unknown|FL|99999||Female|07850351575|"No Response"|1||0|0|0|0||0|McEwan||||||||"SARS-CoV-2 (COVID-19)"|Antigen|97097-0|"SARS-CoV-2 Ag Upper resp Ql IA.rapid"|"Nasopharyngeal swab"|258500001|06/16/2022|Negative|260385009
90|4244|10D2214779||Mcewan|Edward||06/17/1984||Unknown|Unknown|FL|99999||Male|07809731326|"No Response"|1||0|0|0|0||0|Mcewan||||||||"SARS-CoV-2 (COVID-19)"|Antigen|97097-0|"SARS-CoV-2 Ag Upper resp Ql IA.rapid"|"Nasopharyngeal swab"|258500001|06/16/2022|Negative|260385009
91|4244|10D2214779||McEwan|Julie||10/26/1954||Unknown|Unknown|FL|99999||Female|07906111653|"No Response"|1||0|0|0|0||0|McEwan||||||||"SARS-CoV-2 (COVID-19)"|Antigen|97097-0|"SARS-CoV-2 Ag Upper resp Ql IA.rapid"|"Nasopharyngeal swab"|258500001|06/16/2022|Negative|260385009
92|4244|10D2214779||Mcewan|Leo||02/22/2018||Unknown|Unknown|FL|99999||Male|07850351575|"No Response"|1||0|0|0|0||0|Mcewan||||||||"SARS-CoV-2 (COVID-19)"|Antigen|97097-0|"SARS-CoV-2 Ag Upper resp Ql IA.rapid"|"Nasopharyngeal swab"|258500001|06/16/2022|Negative|260385009
93|4244|10D2214779||Marke|Carol||12/02/1953||Unknown|Unknown|FL|99999||Female|07985300781|"No Response"|1||0|0|0|0||0|Marke||||||||"SARS-CoV-2 (COVID-19)"|Antigen|97097-0|"SARS-CoV-2 Ag Upper resp Ql IA.rapid"|"Nasopharyngeal swab"|258500001|06/16/2022|Negative|260385009
94|4244|10D2214779||"Phi Van Hai"|Dang||04/19/1980||"323 N. Bromley Avenue"|"West Covina"|FL|91790||Female|6262537906|"No Response"|0||0|1|0|0||0|"Phi Van Hai"||||||||"SARS-CoV-2 (COVID-19)"|Antigen|97097-0|"SARS-CoV-2 Ag Upper resp Ql IA.rapid"|"Nasopharyngeal swab"|258500001|06/16/2022|Negative|260385009
95|4244|10D2214779||Wyatt|"Christopher Todd"||10/28/1960||Unknown|Unknown|FL|99999||Male|7863962445|"No Response"|0||0|0|0|0||1|Wyatt||||||||"SARS-CoV-2 (COVID-19)"|Antigen|97097-0|"SARS-CoV-2 Ag Upper resp Ql IA.rapid"|"Nasopharyngeal swab"|258500001|06/16/2022|Negative|260385009
96|4244|10D2214779||Childs|"Andrew Joe"||12/07/1962||Unknown|Unknown|FL|99999||Male|7863962445|"No Response"|0||0|0|0|0||1|Childs||||||||"SARS-CoV-2 (COVID-19)"|Antigen|97097-0|"SARS-CoV-2 Ag Upper resp Ql IA.rapid"|"Nasopharyngeal swab"|258500001|06/16/2022|Negative|260385009
97|4244|10D2214779||Garner|James||09/25/1951||"282 sheffifield L"|"West palm beach"|FL|33417||Male|5613463313|"No Response"|1||0|0|0|0||0|Garner||||||||"SARS-CoV-2 (COVID-19)"|Antigen|97097-0|"SARS-CoV-2 Ag Upper resp Ql IA.rapid"|"Nasopharyngeal swab"|258500001|06/16/2022|Negative|260385009
98|4244|10D2214779||Kole|Albert||01/01/1949||Unknown|"Toms River"|FL|08755||Male|7325464165|"No Response"|1||0|0|0|0||0|Kole||||||||"SARS-CoV-2 (COVID-19)"|Antigen|97097-0|"SARS-CoV-2 Ag Upper resp Ql IA.rapid"|"Nasopharyngeal swab"|258500001|06/16/2022|Negative|260385009
99|4244|10D2214779||Kole|Patricia||06/02/1948||Unknown|"Toms River"|FL|08755||Female|7327576165|"No Response"|1||0|0|0|0||0|Kole||||||||"SARS-CoV-2 (COVID-19)"|Antigen|97097-0|"SARS-CoV-2 Ag Upper resp Ql IA.rapid"|"Nasopharyngeal swab"|258500001|06/16/2022|Negative|260385009
100|4244|10D2214779||Antoine-Bowe|"Gaye Arlene"||04/14/1967||Unknown|Unknown|FL|99999||Female|2423768429|"No Response"|0||0|0|0|0||1|Antoine-Bowe||||||||"SARS-CoV-2 (COVID-19)"|Antigen|97097-0|"SARS-CoV-2 Ag Upper resp Ql IA.rapid"|"Nasopharyngeal swab"|258500001|06/16/2022|Negative|260385009
101|4244|10D2214779||Howard|"John Mark"||06/02/1961||Unknown|Unknown|FL|99999||Male|7863962445|"No Response"|0||0|0|0|0||1|Howard||||||||"SARS-CoV-2 (COVID-19)"|Antigen|97097-0|"SARS-CoV-2 Ag Upper resp Ql IA.rapid"|"Nasopharyngeal swab"|258500001|06/16/2022|Negative|260385009
102|4244|10D2214779||Mandile|"Stephen Anthony"||03/12/1963||Unknown|Unknown|FL|99999||Male|7863962445|"No Response"|0||0|0|0|0||1|Mandile||||||||"SARS-CoV-2 (COVID-19)"|Antigen|97097-0|"SARS-CoV-2 Ag Upper resp Ql IA.rapid"|"Nasopharyngeal swab"|258500001|06/16/2022|Negative|260385009
103|4244|10D2214779||Tilley|"Charles David"||08/28/1963||Unknown|Unknown|FL|99999||Male|7863962445|"No Response"|0||0|0|0|0||1|Tilley||||||||"SARS-CoV-2 (COVID-19)"|Antigen|97097-0|"SARS-CoV-2 Ag Upper resp Ql IA.rapid"|"Nasopharyngeal swab"|258500001|06/16/2022|Negative|260385009
104|4244|10D2214779||Hornbeak|"Stephen Kent"||07/17/1963||Unknown|Unknown|FL|99999||Male|7863962445|"No Response"|0||0|0|0|0||1|Hornbeak||||||||"SARS-CoV-2 (COVID-19)"|Antigen|97097-0|"SARS-CoV-2 Ag Upper resp Ql IA.rapid"|"Nasopharyngeal swab"|258500001|06/16/2022|Negative|260385009
105|4244|10D2214779||"Rincon Calatayud"|"Naime Del Valles"||06/06/1986||"Charlotte Amalie"|"St thomas"|FL|00801||Female|3404742581|"No Response"|0||0|0|0|0||0|"Rincon Calatayud"||||||||"SARS-CoV-2 (COVID-19)"|Antigen|97097-0|"SARS-CoV-2 Ag Upper resp Ql IA.rapid"|"Nasopharyngeal swab"|258500001|06/16/2022|Negative|260385009
106|4244|10D2214779||Castro|raul||07/14/1950||"128 lake frances dr"|"west palm beach fl"|FL|33411||Male|5618569320|"No Response"|0||0|0|0|0||0|Castro||||||||"SARS-CoV-2 (COVID-19)"|Antigen|97097-0|"SARS-CoV-2 Ag Upper resp Ql IA.rapid"|"Nasopharyngeal swab"|258500001|06/16/2022|Negative|260385009
107|4244|10D2214779||Rodriguez|Dulce||09/12/1946||"128 lake frances dr"|"west palm beach fl"|FL|33411||Female|5618569658|"No Response"|0||0|0|0|0||0|Rodriguez||||||||"SARS-CoV-2 (COVID-19)"|Antigen|97097-0|"SARS-CoV-2 Ag Upper resp Ql IA.rapid"|"Nasopharyngeal swab"|258500001|06/16/2022|Negative|260385009
108|4244|10D2214779||Leopard|"Steven Nathan"||01/07/1965||Unknown|Unknown|FL|99999||Male|7863962445|"No Response"|0||0|0|0|0||1|Leopard||||||||"SARS-CoV-2 (COVID-19)"|PCR|94500-6|"SARS-CoV-2 RNA Resp Ql NAA+probe"|"Nasopharyngeal swab"|258500001|06/16/2022|Negative|260385009
109|4244|10D2214779||Abril|Daniel||07/16/1983||Unknown|Unknown|FL|99999||Male|7863962445|"No Response"|0||0|0|0|1||0|Abril||||||||"SARS-CoV-2 (COVID-19)"|PCR|94500-6|"SARS-CoV-2 RNA Resp Ql NAA+probe"|"Nasopharyngeal swab"|258500001|06/16/2022|Negative|260385009
110|4244|10D2214779||"Paul-des Vignes"|Jasmine||03/15/1970||"3770 South Las Vegas Boulevard"|"Las Vegas"|FL|89109||Female|18686805173|"No Response"|0||0|0|0|0||0|"Paul-des Vignes"||||||||"SARS-CoV-2 (COVID-19)"|Antigen|97097-0|"SARS-CoV-2 Ag Upper resp Ql IA.rapid"|"Nasopharyngeal swab"|258500001|06/16/2022|Negative|260385009
111|4244|10D2214779||McKenzie|Isaiah||04/09/1995||Unknown|Unknown|FL|99999||Male|2146742569|"No Response"|0||0|0|0|0||0|McKenzie||||||||"SARS-CoV-2 (COVID-19)"|PCR|94500-6|"SARS-CoV-2 RNA Resp Ql NAA+probe"|"Nasopharyngeal swab"|258500001|06/16/2022|Negative|260385009
112|4244|10D2214779||Beltran|Jair||06/03/1970||"Ballys Hotel"|"Las Vegas"|FL|89109||Male|4168328915|"No Response"|0||0|0|0|0||0|Beltran||||||||"SARS-CoV-2 (COVID-19)"|Antigen|97097-0|"SARS-CoV-2 Ag Upper resp Ql IA.rapid"|"Nasopharyngeal swab"|258500001|06/16/2022|Positive|10828004
113|4244|10D2214779||Marcic|James||09/17/1989||"2520 NE 51st street"|"Lighthouse point"|FL|33064||Male|4077194066|"No Response"|1||0|0|0|0||0|Marcic||||||||"SARS-CoV-2 (COVID-19)"|PCR|94500-6|"SARS-CoV-2 RNA Resp Ql NAA+probe"|"Nasopharyngeal swab"|258500001|06/16/2022|Negative|260385009
114|4244|10D2214779||Dockter|"Rebecca L"||08/26/1944||"14622 Watermark Way"|"Palm Beach Gardens"|FL|33410||Female|5612367243|"No Response"|1||0|0|0|0||0|Dockter||||||||"SARS-CoV-2 (COVID-19)"|Antigen|97097-0|"SARS-CoV-2 Ag Upper resp Ql IA.rapid"|"Nasopharyngeal swab"|258500001|06/16/2022|Negative|260385009
115|4244|10D2214779||Dockter|"James E"||10/30/1943||"14622 Watermark Way"|"Palm Beach Gardens"|FL|33410||Male|5612367243|"No Response"|1||0|0|0|0||0|Dockter||||||||"SARS-CoV-2 (COVID-19)"|Antigen|97097-0|"SARS-CoV-2 Ag Upper resp Ql IA.rapid"|"Nasopharyngeal swab"|258500001|06/16/2022|Negative|260385009
116|4244|10D2214779||McGregor|Michelle||02/02/1974||"Renaissance Hotel 17th st"|"Fort Lauderdale"|FL|33316||Female|2428276506|"No Response"|1||0|0|0|0||0|McGregor||||||||"SARS-CoV-2 (COVID-19)"|Antigen|97097-0|"SARS-CoV-2 Ag Upper resp Ql IA.rapid"|"Nasopharyngeal swab"|258500001|06/16/2022|Negative|260385009
117|4244|10D2214779||Robledo|Norgie||08/12/1985||Unknown|Unknown|FL|99999||Male|3212451341|"No Response"|0||0|0|0|0||0|Robledo||||||||"SARS-CoV-2 (COVID-19)"|Antigen|97097-0|"SARS-CoV-2 Ag Upper resp Ql IA.rapid"|"Nasopharyngeal swab"|258500001|06/16/2022|Negative|260385009
118|4244|10D2214779||Maharaj|Tara||06/08/1971||Unknown|Unknown|FL|99999||Female|8683606338|"No Response"|0||0|0|0|0||1|Maharaj||||||||"SARS-CoV-2 (COVID-19)"|Antigen|97097-0|"SARS-CoV-2 Ag Upper resp Ql IA.rapid"|"Nasopharyngeal swab"|258500001|06/16/2022|Negative|260385009
119|4244|10D2214779||Maharaj|Vedaish||03/22/1972||Unknown|Unknown|FL|99999||Male|8683606388|"No Response"|0||0|0|0|0||1|Maharaj||||||||"SARS-CoV-2 (COVID-19)"|Antigen|97097-0|"SARS-CoV-2 Ag Upper resp Ql IA.rapid"|"Nasopharyngeal swab"|258500001|06/16/2022|Negative|260385009
120|4244|10D2214779||Bickford|Roseanna||09/18/1955||"2944 Foxtail Creek Ave"|Henderson|FL|89052||Female|7605181148|"No Response"|0||0|0|0|0||0|Bickford||||||||"SARS-CoV-2 (COVID-19)"|Antigen|97097-0|"SARS-CoV-2 Ag Upper resp Ql IA.rapid"|"Nasopharyngeal swab"|258500001|06/16/2022|Negative|260385009
121|4244|10D2214779||Perez|Pinder||01/14/1996||Unknown|Unknown|FL|99999||Male|9549803513|"No Response"|0||0|0|0|0||0|Perez||||||||"SARS-CoV-2 (COVID-19)"|Antigen|97097-0|"SARS-CoV-2 Ag Upper resp Ql IA.rapid"|"Nasopharyngeal swab"|258500001|06/16/2022|Negative|260385009
122|4244|10D2214779||Abril|Daniel||07/16/1983||Unknown|Unknown|FL|99999||Male|7863962445|"No Response"|0||0|0|0|1||0|Abril||||||||"SARS-CoV-2 (COVID-19)"|PCR|94500-6|"SARS-CoV-2 RNA Resp Ql NAA+probe"|"Nasopharyngeal swab"|258500001|06/24/2022|Negative|260385009
