RecordID|FacilityID|CLIAID|PatientID|LastName|FirstName|MiddleName|DOB|SSN|StreetAddress|City|State|Zip|County|Gender|PhoneNumber|Ethnicity|RaceWhite|RaceBlack|RaceAmericanIndianAlaskanNative|RaceAsian|RaceNativeHawaiianOrOtherPacificIslander|RaceOther|RaceUnknown|RaceNoResponse|ProviderName|NPI|Pregnant|SchoolAssociation|SchoolName|MeetILIDefinition|PerformingLab|AccessionNumber|Pathogen|TestType|LOINC|LOINCShortName|SpecimenCollectionType|SpecimenSNOMED|SpecimenCollectedDate|Result|ResultSNOMED
1|4244|10D2214779||Savoy|Karen||07/25/1961||"301 Lake Shore Dr #402"|"Lake Park"|FL|33403||Female|5616290732|"No Response"|1||0|0|0|0||0|Savoy||||||||"SARS-CoV-2 (COVID-19)"|Antigen|97097-0|"SARS-CoV-2 Ag Upper resp Ql IA.rapid"|"Nasopharyngeal swab"|258500001|04/14/2022|Negative|260385009
2|4244|10D2214779||Randolph|Jacquelyn||10/29/1962||"2901 Jim Lee Road"|Tallahassee|FL|32301||Female|8502283998|"No Response"|0||0|0|0|1||0|Randolph||||||||"SARS-CoV-2 (COVID-19)"|Antigen|97097-0|"SARS-CoV-2 Ag Upper resp Ql IA.rapid"|"Nasopharyngeal swab"|258500001|04/14/2022|Negative|260385009
3|4244|10D2214779||Randolph|Jacquelyn||10/29/1962||"2901 Jim Lee Road"|Tallahassee|FL|32301||Female|8502283998|"No Response"|0||0|0|0|1||0|Randolph||||||||"SARS-CoV-2 (COVID-19)"|Antigen|97097-0|"SARS-CoV-2 Ag Upper resp Ql IA.rapid"|"Nasopharyngeal swab"|258500001|04/14/2022|Negative|260385009
4|4244|10D2214779||Randolph|Jacquelyn||10/29/1962||"2901 Jim Lee Road"|Tallahassee|FL|32301||Female|8502283998|"No Response"|0||0|0|0|1||0|Randolph||||||||"SARS-CoV-2 (COVID-19)"|Antigen|97097-0|"SARS-CoV-2 Ag Upper resp Ql IA.rapid"|"Nasopharyngeal swab"|258500001|04/14/2022|Negative|260385009
5|4244|10D2214779||Randolph|Jacquelyn||10/29/1962||"2901 Jim Lee Road"|Tallahassee|FL|32301||Female|8502283998|"No Response"|0||0|0|0|1||0|Randolph||||||||"SARS-CoV-2 (COVID-19)"|Antigen|97097-0|"SARS-CoV-2 Ag Upper resp Ql IA.rapid"|"Nasopharyngeal swab"|258500001|04/14/2022|Negative|260385009
6|4244|10D2214779||Savoy|Karen||07/25/1961||"301 Lake Shore Drive #402"|"Lake Park"|FL|33403||Female|5616290732|"No Response"|1||0|0|0|0||0|Savoy||||||||"SARS-CoV-2 (COVID-19)"|Antigen|97097-0|"SARS-CoV-2 Ag Upper resp Ql IA.rapid"|"Nasopharyngeal swab"|258500001|04/14/2022|Negative|260385009
7|4244|10D2214779||MENTOR|Gaetan||05/09/1968||Unknown|Unknown|FL|99999|||3057781968|"No Response"|0||0|0|0|0||1|MENTOR||||||||"SARS-CoV-2 (COVID-19)"|Antigen|97097-0|"SARS-CoV-2 Ag Upper resp Ql IA.rapid"|"Nasopharyngeal swab"|258500001|04/14/2022|Negative|260385009
8|4244|10D2214779||Boyle|Nancy||01/01/1970||"23 Cynthia Drive"|Farmingville|FL|11738||Female|6319018901|"No Response"|0||0|0|0|0||0|Boyle||||||||"SARS-CoV-2 (COVID-19)"|Antigen|97097-0|"SARS-CoV-2 Ag Upper resp Ql IA.rapid"|"Nasopharyngeal swab"|258500001|04/14/2022|Negative|260385009
9|4244|10D2214779||MENTOR|Gaetan||05/09/1968||Unknown|Unknown|FL|99999|||3057781968|"No Response"|0||0|0|0|0||1|MENTOR||||||||"SARS-CoV-2 (COVID-19)"|Antigen|97097-0|"SARS-CoV-2 Ag Upper resp Ql IA.rapid"|"Nasopharyngeal swab"|258500001|04/14/2022|Negative|260385009
10|4244|10D2214779||MENTOR|Gaetan||05/09/1968||Unknown|Unknown|FL|99999|||3057781968|"No Response"|0||0|0|0|0||1|MENTOR||||||||"SARS-CoV-2 (COVID-19)"|Antigen|97097-0|"SARS-CoV-2 Ag Upper resp Ql IA.rapid"|"Nasopharyngeal swab"|258500001|04/14/2022|Negative|260385009
11|4244|10D2214779||"Del Cistia Fonseca Kanashiro"|"Maria Angelica"||04/15/1980||"6275 sand lake vista drive apt4219"|Orlando|FL|32819||Female|4074832697|"No Response"|0||0|0|0|0||0|"Del Cistia Fonseca Kanashiro"||||||||"SARS-CoV-2 (COVID-19)"|Antigen|97097-0|"SARS-CoV-2 Ag Upper resp Ql IA.rapid"|"Nasopharyngeal swab"|258500001|04/14/2022|Negative|260385009
12|4244|10D2214779||Durie|David||01/12/1987||Unknown|Unknown|FL|33315||Male|9547781719|"No Response"|1||0|0|0|0||0|Durie||||||||"SARS-CoV-2 (COVID-19)"|Antigen|97097-0|"SARS-CoV-2 Ag Upper resp Ql IA.rapid"|"Nasopharyngeal swab"|258500001|04/14/2022|Negative|260385009
13|4244|10D2214779||Durie|David||01/12/1987||Unknown|Unknown|FL|33315||Male|9547781719|"No Response"|1||0|0|0|0||0|Durie||||||||"SARS-CoV-2 (COVID-19)"|Antigen|97097-0|"SARS-CoV-2 Ag Upper resp Ql IA.rapid"|"Nasopharyngeal swab"|258500001|04/14/2022|Negative|260385009
14|4244|10D2214779||MENTOR|Gaetan||05/09/1968||Unknown|Unknown|FL|99999|||3057781968|"No Response"|0||0|0|0|0||1|MENTOR||||||||"SARS-CoV-2 (COVID-19)"|Antigen|97097-0|"SARS-CoV-2 Ag Upper resp Ql IA.rapid"|"Nasopharyngeal swab"|258500001|04/14/2022|Negative|260385009
15|4244|10D2214779||"Clement Roy"|"Marie Greta"||11/17/1968||Unknown|Unknown|FL|99999||Female|3057781968|"No Response"|0||0|0|0|0||0|"Clement Roy"||||||||"SARS-CoV-2 (COVID-19)"|Antigen|97097-0|"SARS-CoV-2 Ag Upper resp Ql IA.rapid"|"Nasopharyngeal swab"|258500001|04/14/2022|Negative|260385009
16|4244|10D2214779||newman|Michael||03/29/1951||"9690 egret chase lane"|"West palm beach"|FL|33411||Male|5613866359|"No Response"|1||0|0|0|0||0|newman||||||||"SARS-CoV-2 (COVID-19)"|Antigen|97097-0|"SARS-CoV-2 Ag Upper resp Ql IA.rapid"|"Nasopharyngeal swab"|258500001|04/14/2022|Negative|260385009
17|4244|10D2214779||Newman|Linda||02/09/1960||"9690 egret chase lane"|"West palm beach"|FL|33411||Female|5613866359|"No Response"|1||0|0|0|0||0|Newman||||||||"SARS-CoV-2 (COVID-19)"|Antigen|97097-0|"SARS-CoV-2 Ag Upper resp Ql IA.rapid"|"Nasopharyngeal swab"|258500001|04/14/2022|Negative|260385009
18|4244|10D2214779||Pearce|Douglas||05/30/1967||"1181 N Harbor Dr"|"Singer Island"|FL|33404||Male|5612329348|"No Response"|1||0|0|0|0||0|Pearce||||||||"SARS-CoV-2 (COVID-19)"|Antigen|97097-0|"SARS-CoV-2 Ag Upper resp Ql IA.rapid"|"Nasopharyngeal swab"|258500001|04/14/2022|Negative|260385009
19|4244|10D2214779||Pearce|Jody||06/20/1959||"1181 N Harbor Dr"|"Singer Island"|FL|33404||Female|6095294181|"No Response"|1||0|0|0|0||0|Pearce||||||||"SARS-CoV-2 (COVID-19)"|Antigen|97097-0|"SARS-CoV-2 Ag Upper resp Ql IA.rapid"|"Nasopharyngeal swab"|258500001|04/14/2022|Negative|260385009
20|4244|10D2214779||newman|Michael||03/29/1951||"9690 egret chase lane"|"West palm beach"|FL|33411||Male|5613866359|"No Response"|1||0|0|0|0||0|newman||||||||"SARS-CoV-2 (COVID-19)"|Antigen|97097-0|"SARS-CoV-2 Ag Upper resp Ql IA.rapid"|"Nasopharyngeal swab"|258500001|04/14/2022|Negative|260385009
21|4244|10D2214779||Newman|Linda||02/09/1960||"9690 egret chase lane"|"West palm beach"|FL|33411||Female|5613866359|"No Response"|1||0|0|0|0||0|Newman||||||||"SARS-CoV-2 (COVID-19)"|Antigen|97097-0|"SARS-CoV-2 Ag Upper resp Ql IA.rapid"|"Nasopharyngeal swab"|258500001|04/14/2022|Negative|260385009
22|4244|10D2214779||Newman|Linda||02/09/1960||"9690 egret chase lane"|"West palm beach"|FL|33411||Female|5613866359|"No Response"|1||0|0|0|0||0|Newman||||||||"SARS-CoV-2 (COVID-19)"|Antigen|97097-0|"SARS-CoV-2 Ag Upper resp Ql IA.rapid"|"Nasopharyngeal swab"|258500001|04/14/2022|Negative|260385009
23|4244|10D2214779||Heckelman|Harris||04/07/1989||"2682 Palmer place"|Weston|FL|33332||Male|4042294480|"No Response"|1||0|0|0|0||0|Heckelman||||||||"SARS-CoV-2 (COVID-19)"|PCR|94500-6|"SARS-CoV-2 RNA Resp Ql NAA+probe"|"Nasopharyngeal swab"|258500001|04/14/2022|Negative|260385009
24|4244|10D2214779||"Del Cistia Fonseca Kanashiro"|"Maria Angelica"||04/15/1980||"6275 Sand Lake Vista Drive ap4219"|Orlando|FL|32819||Female|4074832697|"No Response"|1||0|0|0|0||0|"Del Cistia Fonseca Kanashiro"||||||||"SARS-CoV-2 (COVID-19)"|Antigen|97097-0|"SARS-CoV-2 Ag Upper resp Ql IA.rapid"|"Nasopharyngeal swab"|258500001|04/14/2022|Negative|260385009
25|4244|10D2214779||Ford|Richard||01/01/1970||Unknown|Unknown|FL|99999||Male|5617279672|"No Response"|1||0|0|0|0||0|Ford||||||||"SARS-CoV-2 (COVID-19)"|Antigen|97097-0|"SARS-CoV-2 Ag Upper resp Ql IA.rapid"|"Nasopharyngeal swab"|258500001|04/14/2022|Negative|260385009
26|4244|10D2214779||Calixto|Alejandro||05/12/1991||"4180 N Highway A1A , Unit 204b"|"Hutchinson Island"|FL|34949||Male|3054501285|"No Response"|1||0|0|0|0||0|Calixto||||||||"SARS-CoV-2 (COVID-19)"|PCR|94500-6|"SARS-CoV-2 RNA Resp Ql NAA+probe"|"Nasopharyngeal swab"|258500001|04/14/2022|Negative|260385009
27|4244|10D2214779||Pearce|Douglas||05/30/1967||"1181 N Harbor Dr"|"Singer Island"|FL|33404||Male|5612329348|"No Response"|1||0|0|0|0||0|Pearce||||||||"SARS-CoV-2 (COVID-19)"|Antigen|97097-0|"SARS-CoV-2 Ag Upper resp Ql IA.rapid"|"Nasopharyngeal swab"|258500001|04/14/2022|Negative|260385009
28|4244|10D2214779||Pearce|Jody||06/20/1959||"1181 N Harbor Dr"|"Singer Island"|FL|33404||Female|6095294181|"No Response"|1||0|0|0|0||0|Pearce||||||||"SARS-CoV-2 (COVID-19)"|Antigen|97097-0|"SARS-CoV-2 Ag Upper resp Ql IA.rapid"|"Nasopharyngeal swab"|258500001|04/14/2022|Negative|260385009
29|4244|10D2214779||Connolly|Kaitlyn||01/16/1991||"23 Cynthia dr"|Farmingville|FL|11738||Female|9999999999|"No Response"|0||0|0|0|0||0|Connolly||||||||"SARS-CoV-2 (COVID-19)"|Antigen|97097-0|"SARS-CoV-2 Ag Upper resp Ql IA.rapid"|"Nasopharyngeal swab"|258500001|04/14/2022|Negative|260385009
30|4244|10D2214779||Boyle|George||01/01/1970||"23 Cynthia Drive"|Farmingville|FL|11739||Male|6462940717|"No Response"|1||0|0|0|0||0|Boyle||||||||"SARS-CoV-2 (COVID-19)"|Antigen|97097-0|"SARS-CoV-2 Ag Upper resp Ql IA.rapid"|"Nasopharyngeal swab"|258500001|04/14/2022|Negative|260385009
31|4244|10D2214779||Guimond|"Tania Rose"||08/22/1968||"1881 SE 17th St,"|"fort lauderdale"|FL|33316||Female|5147551731|"No Response"|1||0|0|0|0||0|Guimond||||||||"SARS-CoV-2 (COVID-19)"|Antigen|97097-0|"SARS-CoV-2 Ag Upper resp Ql IA.rapid"|"Nasopharyngeal swab"|258500001|04/14/2022|Negative|260385009
32|4244|10D2214779||Oliveras|Nadjalie||04/10/1998||Unknown|Unknown|FL|99999||Female|4437892172|"No Response"|0||0|0|0|1||0|Oliveras||||||||"SARS-CoV-2 (COVID-19)"|Antigen|97097-0|"SARS-CoV-2 Ag Upper resp Ql IA.rapid"|"Nasopharyngeal swab"|258500001|04/14/2022|Negative|260385009
33|4244|10D2214779||mclaughlin|"kevin John"||04/20/1956||"65 lewis blvd"|"st augustine"|FL|32084||Male|9048061885|"No Response"|1||0|0|0|0||0|mclaughlin||||||||"SARS-CoV-2 (COVID-19)"|PCR|94500-6|"SARS-CoV-2 RNA Resp Ql NAA+probe"|"Nasopharyngeal swab"|258500001|04/14/2022|Negative|260385009
34|4244|10D2214779||"Cooper Easterling"|Lisa||07/10/1958||"862 Gerona Rd"|"St Augustine"|FL|32086||Female|9046157072|"No Response"|1||0|0|0|0||0|"Cooper Easterling"||||||||"SARS-CoV-2 (COVID-19)"|PCR|94500-6|"SARS-CoV-2 RNA Resp Ql NAA+probe"|"Nasopharyngeal swab"|258500001|04/14/2022|Negative|260385009
35|4244|10D2214779||Oliveras|Nadjalie||04/10/1998||Unknown|Unknown|FL|99999||Female|4437892172|"No Response"|0||0|0|0|1||0|Oliveras||||||||"SARS-CoV-2 (COVID-19)"|Antigen|97097-0|"SARS-CoV-2 Ag Upper resp Ql IA.rapid"|"Nasopharyngeal swab"|258500001|04/14/2022|Negative|260385009
36|4244|10D2214779||Gagnon|Real||07/17/1958||Unknown|Unknown|FL|99999||Male|5153862900|"No Response"|1||0|0|0|0||0|Gagnon||||||||"SARS-CoV-2 (COVID-19)"|Antigen|97097-0|"SARS-CoV-2 Ag Upper resp Ql IA.rapid"|"Nasopharyngeal swab"|258500001|04/14/2022|Negative|260385009
37|4244|10D2214779||Guimond|"Tania Rose"||08/22/1968||Unknown|Unknown|FL|99999||Female|5147551731|"No Response"|1||0|0|0|0||0|Guimond||||||||"SARS-CoV-2 (COVID-19)"|Antigen|97097-0|"SARS-CoV-2 Ag Upper resp Ql IA.rapid"|"Nasopharyngeal swab"|258500001|04/14/2022|Negative|260385009
38|4244|10D2214779||Guimond|"Tania Rose"||08/22/1968||Unknown|Unknown|FL|99999||Female|5147551731|"No Response"|1||0|0|0|0||0|Guimond||||||||"SARS-CoV-2 (COVID-19)"|Antigen|97097-0|"SARS-CoV-2 Ag Upper resp Ql IA.rapid"|"Nasopharyngeal swab"|258500001|04/14/2022|Negative|260385009
39|4244|10D2214779||Gagnon|Real||07/17/1958||Unknown|Unknown|FL|99999||Male|5153862900|"No Response"|1||0|0|0|0||0|Gagnon||||||||"SARS-CoV-2 (COVID-19)"|Antigen|97097-0|"SARS-CoV-2 Ag Upper resp Ql IA.rapid"|"Nasopharyngeal swab"|258500001|04/14/2022|Negative|260385009
40|4244|10D2214779||Tanaka|Kaoru||10/01/1970||"240 El Molino Street"|Alhambra|FL|91801||Female|3109238311|"No Response"|0||0|1|0|0||0|Tanaka||||||||"SARS-CoV-2 (COVID-19)"|PCR|94500-6|"SARS-CoV-2 RNA Resp Ql NAA+probe"|"Nasopharyngeal swab"|258500001|04/14/2022|Negative|260385009
41|4244|10D2214779||Oliveras|Nadjalie||04/10/1998||Unknown|Unknown|FL|99999||Female|4437892172|"No Response"|0||0|0|0|1||0|Oliveras||||||||"SARS-CoV-2 (COVID-19)"|Antigen|97097-0|"SARS-CoV-2 Ag Upper resp Ql IA.rapid"|"Nasopharyngeal swab"|258500001|04/14/2022|Negative|260385009
42|4244|10D2214779||BADGER|APRIL||11/16/1958||"1525 Old Butler Rd"|"New Castle"|FL|16101||Female|5852334677|"No Response"|1||0|0|0|0||0|BADGER||||||||"SARS-CoV-2 (COVID-19)"|Antigen|97097-0|"SARS-CoV-2 Ag Upper resp Ql IA.rapid"|"Nasopharyngeal swab"|258500001|04/14/2022|Negative|260385009
43|4244|10D2214779||Sisneros|Richard||08/23/1954||"802 Crescent Moon Xing"|Mesquite|FL|89034||Male|5052698900|"No Response"|0||0|0|0|0||0|Sisneros||||||||"SARS-CoV-2 (COVID-19)"|Antigen|97097-0|"SARS-CoV-2 Ag Upper resp Ql IA.rapid"|"Nasopharyngeal swab"|258500001|04/14/2022|Negative|260385009
44|4244|10D2214779||Sisneros|Janet||11/14/1958||"802 Crescent Moon Xing"|Mesquite|FL|89034||Female|5052691716|"No Response"|0||0|0|0|1||0|Sisneros||||||||"SARS-CoV-2 (COVID-19)"|Antigen|97097-0|"SARS-CoV-2 Ag Upper resp Ql IA.rapid"|"Nasopharyngeal swab"|258500001|04/14/2022|Negative|260385009
45|4244|10D2214779||Jones|Bradford||01/24/1978||"1338 Seven Eagles Court, 202"|Kissimmee|FL|34747||Male|9999999999|"No Response"|1||0|0|0|0||0|Jones||||||||"SARS-CoV-2 (COVID-19)"|Antigen|97097-0|"SARS-CoV-2 Ag Upper resp Ql IA.rapid"|"Nasopharyngeal swab"|258500001|04/14/2022|Negative|260385009
46|4244|10D2214779||newman|Michael||03/29/1951||"9690 egret chase lane"|"West palm beach"|FL|33411||Male|5613866359|"No Response"|1||0|0|0|0||0|newman||||||||"SARS-CoV-2 (COVID-19)"|Antigen|97097-0|"SARS-CoV-2 Ag Upper resp Ql IA.rapid"|"Nasopharyngeal swab"|258500001|04/14/2022|Negative|260385009
47|4244|10D2214779||Savoy|Karen||07/25/1961||"301 Lake Shore Dr"|"Lake Park"|FL|33403||Female|5616290732|"No Response"|1||0|0|0|0||0|Savoy||||||||"SARS-CoV-2 (COVID-19)"|Antigen|97097-0|"SARS-CoV-2 Ag Upper resp Ql IA.rapid"|"Nasopharyngeal swab"|258500001|04/14/2022|Negative|260385009
48|4244|10D2214779||Johnson|Keith||09/28/1956||"10133 NW  Place Apt 401"|"Sunrise Fl"|FL|33322||Male|18686205918|"No Response"|0||0|0|0|0||0|Johnson||||||||"SARS-CoV-2 (COVID-19)"|Antigen|97097-0|"SARS-CoV-2 Ag Upper resp Ql IA.rapid"|"Nasopharyngeal swab"|258500001|04/14/2022|Negative|260385009
49|4244|10D2214779||Winston|Selena||02/13/1963||"10133NW 24th Place"|Sunrise|FL|33322||Female|18686783543|"No Response"|0||0|0|0|0||0|Winston||||||||"SARS-CoV-2 (COVID-19)"|Antigen|97097-0|"SARS-CoV-2 Ag Upper resp Ql IA.rapid"|"Nasopharyngeal swab"|258500001|04/14/2022|Negative|260385009
50|4244|10D2214779||Massambani|Felipe||03/21/1984||"5200 W Irlo Bronson Memorial Hwy"|Kissimmee|FL|34746||Male|9999999999|"No Response"|1||0|0|0|0||0|Massambani||||||||"SARS-CoV-2 (COVID-19)"|Antigen|97097-0|"SARS-CoV-2 Ag Upper resp Ql IA.rapid"|"Nasopharyngeal swab"|258500001|04/14/2022|Negative|260385009
51|4244|10D2214779||Badger|Ronald||05/21/1957||"1525 Old Butler Rd"|"New Castle"|FL|16101||Male|7249442410|"No Response"|1||0|0|0|0||0|Badger||||||||"SARS-CoV-2 (COVID-19)"|Antigen|97097-0|"SARS-CoV-2 Ag Upper resp Ql IA.rapid"|"Nasopharyngeal swab"|258500001|04/14/2022|Negative|260385009
52|4244|10D2214779||Newman|Linda||02/09/1960||"9690 egret chase lane"|"West palm beach"|FL|33411||Female|5613866359|"No Response"|0||0|0|0|1||0|Newman||||||||"SARS-CoV-2 (COVID-19)"|Antigen|97097-0|"SARS-CoV-2 Ag Upper resp Ql IA.rapid"|"Nasopharyngeal swab"|258500001|04/14/2022|Negative|260385009
53|4244|10D2214779||"Moraes Felix"|"Paulo de Tarso"||01/01/1970||"1070 Audace Ave apt. 404"|"Boynton Beach"|FL|33426||Male|7868126549|"No Response"|0||0|0|0|0||0|"Moraes Felix"||||||||"SARS-CoV-2 (COVID-19)"|Antigen|97097-0|"SARS-CoV-2 Ag Upper resp Ql IA.rapid"|"Nasopharyngeal swab"|258500001|04/14/2022|Negative|260385009
54|4244|10D2214779||Sibe|Stephen||03/08/1938||"31 cayman place"|"Palm beach gardens"|FL|33418||Male|6318046700|"No Response"|1||0|0|0|0||0|Sibe||||||||"SARS-CoV-2 (COVID-19)"|Antigen|97097-0|"SARS-CoV-2 Ag Upper resp Ql IA.rapid"|"Nasopharyngeal swab"|258500001|04/14/2022|Positive|10828004
55|4244|10D2214779||Massambani|"Maria Claudia"||02/17/1983||"5200 W Irlo Bronson Memorial Hwy"|Kissimmee|FL|34746||Female|9999999999|"No Response"|1||0|0|0|0||0|Massambani||||||||"SARS-CoV-2 (COVID-19)"|Antigen|97097-0|"SARS-CoV-2 Ag Upper resp Ql IA.rapid"|"Nasopharyngeal swab"|258500001|04/14/2022|Negative|260385009
56|4244|10D2214779||Bethel|"Gabriel Ethan"||02/02/2014||"130 NE 25th Ct"|"Pompano Beach"|FL|33064||Male|12428236213|"No Response"|0||0|0|0|0||0|Bethel||||||||"SARS-CoV-2 (COVID-19)"|Antigen|97097-0|"SARS-CoV-2 Ag Upper resp Ql IA.rapid"|"Nasopharyngeal swab"|258500001|04/14/2022|Negative|260385009
57|4244|10D2214779||"Del Cistia Fonseca Kanashiro"|"Maria Angelica"||04/15/1980||"6275 Sand Lake Vista Drive apt 4219"|Orlando|FL|32819||Female|4074832697|"No Response"|0||0|0|0|0||0|"Del Cistia Fonseca Kanashiro"||||||||"SARS-CoV-2 (COVID-19)"|Antigen|97097-0|"SARS-CoV-2 Ag Upper resp Ql IA.rapid"|"Nasopharyngeal swab"|258500001|04/14/2022|Negative|260385009
58|4244|10D2214779||Heckelman|Harris||04/07/1989||"2682 Palmer Place"|Weston|FL|33332||Male|4042294480|"No Response"|1||0|0|0|0||0|Heckelman||||||||"SARS-CoV-2 (COVID-19)"|PCR|94500-6|"SARS-CoV-2 RNA Resp Ql NAA+probe"|"Nasopharyngeal swab"|258500001|04/14/2022|Negative|260385009
59|4244|10D2214779||Mand|"Emma Sophie"||01/01/1970||"6428 W Sample Road"|"Coral Springs"|FL|33067||Female|5613346621|"No Response"|1||0|0|0|0||0|Mand||||||||"SARS-CoV-2 (COVID-19)"|Antigen|97097-0|"SARS-CoV-2 Ag Upper resp Ql IA.rapid"|"Nasopharyngeal swab"|258500001|04/14/2022|Negative|260385009
60|4244|10D2214779||"Von der Fecht"|Freya||07/21/2005||"6428 W Sample Road"|"Coral Springs"|FL|33067||Female|5613346621|"No Response"|1||0|0|0|0||0|"Von der Fecht"||||||||"SARS-CoV-2 (COVID-19)"|Antigen|97097-0|"SARS-CoV-2 Ag Upper resp Ql IA.rapid"|"Nasopharyngeal swab"|258500001|04/14/2022|Negative|260385009
61|4244|10D2214779||Cancellier|Felipe||01/01/1970||"300 south pointe dr"|"Miamia beach"|FL|33139||Male|9999999999|"No Response"|1||0|0|0|0||0|Cancellier||||||||"SARS-CoV-2 (COVID-19)"|Antigen|97097-0|"SARS-CoV-2 Ag Upper resp Ql IA.rapid"|"Nasopharyngeal swab"|258500001|04/14/2022|Negative|260385009
62|4244|10D2214779||Cancellier|Lucas||01/01/1970||"300’south pointe dr"|"Miami beach"|FL|33139||Male|9999999999|"No Response"|1||0|0|0|0||0|Cancellier||||||||"SARS-CoV-2 (COVID-19)"|Antigen|97097-0|"SARS-CoV-2 Ag Upper resp Ql IA.rapid"|"Nasopharyngeal swab"|258500001|04/14/2022|Negative|260385009
63|4244|10D2214779||dawe|David||07/24/1957||"Hilton Fort Lauderdale Marina, Fort Lauderdale Intracoastal"|"Fort Lauderdale"|FL|03331||Male|9999999999|"No Response"|1||0|0|0|0||0|dawe||||||||"SARS-CoV-2 (COVID-19)"|Antigen|97097-0|"SARS-CoV-2 Ag Upper resp Ql IA.rapid"|"Nasopharyngeal swab"|258500001|04/14/2022|Negative|260385009
64|4244|10D2214779||dawe|Josephine||05/06/1957||"Hilton Fort Lauderdale Marina, Fort Lauderdale Intracoastal"|"Fort Lauderdale"|FL|03331||Female|9999999999|"No Response"|1||0|0|0|0||0|dawe||||||||"SARS-CoV-2 (COVID-19)"|Antigen|97097-0|"SARS-CoV-2 Ag Upper resp Ql IA.rapid"|"Nasopharyngeal swab"|258500001|04/14/2022|Negative|260385009
65|4244|10D2214779||Horsley|Mark||07/29/1966||"1881 SE 17th St"|"Fort Lauderdale"|FL|33316||Male|9999999999|"No Response"|1||0|0|0|0||0|Horsley||||||||"SARS-CoV-2 (COVID-19)"|Antigen|97097-0|"SARS-CoV-2 Ag Upper resp Ql IA.rapid"|"Nasopharyngeal swab"|258500001|04/14/2022|Negative|260385009
66|4244|10D2214779||Horsley|diane||07/02/1964||"1881 SE 17th St"|"Fort Lauderdale"|FL|33316||Female|9999999999|"No Response"|1||0|0|0|0||0|Horsley||||||||"SARS-CoV-2 (COVID-19)"|Antigen|97097-0|"SARS-CoV-2 Ag Upper resp Ql IA.rapid"|"Nasopharyngeal swab"|258500001|04/14/2022|Negative|260385009
67|4244|10D2214779||Pearce|Douglas||05/30/1967||"1181 N Harbor Dr"|"Singer Island"|FL|33404||Male|5612329348|"No Response"|1||0|0|0|0||0|Pearce||||||||"SARS-CoV-2 (COVID-19)"|Antigen|97097-0|"SARS-CoV-2 Ag Upper resp Ql IA.rapid"|"Nasopharyngeal swab"|258500001|04/14/2022|Negative|260385009
68|4244|10D2214779||Pearce|Jody||06/20/1959||"1181 N Harbor Dr"|"Singer Island"|FL|33404||Female|6095294181|"No Response"|1||0|0|0|0||0|Pearce||||||||"SARS-CoV-2 (COVID-19)"|Antigen|97097-0|"SARS-CoV-2 Ag Upper resp Ql IA.rapid"|"Nasopharyngeal swab"|258500001|04/14/2022|Negative|260385009
69|4244|10D2214779||"Reynal Pena"|"Guillermo Carlos"||04/26/1971||"2050 courtland av"|"San marino ca"|FL|91108||Male|15525633694|"No Response"|1||0|0|0|0||0|"Reynal Pena"||||||||"SARS-CoV-2 (COVID-19)"|Antigen|97097-0|"SARS-CoV-2 Ag Upper resp Ql IA.rapid"|"Nasopharyngeal swab"|258500001|04/14/2022|Negative|260385009
70|4244|10D2214779||"Fuentes Dominguez"|"Juan Antonio"||06/25/1987||"2050 courtland av"|"San marino Ca"|FL|91108||Male|15525633694|"No Response"|1||0|0|0|0||0|"Fuentes Dominguez"||||||||"SARS-CoV-2 (COVID-19)"|Antigen|97097-0|"SARS-CoV-2 Ag Upper resp Ql IA.rapid"|"Nasopharyngeal swab"|258500001|04/14/2022|Negative|260385009
71|4244|10D2214779||"Fiore Jr"|"Robert Joseph"||01/17/1972||"101b Boundary Road"|"Colts Neck"|FL|07722||Male|7327622355|"No Response"|1||0|0|0|0||0|"Fiore Jr"||||||||"SARS-CoV-2 (COVID-19)"|Antigen|97097-0|"SARS-CoV-2 Ag Upper resp Ql IA.rapid"|"Nasopharyngeal swab"|258500001|04/14/2022|Negative|260385009
72|4244|10D2214779||Randolph|Jacquelyn||10/29/1962||"185 Bandol Street"|"Riviera Beach"|FL|33404||Female|8502283998|"No Response"|0||0|0|0|0||0|Randolph||||||||"SARS-CoV-2 (COVID-19)"|Antigen|97097-0|"SARS-CoV-2 Ag Upper resp Ql IA.rapid"|"Nasopharyngeal swab"|258500001|04/14/2022|Negative|260385009
73|4244|10D2214779||Randolph|Jacquelyn||10/29/1962||"185 Bandol Street"|"Riviera Beach"|FL|33404||Female|8502283998|"No Response"|0||0|0|0|0||0|Randolph||||||||"SARS-CoV-2 (COVID-19)"|Antigen|97097-0|"SARS-CoV-2 Ag Upper resp Ql IA.rapid"|"Nasopharyngeal swab"|258500001|04/14/2022|Negative|260385009
74|4244|10D2214779||Markoff|"Robert Samuel"||10/01/1962||"1640 Sul Ross"|Houston|FL|77006||Male|2813005091|"No Response"|1||0|0|0|0||0|Markoff||||||||"SARS-CoV-2 (COVID-19)"|Antigen|97097-0|"SARS-CoV-2 Ag Upper resp Ql IA.rapid"|"Nasopharyngeal swab"|258500001|04/14/2022|Negative|260385009
75|4244|10D2214779||Pulaski|"Holly Ann"||10/07/1971||"2824 Briarhurst Dr. #3"|Houston|FL|77057||Female|8327295301|"No Response"|1||0|0|0|0||0|Pulaski||||||||"SARS-CoV-2 (COVID-19)"|Antigen|97097-0|"SARS-CoV-2 Ag Upper resp Ql IA.rapid"|"Nasopharyngeal swab"|258500001|04/14/2022|Negative|260385009
76|4244|10D2214779||Smilios|"Penny white"||05/01/1952||"1007 East Hyman Ave #2"|Aspen|FL|81611||Female|9703798778|"No Response"|1||0|0|0|0||0|Smilios||||||||"SARS-CoV-2 (COVID-19)"|Antigen|97097-0|"SARS-CoV-2 Ag Upper resp Ql IA.rapid"|"Nasopharyngeal swab"|258500001|04/14/2022|Negative|260385009
77|4244|10D2214779||Smilios|Basil||11/20/1953||"1007 East Hyman Ave #2"|Aspen|FL|81611||Male|9703798778|"No Response"|1||0|0|0|0||0|Smilios||||||||"SARS-CoV-2 (COVID-19)"|Antigen|97097-0|"SARS-CoV-2 Ag Upper resp Ql IA.rapid"|"Nasopharyngeal swab"|258500001|04/14/2022|Negative|260385009
78|4244|10D2214779||Morrow|Laura||08/18/1968||"1428 n caddy ct"|Wichita|FL|67212||Female|3614251834|"No Response"|0||0|0|0|0||0|Morrow||||||||"SARS-CoV-2 (COVID-19)"|Antigen|97097-0|"SARS-CoV-2 Ag Upper resp Ql IA.rapid"|"Nasopharyngeal swab"|258500001|04/14/2022|Negative|260385009
79|4244|10D2214779||"Fernandez Williams"|"Mack Nel"||12/30/1991||"639 Cheoy Lee circle"|"Winter Springs"|FL|32708||Male|7408172864|"No Response"|0||0|1|0|0||0|"Fernandez Williams"||||||||"SARS-CoV-2 (COVID-19)"|Antigen|97097-0|"SARS-CoV-2 Ag Upper resp Ql IA.rapid"|"Nasopharyngeal swab"|258500001|04/14/2022|Negative|260385009
80|4244|10D2214779||Fernandez-Williams|Jeffrey||01/26/1959||"639 Cheoy Lee Circle"|"Winter Springs"|FL|32708||Male|9999999999|"No Response"|1||0|0|0|0||0|Fernandez-Williams||||||||"SARS-CoV-2 (COVID-19)"|Antigen|97097-0|"SARS-CoV-2 Ag Upper resp Ql IA.rapid"|"Nasopharyngeal swab"|258500001|04/14/2022|Negative|260385009
81|4244|10D2214779||Fernandez-Williams|"Maria Esther"||05/06/2019||"639 Cheoy Lee Circle"|"Winter Springs"|FL|32708||Female|7408172864|"No Response"|0||0|1|0|0||0|Fernandez-Williams||||||||"SARS-CoV-2 (COVID-19)"|Antigen|97097-0|"SARS-CoV-2 Ag Upper resp Ql IA.rapid"|"Nasopharyngeal swab"|258500001|04/14/2022|Negative|260385009
82|4244|10D2214779||Mocanu|Antonia||08/08/1989||"612 Executive Center Drive"|"West Palm Beach"|FL|33401||Female|5613246398|"No Response"|1||0|0|0|0||0|Mocanu||||||||"SARS-CoV-2 (COVID-19)"|Antigen|97097-0|"SARS-CoV-2 Ag Upper resp Ql IA.rapid"|"Nasopharyngeal swab"|258500001|04/14/2022|Negative|260385009
83|4244|10D2214779||Mocanu|Andrei||11/08/1984||"612 Executive center drive"|"West palm Beach"|FL|33401||Male|5613246398|"No Response"|1||0|0|0|0||0|Mocanu||||||||"SARS-CoV-2 (COVID-19)"|Antigen|97097-0|"SARS-CoV-2 Ag Upper resp Ql IA.rapid"|"Nasopharyngeal swab"|258500001|04/14/2022|Negative|260385009
84|4244|10D2214779||Mocanu|Leo||07/30/2019||"612 Executive Center Drive"|"West Palm Beach"|FL|33401||Male|5613246398|"No Response"|1||0|0|0|0||0|Mocanu||||||||"SARS-CoV-2 (COVID-19)"|Antigen|97097-0|"SARS-CoV-2 Ag Upper resp Ql IA.rapid"|"Nasopharyngeal swab"|258500001|04/14/2022|Negative|260385009
85|4244|10D2214779||Fisher|Joshua||06/07/2005||"1615 Terrence Dr"|"New Lenox"|FL|60451||Male|7088292423|"No Response"|1||0|0|0|0||0|Fisher||||||||"SARS-CoV-2 (COVID-19)"|PCR|94500-6|"SARS-CoV-2 RNA Resp Ql NAA+probe"|"Nasopharyngeal swab"|258500001|04/14/2022|Negative|260385009
86|4244|10D2214779||Fisher|Jacob||07/29/2003||"1615 terence drive"|"New lenox"|FL|60451||Male|7088292423|"No Response"|1||0|0|0|0||0|Fisher||||||||"SARS-CoV-2 (COVID-19)"|PCR|94500-6|"SARS-CoV-2 RNA Resp Ql NAA+probe"|"Nasopharyngeal swab"|258500001|04/14/2022|Negative|260385009
87|4244|10D2214779||Gethin|Isaac||12/28/1994||Unknown|Unknown|FL|99999||Male|07983333886|"No Response"|1||0|0|0|0||0|Gethin||||||||"SARS-CoV-2 (COVID-19)"|Antigen|97097-0|"SARS-CoV-2 Ag Upper resp Ql IA.rapid"|"Nasopharyngeal swab"|258500001|04/14/2022|Negative|260385009
88|4244|10D2214779||Earrye|Rhian||01/12/1994||Unknown|Unknown|FL|99999||Female|07908635385|"No Response"|1||0|0|0|0||0|Earrye||||||||"SARS-CoV-2 (COVID-19)"|Antigen|97097-0|"SARS-CoV-2 Ag Upper resp Ql IA.rapid"|"Nasopharyngeal swab"|258500001|04/13/2022|Negative|260385009
89|4244|10D2214779||Durie|David||01/12/1987||"2312 NE 15th Ave"|"Wilton Manor"|FL|33305||Male|9547781719|"No Response"|1||0|0|0|0||0|Durie||||||||"SARS-CoV-2 (COVID-19)"|Antigen|97097-0|"SARS-CoV-2 Ag Upper resp Ql IA.rapid"|"Nasopharyngeal swab"|258500001|04/14/2022|Negative|260385009
90|4244|10D2214779||Morgan|Helen||10/28/1977||"United kingdom"|Miami|FL|33139||Female|9999999999|"No Response"|1||0|0|0|0||0|Morgan||||||||"SARS-CoV-2 (COVID-19)"|Antigen|97097-0|"SARS-CoV-2 Ag Upper resp Ql IA.rapid"|"Nasopharyngeal swab"|258500001|04/14/2022|Negative|260385009
91|4244|10D2214779||Philp|Morgan||04/09/2007||"The Betsy Hotel"|Miami|FL|33139||Male|9999999999|"No Response"|1||0|0|0|0||0|Philp||||||||"SARS-CoV-2 (COVID-19)"|Antigen|97097-0|"SARS-CoV-2 Ag Upper resp Ql IA.rapid"|"Nasopharyngeal swab"|258500001|04/07/2022|Negative|260385009
92|4244|10D2214779||Veilleux|Rébecca||11/23/1994||Unknown|"St Augustin de Desmaures"|FL|99999||Female|4188099981|"No Response"|1||0|0|0|0||0|Veilleux||||||||"SARS-CoV-2 (COVID-19)"|Antigen|97097-0|"SARS-CoV-2 Ag Upper resp Ql IA.rapid"|"Nasopharyngeal swab"|258500001|04/14/2022|Negative|260385009
93|4244|10D2214779||Shapiro|Michael||09/30/1970||"1409 Botham Jean Blvd 601"|Dallas|FL|75215||Male|3233015065|"No Response"|1||0|0|0|0||0|Shapiro||||||||"SARS-CoV-2 (COVID-19)"|Antigen|97097-0|"SARS-CoV-2 Ag Upper resp Ql IA.rapid"|"Nasopharyngeal swab"|258500001|04/14/2022|Negative|260385009
94|4244|10D2214779||Gonzalez|Leslie||12/12/1975||"222 Matfield Ct"|"Carvel Beach, MD"|FL|21226||Male|7875256523|"No Response"|0||0|0|0|0||0|Gonzalez||||||||"SARS-CoV-2 (COVID-19)"|Antigen|97097-0|"SARS-CoV-2 Ag Upper resp Ql IA.rapid"|"Nasopharyngeal swab"|258500001|04/14/2022|Negative|260385009
95|4244|10D2214779||Rodriguez|Cosette||10/16/1981||"222 Matfield Ct"|"Carvel Beach, MD"|FL|21226||Female|7875256523|"No Response"|0||0|0|0|0||0|Rodriguez||||||||"SARS-CoV-2 (COVID-19)"|Antigen|97097-0|"SARS-CoV-2 Ag Upper resp Ql IA.rapid"|"Nasopharyngeal swab"|258500001|04/14/2022|Negative|260385009
96|4244|10D2214779||Gonzalez|Esteban||10/08/2010||"222 Matfield Ct"|"Carvel Beach, MD"|FL|21226||Male|7875256523|"No Response"|0||0|0|0|0||0|Gonzalez||||||||"SARS-CoV-2 (COVID-19)"|Antigen|97097-0|"SARS-CoV-2 Ag Upper resp Ql IA.rapid"|"Nasopharyngeal swab"|258500001|04/14/2022|Negative|260385009
97|4244|10D2214779||Gonzalez|Adriana||05/13/2012||"222 Matfield Ct"|"Carvel Beach MD"|FL|21226||Female|7875256523|"No Response"|0||0|0|0|0||0|Gonzalez||||||||"SARS-CoV-2 (COVID-19)"|Antigen|97097-0|"SARS-CoV-2 Ag Upper resp Ql IA.rapid"|"Nasopharyngeal swab"|258500001|04/14/2022|Negative|260385009
98|4244|10D2214779||Gonzalez|Santiago||06/29/2013||"222 Matfield Cr"|"Carvel Beach, MD"|FL|21226||Male|7875256523|"No Response"|0||0|0|0|0||0|Gonzalez||||||||"SARS-CoV-2 (COVID-19)"|Antigen|97097-0|"SARS-CoV-2 Ag Upper resp Ql IA.rapid"|"Nasopharyngeal swab"|258500001|04/14/2022|Negative|260385009
99|4244|10D2214779||Muir|Roger||02/25/1969||"6008 Inheritance Court"|Taylorsville|FL|84123||Male|8017068125|"No Response"|1||0|0|0|0||0|Muir||||||||"SARS-CoV-2 (COVID-19)"|PCR|94500-6|"SARS-CoV-2 RNA Resp Ql NAA+probe"|"Nasopharyngeal swab"|258500001|04/14/2022|Negative|260385009
100|4244|10D2214779||"De graauw"|FRANCISCUS||01/07/1968||"8723 cleary boulevard"|Plantation|FL|33324||Male|+3641470781|"No Response"|1||0|0|0|0||0|"De graauw"||||||||"SARS-CoV-2 (COVID-19)"|Antigen|97097-0|"SARS-CoV-2 Ag Upper resp Ql IA.rapid"|"Nasopharyngeal swab"|258500001|04/14/2022|Negative|260385009
101|4244|10D2214779||dass|navendra||10/13/1972||Unknown|"PORT OF SPAIN"|FL|00000||Male|18634850148|"No Response"|0||0|1|0|0||0|dass||||||||"SARS-CoV-2 (COVID-19)"|Antigen|97097-0|"SARS-CoV-2 Ag Upper resp Ql IA.rapid"|"Nasopharyngeal swab"|258500001|04/14/2022|Negative|260385009
102|4244|10D2214779||DASS|AMBIKA||07/25/2007||Unknown|"PORT OF SPAIN"|FL|00000||Female|18634850148|"No Response"|0||0|1|0|0||0|DASS||||||||"SARS-CoV-2 (COVID-19)"|Antigen|97097-0|"SARS-CoV-2 Ag Upper resp Ql IA.rapid"|"Nasopharyngeal swab"|258500001|04/14/2022|Negative|260385009
103|4244|10D2214779||Rodriguez|Yandro||10/26/1994||"3051 NW 61 ST"|Miami|FL|33142||Male|7863343064|"No Response"|0||0|0|0|0||0|Rodriguez||||||||"SARS-CoV-2 (COVID-19)"|Antigen|97097-0|"SARS-CoV-2 Ag Upper resp Ql IA.rapid"|"Nasopharyngeal swab"|258500001|04/14/2022|Negative|260385009
104|4244|10D2214779||DASS|VIREN||01/11/2009||Unknown|"PORT OF SPAIN"|FL|00000||Male|18634850148|"No Response"|0||0|1|0|0||0|DASS||||||||"SARS-CoV-2 (COVID-19)"|Antigen|97097-0|"SARS-CoV-2 Ag Upper resp Ql IA.rapid"|"Nasopharyngeal swab"|258500001|04/14/2022|Negative|260385009
105|4244|10D2214779||Oliveras|Nadjalie||04/10/1998||Unknown|Unknown|FL|99999||Female|4437892172|"No Response"|0||0|0|0|1||0|Oliveras||||||||"SARS-CoV-2 (COVID-19)"|Antigen|97097-0|"SARS-CoV-2 Ag Upper resp Ql IA.rapid"|"Nasopharyngeal swab"|258500001|04/14/2022|Negative|260385009
106|4244|10D2214779||"Castillo Ramirez"|"Hipolito Sum ling"||10/23/1980||"4561 S Kirkman Rd apt 05"|Orlando|FL|32811||Male|3213142116|"No Response"|0||0|0|0|0||0|"Castillo Ramirez"||||||||"SARS-CoV-2 (COVID-19)"|Antigen|97097-0|"SARS-CoV-2 Ag Upper resp Ql IA.rapid"|"Nasopharyngeal swab"|258500001|04/14/2022|Negative|260385009
107|4244|10D2214779||Carpenito|Michele||11/28/1995||"818 ivory ln"|"West Palm beach"|FL|33415||Male|9999999999|"No Response"|1||0|0|0|0||0|Carpenito||||||||"SARS-CoV-2 (COVID-19)"|PCR|94500-6|"SARS-CoV-2 RNA Resp Ql NAA+probe"|"Nasopharyngeal swab"|258500001|04/14/2022|Negative|260385009
108|4244|10D2214779||Boyle|George||01/01/1970||"23 Cynthia Dr"|Farmingville|FL|11738||Male|6462940717|"No Response"|1||0|0|0|0||0|Boyle||||||||"SARS-CoV-2 (COVID-19)"|Antigen|97097-0|"SARS-CoV-2 Ag Upper resp Ql IA.rapid"|"Nasopharyngeal swab"|258500001|04/14/2022|Negative|260385009
109|4244|10D2214779||Gavilanes|"Nycholle Lynne"||02/07/1974||"50 Southview Circle"|"Lake Grove"|FL|11755||Female|6313847280|"No Response"|0||0|0|0|1||0|Gavilanes||||||||"SARS-CoV-2 (COVID-19)"|Antigen|97097-0|"SARS-CoV-2 Ag Upper resp Ql IA.rapid"|"Nasopharyngeal swab"|258500001|04/14/2022|Negative|260385009
110|4244|10D2214779||Gavilanes|"Madyson Mercedes"||04/24/2007||"50 Southview Circle"|"Lake Grove"|FL|11755||Female|6313847280|"No Response"|0||0|0|0|0||0|Gavilanes||||||||"SARS-CoV-2 (COVID-19)"|Antigen|97097-0|"SARS-CoV-2 Ag Upper resp Ql IA.rapid"|"Nasopharyngeal swab"|258500001|04/14/2022|Negative|260385009
111|4244|10D2214779||Gavilanes|"Mayson Edson"||05/21/2009||"50 Southview Circle"|"Lake Grove"|FL|11755||Male|6313847280|"No Response"|0||0|0|0|0||0|Gavilanes||||||||"SARS-CoV-2 (COVID-19)"|Antigen|97097-0|"SARS-CoV-2 Ag Upper resp Ql IA.rapid"|"Nasopharyngeal swab"|258500001|04/14/2022|Negative|260385009
112|4244|10D2214779||Connolly|Kaitlyn||01/16/1991||"23 Cynthia dr"|Farmingville|FL|11738||Female|9999999999|"No Response"|1||0|0|0|0||0|Connolly||||||||"SARS-CoV-2 (COVID-19)"|Antigen|97097-0|"SARS-CoV-2 Ag Upper resp Ql IA.rapid"|"Nasopharyngeal swab"|258500001|04/14/2022|Negative|260385009
113|4244|10D2214779||Boyle|Nancy||01/01/1970||"23 Cynthia Drive"|Farmingville|FL|11738||Female|6319018901|"No Response"|0||0|0|0|0||0|Boyle||||||||"SARS-CoV-2 (COVID-19)"|Antigen|97097-0|"SARS-CoV-2 Ag Upper resp Ql IA.rapid"|"Nasopharyngeal swab"|258500001|04/14/2022|Negative|260385009
114|4244|10D2214779||Ekstrom|Bengt-ake||09/19/1948||Unknown|Kristianstad|FL|99999||Female|9999999999|"No Response"|1||0|0|0|0||0|Ekstrom||||||||"SARS-CoV-2 (COVID-19)"|Antigen|97097-0|"SARS-CoV-2 Ag Upper resp Ql IA.rapid"|"Nasopharyngeal swab"|258500001|04/14/2022|Negative|260385009
115|4244|10D2214779||Sandstedt|"Kim Magnus"||01/09/1975||Unknown|Karlskrona|FL|99999||Male|9999999999|"No Response"|1||0|0|0|0||0|Sandstedt||||||||"SARS-CoV-2 (COVID-19)"|Antigen|97097-0|"SARS-CoV-2 Ag Upper resp Ql IA.rapid"|"Nasopharyngeal swab"|258500001|04/14/2022|Negative|260385009
116|4244|10D2214779||Kallur|Susanne||06/10/1968||Unknown|Kristianstad|FL|99999||Female|9999999999|"No Response"|1||0|0|0|0||0|Kallur||||||||"SARS-CoV-2 (COVID-19)"|Antigen|97097-0|"SARS-CoV-2 Ag Upper resp Ql IA.rapid"|"Nasopharyngeal swab"|258500001|04/14/2022|Negative|260385009
117|4244|10D2214779||mclaughlin|"kevin John"||04/20/1956||Unknown|Unknown|FL|99999|||9048061885|"No Response"|0||0|0|0|0||1|mclaughlin||||||||"SARS-CoV-2 (COVID-19)"|PCR|94500-6|"SARS-CoV-2 RNA Resp Ql NAA+probe"|"Nasopharyngeal swab"|258500001|04/14/2022|Negative|260385009
118|4244|10D2214779||"Cooper Easterling"|Lisa||07/10/1958||Unknown|Unknown|FL|99999|||9046157072|"No Response"|0||0|0|0|0||1|"Cooper Easterling"||||||||"SARS-CoV-2 (COVID-19)"|PCR|94500-6|"SARS-CoV-2 RNA Resp Ql NAA+probe"|"Nasopharyngeal swab"|258500001|04/14/2022|Negative|260385009
119|4244|10D2214779||Thelander|Karen||01/18/1955||"922 E. Ranch Rd"|Tempe|FL|85284||Female|4803268242|"No Response"|1||0|0|0|0||0|Thelander||||||||"SARS-CoV-2 (COVID-19)"|Antigen|97097-0|"SARS-CoV-2 Ag Upper resp Ql IA.rapid"|"Nasopharyngeal swab"|258500001|04/14/2022|Negative|260385009
120|4244|10D2214779||Thelander|Dan||01/30/1955||"922 East Ranch Rd."|Tempe|FL|85284||Male|4803268242|"No Response"|1||0|0|0|0||0|Thelander||||||||"SARS-CoV-2 (COVID-19)"|Antigen|97097-0|"SARS-CoV-2 Ag Upper resp Ql IA.rapid"|"Nasopharyngeal swab"|258500001|04/14/2022|Negative|260385009
121|4244|10D2214779||"Valencia Becerra"|Salvador||05/10/1991||Unknown|"Gómez palacio"|FL|35090||Male|9999999999|"No Response"|0||0|0|0|0||0|"Valencia Becerra"||||||||"SARS-CoV-2 (COVID-19)"|Antigen|97097-0|"SARS-CoV-2 Ag Upper resp Ql IA.rapid"|"Nasopharyngeal swab"|258500001|04/14/2022|Negative|260385009
122|4244|10D2214779||Carlson|"Frances Marie"||02/11/1947||Unknown|Unknown|FL|99999||Female|2157878166|"No Response"|0||0|0|0|0||1|Carlson||||||||"SARS-CoV-2 (COVID-19)"|Antigen|97097-0|"SARS-CoV-2 Ag Upper resp Ql IA.rapid"|"Nasopharyngeal swab"|258500001|04/14/2022|Negative|260385009
123|4244|10D2214779||"Barriada Guzmán"|"Luz elena"||01/19/1991||Unknown|Torreon|FL|27200||Female|9999999999|"No Response"|0||0|0|0|0||0|"Barriada Guzmán"||||||||"SARS-CoV-2 (COVID-19)"|Antigen|97097-0|"SARS-CoV-2 Ag Upper resp Ql IA.rapid"|"Nasopharyngeal swab"|258500001|04/14/2022|Negative|260385009
124|4244|10D2214779||Blurton|Josh||02/20/1991||Unknown|Unknown|FL|99999||Male|9137315394|"No Response"|1||0|0|0|0||0|Blurton||||||||"SARS-CoV-2 (COVID-19)"|Antigen|97097-0|"SARS-CoV-2 Ag Upper resp Ql IA.rapid"|"Nasopharyngeal swab"|258500001|04/14/2022|Negative|260385009
125|4244|10D2214779||Carlson|"Gael William"||11/13/1942||Unknown|Unknown|FL|99999||Male|3022301537|"No Response"|0||0|0|0|0||1|Carlson||||||||"SARS-CoV-2 (COVID-19)"|Antigen|97097-0|"SARS-CoV-2 Ag Upper resp Ql IA.rapid"|"Nasopharyngeal swab"|258500001|04/14/2022|Negative|260385009
126|4244|10D2214779||Ince|David||05/16/1967||Unknown|Unknown|FL|99999||Male|8687779740|"No Response"|0||0|0|0|1||0|Ince||||||||"SARS-CoV-2 (COVID-19)"|Antigen|97097-0|"SARS-CoV-2 Ag Upper resp Ql IA.rapid"|"Nasopharyngeal swab"|258500001|04/14/2022|Negative|260385009
127|4244|10D2214779||Ince|"Heather- Dawn"||02/21/1980||Unknown|Unknown|FL|99999||Female|8687779740|"No Response"|0||0|0|0|1||0|Ince||||||||"SARS-CoV-2 (COVID-19)"|Antigen|97097-0|"SARS-CoV-2 Ag Upper resp Ql IA.rapid"|"Nasopharyngeal swab"|258500001|04/14/2022|Negative|260385009
128|4244|10D2214779||Manriquez|Paula||05/04/1994||"Avanti palm’s resort"|Orlando|FL|99999||Female|9999999999|"No Response"|0||0|0|0|0||0|Manriquez||||||||"SARS-CoV-2 (COVID-19)"|PCR|94500-6|"SARS-CoV-2 RNA Resp Ql NAA+probe"|"Nasopharyngeal swab"|258500001|04/14/2022|Negative|260385009
129|4244|10D2214779||Ince|Liam||12/25/2012||Unknown|Unknown|FL|99999||Male|8687779740|"No Response"|0||0|0|0|1||0|Ince||||||||"SARS-CoV-2 (COVID-19)"|Antigen|97097-0|"SARS-CoV-2 Ag Upper resp Ql IA.rapid"|"Nasopharyngeal swab"|258500001|04/14/2022|Negative|260385009
130|4244|10D2214779||Herlihy|Tim||03/26/1986||"222 east 3rd street"|"New York"|FL|10009||Male|9175849615|"No Response"|1||0|0|0|0||0|Herlihy||||||||"SARS-CoV-2 (COVID-19)"|Antigen|97097-0|"SARS-CoV-2 Ag Upper resp Ql IA.rapid"|"Nasopharyngeal swab"|258500001|04/14/2022|Negative|260385009
131|4244|10D2214779||Ince|Ethan||10/01/2015||Unknown|Unknown|FL|99999||Male|8687779740|"No Response"|0||0|0|0|1||0|Ince||||||||"SARS-CoV-2 (COVID-19)"|Antigen|97097-0|"SARS-CoV-2 Ag Upper resp Ql IA.rapid"|"Nasopharyngeal swab"|258500001|04/14/2022|Negative|260385009
132|4244|10D2214779||Stefanowicz|David||07/23/1993||"1612 Illinois Street"|Orlando|FL|32803||Male|7578766013|"No Response"|1||0|0|0|0||0|Stefanowicz||||||||"SARS-CoV-2 (COVID-19)"|Antigen|97097-0|"SARS-CoV-2 Ag Upper resp Ql IA.rapid"|"Nasopharyngeal swab"|258500001|04/14/2022|Negative|260385009
133|4244|10D2214779||Calixto|Alejandro||05/12/1991||"4180 N Highway A1A , Unit 204b"|"Hutchinson Island"|FL|34949||Male|3054501285|"No Response"|0||0|0|0|0||0|Calixto||||||||"SARS-CoV-2 (COVID-19)"|PCR|94500-6|"SARS-CoV-2 RNA Resp Ql NAA+probe"|"Nasopharyngeal swab"|258500001|04/14/2022|Negative|260385009
134|4244|10D2214779||Onorato|"Nicholas Michael"||10/17/2011||Unknown|Unknown|FL|99999||Male|7863962445|"No Response"|0||0|0|0|0||1|Onorato||||||||"SARS-CoV-2 (COVID-19)"|PCR|94500-6|"SARS-CoV-2 RNA Resp Ql NAA+probe"|"Nasopharyngeal swab"|258500001|04/14/2022|Negative|260385009
135|4244|10D2214779||Mattos|Theo||02/17/2004||Unknown|Unknown|FL|99999||Male|5584782841|"No Response"|1||0|0|0|0||0|Mattos||||||||"SARS-CoV-2 (COVID-19)"|Antigen|97097-0|"SARS-CoV-2 Ag Upper resp Ql IA.rapid"|"Nasopharyngeal swab"|258500001|04/14/2022|Negative|260385009
136|4244|10D2214779||Stone|Sheldon||10/27/1975||"256 Hope Circle"|Malvern|FL|72104||Male|5013042040|"No Response"|1||0|0|0|0||0|Stone||||||||"SARS-CoV-2 (COVID-19)"|Antigen|97097-0|"SARS-CoV-2 Ag Upper resp Ql IA.rapid"|"Nasopharyngeal swab"|258500001|04/14/2022|Negative|260385009
137|4244|10D2214779||Walsh|Sarah||04/21/1977||"10560 NW 78th ST, apt 201"|Doral|FL|33178||Female|7865643622|"No Response"|1||0|0|0|0||0|Walsh||||||||"SARS-CoV-2 (COVID-19)"|Antigen|97097-0|"SARS-CoV-2 Ag Upper resp Ql IA.rapid"|"Nasopharyngeal swab"|258500001|04/14/2022|Negative|260385009
138|4244|10D2214779||Palm|Carol||11/02/1955||"406 S Cypress Road Apt 309"|"Pompano Beach"|FL|33060||Female|6512700439|"No Response"|1||0|0|0|0||0|Palm||||||||"SARS-CoV-2 (COVID-19)"|Antigen|97097-0|"SARS-CoV-2 Ag Upper resp Ql IA.rapid"|"Nasopharyngeal swab"|258500001|04/14/2022|Negative|260385009
139|4244|10D2214779||Ford|Parker||08/31/2007||"720 Sandpiper Way"|"North Palm Beach"|FL|33408||Male|7863962445|"No Response"|1||0|0|0|0||0|Ford||||||||"SARS-CoV-2 (COVID-19)"|PCR|94500-6|"SARS-CoV-2 RNA Resp Ql NAA+probe"|"Nasopharyngeal swab"|258500001|04/14/2022|Negative|260385009
140|4244|10D2214779||Hurduc|Anca||09/09/1978||Unknown|Unknown|FL|99999||Female|9999999999|"No Response"|1||0|0|0|0||0|Hurduc||||||||"SARS-CoV-2 (COVID-19)"|Antigen|97097-0|"SARS-CoV-2 Ag Upper resp Ql IA.rapid"|"Nasopharyngeal swab"|258500001|04/14/2022|Negative|260385009
141|4244|10D2214779||Ford|Christopher||09/05/2003||"720 Sandpiper Way"|"North Palm Beach"|FL|33408||Male|7729324030|"No Response"|1||0|0|0|0||0|Ford||||||||"SARS-CoV-2 (COVID-19)"|PCR|94500-6|"SARS-CoV-2 RNA Resp Ql NAA+probe"|"Nasopharyngeal swab"|258500001|04/14/2022|Negative|260385009
142|4244|10D2214779||Ford|Camden||01/01/1970||"720 Sandpiper Way"|"North Palm Beach"|FL|33408||Male|5617279672|"No Response"|1||0|0|0|0||0|Ford||||||||"SARS-CoV-2 (COVID-19)"|Antigen|97097-0|"SARS-CoV-2 Ag Upper resp Ql IA.rapid"|"Nasopharyngeal swab"|258500001|04/14/2022|Negative|260385009
143|4244|10D2214779||MENTOR|Gaetan||05/09/1968||Unknown|Unknown|FL|99999||Male|3057781968|"No Response"|0||0|0|0|1||0|MENTOR||||||||"SARS-CoV-2 (COVID-19)"|Antigen|97097-0|"SARS-CoV-2 Ag Upper resp Ql IA.rapid"|"Nasopharyngeal swab"|258500001|04/14/2022|Negative|260385009
144|4244|10D2214779||Ford|Richard||01/01/1970||"720 Sandpiper Way"|"North Palm Beach"|FL|33408||Male|5617279672|"No Response"|1||0|0|0|0||0|Ford||||||||"SARS-CoV-2 (COVID-19)"|Antigen|97097-0|"SARS-CoV-2 Ag Upper resp Ql IA.rapid"|"Nasopharyngeal swab"|258500001|04/14/2022|Negative|260385009
145|4244|10D2214779||Guimond|"Tania Rose"||08/22/1968||Unknown|Unknown|FL|99999||Female|5147551731|"No Response"|1||0|0|0|0||0|Guimond||||||||"SARS-CoV-2 (COVID-19)"|Antigen|97097-0|"SARS-CoV-2 Ag Upper resp Ql IA.rapid"|"Nasopharyngeal swab"|258500001|04/14/2022|Negative|260385009
146|4244|10D2214779||Calkins|ursula||04/13/1941||"18219 Murcott Blvd"|Loxahatchee|FL|33470||Female|8658980701|"No Response"|1||0|0|0|0||0|Calkins||||||||"SARS-CoV-2 (COVID-19)"|Antigen|97097-0|"SARS-CoV-2 Ag Upper resp Ql IA.rapid"|"Nasopharyngeal swab"|258500001|04/14/2022|Negative|260385009
147|4244|10D2214779||Gagnon|Real||07/17/1958||Unknown|Unknown|FL|99999||Male|5153862900|"No Response"|1||0|0|0|0||0|Gagnon||||||||"SARS-CoV-2 (COVID-19)"|Antigen|97097-0|"SARS-CoV-2 Ag Upper resp Ql IA.rapid"|"Nasopharyngeal swab"|258500001|04/14/2022|Negative|260385009
148|4244|10D2214779||"Mentor  Roy"|"Jeanne Danielle Simone"||06/24/1971||Unknown|Unknown|FL|99999||Female|3057781968|"No Response"|0||0|0|0|1||0|"Mentor  Roy"||||||||"SARS-CoV-2 (COVID-19)"|Antigen|97097-0|"SARS-CoV-2 Ag Upper resp Ql IA.rapid"|"Nasopharyngeal swab"|258500001|04/14/2022|Negative|260385009
149|4244|10D2214779||"Clement Roy"|"Marie Greta"||11/17/1968||Unknown|Unknown|FL|99999||Female|3057781968|"No Response"|0||0|0|0|1||0|"Clement Roy"||||||||"SARS-CoV-2 (COVID-19)"|Antigen|97097-0|"SARS-CoV-2 Ag Upper resp Ql IA.rapid"|"Nasopharyngeal swab"|258500001|04/14/2022|Negative|260385009
150|4244|10D2214779||Clement|"Alexandre Roland"||04/11/2007||Unknown|Unknown|FL|99999||Male|3057781968|"No Response"|0||0|0|0|1||0|Clement||||||||"SARS-CoV-2 (COVID-19)"|Antigen|97097-0|"SARS-CoV-2 Ag Upper resp Ql IA.rapid"|"Nasopharyngeal swab"|258500001|04/14/2022|Negative|260385009
151|4244|10D2214779||Mora|Joseph||03/17/1944||"2660 NE 17th Street"|"Pompano Beach"|FL|33062||Male|3052993984|"No Response"|1||0|0|0|0||0|Mora||||||||"SARS-CoV-2 (COVID-19)"|Antigen|97097-0|"SARS-CoV-2 Ag Upper resp Ql IA.rapid"|"Nasopharyngeal swab"|258500001|04/14/2022|Negative|260385009
152|4244|10D2214779||"Virgen Sanchez"|"Ana Paula"||04/22/1987||Unknown|Unknown|FL|99999||Female|7863962445|"No Response"|0||0|0|0|0||1|"Virgen Sanchez"||||||||"SARS-CoV-2 (COVID-19)"|Antigen|97097-0|"SARS-CoV-2 Ag Upper resp Ql IA.rapid"|"Nasopharyngeal swab"|258500001|04/14/2022|Negative|260385009
153|4244|10D2214779||"De la Mora Arias"|Rodrigo||10/17/1983||Unknown|Unknown|FL|99999||Male|7863962445|"No Response"|0||0|0|0|0||1|"De la Mora Arias"||||||||"SARS-CoV-2 (COVID-19)"|Antigen|97097-0|"SARS-CoV-2 Ag Upper resp Ql IA.rapid"|"Nasopharyngeal swab"|258500001|04/14/2022|Negative|260385009
154|4244|10D2214779||Patrick|Cindy||06/30/1974||"410 SW 7th St"|"Cape Coral"|FL|33991||Female|2623532561|"No Response"|1||0|0|0|0||0|Patrick||||||||"SARS-CoV-2 (COVID-19)"|Antigen|97097-0|"SARS-CoV-2 Ag Upper resp Ql IA.rapid"|"Nasopharyngeal swab"|258500001|04/14/2022|Negative|260385009
155|4244|10D2214779||"de la Fuente"|Ingrid||06/14/1973||"1080 Brickell Ave, 3409"|Miami|FL|33131||Female|7862526053|"No Response"|0||0|0|0|0||0|"de la Fuente"||||||||"SARS-CoV-2 (COVID-19)"|Antigen|97097-0|"SARS-CoV-2 Ag Upper resp Ql IA.rapid"|"Nasopharyngeal swab"|258500001|04/14/2022|Negative|260385009
156|4244|10D2214779||Patrick|Christopher||01/02/2005||"410 SW 7th St"|"Cape Coral"|FL|33991||Male|2623532561|"No Response"|1||0|0|0|0||0|Patrick||||||||"SARS-CoV-2 (COVID-19)"|Antigen|97097-0|"SARS-CoV-2 Ag Upper resp Ql IA.rapid"|"Nasopharyngeal swab"|258500001|04/14/2022|Negative|260385009
157|4244|10D2214779||Grammas|Brittany||10/14/1998||"353 browns rd"|Walden|FL|12586||Female|8455272861|"No Response"|1||0|0|0|0||0|Grammas||||||||"SARS-CoV-2 (COVID-19)"|Antigen|97097-0|"SARS-CoV-2 Ag Upper resp Ql IA.rapid"|"Nasopharyngeal swab"|258500001|04/14/2022|Negative|260385009
158|4244|10D2214779||Agosto|Sandra||03/28/1973||Unknown|Unknown|FL|99999||Female|5164161851|"No Response"|0||0|0|0|0||0|Agosto||||||||"SARS-CoV-2 (COVID-19)"|Antigen|97097-0|"SARS-CoV-2 Ag Upper resp Ql IA.rapid"|"Nasopharyngeal swab"|258500001|04/14/2022|Negative|260385009
159|4244|10D2214779||Cabral|Steve||01/01/1970||Unknown|Unknown|FL|99999||Male|9999999999|"No Response"|1||0|0|0|0||0|Cabral||||||||"SARS-CoV-2 (COVID-19)"|Antigen|97097-0|"SARS-CoV-2 Ag Upper resp Ql IA.rapid"|"Nasopharyngeal swab"|258500001|04/14/2022|Negative|260385009
160|4244|10D2214779||Cabral|Steve||01/01/1970||Unknown|Unknown|FL|99999||Male|4074506968|"No Response"|1||0|0|0|0||0|Cabral||||||||"SARS-CoV-2 (COVID-19)"|Antigen|97097-0|"SARS-CoV-2 Ag Upper resp Ql IA.rapid"|"Nasopharyngeal swab"|258500001|04/14/2022|Negative|260385009
161|4244|10D2214779||Hernandez|Andrew||02/18/2008||"7200 international Dr"|Orlando|FL|32819||Male|9999999999|"No Response"|1||0|0|0|0||0|Hernandez||||||||"SARS-CoV-2 (COVID-19)"|Antigen|97097-0|"SARS-CoV-2 Ag Upper resp Ql IA.rapid"|"Nasopharyngeal swab"|258500001|04/14/2022|Negative|260385009
162|4244|10D2214779||Castillo|Karina||04/18/1998||"7200 International Dr"|Orlando|FL|32819||Female|5303180551|"No Response"|0||0|0|0|0||0|Castillo||||||||"SARS-CoV-2 (COVID-19)"|Antigen|97097-0|"SARS-CoV-2 Ag Upper resp Ql IA.rapid"|"Nasopharyngeal swab"|258500001|04/14/2022|Negative|260385009
163|4244|10D2214779||strader|summer||01/01/1970||"958 village trail apt 407"|"port orange"|FL|32127||Female|9416237071|"No Response"|1||0|0|0|0||0|strader||||||||"SARS-CoV-2 (COVID-19)"|Antigen|97097-0|"SARS-CoV-2 Ag Upper resp Ql IA.rapid"|"Nasopharyngeal swab"|258500001|04/14/2022|Negative|260385009
164|4244|10D2214779||vandemark|kayla||01/01/1970||"3328 oasis blvd"|"cape coral"|FL|33914||Female|2399108287|"No Response"|1||0|0|0|0||0|vandemark||||||||"SARS-CoV-2 (COVID-19)"|Antigen|97097-0|"SARS-CoV-2 Ag Upper resp Ql IA.rapid"|"Nasopharyngeal swab"|258500001|04/14/2022|Negative|260385009
165|4244|10D2214779||Heckelman|Harris||04/07/1989||"2682 Palmer Place"|Weston|FL|33332||Male|4042294480|"No Response"|1||0|0|0|0||0|Heckelman||||||||"SARS-CoV-2 (COVID-19)"|PCR|94500-6|"SARS-CoV-2 RNA Resp Ql NAA+probe"|"Nasopharyngeal swab"|258500001|04/14/2022|Negative|260385009
166|4244|10D2214779||"Del Cistia Fonseca Kanashiro"|"Maria Angelica"||04/15/1980||"6275 Sand Lake Vista Drive apt4219"|Orlando|FL|32819||Female|4074832697|"No Response"|0||0|0|0|0||0|"Del Cistia Fonseca Kanashiro"||||||||"SARS-CoV-2 (COVID-19)"|Antigen|97097-0|"SARS-CoV-2 Ag Upper resp Ql IA.rapid"|"Nasopharyngeal swab"|258500001|04/14/2022|Negative|260385009
167|4244|10D2214779||Ford|Richard||01/01/1970||"143 Country Club Drive"|Tequesta|FL|33469||Male|5617279672|"No Response"|1||0|0|0|0||0|Ford||||||||"SARS-CoV-2 (COVID-19)"|Antigen|97097-0|"SARS-CoV-2 Ag Upper resp Ql IA.rapid"|"Nasopharyngeal swab"|258500001|04/14/2022|Negative|260385009
168|4244|10D2214779||Ford|Camden||01/01/1970||"143 Country Club Drive"|Tequesta|FL|33469||Male|5617279672|"No Response"|1||0|0|0|0||0|Ford||||||||"SARS-CoV-2 (COVID-19)"|Antigen|97097-0|"SARS-CoV-2 Ag Upper resp Ql IA.rapid"|"Nasopharyngeal swab"|258500001|04/14/2022|Negative|260385009
169|4244|10D2214779||Ford|Parker||08/31/2007||"143 Country Club Drive"|Tequesta|FL|33469||Male|7863962445|"No Response"|1||0|0|0|0||0|Ford||||||||"SARS-CoV-2 (COVID-19)"|PCR|94500-6|"SARS-CoV-2 RNA Resp Ql NAA+probe"|"Nasopharyngeal swab"|258500001|04/14/2022|Negative|260385009
170|4244|10D2214779||Ford|Parker||08/31/2007||Unknown|Unknown|FL|99999||Male|7863962445|"No Response"|1||0|0|0|0||0|Ford||||||||"SARS-CoV-2 (COVID-19)"|PCR|94500-6|"SARS-CoV-2 RNA Resp Ql NAA+probe"|"Nasopharyngeal swab"|258500001|04/14/2022|Negative|260385009
171|4244|10D2214779||Ford|Camden||01/01/1970||Unknown|Unknown|FL|99999||Male|5617279672|"No Response"|1||0|0|0|0||0|Ford||||||||"SARS-CoV-2 (COVID-19)"|Antigen|97097-0|"SARS-CoV-2 Ag Upper resp Ql IA.rapid"|"Nasopharyngeal swab"|258500001|04/14/2022|Negative|260385009
172|4244|10D2214779||Ford|Richard||01/01/1970||Unknown|Unknown|FL|99999||Male|5617279672|"No Response"|1||0|0|0|0||0|Ford||||||||"SARS-CoV-2 (COVID-19)"|Antigen|97097-0|"SARS-CoV-2 Ag Upper resp Ql IA.rapid"|"Nasopharyngeal swab"|258500001|04/14/2022|Negative|260385009
173|4244|10D2214779||newman|Michael||03/29/1951||"9690 egret chase lane"|"West palm beach"|FL|33411||Male|5613866359|"No Response"|1||0|0|0|0||0|newman||||||||"SARS-CoV-2 (COVID-19)"|Antigen|97097-0|"SARS-CoV-2 Ag Upper resp Ql IA.rapid"|"Nasopharyngeal swab"|258500001|04/14/2022|Negative|260385009
174|4244|10D2214779||Newman|Linda||02/09/1960||"9690 egret chase lane"|"West palm beach"|FL|33411||Female|5613866359|"No Response"|1||0|0|0|0||0|Newman||||||||"SARS-CoV-2 (COVID-19)"|Antigen|97097-0|"SARS-CoV-2 Ag Upper resp Ql IA.rapid"|"Nasopharyngeal swab"|258500001|04/14/2022|Negative|260385009
