RecordID|FacilityID|CLIAID|PatientID|LastName|FirstName|MiddleName|DOB|SSN|StreetAddress|City|State|Zip|County|Gender|PhoneNumber|Ethnicity|RaceWhite|RaceBlack|RaceAmericanIndianAlaskanNative|RaceAsian|RaceNativeHawaiianOrOtherPacificIslander|RaceOther|RaceUnknown|RaceNoResponse|ProviderName|NPI|Pregnant|SchoolAssociation|SchoolName|MeetILIDefinition|PerformingLab|AccessionNumber|Pathogen|TestType|LOINC|LOINCShortName|SpecimenCollectionType|SpecimenSNOMED|SpecimenCollectedDate|Result|ResultSNOMED
1|4244|10D2214779||Haubrock|Robert||01/22/1960||"16203 Prairie school dr"|"Winter Garden"|FL|34787||Male|5133755311|"No Response"|1||0|0|0|0||0|Haubrock||||||||"SARS-CoV-2 (COVID-19)"|PCR|94500-6|"SARS-CoV-2 RNA Resp Ql NAA+probe"|"Nasopharyngeal swab"|258500001|04/04/2022|Negative|260385009
2|4244|10D2214779||Levy|Doron||09/17/2022||"2077 Partridge Ln"|"Highland Park"|FL|60035||Male|2245658964|"No Response"|1||0|0|0|0||0|Levy||||||||"SARS-CoV-2 (COVID-19)"|PCR|94500-6|"SARS-CoV-2 RNA Resp Ql NAA+probe"|"Nasopharyngeal swab"|258500001|04/04/2022|Negative|260385009
3|4244|10D2214779||Levy|Doron||09/17/2022||"2077 Partridge Ln"|"Highland Park"|FL|60035||Male|2245658964|"No Response"|1||0|0|0|0||0|Levy||||||||"SARS-CoV-2 (COVID-19)"|PCR|94500-6|"SARS-CoV-2 RNA Resp Ql NAA+probe"|"Nasopharyngeal swab"|258500001|04/04/2022|Negative|260385009
4|4244|10D2214779||Levy|Doron||09/17/2022||"2077 Partridge Ln"|"Highland Park"|FL|60035||Male|2245658964|"No Response"|1||0|0|0|0||0|Levy||||||||"SARS-CoV-2 (COVID-19)"|PCR|94500-6|"SARS-CoV-2 RNA Resp Ql NAA+probe"|"Nasopharyngeal swab"|258500001|04/04/2022|Negative|260385009
5|4244|10D2214779||Levy|Doron||09/17/2022||"2077 Partridge Ln"|"Highland Park"|FL|60035||Male|2245658964|"No Response"|1||0|0|0|0||0|Levy||||||||"SARS-CoV-2 (COVID-19)"|PCR|94500-6|"SARS-CoV-2 RNA Resp Ql NAA+probe"|"Nasopharyngeal swab"|258500001|04/04/2022|Negative|260385009
6|4244|10D2214779||Levy|Doron||09/17/2022||"2077 Partridge Ln"|"Highland Park"|FL|60035||Male|2245658964|"No Response"|1||0|0|0|0||0|Levy||||||||"SARS-CoV-2 (COVID-19)"|PCR|94500-6|"SARS-CoV-2 RNA Resp Ql NAA+probe"|"Nasopharyngeal swab"|258500001|04/04/2022|Negative|260385009
7|4244|10D2214779||Levy|Doron||09/17/2022||"2077 Partridge Ln"|"Highland Park"|FL|60035||Male|2245658964|"No Response"|1||0|0|0|0||0|Levy||||||||"SARS-CoV-2 (COVID-19)"|PCR|94500-6|"SARS-CoV-2 RNA Resp Ql NAA+probe"|"Nasopharyngeal swab"|258500001|04/04/2022|Negative|260385009
8|4244|10D2214779||Lewis|Joseph||12/27/1960||"311 2nd Street"|Oakland|FL|94607||Male|4159481430|"No Response"|1||0|0|0|0||0|Lewis||||||||"SARS-CoV-2 (COVID-19)"|Antigen|97097-0|"SARS-CoV-2 Ag Upper resp Ql IA.rapid"|"Nasopharyngeal swab"|258500001|04/04/2022|Negative|260385009
9|4244|10D2214779||Pons|Stephanie||04/08/1993||Unknown|Unknown|FL|99999||Female|7863962445|"No Response"|0||0|0|0|1||0|Pons||||||||"SARS-CoV-2 (COVID-19)"|PCR|94500-6|"SARS-CoV-2 RNA Resp Ql NAA+probe"|"Nasopharyngeal swab"|258500001|04/04/2022|Negative|260385009
10|4244|10D2214779||Pons|Stephanie||04/08/1993||Unknown|Unknown|FL|99999||Female|7863962445|"No Response"|0||0|0|0|1||0|Pons||||||||"SARS-CoV-2 (COVID-19)"|PCR|94500-6|"SARS-CoV-2 RNA Resp Ql NAA+probe"|"Nasopharyngeal swab"|258500001|04/04/2022|Negative|260385009
11|4244|10D2214779||Pons|Stephanie||04/08/1993||Unknown|Unknown|FL|99999||Female|7863962445|"No Response"|0||0|0|0|1||0|Pons||||||||"SARS-CoV-2 (COVID-19)"|PCR|94500-6|"SARS-CoV-2 RNA Resp Ql NAA+probe"|"Nasopharyngeal swab"|258500001|04/04/2022|Negative|260385009
12|4244|10D2214779||Pons|Stephanie||04/08/1993||Unknown|Unknown|FL|99999||Female|7863962445|"No Response"|0||0|0|0|1||0|Pons||||||||"SARS-CoV-2 (COVID-19)"|PCR|94500-6|"SARS-CoV-2 RNA Resp Ql NAA+probe"|"Nasopharyngeal swab"|258500001|04/04/2022|Negative|260385009
13|4244|10D2214779||Brunekreef|Evert||12/28/1954||"270 Bisqayne blvd Way"|Miami|FL|33131||Male|9999999999|"No Response"|1||0|0|0|0||0|Brunekreef||||||||"SARS-CoV-2 (COVID-19)"|Antigen|97097-0|"SARS-CoV-2 Ag Upper resp Ql IA.rapid"|"Nasopharyngeal swab"|258500001|04/04/2022|Negative|260385009
14|4244|10D2214779||Pons|Stephanie||04/08/1993||Unknown|Unknown|FL|99999||Female|7863962445|"No Response"|0||0|0|0|1||0|Pons||||||||"SARS-CoV-2 (COVID-19)"|PCR|94500-6|"SARS-CoV-2 RNA Resp Ql NAA+probe"|"Nasopharyngeal swab"|258500001|04/04/2022|Negative|260385009
15|4244|10D2214779||Jarrard|Franci||11/07/1947||"144 Long Hollow Rd"|Elgin|FL|78621||Female|5126195306|"No Response"|1||0|0|0|0||0|Jarrard||||||||"SARS-CoV-2 (COVID-19)"|Antigen|97097-0|"SARS-CoV-2 Ag Upper resp Ql IA.rapid"|"Nasopharyngeal swab"|258500001|04/04/2022|Negative|260385009
16|4244|10D2214779||Jarrard|Stephen||11/25/1949||"144 Long Hollow Rd"|Elgin|FL|78621||Male|5126195306|"No Response"|1||0|0|0|0||0|Jarrard||||||||"SARS-CoV-2 (COVID-19)"|Antigen|97097-0|"SARS-CoV-2 Ag Upper resp Ql IA.rapid"|"Nasopharyngeal swab"|258500001|04/04/2022|Negative|260385009
17|4244|10D2214779||Pons|Stephanie||04/08/1993||Unknown|Unknown|FL|99999||Female|7863962445|"No Response"|0||0|0|0|1||0|Pons||||||||"SARS-CoV-2 (COVID-19)"|PCR|94500-6|"SARS-CoV-2 RNA Resp Ql NAA+probe"|"Nasopharyngeal swab"|258500001|04/04/2022|Negative|260385009
18|4244|10D2214779||Pons|Stephanie||04/08/1993||Unknown|Unknown|FL|99999||Female|7863962445|"No Response"|0||0|0|0|1||0|Pons||||||||"SARS-CoV-2 (COVID-19)"|PCR|94500-6|"SARS-CoV-2 RNA Resp Ql NAA+probe"|"Nasopharyngeal swab"|258500001|04/04/2022|Negative|260385009
19|4244|10D2214779||Pons|Stephanie||04/08/1993||Unknown|Unknown|FL|99999||Female|7863962445|"No Response"|0||0|0|0|1||0|Pons||||||||"SARS-CoV-2 (COVID-19)"|PCR|94500-6|"SARS-CoV-2 RNA Resp Ql NAA+probe"|"Nasopharyngeal swab"|258500001|04/04/2022|Negative|260385009
20|4244|10D2214779||Haubrock|Robert||01/22/1960||"16203 prairie school dr"|"Winter garden"|FL|34787||Male|5133755311|"No Response"|1||0|0|0|0||0|Haubrock||||||||"SARS-CoV-2 (COVID-19)"|PCR|94500-6|"SARS-CoV-2 RNA Resp Ql NAA+probe"|"Nasopharyngeal swab"|258500001|04/04/2022|Negative|260385009
21|4244|10D2214779||Pons|Stephanie||04/08/1993||"205 Montego street"|Kissimmee|FL|34743||Female|7863962445|"No Response"|0||0|0|0|0||0|Pons||||||||"SARS-CoV-2 (COVID-19)"|PCR|94500-6|"SARS-CoV-2 RNA Resp Ql NAA+probe"|"Nasopharyngeal swab"|258500001|04/04/2022|Negative|260385009
22|4244|10D2214779||Gomes|Brenno||03/08/1988||Unknown|"Sao Paulo"|FL|54100||Male|9999999999|"No Response"|0||0|0|0|0||0|Gomes||||||||"SARS-CoV-2 (COVID-19)"|Antigen|97097-0|"SARS-CoV-2 Ag Upper resp Ql IA.rapid"|"Nasopharyngeal swab"|258500001|04/04/2022|Negative|260385009
23|4244|10D2214779||Pessoa|Ranna||03/19/1993||Unknown|"Sao Paulo"|FL|54100||Male|9999999999|"No Response"|0||0|0|0|0||0|Pessoa||||||||"SARS-CoV-2 (COVID-19)"|Antigen|97097-0|"SARS-CoV-2 Ag Upper resp Ql IA.rapid"|"Nasopharyngeal swab"|258500001|04/04/2022|Negative|260385009
24|4244|10D2214779||Griggs|Louellen||12/19/1946||"2 Castle Lane"|Basalt|FL|81621||Female|9703791364|"No Response"|1||0|0|0|0||0|Griggs||||||||"SARS-CoV-2 (COVID-19)"|Antigen|97097-0|"SARS-CoV-2 Ag Upper resp Ql IA.rapid"|"Nasopharyngeal swab"|258500001|04/04/2022|Negative|260385009
25|4244|10D2214779||Costa|Amanda||08/22/1986||"85 Winter ridge circle"|Orlando|FL|32835||Female|9999999999|"No Response"|0||0|0|0|1||0|Costa||||||||"SARS-CoV-2 (COVID-19)"|Antigen|97097-0|"SARS-CoV-2 Ag Upper resp Ql IA.rapid"|"Nasopharyngeal swab"|258500001|04/04/2022|Negative|260385009
26|4244|10D2214779||Ong|Yani||04/23/1979||"1000 Brickell Ave, #715,"|"Miami, FL"|FL|33131||Female|6463308823|"No Response"|0||0|1|0|0||0|Ong||||||||"SARS-CoV-2 (COVID-19)"|Antigen|97097-0|"SARS-CoV-2 Ag Upper resp Ql IA.rapid"|"Nasopharyngeal swab"|258500001|04/04/2022|Negative|260385009
27|4244|10D2214779||Clardy|Patrick||08/23/1999||"103 Lansdowne Dr"|Madison|FL|35758||Male|2562242691|"No Response"|1||0|0|0|0||0|Clardy||||||||"SARS-CoV-2 (COVID-19)"|Antigen|97097-0|"SARS-CoV-2 Ag Upper resp Ql IA.rapid"|"Nasopharyngeal swab"|258500001|04/03/2022|Negative|260385009
28|4244|10D2214779||Gomes|Brenno||03/08/1988||Unknown|"Sao Paulo"|FL|54100||Male|9999999999|"No Response"|0||0|0|0|0||0|Gomes||||||||"SARS-CoV-2 (COVID-19)"|Antigen|97097-0|"SARS-CoV-2 Ag Upper resp Ql IA.rapid"|"Nasopharyngeal swab"|258500001|04/04/2022|Negative|260385009
29|4244|10D2214779||Pessoa|Ranna||03/19/1993||Unknown|"Sao Paulo"|FL|54100||Female|9999999999|"No Response"|0||0|0|0|0||0|Pessoa||||||||"SARS-CoV-2 (COVID-19)"|Antigen|97097-0|"SARS-CoV-2 Ag Upper resp Ql IA.rapid"|"Nasopharyngeal swab"|258500001|04/04/2022|Negative|260385009
30|4244|10D2214779||"Silveira Tercariol"|"Juliana Regina"||06/04/1974||"4250 Koval Lane"|"Las Vegas"|FL|89109||Female|9999999999|"No Response"|1||0|0|0|0||0|"Silveira Tercariol"||||||||"SARS-CoV-2 (COVID-19)"|Antigen|97097-0|"SARS-CoV-2 Ag Upper resp Ql IA.rapid"|"Nasopharyngeal swab"|258500001|04/04/2022|Negative|260385009
31|4244|10D2214779||Casher|William||07/17/1978||"10 Comstock Ct"|"San Ramon"|FL|94583||Male|15107986149|"No Response"|0||0|0|0|0||0|Casher||||||||"SARS-CoV-2 (COVID-19)"|Antigen|97097-0|"SARS-CoV-2 Ag Upper resp Ql IA.rapid"|"Nasopharyngeal swab"|258500001|04/04/2022|Negative|260385009
32|4244|10D2214779||Casher|William||07/17/1978||"10 Comstock Ct"|"San Ramon"|FL|94583||Male|15107986149|"No Response"|0||0|0|0|0||0|Casher||||||||"SARS-CoV-2 (COVID-19)"|Antigen|97097-0|"SARS-CoV-2 Ag Upper resp Ql IA.rapid"|"Nasopharyngeal swab"|258500001|04/04/2022|Negative|260385009
33|4244|10D2214779||Casher|Jessica||01/05/1977||"10 Comstock Ct"|"San Ramon"|FL|94583||Female|5107986149|"No Response"|0||0|1|0|0||0|Casher||||||||"SARS-CoV-2 (COVID-19)"|Antigen|97097-0|"SARS-CoV-2 Ag Upper resp Ql IA.rapid"|"Nasopharyngeal swab"|258500001|04/04/2022|Negative|260385009
34|4244|10D2214779||Casher|Jessica||01/05/1977||"10 Comstock Ct"|"San Ramon"|FL|94583||Female|5107986149|"No Response"|0||0|1|0|0||0|Casher||||||||"SARS-CoV-2 (COVID-19)"|Antigen|97097-0|"SARS-CoV-2 Ag Upper resp Ql IA.rapid"|"Nasopharyngeal swab"|258500001|04/04/2022|Negative|260385009
35|4244|10D2214779||Casher|Kendall||03/31/2012||"10 Comstock Ct"|"San Ramon"|FL|94583||Female|15107986149|"No Response"|0||0|0|0|0||0|Casher||||||||"SARS-CoV-2 (COVID-19)"|Antigen|97097-0|"SARS-CoV-2 Ag Upper resp Ql IA.rapid"|"Nasopharyngeal swab"|258500001|04/04/2022|Negative|260385009
36|4244|10D2214779||Casher|Kendall||03/31/2012||"10 Comstock Ct"|"San Ramon"|FL|94583||Female|15107986149|"No Response"|0||0|0|0|0||0|Casher||||||||"SARS-CoV-2 (COVID-19)"|Antigen|97097-0|"SARS-CoV-2 Ag Upper resp Ql IA.rapid"|"Nasopharyngeal swab"|258500001|04/04/2022|Negative|260385009
37|4244|10D2214779||Casher|Kendall||03/31/2012||"10 Comstock Ct"|"San Ramon"|FL|94583||Female|15107986149|"No Response"|0||0|0|0|0||0|Casher||||||||"SARS-CoV-2 (COVID-19)"|Antigen|97097-0|"SARS-CoV-2 Ag Upper resp Ql IA.rapid"|"Nasopharyngeal swab"|258500001|04/04/2022|Negative|260385009
38|4244|10D2214779||Casher|Marcus||08/06/2009||"10 Comstock Ct"|"San Ramon"|FL|94583||Male|15107986149|"No Response"|0||0|0|0|0||0|Casher||||||||"SARS-CoV-2 (COVID-19)"|Antigen|97097-0|"SARS-CoV-2 Ag Upper resp Ql IA.rapid"|"Nasopharyngeal swab"|258500001|04/04/2022|Negative|260385009
39|4244|10D2214779||Casher|Marcus||08/06/2009||"10 Comstock Ct"|"San Ramon"|FL|94583||Male|15107986149|"No Response"|0||0|0|0|0||0|Casher||||||||"SARS-CoV-2 (COVID-19)"|Antigen|97097-0|"SARS-CoV-2 Ag Upper resp Ql IA.rapid"|"Nasopharyngeal swab"|258500001|04/04/2022|Negative|260385009
40|4244|10D2214779||Casher|Devin||06/07/2006||"10 Comstock Ct"|"San Ramon"|FL|94583||Male|15107986149|"No Response"|0||0|0|0|0||0|Casher||||||||"SARS-CoV-2 (COVID-19)"|Antigen|97097-0|"SARS-CoV-2 Ag Upper resp Ql IA.rapid"|"Nasopharyngeal swab"|258500001|04/04/2022|Negative|260385009
41|4244|10D2214779||Casher|Devin||06/07/2006||"10 Comstock Ct"|"San Ramon"|FL|94583||Male|15107986149|"No Response"|0||0|0|0|0||0|Casher||||||||"SARS-CoV-2 (COVID-19)"|Antigen|97097-0|"SARS-CoV-2 Ag Upper resp Ql IA.rapid"|"Nasopharyngeal swab"|258500001|04/04/2022|Negative|260385009
42|4244|10D2214779||Casher|Devin||06/07/2006||"10 Comstock Ct"|"San Ramon"|FL|94583||Male|15107986149|"No Response"|0||0|0|0|0||0|Casher||||||||"SARS-CoV-2 (COVID-19)"|Antigen|97097-0|"SARS-CoV-2 Ag Upper resp Ql IA.rapid"|"Nasopharyngeal swab"|258500001|04/04/2022|Negative|260385009
43|4244|10D2214779||Marinez|"Ana Niulka"||04/07/1973||"5308 vista hermosa ave"|"Las vegas  Nv"|FL|89108||Female|9999999999|"No Response"|0||0|0|0|0||0|Marinez||||||||"SARS-CoV-2 (COVID-19)"|Antigen|97097-0|"SARS-CoV-2 Ag Upper resp Ql IA.rapid"|"Nasopharyngeal swab"|258500001|04/04/2022|Negative|260385009
44|4244|10D2214779||"Marinez Rodriguez"|Aurelio||09/25/1964||"5308 vista hermosa ave"|"Las vegas Nv"|FL|89108||Male|9999999999|"No Response"|0||0|0|0|0||0|"Marinez Rodriguez"||||||||"SARS-CoV-2 (COVID-19)"|Antigen|97097-0|"SARS-CoV-2 Ag Upper resp Ql IA.rapid"|"Nasopharyngeal swab"|258500001|04/04/2022|Negative|260385009
45|4244|10D2214779||Lewis|Joseph||12/27/1960||"311 2nd Street"|Oakland|FL|94607||Male|4159481430|"No Response"|1||0|0|0|0||0|Lewis||||||||"SARS-CoV-2 (COVID-19)"|Antigen|97097-0|"SARS-CoV-2 Ag Upper resp Ql IA.rapid"|"Nasopharyngeal swab"|258500001|04/04/2022|Negative|260385009
46|4244|10D2214779||Jewell|Amy||04/10/1975||"10002 Taplin Ln"|Plainwell|FL|49080||Female|5272136955|"No Response"|1||0|0|0|0||0|Jewell||||||||"SARS-CoV-2 (COVID-19)"|Antigen|97097-0|"SARS-CoV-2 Ag Upper resp Ql IA.rapid"|"Nasopharyngeal swab"|258500001|04/04/2022|Negative|260385009
47|4244|10D2214779||Jewell|Amy||04/10/1975||"10002 Taplin Ln"|Plainwell|FL|49080||Female|5272136955|"No Response"|1||0|0|0|0||0|Jewell||||||||"SARS-CoV-2 (COVID-19)"|Antigen|97097-0|"SARS-CoV-2 Ag Upper resp Ql IA.rapid"|"Nasopharyngeal swab"|258500001|04/04/2022|Negative|260385009
48|4244|10D2214779||Reasinger|Todd||03/28/1964||"311 2nd Street"|Oakland|FL|94607||Male|4159029636|"No Response"|1||0|0|0|0||0|Reasinger||||||||"SARS-CoV-2 (COVID-19)"|Antigen|97097-0|"SARS-CoV-2 Ag Upper resp Ql IA.rapid"|"Nasopharyngeal swab"|258500001|04/04/2022|Negative|260385009
49|4244|10D2214779||James|Colleen||06/23/1962||"5050 s 700 e-57"|Churubusco|FL|46723||Female|2604503333|"No Response"|1||0|0|0|0||0|James||||||||"SARS-CoV-2 (COVID-19)"|Antigen|97097-0|"SARS-CoV-2 Ag Upper resp Ql IA.rapid"|"Nasopharyngeal swab"|258500001|04/04/2022|Negative|260385009
50|4244|10D2214779||Gater|Jessica||12/24/1986||"637 green meadows dr"|Middleville|FL|49333||Female|2603492470|"No Response"|1||0|0|0|0||0|Gater||||||||"SARS-CoV-2 (COVID-19)"|Antigen|97097-0|"SARS-CoV-2 Ag Upper resp Ql IA.rapid"|"Nasopharyngeal swab"|258500001|04/04/2022|Negative|260385009
51|4244|10D2214779||Gater|Payton||10/26/2008||"637 green meadows dr"|Middleville|FL|49333||Female|2603492470|"No Response"|1||0|0|0|0||0|Gater||||||||"SARS-CoV-2 (COVID-19)"|Antigen|97097-0|"SARS-CoV-2 Ag Upper resp Ql IA.rapid"|"Nasopharyngeal swab"|258500001|04/04/2022|Negative|260385009
52|4244|10D2214779||"DE LA CRUZ"|ELEUTERIO||04/18/1971||"3069 PERRY AVE"|GREENACRES|FL|33463||Male|5616359573|"No Response"|0||0|0|0|0||0|"DE LA CRUZ"||||||||"SARS-CoV-2 (COVID-19)"|Antigen|97097-0|"SARS-CoV-2 Ag Upper resp Ql IA.rapid"|"Nasopharyngeal swab"|258500001|04/04/2022|Negative|260385009
53|4244|10D2214779||Gater|Amya||07/30/2010||"637 green meadows dr"|Middleville|FL|49333||Female|2603492470|"No Response"|1||0|0|0|0||0|Gater||||||||"SARS-CoV-2 (COVID-19)"|Antigen|97097-0|"SARS-CoV-2 Ag Upper resp Ql IA.rapid"|"Nasopharyngeal swab"|258500001|04/04/2022|Negative|260385009
54|4244|10D2214779||Zuccarelli|Vivienne||08/30/1956||"106 Butler Street"|Windermere|FL|34786||Female|4079893350|"No Response"|1||0|0|0|0||0|Zuccarelli||||||||"SARS-CoV-2 (COVID-19)"|Antigen|97097-0|"SARS-CoV-2 Ag Upper resp Ql IA.rapid"|"Nasopharyngeal swab"|258500001|04/04/2022|Negative|260385009
55|4244|10D2214779||Zuccarelli|Gaetano||03/03/1952||"106 Butler Street"|Windermere|FL|34786||Male|Zuccarelli|"No Response"|1||0|0|0|0||0|Zuccarelli||||||||"SARS-CoV-2 (COVID-19)"|Antigen|97097-0|"SARS-CoV-2 Ag Upper resp Ql IA.rapid"|"Nasopharyngeal swab"|258500001|04/04/2022|Negative|260385009
56|4244|10D2214779||Brunekreef|Evert||12/28/1954||"3708 Las Vegas Blvd"|"Las  Vegas"|FL|89109||Male|9999999999|"No Response"|0||0|0|1|0||0|Brunekreef||||||||"SARS-CoV-2 (COVID-19)"|Antigen|97097-0|"SARS-CoV-2 Ag Upper resp Ql IA.rapid"|"Nasopharyngeal swab"|258500001|04/04/2022|Negative|260385009
57|4244|10D2214779||"Jean Philippe"|Dirogene||11/14/1948||"240 NW 14th AV"|"Boynton Beach  FL"|FL|33435||Male|5617741166|"No Response"|0||0|0|0|0||0|"Jean Philippe"||||||||"SARS-CoV-2 (COVID-19)"|Antigen|97097-0|"SARS-CoV-2 Ag Upper resp Ql IA.rapid"|"Nasopharyngeal swab"|258500001|04/04/2022|Negative|260385009
58|4244|10D2214779||Levy|Doron||09/17/2022||"2077 Partridge Ln"|"Highland Park"|FL|60035||Male|2245658964|"No Response"|1||0|0|0|0||0|Levy||||||||"SARS-CoV-2 (COVID-19)"|PCR|94500-6|"SARS-CoV-2 RNA Resp Ql NAA+probe"|"Nasopharyngeal swab"|258500001|04/04/2022|Negative|260385009
59|4244|10D2214779||Levy|Doron||09/17/2022||"2077 Partridge Ln"|"Highland Park"|FL|60035||Male|2245658964|"No Response"|1||0|0|0|0||0|Levy||||||||"SARS-CoV-2 (COVID-19)"|PCR|94500-6|"SARS-CoV-2 RNA Resp Ql NAA+probe"|"Nasopharyngeal swab"|258500001|04/04/2022|Negative|260385009
60|4244|10D2214779||Krug-Levy|Lorena||10/02/1966||"2077 Partridge Ln"|"Highland Park"|FL|60035||Female|7736717019|"No Response"|0||0|0|0|0||0|Krug-Levy||||||||"SARS-CoV-2 (COVID-19)"|PCR|94500-6|"SARS-CoV-2 RNA Resp Ql NAA+probe"|"Nasopharyngeal swab"|258500001|04/04/2022|Negative|260385009
61|4244|10D2214779||Krug-Levy|Lorena||10/02/1966||"2077 Partridge Ln"|"Highland Park"|FL|60035||Female|7736717019|"No Response"|0||0|0|0|0||0|Krug-Levy||||||||"SARS-CoV-2 (COVID-19)"|PCR|94500-6|"SARS-CoV-2 RNA Resp Ql NAA+probe"|"Nasopharyngeal swab"|258500001|04/04/2022|Negative|260385009
62|4244|10D2214779||Auguste|Rylee||05/07/2007||"5626 Dewey"|Hollywood|FL|33023||Female|9545881548|"No Response"|0||0|0|0|1||0|Auguste||||||||"SARS-CoV-2 (COVID-19)"|Antigen|97097-0|"SARS-CoV-2 Ag Upper resp Ql IA.rapid"|"Nasopharyngeal swab"|258500001|04/04/2022|Negative|260385009
63|4244|10D2214779||Pons|Stephanie||04/08/1993||Unknown|Unknown|FL|99999||Female|7863962445|"No Response"|0||0|0|0|1||0|Pons||||||||"SARS-CoV-2 (COVID-19)"|PCR|94500-6|"SARS-CoV-2 RNA Resp Ql NAA+probe"|"Nasopharyngeal swab"|258500001|04/04/2022|Negative|260385009
64|4244|10D2214779||Cawood|Michael||07/18/1960||"1545 Collins Ave, Miami Beach, FL 33139"|"Miami Beach"|FL|33139||Male|9999999999|"No Response"|1||0|0|0|0||0|Cawood||||||||"SARS-CoV-2 (COVID-19)"|Antigen|97097-0|"SARS-CoV-2 Ag Upper resp Ql IA.rapid"|"Nasopharyngeal swab"|258500001|04/04/2022|Negative|260385009
65|4244|10D2214779||Cawood|Macie||01/02/2015||"1545 Collins Ave, Miami Beach, FL 33139"|"Miami Beach"|FL|33139||Female|9999999999|"No Response"|1||0|0|0|0||0|Cawood||||||||"SARS-CoV-2 (COVID-19)"|Antigen|97097-0|"SARS-CoV-2 Ag Upper resp Ql IA.rapid"|"Nasopharyngeal swab"|258500001|04/04/2022|Negative|260385009
66|4244|10D2214779||Muecke|Stephan||07/17/1981||"1000 Brickell Ave, #715"|"Miami, FL"|FL|33131||Male|9172757678|"No Response"|1||0|0|0|0||0|Muecke||||||||"SARS-CoV-2 (COVID-19)"|Antigen|97097-0|"SARS-CoV-2 Ag Upper resp Ql IA.rapid"|"Nasopharyngeal swab"|258500001|04/04/2022|Negative|260385009
67|4244|10D2214779||Costa|Amanda||08/22/1986||"85 Winter ridge circle"|Orlando|FL|32835||Female|9999999999|"No Response"|0||0|0|0|1||0|Costa||||||||"SARS-CoV-2 (COVID-19)"|Antigen|97097-0|"SARS-CoV-2 Ag Upper resp Ql IA.rapid"|"Nasopharyngeal swab"|258500001|04/04/2022|Negative|260385009
68|4244|10D2214779||Auguste|Donna-Marie||05/24/1967||"5626 Dewey St"|Hollywood|FL|33023||Female|8686205521|"No Response"|0||0|0|0|1||0|Auguste||||||||"SARS-CoV-2 (COVID-19)"|Antigen|97097-0|"SARS-CoV-2 Ag Upper resp Ql IA.rapid"|"Nasopharyngeal swab"|258500001|04/04/2022|Negative|260385009
69|4244|10D2214779||Auguste|Grantley||04/22/1958||"5626 Dewey Street"|Hollywood|FL|33023||Male|9545881548|"No Response"|0||0|0|0|1||0|Auguste||||||||"SARS-CoV-2 (COVID-19)"|Antigen|97097-0|"SARS-CoV-2 Ag Upper resp Ql IA.rapid"|"Nasopharyngeal swab"|258500001|04/04/2022|Negative|260385009
70|4244|10D2214779||"RIBEIRO NOGUEIRA JORGE"|GUILHERME||07/30/1967||"10661 PISA ROAD"|WELLINGTON|FL|33414||Male|9732826605|"No Response"|0||0|0|0|0||0|"RIBEIRO NOGUEIRA JORGE"||||||||"SARS-CoV-2 (COVID-19)"|Antigen|97097-0|"SARS-CoV-2 Ag Upper resp Ql IA.rapid"|"Nasopharyngeal swab"|258500001|04/04/2022|Negative|260385009
71|4244|10D2214779||"BETH COVERT"|ANGELA||05/29/1976||"10661 PISA ROAD"|WELLINGTON|FL|33414||Female|5618911944|"No Response"|1||0|0|0|0||0|"BETH COVERT"||||||||"SARS-CoV-2 (COVID-19)"|Antigen|97097-0|"SARS-CoV-2 Ag Upper resp Ql IA.rapid"|"Nasopharyngeal swab"|258500001|04/04/2022|Negative|260385009
72|4244|10D2214779||Viers|Mark||01/01/1970||"3117 Butler Bay Dr N"|Windermere|FL|34786||Male|3212292266|"No Response"|1||0|0|0|0||0|Viers||||||||"SARS-CoV-2 (COVID-19)"|Antigen|97097-0|"SARS-CoV-2 Ag Upper resp Ql IA.rapid"|"Nasopharyngeal swab"|258500001|04/04/2022|Negative|260385009
73|4244|10D2214779||Viers|Mark||01/01/1970||"3117 Butler Bay Dr N"|Windermere|FL|34786||Male|3212292266|"No Response"|1||0|0|0|0||0|Viers||||||||"SARS-CoV-2 (COVID-19)"|Antigen|97097-0|"SARS-CoV-2 Ag Upper resp Ql IA.rapid"|"Nasopharyngeal swab"|258500001|04/04/2022|Negative|260385009
74|4244|10D2214779||Quintero|Jason||03/06/1978||"2015 E Pinetree Blvd. E4"|"Thomasville, Georgia"|FL|31792||Male|2296990808|"No Response"|0||0|1|0|0||0|Quintero||||||||"SARS-CoV-2 (COVID-19)"|Antigen|97097-0|"SARS-CoV-2 Ag Upper resp Ql IA.rapid"|"Nasopharyngeal swab"|258500001|04/04/2022|Negative|260385009
75|4244|10D2214779||Hannon|Charles||05/07/1935||"450 Alton Rd"|"Miami Beach"|FL|33139||Male|3129532080|"No Response"|1||0|0|0|0||0|Hannon||||||||"SARS-CoV-2 (COVID-19)"|PCR|94500-6|"SARS-CoV-2 RNA Resp Ql NAA+probe"|"Nasopharyngeal swab"|258500001|04/04/2022|Negative|260385009
76|4244|10D2214779||Hannon|Charles||05/07/1935||"450 Alton Rd"|"Miami Beach"|FL|33139||Male|3129532080|"No Response"|1||0|0|0|0||0|Hannon||||||||"SARS-CoV-2 (COVID-19)"|PCR|94500-6|"SARS-CoV-2 RNA Resp Ql NAA+probe"|"Nasopharyngeal swab"|258500001|04/04/2022|Negative|260385009
77|4244|10D2214779||Hernandez|"Hernan Domingo"||09/16/1985||Unknown|Unknown|FL|99999||Male|7863962445|"No Response"|0||0|0|0|0||1|Hernandez||||||||"SARS-CoV-2 (COVID-19)"|Antigen|97097-0|"SARS-CoV-2 Ag Upper resp Ql IA.rapid"|"Nasopharyngeal swab"|258500001|04/04/2022|Negative|260385009
78|4244|10D2214779||"Gonzalez Lizama"|"Juan Carlos"||07/10/1990||Unknown|Unknown|FL|99999||Male|7863962445|"No Response"|0||0|0|0|0||1|"Gonzalez Lizama"||||||||"SARS-CoV-2 (COVID-19)"|Antigen|97097-0|"SARS-CoV-2 Ag Upper resp Ql IA.rapid"|"Nasopharyngeal swab"|258500001|08/31/2021|Negative|260385009
79|4244|10D2214779||Griggs|Louellen||12/19/1946||"2 Castle Lane"|Basalt|FL|81621||Female|9703791364|"No Response"|1||0|0|0|0||0|Griggs||||||||"SARS-CoV-2 (COVID-19)"|Antigen|97097-0|"SARS-CoV-2 Ag Upper resp Ql IA.rapid"|"Nasopharyngeal swab"|258500001|04/04/2022|Negative|260385009
80|4244|10D2214779||Guillén|Fabricio||01/01/1970||Unknown|"Ciudad del Este"|FL|85867||Male|8023808088|"No Response"|0||0|0|0|0||0|Guillén||||||||"SARS-CoV-2 (COVID-19)"|Antigen|97097-0|"SARS-CoV-2 Ag Upper resp Ql IA.rapid"|"Nasopharyngeal swab"|258500001|04/04/2022|Negative|260385009
81|4244|10D2214779||Penn|Niasha||10/03/1988||"Charlotte Amalie"|"St. Thomas"|FL|00801||Female|3406425435|"No Response"|0||0|0|0|0||0|Penn||||||||"SARS-CoV-2 (COVID-19)"|Antigen|97097-0|"SARS-CoV-2 Ag Upper resp Ql IA.rapid"|"Nasopharyngeal swab"|258500001|04/04/2022|Negative|260385009
82|4244|10D2214779||Benjamin|Carl||03/27/1982||"Charlotte Amalie"|"St. Thomas"|FL|00801||Male|3406425435|"No Response"|0||0|0|0|0||0|Benjamin||||||||"SARS-CoV-2 (COVID-19)"|Antigen|97097-0|"SARS-CoV-2 Ag Upper resp Ql IA.rapid"|"Nasopharyngeal swab"|258500001|04/04/2022|Negative|260385009
83|4244|10D2214779||Bermudez|Juan||05/30/1977||Unknown|Unknown|FL|99999||Male|50687062777|"No Response"|0||0|0|0|0||0|Bermudez||||||||"SARS-CoV-2 (COVID-19)"|Antigen|97097-0|"SARS-CoV-2 Ag Upper resp Ql IA.rapid"|"Nasopharyngeal swab"|258500001|04/04/2022|Negative|260385009
84|4244|10D2214779||Solis|Maria||07/05/1984||Unknown|Unknown|FL|99999||Male|50687062777|"No Response"|0||0|0|0|0||0|Solis||||||||"SARS-CoV-2 (COVID-19)"|Antigen|97097-0|"SARS-CoV-2 Ag Upper resp Ql IA.rapid"|"Nasopharyngeal swab"|258500001|04/04/2022|Negative|260385009
85|4244|10D2214779||Bermudez|Isabella||07/07/2014||Unknown|Unknown|FL|99999||Male|50687062777|"No Response"|0||0|0|0|0||0|Bermudez||||||||"SARS-CoV-2 (COVID-19)"|Antigen|97097-0|"SARS-CoV-2 Ag Upper resp Ql IA.rapid"|"Nasopharyngeal swab"|258500001|04/04/2022|Negative|260385009
86|4244|10D2214779||Bermudez|Victoria||09/07/2016||Unknown|Unknown|FL|99999||Female|50687062777|"No Response"|0||0|0|0|0||0|Bermudez||||||||"SARS-CoV-2 (COVID-19)"|Antigen|97097-0|"SARS-CoV-2 Ag Upper resp Ql IA.rapid"|"Nasopharyngeal swab"|258500001|04/04/2022|Negative|260385009
87|4244|10D2214779||Haubrock|Robert||01/22/1960||"16203 prairie school dr"|"Winter Garden"|FL|34687||Male|5133755311|"No Response"|1||0|0|0|0||0|Haubrock||||||||"SARS-CoV-2 (COVID-19)"|PCR|94500-6|"SARS-CoV-2 RNA Resp Ql NAA+probe"|"Nasopharyngeal swab"|258500001|04/04/2022|Negative|260385009
88|4244|10D2214779||Bundy|Thomas||01/16/1958||"912 Hazeltine"|"St Augustine"|FL|32092||Male|6313322862|"No Response"|1||0|0|0|0||0|Bundy||||||||"SARS-CoV-2 (COVID-19)"|Antigen|97097-0|"SARS-CoV-2 Ag Upper resp Ql IA.rapid"|"Nasopharyngeal swab"|258500001|04/04/2022|Negative|260385009
89|4244|10D2214779||Bundy|Patricia||07/14/1955||"912 Hazeltine Court"|"St Augustine"|FL|32092||Female|6314284144|"No Response"|1||0|0|0|0||0|Bundy||||||||"SARS-CoV-2 (COVID-19)"|Antigen|97097-0|"SARS-CoV-2 Ag Upper resp Ql IA.rapid"|"Nasopharyngeal swab"|258500001|04/04/2022|Negative|260385009
90|4244|10D2214779||Jarrard|Franci||11/07/1947||"144 LONG HOLLOW RD"|ELGIN|FL|78621||Female|5126195306|"No Response"|1||0|0|0|0||0|Jarrard||||||||"SARS-CoV-2 (COVID-19)"|Antigen|97097-0|"SARS-CoV-2 Ag Upper resp Ql IA.rapid"|"Nasopharyngeal swab"|258500001|04/04/2022|Negative|260385009
91|4244|10D2214779||Jarrard|Stephen||11/25/1949||"144 LONG HOLLOW RD"|ELGIN|FL|78621||Male|5126195306|"No Response"|1||0|0|0|0||0|Jarrard||||||||"SARS-CoV-2 (COVID-19)"|Antigen|97097-0|"SARS-CoV-2 Ag Upper resp Ql IA.rapid"|"Nasopharyngeal swab"|258500001|04/04/2022|Negative|260385009
92|4244|10D2214779||Innocent|Nativa||06/24/1953||"107 Huron Pl"|WPB|FL|33409||Female|5615741245|"No Response"|0||0|0|0|0||0|Innocent||||||||"SARS-CoV-2 (COVID-19)"|Antigen|97097-0|"SARS-CoV-2 Ag Upper resp Ql IA.rapid"|"Nasopharyngeal swab"|258500001|04/04/2022|Negative|260385009
93|4244|10D2214779||Innocent|Nativa||06/24/1953||"107 Huron Pl"|WPB|FL|33409||Female|5615741245|"No Response"|0||0|0|0|0||0|Innocent||||||||"SARS-CoV-2 (COVID-19)"|Antigen|97097-0|"SARS-CoV-2 Ag Upper resp Ql IA.rapid"|"Nasopharyngeal swab"|258500001|04/04/2022|Negative|260385009
94|4244|10D2214779||Leonard|"Lorraine Margaret"||07/19/1938||"10565 La Strada"|WPB|FL|33412||Female|2032492161|"No Response"|1||0|0|0|0||0|Leonard||||||||"SARS-CoV-2 (COVID-19)"|Antigen|97097-0|"SARS-CoV-2 Ag Upper resp Ql IA.rapid"|"Nasopharyngeal swab"|258500001|04/04/2022|Negative|260385009
95|4244|10D2214779||Leonard|"Lorraine Margaret"||07/19/1938||"10565 La Strada"|WPB|FL|33412||Female|2032492161|"No Response"|1||0|0|0|0||0|Leonard||||||||"SARS-CoV-2 (COVID-19)"|Antigen|97097-0|"SARS-CoV-2 Ag Upper resp Ql IA.rapid"|"Nasopharyngeal swab"|258500001|04/04/2022|Negative|260385009
96|4244|10D2214779||Cawood|Michael||07/18/1960||"1545 Collins Ave"|"Miami Beach"|FL|33139||Male|9999999999|"No Response"|1||0|0|0|0||0|Cawood||||||||"SARS-CoV-2 (COVID-19)"|Antigen|97097-0|"SARS-CoV-2 Ag Upper resp Ql IA.rapid"|"Nasopharyngeal swab"|258500001|04/04/2022|Negative|260385009
97|4244|10D2214779||Cawood|Macie||01/02/2015||"1545 Collins Ave"|"Miami Beach"|FL|33139||Female|9999999999|"No Response"|1||0|0|0|0||0|Cawood||||||||"SARS-CoV-2 (COVID-19)"|Antigen|97097-0|"SARS-CoV-2 Ag Upper resp Ql IA.rapid"|"Nasopharyngeal swab"|258500001|04/04/2022|Negative|260385009
98|4244|10D2214779||Pons|Stephanie||04/08/1993||"205 Montego street"|Kissimmee|FL|34743||Female|7863962445|"No Response"|0||0|0|0|0||0|Pons||||||||"SARS-CoV-2 (COVID-19)"|PCR|94500-6|"SARS-CoV-2 RNA Resp Ql NAA+probe"|"Nasopharyngeal swab"|258500001|04/04/2022|Negative|260385009
99|4244|10D2214779||"DE LA CRUZ"|ELEUTERIO||04/18/1971||Unknown|Unknown|FL|99999||Male|5616359573|"No Response"|0||0|0|0|0||0|"DE LA CRUZ"||||||||"SARS-CoV-2 (COVID-19)"|Antigen|97097-0|"SARS-CoV-2 Ag Upper resp Ql IA.rapid"|"Nasopharyngeal swab"|258500001|04/04/2022|Negative|260385009
