RecordID|FacilityID|CLIAID|PatientID|LastName|FirstName|MiddleName|DOB|SSN|StreetAddress|City|State|Zip|County|Gender|PhoneNumber|Ethnicity|RaceWhite|RaceBlack|RaceAmericanIndianAlaskanNative|RaceAsian|RaceNativeHawaiianOrOtherPacificIslander|RaceOther|RaceUnknown|RaceNoResponse|ProviderName|NPI|Pregnant|SchoolAssociation|SchoolName|MeetILIDefinition|PerformingLab|AccessionNumber|Pathogen|TestType|LOINC|LOINCShortName|SpecimenCollectionType|SpecimenSNOMED|SpecimenCollectedDate|Result|ResultSNOMED
1|4244|10D2214779||Quinn|William||01/10/1953||"2504 Alexis Ct"|Bensalem|FL|19020||Male|2157832002|"No Response"|1||0|0|0|0||0|Quinn||||||||"SARS-CoV-2 (COVID-19)"|Antigen|97097-0|"SARS-CoV-2 Ag Upper resp Ql IA.rapid"|"Nasopharyngeal swab"|258500001|04/16/2022|Negative|260385009
2|4244|10D2214779||Quinn|Valerie||06/10/1952||"2504 Alexis Ct"|Bensalem|FL|19020||Female|2157832002|"No Response"|1||0|0|0|0||0|Quinn||||||||"SARS-CoV-2 (COVID-19)"|Antigen|97097-0|"SARS-CoV-2 Ag Upper resp Ql IA.rapid"|"Nasopharyngeal swab"|258500001|04/16/2022|Negative|260385009
3|4244|10D2214779||Zuppichini|LYNNETTE||12/11/1974||"1000 Island Blvd PH-11"|Aventura|FL|33160||Female|7328819073|"No Response"|0||0|0|0|0||0|Zuppichini||||||||"SARS-CoV-2 (COVID-19)"|Antigen|97097-0|"SARS-CoV-2 Ag Upper resp Ql IA.rapid"|"Nasopharyngeal swab"|258500001|04/16/2022|Negative|260385009
4|4244|10D2214779||Ghany|Marcus||08/03/1975||"8122 ARREZZO WAY"|ORLANDO|FL|32821||Male|9547742873|"No Response"|0||0|0|0|1||0|Ghany||||||||"SARS-CoV-2 (COVID-19)"|Antigen|97097-0|"SARS-CoV-2 Ag Upper resp Ql IA.rapid"|"Nasopharyngeal swab"|258500001|04/16/2022|Negative|260385009
5|4244|10D2214779||GHANY|MARCELLUS||10/20/2012||"8122 ARREZZO WAY"|ORLANDO|FL|32821||Male|9547742873|"No Response"|0||0|0|0|1||0|GHANY||||||||"SARS-CoV-2 (COVID-19)"|Antigen|97097-0|"SARS-CoV-2 Ag Upper resp Ql IA.rapid"|"Nasopharyngeal swab"|258500001|04/16/2022|Negative|260385009
6|4244|10D2214779||Clayton|Dwayne||04/19/1977||"1717 nw 37th street APT 5"|"OAKLAND Park"|FL|33309||Male|7542363961|"No Response"|0||0|0|0|0||0|Clayton||||||||"SARS-CoV-2 (COVID-19)"|Antigen|97097-0|"SARS-CoV-2 Ag Upper resp Ql IA.rapid"|"Nasopharyngeal swab"|258500001|04/16/2022|Negative|260385009
7|4244|10D2214779||Callahan|Kelly||06/03/1958||"2 Water Club Way, PH 2201"|"N Palm Beach"|FL|33408||Female|3528953499|"No Response"|1||0|0|0|0||0|Callahan||||||||"SARS-CoV-2 (COVID-19)"|Antigen|97097-0|"SARS-CoV-2 Ag Upper resp Ql IA.rapid"|"Nasopharyngeal swab"|258500001|04/16/2022|Negative|260385009
8|4244|10D2214779||Merschman|Francis||10/20/1945||"2 Water Club Way, PH 2201"|"N Palm Beach"|FL|33408||Male|8506729192|"No Response"|1||0|0|0|0||0|Merschman||||||||"SARS-CoV-2 (COVID-19)"|Antigen|97097-0|"SARS-CoV-2 Ag Upper resp Ql IA.rapid"|"Nasopharyngeal swab"|258500001|04/16/2022|Negative|260385009
9|4244|10D2214779||Zuppichini|LYNNETTE||12/11/1974||"1000 ISLAND BLVD"|AVENTURA|FL|33160||Female|7328819073|"No Response"|1||0|0|0|0||0|Zuppichini||||||||"SARS-CoV-2 (COVID-19)"|Antigen|97097-0|"SARS-CoV-2 Ag Upper resp Ql IA.rapid"|"Nasopharyngeal swab"|258500001|04/16/2022|Negative|260385009
10|4244|10D2214779||Clayton|Dwayne||04/19/1977||"1717 NW 37th street unit 5"|"OAKLAND Park"|FL|33309||Male|7542363961|"No Response"|0||0|0|0|0||0|Clayton||||||||"SARS-CoV-2 (COVID-19)"|Antigen|97097-0|"SARS-CoV-2 Ag Upper resp Ql IA.rapid"|"Nasopharyngeal swab"|258500001|04/16/2022|Negative|260385009
11|4244|10D2214779||Zuppichini|LYNNETTE||12/11/1974||"1000 Island blvd"|Aventura|FL|33160||Female|7328819073|"No Response"|1||0|0|0|0||0|Zuppichini||||||||"SARS-CoV-2 (COVID-19)"|Antigen|97097-0|"SARS-CoV-2 Ag Upper resp Ql IA.rapid"|"Nasopharyngeal swab"|258500001|04/16/2022|Negative|260385009
12|4244|10D2214779||Ransford|Judith||08/02/1972||"339 Brookside ct"|"Palm harbor"|FL|34683||Female|9999999999|"No Response"|1||0|0|0|0||0|Ransford||||||||"SARS-CoV-2 (COVID-19)"|Antigen|97097-0|"SARS-CoV-2 Ag Upper resp Ql IA.rapid"|"Nasopharyngeal swab"|258500001|04/16/2022|Negative|260385009
13|4244|10D2214779||Genrich|Ilean||08/22/1958||"2327 Iroquois Drive"|Glenview|FL|60026||Female|7863962445|"No Response"|1||0|0|0|0||0|Genrich||||||||"SARS-CoV-2 (COVID-19)"|PCR|94500-6|"SARS-CoV-2 RNA Resp Ql NAA+probe"|"Nasopharyngeal swab"|258500001|04/16/2022|Negative|260385009
14|4244|10D2214779||Genrich|Brian||06/02/1955||"2327 Iroquois Dr"|Glenview|FL|60026||Male|8475083044|"No Response"|1||0|0|0|0||0|Genrich||||||||"SARS-CoV-2 (COVID-19)"|PCR|94500-6|"SARS-CoV-2 RNA Resp Ql NAA+probe"|"Nasopharyngeal swab"|258500001|04/16/2022|Negative|260385009
15|4244|10D2214779||Zuppichini|LYNNETTE||12/11/1974||"1000 Island Blvd"|AVENTURA|FL|33160||Female|7328819073|"No Response"|1||0|0|0|0||0|Zuppichini||||||||"SARS-CoV-2 (COVID-19)"|Antigen|97097-0|"SARS-CoV-2 Ag Upper resp Ql IA.rapid"|"Nasopharyngeal swab"|258500001|04/16/2022|Negative|260385009
16|4244|10D2214779||Zuppichini|LYNNETTE||12/11/1974||"1000 ISLAND BLVD"|AVENTURA|FL|33160||Female|7328819073|"No Response"|1||0|0|0|0||0|Zuppichini||||||||"SARS-CoV-2 (COVID-19)"|Antigen|97097-0|"SARS-CoV-2 Ag Upper resp Ql IA.rapid"|"Nasopharyngeal swab"|258500001|04/16/2022|Negative|260385009
17|4244|10D2214779||Ajmani|Aman||11/29/1979||"Residence inn lake nona blvd"|Orlando|FL|32827||Male|6892657776|"No Response"|0||0|0|0|1||0|Ajmani||||||||"SARS-CoV-2 (COVID-19)"|Antigen|97097-0|"SARS-CoV-2 Ag Upper resp Ql IA.rapid"|"Nasopharyngeal swab"|258500001|04/16/2022|Negative|260385009
18|4244|10D2214779||Zuppichini|LYNNETTE||12/11/1974||"1000 ISLAND BLVD"|AVENTURA|FL|33160||Female|7328819073|"No Response"|1||0|0|0|0||0|Zuppichini||||||||"SARS-CoV-2 (COVID-19)"|Antigen|97097-0|"SARS-CoV-2 Ag Upper resp Ql IA.rapid"|"Nasopharyngeal swab"|258500001|04/16/2022|Negative|260385009
19|4244|10D2214779||Clayton|Dwayne||04/19/1977||"1717NW 37th Street, APT 5"|"OAKLAND Park"|FL|33309||Male|7542363961|"No Response"|0||0|0|0|0||0|Clayton||||||||"SARS-CoV-2 (COVID-19)"|Antigen|97097-0|"SARS-CoV-2 Ag Upper resp Ql IA.rapid"|"Nasopharyngeal swab"|258500001|04/16/2022|Negative|260385009
20|4244|10D2214779||Grizzard|Bonnie||04/23/1959||"11188 Turtle Beach Rd., 301 A"|"North Palm Beach"|FL|33408||Female|7063460532|"No Response"|1||0|0|0|0||0|Grizzard||||||||"SARS-CoV-2 (COVID-19)"|Antigen|97097-0|"SARS-CoV-2 Ag Upper resp Ql IA.rapid"|"Nasopharyngeal swab"|258500001|04/16/2022|Negative|260385009
21|4244|10D2214779||Grizzard|Bonnie||04/23/1959||"11188 Turtle Beach Rd., 301 A"|"North Palm Beach"|FL|33408||Female|7063460532|"No Response"|1||0|0|0|0||0|Grizzard||||||||"SARS-CoV-2 (COVID-19)"|Antigen|97097-0|"SARS-CoV-2 Ag Upper resp Ql IA.rapid"|"Nasopharyngeal swab"|258500001|04/16/2022|Negative|260385009
22|4244|10D2214779||Clayton|Dwayne||04/19/1977||"1717NW 37th Street APT 5"|"OAKLAND Park"|FL|33309||Male|7542363961|"No Response"|0||0|0|0|0||0|Clayton||||||||"SARS-CoV-2 (COVID-19)"|Antigen|97097-0|"SARS-CoV-2 Ag Upper resp Ql IA.rapid"|"Nasopharyngeal swab"|258500001|04/16/2022|Negative|260385009
23|4244|10D2214779||Campbell|Aleece||05/20/1976||"333 fern st apt 2014"|"West Palm Beach"|FL|33401||Female|4048341091|"No Response"|1||0|0|0|0||0|Campbell||||||||"SARS-CoV-2 (COVID-19)"|Antigen|97097-0|"SARS-CoV-2 Ag Upper resp Ql IA.rapid"|"Nasopharyngeal swab"|258500001|04/16/2022|Negative|260385009
24|4244|10D2214779||Moorman|Eric||07/11/1983||Unknown|Unknown|FL|99999||Male|7863962445|"No Response"|0||0|0|0|1||0|Moorman||||||||"SARS-CoV-2 (COVID-19)"|PCR|94500-6|"SARS-CoV-2 RNA Resp Ql NAA+probe"|"Nasopharyngeal swab"|258500001|04/16/2022|Negative|260385009
25|4244|10D2214779||Zuppichini|LYNNETTE||12/11/1974||"1000 ISLAND BLVD"|AVENTURA|FL|33160||Female|7328819073|"No Response"|1||0|0|0|0||0|Zuppichini||||||||"SARS-CoV-2 (COVID-19)"|Antigen|97097-0|"SARS-CoV-2 Ag Upper resp Ql IA.rapid"|"Nasopharyngeal swab"|258500001|04/16/2022|Negative|260385009
26|4244|10D2214779||Saintelus|Obnes||07/10/1957||"625 53rd St"|WPB|FL|33407||Male|5618565244|"No Response"|0||0|0|0|0||0|Saintelus||||||||"SARS-CoV-2 (COVID-19)"|Antigen|97097-0|"SARS-CoV-2 Ag Upper resp Ql IA.rapid"|"Nasopharyngeal swab"|258500001|04/16/2022|Negative|260385009
27|4244|10D2214779||Boudreault|Christian||05/05/1976||"3590 NW 74th Ave"|Miami|FL|33123||Male|+5977138323|"No Response"|1||0|0|0|0||0|Boudreault||||||||"SARS-CoV-2 (COVID-19)"|Antigen|97097-0|"SARS-CoV-2 Ag Upper resp Ql IA.rapid"|"Nasopharyngeal swab"|258500001|04/16/2022|Negative|260385009
28|4244|10D2214779||Coumbassa|Aminata||11/12/1984||"3590 Nw 74th Ave"|Miami|FL|33122||Female|+5977138323|"No Response"|0||0|0|0|0||0|Coumbassa||||||||"SARS-CoV-2 (COVID-19)"|Antigen|97097-0|"SARS-CoV-2 Ag Upper resp Ql IA.rapid"|"Nasopharyngeal swab"|258500001|04/16/2022|Negative|260385009
29|4244|10D2214779||Sejour|Wilkinson||02/19/1970||"98 nw 161 st"|Miami|FL|33169||Male|3054509473|"No Response"|0||0|0|0|0||0|Sejour||||||||"SARS-CoV-2 (COVID-19)"|Antigen|97097-0|"SARS-CoV-2 Ag Upper resp Ql IA.rapid"|"Nasopharyngeal swab"|258500001|04/16/2022|Negative|260385009
30|4244|10D2214779||Frey|"James L. JR"||11/19/1965||"7215 blushingwood grove"|"East stroudsburg"|FL|18301||Male|5708015610|"No Response"|1||0|0|0|0||0|Frey||||||||"SARS-CoV-2 (COVID-19)"|Antigen|97097-0|"SARS-CoV-2 Ag Upper resp Ql IA.rapid"|"Nasopharyngeal swab"|258500001|04/16/2022|Negative|260385009
31|4244|10D2214779||"Ellis Frey"|Rebecca||09/21/1968||"7215 blushingwood grove"|"East stroudsburg"|FL|18301||Female|5708015610|"No Response"|1||0|0|0|0||0|"Ellis Frey"||||||||"SARS-CoV-2 (COVID-19)"|Antigen|97097-0|"SARS-CoV-2 Ag Upper resp Ql IA.rapid"|"Nasopharyngeal swab"|258500001|04/16/2022|Negative|260385009
32|4244|10D2214779||Perez|Ricardo||08/27/1973||Unknown|Unknown|FL|99999||Male|6463523483|"No Response"|0||0|0|0|0||0|Perez||||||||"SARS-CoV-2 (COVID-19)"|Antigen|97097-0|"SARS-CoV-2 Ag Upper resp Ql IA.rapid"|"Nasopharyngeal swab"|258500001|04/16/2022|Negative|260385009
33|4244|10D2214779||Boudreault|Nathan||03/26/2009||"3590 Nw 74th Ave"|Miami|FL|33122||Male|+5977138323|"No Response"|0||0|0|0|1||0|Boudreault||||||||"SARS-CoV-2 (COVID-19)"|Antigen|97097-0|"SARS-CoV-2 Ag Upper resp Ql IA.rapid"|"Nasopharyngeal swab"|258500001|04/16/2022|Negative|260385009
34|4244|10D2214779||Segatto|Leandro||06/24/1978||"10731 International Drive"|orlando|FL|32821||Male|9999999999|"No Response"|1||0|0|0|0||0|Segatto||||||||"SARS-CoV-2 (COVID-19)"|PCR|94500-6|"SARS-CoV-2 RNA Resp Ql NAA+probe"|"Nasopharyngeal swab"|258500001|04/16/2022|Positive|10828004
35|4244|10D2214779||Aoun|Nicolas||10/01/2015||"5410 springbrook rd"|Jacksonville|FL|32277||Male|5142446464|"No Response"|1||0|0|0|0||0|Aoun||||||||"SARS-CoV-2 (COVID-19)"|Antigen|97097-0|"SARS-CoV-2 Ag Upper resp Ql IA.rapid"|"Nasopharyngeal swab"|258500001|04/16/2022|Negative|260385009
36|4244|10D2214779||Chung|Therese||06/23/1975||"8796 Cottonwood Lane"|"Eden Prairie"|FL|55347||Female|9522498161|"No Response"|0||0|0|0|1||0|Chung||||||||"SARS-CoV-2 (COVID-19)"|Antigen|97097-0|"SARS-CoV-2 Ag Upper resp Ql IA.rapid"|"Nasopharyngeal swab"|258500001|04/16/2022|Negative|260385009
37|4244|10D2214779||Waldropt|Mark||04/15/1973||"8796 Cottonwood Lane"|"Eden Prairie"|FL|55347||Male|9522408161|"No Response"|0||0|0|0|1||0|Waldropt||||||||"SARS-CoV-2 (COVID-19)"|Antigen|97097-0|"SARS-CoV-2 Ag Upper resp Ql IA.rapid"|"Nasopharyngeal swab"|258500001|04/16/2022|Negative|260385009
38|4244|10D2214779||Chung|Chad||07/20/1998||"8796 Cottonwood Lane"|"Eden Prairie"|FL|55347||Male|9522408161|"No Response"|0||0|0|0|1||0|Chung||||||||"SARS-CoV-2 (COVID-19)"|Antigen|97097-0|"SARS-CoV-2 Ag Upper resp Ql IA.rapid"|"Nasopharyngeal swab"|258500001|04/16/2022|Negative|260385009
39|4244|10D2214779||GHANY|MARCELLUS||10/20/2012||"4392 RAINBOW AVE"|WESTON|FL|33332||Male|9547742873|"No Response"|0||0|0|0|1||0|GHANY||||||||"SARS-CoV-2 (COVID-19)"|Antigen|97097-0|"SARS-CoV-2 Ag Upper resp Ql IA.rapid"|"Nasopharyngeal swab"|258500001|04/16/2022|Negative|260385009
40|4244|10D2214779||Rakusin|Mitchell||01/21/1977||"3308 NE 14th Court"|"Fort Lauderdale"|FL|33304||Male|9193685650|"No Response"|1||0|0|0|0||0|Rakusin||||||||"SARS-CoV-2 (COVID-19)"|Antigen|97097-0|"SARS-CoV-2 Ag Upper resp Ql IA.rapid"|"Nasopharyngeal swab"|258500001|04/16/2022|Negative|260385009
41|4244|10D2214779||Rakusin|Mitchell||01/21/1977||"3308 NE 14th Court"|"Fort Lauderdale"|FL|33304||Male|9193685650|"No Response"|1||0|0|0|0||0|Rakusin||||||||"SARS-CoV-2 (COVID-19)"|Antigen|97097-0|"SARS-CoV-2 Ag Upper resp Ql IA.rapid"|"Nasopharyngeal swab"|258500001|04/16/2022|Negative|260385009
42|4244|10D2214779||Ghany|Marcus||08/03/1975||"4392 RAINBOW AVE"|WESTON|FL|33332||Male|9547742873|"No Response"|0||0|0|0|1||0|Ghany||||||||"SARS-CoV-2 (COVID-19)"|Antigen|97097-0|"SARS-CoV-2 Ag Upper resp Ql IA.rapid"|"Nasopharyngeal swab"|258500001|04/16/2022|Negative|260385009
43|4244|10D2214779||GHANY|MELLANIE||03/17/1973||"4392 RAINBOW AVE"|WESTSON|FL|33332||Female|9542248618|"No Response"|0||0|0|0|1||0|GHANY||||||||"SARS-CoV-2 (COVID-19)"|Antigen|97097-0|"SARS-CoV-2 Ag Upper resp Ql IA.rapid"|"Nasopharyngeal swab"|258500001|04/16/2022|Negative|260385009
44|4244|10D2214779||Winter|Nadia||07/25/1978||"17 RIDGE VIEW AVE"|"White PLANS"|FL|10606||Female|2843408615|"No Response"|0||0|0|0|0||0|Winter||||||||"SARS-CoV-2 (COVID-19)"|Antigen|97097-0|"SARS-CoV-2 Ag Upper resp Ql IA.rapid"|"Nasopharyngeal swab"|258500001|04/16/2022|Negative|260385009
45|4244|10D2214779||Winter|Sade||01/22/2009||"17 RIDGE VIEW AVE"|"White Plains"|FL|10606||Female|2843408615|"No Response"|0||0|0|0|0||0|Winter||||||||"SARS-CoV-2 (COVID-19)"|Antigen|97097-0|"SARS-CoV-2 Ag Upper resp Ql IA.rapid"|"Nasopharyngeal swab"|258500001|04/16/2022|Negative|260385009
46|4244|10D2214779||Bethune|Atiesha||08/17/1979||"17 RIDGE VIEW AVE"|"White Plains"|FL|10606||Female|7863962445|"No Response"|0||0|0|0|0||0|Bethune||||||||"SARS-CoV-2 (COVID-19)"|Antigen|97097-0|"SARS-CoV-2 Ag Upper resp Ql IA.rapid"|"Nasopharyngeal swab"|258500001|04/16/2022|Negative|260385009
47|4244|10D2214779||"Gonzalez Fuentes"|"Maria del Consuelo"||07/22/1973||"9000 International Dr"|Orlando|FL|32819||Female|6478187095|"No Response"|0||0|0|0|0||0|"Gonzalez Fuentes"||||||||"SARS-CoV-2 (COVID-19)"|Antigen|97097-0|"SARS-CoV-2 Ag Upper resp Ql IA.rapid"|"Nasopharyngeal swab"|258500001|04/16/2022|Negative|260385009
48|4244|10D2214779||"Minor Gonzalez"|Camila||06/26/2004||"9000 International Dr"|Orlando|FL|32819||Female|6478187095|"No Response"|0||0|0|0|0||0|"Minor Gonzalez"||||||||"SARS-CoV-2 (COVID-19)"|Antigen|97097-0|"SARS-CoV-2 Ag Upper resp Ql IA.rapid"|"Nasopharyngeal swab"|258500001|04/16/2022|Negative|260385009
49|4244|10D2214779||Zuppichini|LYNNETTE||12/11/1974||"1000 Island Blvd"|Aventura|FL|33160||Female|7328819073|"No Response"|1||0|0|0|0||0|Zuppichini||||||||"SARS-CoV-2 (COVID-19)"|Antigen|97097-0|"SARS-CoV-2 Ag Upper resp Ql IA.rapid"|"Nasopharyngeal swab"|258500001|04/16/2022|Negative|260385009
50|4244|10D2214779||Dumoulin|Catherine||03/31/2011||Unknown|Unknown|FL|99999||Female|9999999999|"No Response"|1||0|0|0|0||0|Dumoulin||||||||"SARS-CoV-2 (COVID-19)"|Antigen|97097-0|"SARS-CoV-2 Ag Upper resp Ql IA.rapid"|"Nasopharyngeal swab"|258500001|04/16/2022|Negative|260385009
51|4244|10D2214779||Escarez|Jerrieza||07/12/1966||"7000 Universal Blvd"|Orlando|FL|32819||Female|9999999999|"No Response"|0||0|1|0|0||0|Escarez||||||||"SARS-CoV-2 (COVID-19)"|Antigen|97097-0|"SARS-CoV-2 Ag Upper resp Ql IA.rapid"|"Nasopharyngeal swab"|258500001|04/16/2022|Negative|260385009
52|4244|10D2214779||Escarez|Nyssa||03/09/2000||"7000 Universal Blvd"|Orlando|FL|32819||Female|9999999999|"No Response"|0||0|1|0|0||0|Escarez||||||||"SARS-CoV-2 (COVID-19)"|Antigen|97097-0|"SARS-CoV-2 Ag Upper resp Ql IA.rapid"|"Nasopharyngeal swab"|258500001|04/16/2022|Negative|260385009
53|4244|10D2214779||Escarez|Pedrito||08/16/1971||"7000 Universal Blvd"|Orlando|FL|32819||Male|9999999999|"No Response"|0||0|1|0|0||0|Escarez||||||||"SARS-CoV-2 (COVID-19)"|Antigen|97097-0|"SARS-CoV-2 Ag Upper resp Ql IA.rapid"|"Nasopharyngeal swab"|258500001|04/16/2022|Negative|260385009
54|4244|10D2214779||Escarez|Rieza||06/19/1998||"7000 Universal Blvd"|Orlando|FL|32819||Female|9999999999|"No Response"|0||0|1|0|0||0|Escarez||||||||"SARS-CoV-2 (COVID-19)"|Antigen|97097-0|"SARS-CoV-2 Ag Upper resp Ql IA.rapid"|"Nasopharyngeal swab"|258500001|04/16/2022|Negative|260385009
55|4244|10D2214779||CHAVES|renata||01/01/1970||"Ramada by Wyndham Kissimmee Gateway, 7470 W Irlo Bronson Memorial Hwy, Celebration"|Orlando|FL|34747||Female|19546581418|"No Response"|1||0|0|0|0||0|CHAVES||||||||"SARS-CoV-2 (COVID-19)"|Antigen|97097-0|"SARS-CoV-2 Ag Upper resp Ql IA.rapid"|"Nasopharyngeal swab"|258500001|04/16/2022|Negative|260385009
56|4244|10D2214779||CHAVES|BRUNO||01/01/1970||"Ramada by Wyndham Kissimmee Gateway, 7470 W Irlo Bronson Memorial Hwy, Celebration"|Orlando|FL|34747||Male|19546581413|"No Response"|1||0|0|0|0||0|CHAVES||||||||"SARS-CoV-2 (COVID-19)"|Antigen|97097-0|"SARS-CoV-2 Ag Upper resp Ql IA.rapid"|"Nasopharyngeal swab"|258500001|04/16/2022|Negative|260385009
57|4244|10D2214779||"Blasco Fernandez"|Angel||01/01/1970||Unknown|Unknown|FL|99999||Male|+346703043|"No Response"|1||0|0|0|0||0|"Blasco Fernandez"||||||||"SARS-CoV-2 (COVID-19)"|Antigen|97097-0|"SARS-CoV-2 Ag Upper resp Ql IA.rapid"|"Nasopharyngeal swab"|258500001|04/16/2022|Negative|260385009
58|4244|10D2214779||"lopez delgado"|"maria del mar"||06/02/1985||Unknown|Unknown|FL|99999||Female|+346703043|"No Response"|1||0|0|0|0||0|"lopez delgado"||||||||"SARS-CoV-2 (COVID-19)"|Antigen|97097-0|"SARS-CoV-2 Ag Upper resp Ql IA.rapid"|"Nasopharyngeal swab"|258500001|04/16/2022|Negative|260385009
59|4244|10D2214779||Albert|"Aurore Carline"||11/14/1962||"9440 sw 181 st terrace"|Florida|FL|33157||Female|7862082198|"No Response"|0||0|0|0|0||0|Albert||||||||"SARS-CoV-2 (COVID-19)"|Antigen|97097-0|"SARS-CoV-2 Ag Upper resp Ql IA.rapid"|"Nasopharyngeal swab"|258500001|04/16/2022|Negative|260385009
60|4244|10D2214779||Letherbarrow|James||08/04/1989||"Hotel Urbanica Miami"|Miami|FL|99999||Male|07972290054|"No Response"|1||0|0|0|0||0|Letherbarrow||||||||"SARS-CoV-2 (COVID-19)"|Antigen|97097-0|"SARS-CoV-2 Ag Upper resp Ql IA.rapid"|"Nasopharyngeal swab"|258500001|04/16/2022|Negative|260385009
61|4244|10D2214779||Bethell|Miriana||04/10/1955||"2050 bellalago drive"|Kissimmee|FL|34746||Female|4077177080|"No Response"|0||0|0|0|0||0|Bethell||||||||"SARS-CoV-2 (COVID-19)"|Antigen|97097-0|"SARS-CoV-2 Ag Upper resp Ql IA.rapid"|"Nasopharyngeal swab"|258500001|04/16/2022|Negative|260385009
62|4244|10D2214779||Bethell|Cassie||10/11/1987||"2050 bellalago drive"|Kissimmee|FL|34746||Female|2425567125|"No Response"|0||0|0|0|0||0|Bethell||||||||"SARS-CoV-2 (COVID-19)"|Antigen|97097-0|"SARS-CoV-2 Ag Upper resp Ql IA.rapid"|"Nasopharyngeal swab"|258500001|04/16/2022|Negative|260385009
63|4244|10D2214779||Rajpaulsingh|Annan||07/16/1953||"9100 SW 88th Street"|Miami|FL|33176||Male|7865992705|"No Response"|0||0|0|0|1||0|Rajpaulsingh||||||||"SARS-CoV-2 (COVID-19)"|Antigen|97097-0|"SARS-CoV-2 Ag Upper resp Ql IA.rapid"|"Nasopharyngeal swab"|258500001|04/16/2022|Negative|260385009
64|4244|10D2214779||FerreiraRajpaulsingh|Donna||09/22/1961||"9100 SW 88th Kendell Drive"|Miami|FL|33176||Female|7865992705|"No Response"|1||0|0|0|0||0|FerreiraRajpaulsingh||||||||"SARS-CoV-2 (COVID-19)"|Antigen|97097-0|"SARS-CoV-2 Ag Upper resp Ql IA.rapid"|"Nasopharyngeal swab"|258500001|04/16/2022|Negative|260385009
65|4244|10D2214779||Bengtsson|Ake||08/13/1948||"Hotel Shelborne South Beach 1801 Collins Avenue"|"Miami Beach"|FL|33139||Male|9999999999|"No Response"|1||0|0|0|0||0|Bengtsson||||||||"SARS-CoV-2 (COVID-19)"|Antigen|97097-0|"SARS-CoV-2 Ag Upper resp Ql IA.rapid"|"Nasopharyngeal swab"|258500001|04/16/2022|Negative|260385009
66|4244|10D2214779||Arvidsson|Maj||11/04/1947||"Hotel Shelborne South Beach 1801 Collins Avenue"|"Miami Beach"|FL|33139||Female|9999999999|"No Response"|1||0|0|0|0||0|Arvidsson||||||||"SARS-CoV-2 (COVID-19)"|Antigen|97097-0|"SARS-CoV-2 Ag Upper resp Ql IA.rapid"|"Nasopharyngeal swab"|258500001|04/16/2022|Negative|260385009
67|4244|10D2214779||Shulman|"Susan Ellen"||01/01/1970||"829 Harbour Isles Place"|"North Palm Beach"|FL|33410||Female|2032236545|"No Response"|1||0|0|0|0||0|Shulman||||||||"SARS-CoV-2 (COVID-19)"|Antigen|97097-0|"SARS-CoV-2 Ag Upper resp Ql IA.rapid"|"Nasopharyngeal swab"|258500001|04/16/2022|Negative|260385009
68|4244|10D2214779||Pertnoy|"Ronald Paul"||01/01/1970||"829 Harbour Isles Place"|"North Palm Beach"|FL|33410||Male|5612488315|"No Response"|1||0|0|0|0||0|Pertnoy||||||||"SARS-CoV-2 (COVID-19)"|Antigen|97097-0|"SARS-CoV-2 Ag Upper resp Ql IA.rapid"|"Nasopharyngeal swab"|258500001|04/16/2022|Negative|260385009
69|4244|10D2214779||Sagemark|Mikael||12/22/1967||"Ocean Five hotell"|"Miami beach"|FL|99999||Male|7863962445|"No Response"|1||0|0|0|0||0|Sagemark||||||||"SARS-CoV-2 (COVID-19)"|Antigen|97097-0|"SARS-CoV-2 Ag Upper resp Ql IA.rapid"|"Nasopharyngeal swab"|258500001|04/16/2022|Negative|260385009
70|4244|10D2214779||"Da Silva"|Dominic||01/01/1970||Unknown|Unknown|FL|99999||Male|6472997256|"No Response"|1||0|0|0|0||0|"Da Silva"||||||||"SARS-CoV-2 (COVID-19)"|Antigen|97097-0|"SARS-CoV-2 Ag Upper resp Ql IA.rapid"|"Nasopharyngeal swab"|258500001|04/16/2022|Negative|260385009
71|4244|10D2214779||"Da Silva"|Olivia||01/01/1970||Unknown|Unknown|FL|99999||Female|6472997256|"No Response"|1||0|0|0|0||0|"Da Silva"||||||||"SARS-CoV-2 (COVID-19)"|Antigen|97097-0|"SARS-CoV-2 Ag Upper resp Ql IA.rapid"|"Nasopharyngeal swab"|258500001|04/16/2022|Negative|260385009
72|4244|10D2214779||Patton|Whitney||09/03/1962||"1230 South Pine Island Rd"|Plantation|FL|33324||Male|12424225907|"No Response"|0||0|0|0|0||0|Patton||||||||"SARS-CoV-2 (COVID-19)"|Antigen|97097-0|"SARS-CoV-2 Ag Upper resp Ql IA.rapid"|"Nasopharyngeal swab"|258500001|04/16/2022|Negative|260385009
73|4244|10D2214779||Patton|Whitney||09/03/1962||"1230 South Pine Island Rd"|Plantation|FL|33324||Male|12424225907|"No Response"|0||0|0|0|0||0|Patton||||||||"SARS-CoV-2 (COVID-19)"|Antigen|97097-0|"SARS-CoV-2 Ag Upper resp Ql IA.rapid"|"Nasopharyngeal swab"|258500001|04/16/2022|Negative|260385009
74|4244|10D2214779||Quinn|William||01/10/1953||"2504 Alexis Ct"|Bensalem|FL|19020||Male|2157832002|"No Response"|1||0|0|0|0||0|Quinn||||||||"SARS-CoV-2 (COVID-19)"|Antigen|97097-0|"SARS-CoV-2 Ag Upper resp Ql IA.rapid"|"Nasopharyngeal swab"|258500001|04/16/2022|Negative|260385009
75|4244|10D2214779||Quinn|Valerie||06/10/1952||"2504 Alexis Ct"|Bensalem|FL|19020||Female|2157832002|"No Response"|1||0|0|0|0||0|Quinn||||||||"SARS-CoV-2 (COVID-19)"|Antigen|97097-0|"SARS-CoV-2 Ag Upper resp Ql IA.rapid"|"Nasopharyngeal swab"|258500001|04/16/2022|Negative|260385009
76|4244|10D2214779||Sagemark|"Eva Ingela"||06/12/1971||"Ocean Five hotell"|"Miami beach"|FL|99999||Female|7863962445|"No Response"|1||0|0|0|0||0|Sagemark||||||||"SARS-CoV-2 (COVID-19)"|Antigen|97097-0|"SARS-CoV-2 Ag Upper resp Ql IA.rapid"|"Nasopharyngeal swab"|258500001|04/16/2022|Negative|260385009
77|4244|10D2214779||Mann|Karlheinz||01/01/1970||Unknown|Unknown|FL|99999||Male|6043740953|"No Response"|1||0|0|0|0||0|Mann||||||||"SARS-CoV-2 (COVID-19)"|Antigen|97097-0|"SARS-CoV-2 Ag Upper resp Ql IA.rapid"|"Nasopharyngeal swab"|258500001|04/16/2022|Negative|260385009
78|4244|10D2214779||Mann|Diana||01/01/1970||Unknown|Unknown|FL|99999||Female|6043740953|"No Response"|1||0|0|0|0||0|Mann||||||||"SARS-CoV-2 (COVID-19)"|Antigen|97097-0|"SARS-CoV-2 Ag Upper resp Ql IA.rapid"|"Nasopharyngeal swab"|258500001|04/16/2022|Negative|260385009
79|4244|10D2214779||Clarke|Liana||01/01/1970||Unknown|Unknown|FL|99999||Female|6043418568|"No Response"|1||0|0|0|0||0|Clarke||||||||"SARS-CoV-2 (COVID-19)"|Antigen|97097-0|"SARS-CoV-2 Ag Upper resp Ql IA.rapid"|"Nasopharyngeal swab"|258500001|04/16/2022|Negative|260385009
80|4244|10D2214779||Green|Velina||01/16/1956||"7010 W Dow Drive"|Wasilla|FL|95623||Female|9167192918|"No Response"|1||0|0|0|0||0|Green||||||||"SARS-CoV-2 (COVID-19)"|Antigen|97097-0|"SARS-CoV-2 Ag Upper resp Ql IA.rapid"|"Nasopharyngeal swab"|258500001|04/16/2022|Negative|260385009
81|4244|10D2214779||Green|Donald||01/05/1941||Unknown|Wasilla|FL|99687||Male|9167192918|"No Response"|1||0|0|0|0||0|Green||||||||"SARS-CoV-2 (COVID-19)"|Antigen|97097-0|"SARS-CoV-2 Ag Upper resp Ql IA.rapid"|"Nasopharyngeal swab"|258500001|04/16/2022|Negative|260385009
82|4244|10D2214779||Francis|Azariah||05/06/2014||"75 NE 202nd Ter P23"|Miami|FL|33179||Female|9999999999|"No Response"|0||0|0|0|1||0|Francis||||||||"SARS-CoV-2 (COVID-19)"|Antigen|97097-0|"SARS-CoV-2 Ag Upper resp Ql IA.rapid"|"Nasopharyngeal swab"|258500001|04/16/2022|Negative|260385009
83|4244|10D2214779||Callahan|Kelly||06/03/1958||"2 Water Club Way, PH 2201"|"N Palm Beach"|FL|33408||Female|3528953499|"No Response"|1||0|0|0|0||0|Callahan||||||||"SARS-CoV-2 (COVID-19)"|Antigen|97097-0|"SARS-CoV-2 Ag Upper resp Ql IA.rapid"|"Nasopharyngeal swab"|258500001|04/16/2022|Negative|260385009
84|4244|10D2214779||Zirpolo|Robert||01/01/1970||Unknown|Unknown|FL|99999||Male|6043418568|"No Response"|1||0|0|0|0||0|Zirpolo||||||||"SARS-CoV-2 (COVID-19)"|Antigen|97097-0|"SARS-CoV-2 Ag Upper resp Ql IA.rapid"|"Nasopharyngeal swab"|258500001|04/16/2022|Negative|260385009
85|4244|10D2214779||Merschman|Francis||10/20/1945||"2 Water Club Way, PH 2201"|"N Palm Beach"|FL|33408||Male|8506729192|"No Response"|1||0|0|0|0||0|Merschman||||||||"SARS-CoV-2 (COVID-19)"|Antigen|97097-0|"SARS-CoV-2 Ag Upper resp Ql IA.rapid"|"Nasopharyngeal swab"|258500001|04/16/2022|Negative|260385009
86|4244|10D2214779||Lambert|Preston||01/09/1956||"7130 Harding Avenue"|"Miami Beach Fl USA"|FL|33141||Male|17865854041|"No Response"|0||0|0|0|0||0|Lambert||||||||"SARS-CoV-2 (COVID-19)"|Antigen|97097-0|"SARS-CoV-2 Ag Upper resp Ql IA.rapid"|"Nasopharyngeal swab"|258500001|04/16/2022|Negative|260385009
87|4244|10D2214779||Fickert|"Stefan Michael"||07/07/1971||"An der Letze 41"|Kempten|FL|87437||Male|9999999999|"No Response"|1||0|0|0|0||0|Fickert||||||||"SARS-CoV-2 (COVID-19)"|Antigen|97097-0|"SARS-CoV-2 Ag Upper resp Ql IA.rapid"|"Nasopharyngeal swab"|258500001|04/16/2022|Negative|260385009
88|4244|10D2214779||Mehta|Rohit||02/12/1995||"11387 nw Odeon lande"|Portland|FL|97229||Male|5416132367|"No Response"|0||0|1|0|0||0|Mehta||||||||"SARS-CoV-2 (COVID-19)"|Antigen|97097-0|"SARS-CoV-2 Ag Upper resp Ql IA.rapid"|"Nasopharyngeal swab"|258500001|04/16/2022|Negative|260385009
89|4244|10D2214779||Riedle|"Sibylle Anna"||03/04/1963||"An der Letze 41"|Kempten|FL|87437||Female|9999999999|"No Response"|1||0|0|0|0||0|Riedle||||||||"SARS-CoV-2 (COVID-19)"|Antigen|97097-0|"SARS-CoV-2 Ag Upper resp Ql IA.rapid"|"Nasopharyngeal swab"|258500001|04/16/2022|Negative|260385009
90|4244|10D2214779||Davies|Mary||08/16/1941||Unknown|Unknown|FL|99999||Female|07806451860|"No Response"|1||0|0|0|0||0|Davies||||||||"SARS-CoV-2 (COVID-19)"|Antigen|97097-0|"SARS-CoV-2 Ag Upper resp Ql IA.rapid"|"Nasopharyngeal swab"|258500001|04/16/2022|Negative|260385009
91|4244|10D2214779||Atwal|Isabella||05/01/2007||Unknown|Unknown|FL|99999||Female|07592193625|"No Response"|0||0|0|0|1||0|Atwal||||||||"SARS-CoV-2 (COVID-19)"|Antigen|97097-0|"SARS-CoV-2 Ag Upper resp Ql IA.rapid"|"Nasopharyngeal swab"|258500001|04/16/2022|Negative|260385009
92|4244|10D2214779||kennedy|gerald||10/01/1954||"Riu Plaza Miami Beach Hotel"|Miami|FL|33140||Male|9999999999|"No Response"|1||0|0|0|0||0|kennedy||||||||"SARS-CoV-2 (COVID-19)"|Antigen|97097-0|"SARS-CoV-2 Ag Upper resp Ql IA.rapid"|"Nasopharyngeal swab"|258500001|04/16/2022|Negative|260385009
93|4244|10D2214779||Doyle|Ita||05/24/1989||"Rosen Inn Pointe Orlando International Drive"|Orlando|FL|32819||Female|9999999999|"No Response"|1||0|0|0|0||0|Doyle||||||||"SARS-CoV-2 (COVID-19)"|Antigen|97097-0|"SARS-CoV-2 Ag Upper resp Ql IA.rapid"|"Nasopharyngeal swab"|258500001|04/16/2022|Negative|260385009
94|4244|10D2214779||Osborne|Keith||11/01/1980||"Rosen Inn Pointe Orlando"|Orlando|FL|32819||Male|9999999999|"No Response"|1||0|0|0|0||0|Osborne||||||||"SARS-CoV-2 (COVID-19)"|Antigen|97097-0|"SARS-CoV-2 Ag Upper resp Ql IA.rapid"|"Nasopharyngeal swab"|258500001|04/16/2022|Negative|260385009
95|4244|10D2214779||Sookoo|Vishal||06/20/1988||"5925 NW97th Drive"|"Parkland. FL"|FL|33076||Male|13059709761|"No Response"|0||0|0|0|1||0|Sookoo||||||||"SARS-CoV-2 (COVID-19)"|Antigen|97097-0|"SARS-CoV-2 Ag Upper resp Ql IA.rapid"|"Nasopharyngeal swab"|258500001|04/16/2022|Negative|260385009
96|4244|10D2214779||Boodasingh|Lynmarie||04/14/1989||"5925 NW97th Drive"|"Parkland FL"|FL|33076||Female|13059709796|"No Response"|0||0|0|0|1||0|Boodasingh||||||||"SARS-CoV-2 (COVID-19)"|Antigen|97097-0|"SARS-CoV-2 Ag Upper resp Ql IA.rapid"|"Nasopharyngeal swab"|258500001|04/16/2022|Negative|260385009
97|4244|10D2214779||Wee|Jeanette||11/09/1972||"5255 autum skyroad"|"Laa vegaa"|FL|89118||Female|9999999999|"No Response"|0||0|1|0|0||0|Wee||||||||"SARS-CoV-2 (COVID-19)"|Antigen|97097-0|"SARS-CoV-2 Ag Upper resp Ql IA.rapid"|"Nasopharyngeal swab"|258500001|04/16/2022|Negative|260385009
98|4244|10D2214779||Wee|"Keith jacob"||12/18/2003||"5255 autum skyroad"|"Las vegas"|FL|89118||Male|9999999999|"No Response"|0||0|1|0|0||0|Wee||||||||"SARS-CoV-2 (COVID-19)"|Antigen|97097-0|"SARS-CoV-2 Ag Upper resp Ql IA.rapid"|"Nasopharyngeal swab"|258500001|04/16/2022|Negative|260385009
99|4244|10D2214779||Wee|Kent||09/21/1967||"5255 autumn skyroad"|"Las vegas"|FL|99999||Male|9999999999|"No Response"|0||0|1|0|0||0|Wee||||||||"SARS-CoV-2 (COVID-19)"|Antigen|97097-0|"SARS-CoV-2 Ag Upper resp Ql IA.rapid"|"Nasopharyngeal swab"|258500001|04/16/2022|Negative|260385009
100|4244|10D2214779||Kennedy|Aileen||03/27/1956||"Riu Plaza Miami Beach Hotel"|Miami|FL|33140||Female|9999999999|"No Response"|1||0|0|0|0||0|Kennedy||||||||"SARS-CoV-2 (COVID-19)"|Antigen|97097-0|"SARS-CoV-2 Ag Upper resp Ql IA.rapid"|"Nasopharyngeal swab"|258500001|04/16/2022|Negative|260385009
101|4244|10D2214779||Ecabert|Amalia||11/21/1943||"1238 Collins Ave"|"Miami  Beach"|FL|33139||Female|9999999999|"No Response"|1||0|0|0|0||0|Ecabert||||||||"SARS-CoV-2 (COVID-19)"|Antigen|97097-0|"SARS-CoV-2 Ag Upper resp Ql IA.rapid"|"Nasopharyngeal swab"|258500001|04/16/2022|Negative|260385009
102|4244|10D2214779||Pandy|"Elmira Juliana"||04/17/1975||"2226 se 27th drive"|Homestead|FL|33035||Female|17868993223|"No Response"|0||0|0|0|0||0|Pandy||||||||"SARS-CoV-2 (COVID-19)"|Antigen|97097-0|"SARS-CoV-2 Ag Upper resp Ql IA.rapid"|"Nasopharyngeal swab"|258500001|04/16/2022|Negative|260385009
103|4244|10D2214779||Stoner|Rick||09/17/1967||"132 Hamilton Ave., P.O. Box 425"|Hebron|FL|43025||Male|7404051647|"No Response"|1||0|0|0|0||0|Stoner||||||||"SARS-CoV-2 (COVID-19)"|Antigen|97097-0|"SARS-CoV-2 Ag Upper resp Ql IA.rapid"|"Nasopharyngeal swab"|258500001|04/16/2022|Negative|260385009
104|4244|10D2214779||Stoner|Stacy||02/10/1969||"132 Hamilton Ave., P.O. Box 425"|Hebron|FL|43025||Female|17404042583|"No Response"|1||0|0|0|0||0|Stoner||||||||"SARS-CoV-2 (COVID-19)"|Antigen|97097-0|"SARS-CoV-2 Ag Upper resp Ql IA.rapid"|"Nasopharyngeal swab"|258500001|04/16/2022|Negative|260385009
105|4244|10D2214779||Velasquez|Angela||12/01/1962||"3244 Tucker Ave"|"St. Cloud"|FL|34772||Female|88282161952|"No Response"|1||0|0|0|0||0|Velasquez||||||||"SARS-CoV-2 (COVID-19)"|PCR|94500-6|"SARS-CoV-2 RNA Resp Ql NAA+probe"|"Nasopharyngeal swab"|258500001|04/16/2022|Negative|260385009
106|4244|10D2214779||Genrich|Brian||06/02/1955||Unknown|Unknown|FL|99999||Male|8475083044|"No Response"|1||0|0|0|0||0|Genrich||||||||"SARS-CoV-2 (COVID-19)"|PCR|94500-6|"SARS-CoV-2 RNA Resp Ql NAA+probe"|"Nasopharyngeal swab"|258500001|04/16/2022|Negative|260385009
107|4244|10D2214779||Ransford|Jennifer||04/19/1970||"339 Brookside Ct"|"Palm harbor"|FL|34683||Female|9999999999|"No Response"|1||0|0|0|0||0|Ransford||||||||"SARS-CoV-2 (COVID-19)"|Antigen|97097-0|"SARS-CoV-2 Ag Upper resp Ql IA.rapid"|"Nasopharyngeal swab"|258500001|04/16/2022|Negative|260385009
108|4244|10D2214779||Ransford|Judith||08/02/1972||"339 Brookside Ct"|"Palm harbor"|FL|34683||Female|9999999999|"No Response"|1||0|0|0|0||0|Ransford||||||||"SARS-CoV-2 (COVID-19)"|Antigen|97097-0|"SARS-CoV-2 Ag Upper resp Ql IA.rapid"|"Nasopharyngeal swab"|258500001|04/16/2022|Negative|260385009
109|4244|10D2214779||Mccrudden|Jacyn||03/09/2000||"339 Brookside ct"|"Palm harbor"|FL|34683||Female|9999999999|"No Response"|0||0|0|0|0||0|Mccrudden||||||||"SARS-CoV-2 (COVID-19)"|Antigen|97097-0|"SARS-CoV-2 Ag Upper resp Ql IA.rapid"|"Nasopharyngeal swab"|258500001|04/16/2022|Negative|260385009
110|4244|10D2214779||Steele|Celia||06/12/1997||"4045 12th ave North"|"St. Petersburg"|FL|33713||Female|9999999999|"No Response"|1||0|0|0|0||0|Steele||||||||"SARS-CoV-2 (COVID-19)"|Antigen|97097-0|"SARS-CoV-2 Ag Upper resp Ql IA.rapid"|"Nasopharyngeal swab"|258500001|04/16/2022|Negative|260385009
111|4244|10D2214779||"ESTRADA CALDERON"|DAYAMI||12/25/1993||"2417 BRAEMAR DRIVE"|KISSIMMEE|FL|34743||Female|7867526363|"No Response"|0||0|0|0|0||0|"ESTRADA CALDERON"||||||||"SARS-CoV-2 (COVID-19)"|Antigen|97097-0|"SARS-CoV-2 Ag Upper resp Ql IA.rapid"|"Nasopharyngeal swab"|258500001|04/16/2022|Negative|260385009
112|4244|10D2214779||Haas|"Paul Alfons"||05/04/1952||"620 East Las Olas Boulevard, Fort Lauderdale, FL 33301, USA"|"Fort Lauderdale"|FL|33301||Male|9999999999|"No Response"|1||0|0|0|0||0|Haas||||||||"SARS-CoV-2 (COVID-19)"|Antigen|97097-0|"SARS-CoV-2 Ag Upper resp Ql IA.rapid"|"Nasopharyngeal swab"|258500001|04/16/2022|Negative|260385009
113|4244|10D2214779||barber|James||01/24/1971||"Yacht club 1700 Epcot resorts"|Orlando|FL|32210||Male|9999999999|"No Response"|1||0|0|0|0||0|barber||||||||"SARS-CoV-2 (COVID-19)"|Antigen|97097-0|"SARS-CoV-2 Ag Upper resp Ql IA.rapid"|"Nasopharyngeal swab"|258500001|04/16/2022|Negative|260385009
114|4244|10D2214779||Barber|Clare||02/07/1969||"Yacht Club"|Orlando|FL|32210||Female|9999999999|"No Response"|1||0|0|0|0||0|Barber||||||||"SARS-CoV-2 (COVID-19)"|Antigen|97097-0|"SARS-CoV-2 Ag Upper resp Ql IA.rapid"|"Nasopharyngeal swab"|258500001|04/16/2022|Negative|260385009
115|4244|10D2214779||Barber|Isabella||11/12/2004||"Yacht club Epcot Disney Resorts"|Orlando|FL|32830||Female|9999999999|"No Response"|1||0|0|0|0||0|Barber||||||||"SARS-CoV-2 (COVID-19)"|Antigen|97097-0|"SARS-CoV-2 Ag Upper resp Ql IA.rapid"|"Nasopharyngeal swab"|258500001|04/16/2022|Negative|260385009
116|4244|10D2214779||Barber|Lola||11/28/2006||"Yacht club Disney Resorts Epcot"|Orlando|FL|32830||Female|9999999999|"No Response"|1||0|0|0|0||0|Barber||||||||"SARS-CoV-2 (COVID-19)"|Antigen|97097-0|"SARS-CoV-2 Ag Upper resp Ql IA.rapid"|"Nasopharyngeal swab"|258500001|04/16/2022|Negative|260385009
117|4244|10D2214779||Haas|"Manuela Eleonore"||03/21/1963||"620 East Las Olas Boulevard, Fort Lauderdale, FL 33301, USA"|"Fort Lauderdale"|FL|33301||Female|9999999999|"No Response"|1||0|0|0|0||0|Haas||||||||"SARS-CoV-2 (COVID-19)"|Antigen|97097-0|"SARS-CoV-2 Ag Upper resp Ql IA.rapid"|"Nasopharyngeal swab"|258500001|04/16/2022|Negative|260385009
118|4244|10D2214779||"Mendes Henrique"|Tiana||04/19/2008||"3101 Collins Avenue"|Miami|FL|33140||Female|9999999999|"No Response"|1||0|0|0|0||0|"Mendes Henrique"||||||||"SARS-CoV-2 (COVID-19)"|Antigen|97097-0|"SARS-CoV-2 Ag Upper resp Ql IA.rapid"|"Nasopharyngeal swab"|258500001|04/16/2022|Negative|260385009
119|4244|10D2214779||Barker|Shauna||11/12/1991||"Caravan court"|Orlando|FL|99999||Female|0876909255|"No Response"|1||0|0|0|0||0|Barker||||||||"SARS-CoV-2 (COVID-19)"|Antigen|97097-0|"SARS-CoV-2 Ag Upper resp Ql IA.rapid"|"Nasopharyngeal swab"|258500001|04/16/2022|Positive|10828004
120|4244|10D2214779||"O Malley"|Darragh||02/05/1993||"Caravan Court"|Orlando|FL|00651||Male|0877659535|"No Response"|1||0|0|0|0||0|"O Malley"||||||||"SARS-CoV-2 (COVID-19)"|Antigen|97097-0|"SARS-CoV-2 Ag Upper resp Ql IA.rapid"|"Nasopharyngeal swab"|258500001|04/16/2022|Negative|260385009
121|4244|10D2214779||Moorman|Eric||07/11/1983||Unknown|Unknown|FL|99999||Male|7863962445|"No Response"|0||0|0|0|1||0|Moorman||||||||"SARS-CoV-2 (COVID-19)"|PCR|94500-6|"SARS-CoV-2 RNA Resp Ql NAA+probe"|"Nasopharyngeal swab"|258500001|04/16/2022|Negative|260385009
122|4244|10D2214779||Taylor|Michael||05/05/2011||Unknown|Unknown|FL|99999||Male|2022862285|"No Response"|0||0|0|0|0||0|Taylor||||||||"SARS-CoV-2 (COVID-19)"|Antigen|97097-0|"SARS-CoV-2 Ag Upper resp Ql IA.rapid"|"Nasopharyngeal swab"|258500001|04/16/2022|Negative|260385009
123|4244|10D2214779||Gregory|Charles||06/27/1966||Unknown|Miami|FL|33016||Male|9999999999|"No Response"|1||0|0|0|0||0|Gregory||||||||"SARS-CoV-2 (COVID-19)"|Antigen|97097-0|"SARS-CoV-2 Ag Upper resp Ql IA.rapid"|"Nasopharyngeal swab"|258500001|04/16/2022|Negative|260385009
124|4244|10D2214779||Gregory|Linda||07/29/1967||Unknown|Miami|FL|33016||Female|9999999999|"No Response"|1||0|0|0|0||0|Gregory||||||||"SARS-CoV-2 (COVID-19)"|Antigen|97097-0|"SARS-CoV-2 Ag Upper resp Ql IA.rapid"|"Nasopharyngeal swab"|258500001|04/16/2022|Negative|260385009
125|4244|10D2214779||Ajmani|Aman||11/29/1979||"7764 Lower Gateway Loop 1926"|Orlando|FL|32827||Male|6892657776|"No Response"|0||0|0|0|1||0|Ajmani||||||||"SARS-CoV-2 (COVID-19)"|Antigen|97097-0|"SARS-CoV-2 Ag Upper resp Ql IA.rapid"|"Nasopharyngeal swab"|258500001|04/16/2022|Negative|260385009
126|4244|10D2214779||Ajmani|Aarav||09/10/2010||"7764 Lower Gateway Loop 1926"|Orlando|FL|32827||Male|6892657776|"No Response"|0||0|0|0|1||0|Ajmani||||||||"SARS-CoV-2 (COVID-19)"|PCR|94500-6|"SARS-CoV-2 RNA Resp Ql NAA+probe"|"Nasopharyngeal swab"|258500001|04/16/2022|Negative|260385009
127|4244|10D2214779||Ajmani|Maanya||12/04/2015||"7764 lower Gateway Loop"|Orlando|FL|32827||Female|6892657776|"No Response"|0||0|0|0|1||0|Ajmani||||||||"SARS-CoV-2 (COVID-19)"|Antigen|97097-0|"SARS-CoV-2 Ag Upper resp Ql IA.rapid"|"Nasopharyngeal swab"|258500001|04/16/2022|Negative|260385009
128|4244|10D2214779||Genrich|Ilean||08/22/1958||Unknown|Unknown|FL|99999||Female|7863962445|"No Response"|1||0|0|0|0||0|Genrich||||||||"SARS-CoV-2 (COVID-19)"|PCR|94500-6|"SARS-CoV-2 RNA Resp Ql NAA+probe"|"Nasopharyngeal swab"|258500001|04/16/2022|Negative|260385009
129|4244|10D2214779||Fawcett|Jason||07/18/1984||Unknown|Unknown|FL|99999||Male|7147463349|"No Response"|1||0|0|0|0||0|Fawcett||||||||"SARS-CoV-2 (COVID-19)"|Antigen|97097-0|"SARS-CoV-2 Ag Upper resp Ql IA.rapid"|"Nasopharyngeal swab"|258500001|04/16/2022|Negative|260385009
130|4244|10D2214779||"Lubin Cherizier"|Marianne||09/01/1965||Unknown|Unknown|FL|99999||Female|7863340030|"No Response"|0||0|0|0|1||0|"Lubin Cherizier"||||||||"SARS-CoV-2 (COVID-19)"|Antigen|97097-0|"SARS-CoV-2 Ag Upper resp Ql IA.rapid"|"Nasopharyngeal swab"|258500001|04/16/2022|Negative|260385009
131|4244|10D2214779||Sarafat|"Reza S."||08/24/1979||Unknown|Unknown|FL|99999||Male|7863962445|"No Response"|0||0|0|0|0||1|Sarafat||||||||"SARS-CoV-2 (COVID-19)"|Antigen|97097-0|"SARS-CoV-2 Ag Upper resp Ql IA.rapid"|"Nasopharyngeal swab"|258500001|04/16/2022|Negative|260385009
132|4244|10D2214779||Bañares|Abigale||12/29/1978||"Desert Rose Resort, 5051 Duke Ellington Way"|"Las Vegas"|FL|89119||Female|9999999999|"No Response"|0||0|1|0|0||0|Bañares||||||||"SARS-CoV-2 (COVID-19)"|Antigen|97097-0|"SARS-CoV-2 Ag Upper resp Ql IA.rapid"|"Nasopharyngeal swab"|258500001|04/16/2022|Negative|260385009
133|4244|10D2214779||Figueroa|Alyssa||07/30/2003||"73 Park vallei ln"|Brookhaven|FL|19015||Female|4849085761|"No Response"|0||0|0|0|1||0|Figueroa||||||||"SARS-CoV-2 (COVID-19)"|Antigen|97097-0|"SARS-CoV-2 Ag Upper resp Ql IA.rapid"|"Nasopharyngeal swab"|258500001|04/16/2022|Negative|260385009
134|4244|10D2214779||Ezell|Donna||04/15/1957||Unknown|Unknown|FL|99999||Female|7702624268|"No Response"|1||0|0|0|0||0|Ezell||||||||"SARS-CoV-2 (COVID-19)"|PCR|94500-6|"SARS-CoV-2 RNA Resp Ql NAA+probe"|"Nasopharyngeal swab"|258500001|04/16/2022|Negative|260385009
135|4244|10D2214779||"Franco Corella"|Ilena||10/09/1988||"1159 W 23rd St"|Hialeah|FL|33010||Female|7867883315|"No Response"|0||0|0|0|0||0|"Franco Corella"||||||||"SARS-CoV-2 (COVID-19)"|Antigen|97097-0|"SARS-CoV-2 Ag Upper resp Ql IA.rapid"|"Nasopharyngeal swab"|258500001|04/16/2022|Negative|260385009
136|4244|10D2214779||McBrearty|"Lily Louise"||10/20/2008||"Universal Dockside"|Orlando|FL|00000||Female|9999999999|"No Response"|1||0|0|0|0||0|McBrearty||||||||"SARS-CoV-2 (COVID-19)"|Antigen|97097-0|"SARS-CoV-2 Ag Upper resp Ql IA.rapid"|"Nasopharyngeal swab"|258500001|04/16/2022|Negative|260385009
137|4244|10D2214779||"castillo murillo"|Gustavo||06/01/1983||Unknown|Unknown|FL|99999||Male|7863962445|"No Response"|0||0|0|0|0||0|"castillo murillo"||||||||"SARS-CoV-2 (COVID-19)"|Antigen|97097-0|"SARS-CoV-2 Ag Upper resp Ql IA.rapid"|"Nasopharyngeal swab"|258500001|04/16/2022|Negative|260385009
138|4244|10D2214779||"moreno Aldana"|"Edna Carolina"||07/25/1985||Unknown|Unknown|FL|99999||Female|7863962445|"No Response"|0||0|0|0|0||0|"moreno Aldana"||||||||"SARS-CoV-2 (COVID-19)"|Antigen|97097-0|"SARS-CoV-2 Ag Upper resp Ql IA.rapid"|"Nasopharyngeal swab"|258500001|04/16/2022|Negative|260385009
139|4244|10D2214779||Castillo-Moreno|Thomas||08/02/2015||Unknown|Unknown|FL|99999||Male|7863962445|"No Response"|0||0|0|0|0||0|Castillo-Moreno||||||||"SARS-CoV-2 (COVID-19)"|Antigen|97097-0|"SARS-CoV-2 Ag Upper resp Ql IA.rapid"|"Nasopharyngeal swab"|258500001|04/16/2022|Negative|260385009
140|4244|10D2214779||Davis|Lamarcus||08/31/1990||Unknown|Unknown|FL|99999||Male|9546610563|"No Response"|0||0|0|0|0||0|Davis||||||||"SARS-CoV-2 (COVID-19)"|Antigen|97097-0|"SARS-CoV-2 Ag Upper resp Ql IA.rapid"|"Nasopharyngeal swab"|258500001|04/16/2022|Negative|260385009
141|4244|10D2214779||Smith-Hendricks|Marcus||12/23/1990||Unknown|Unknown|FL|99999||Male|9999999999|"No Response"|0||0|0|0|0||0|Smith-Hendricks||||||||"SARS-CoV-2 (COVID-19)"|Antigen|97097-0|"SARS-CoV-2 Ag Upper resp Ql IA.rapid"|"Nasopharyngeal swab"|258500001|04/16/2022|Negative|260385009
142|4244|10D2214779||"Natta Nelson"|Leon||12/15/1979||Unknown|Unknown|FL|99999||Male|3402444179|"No Response"|0||0|0|0|1||0|"Natta Nelson"||||||||"SARS-CoV-2 (COVID-19)"|Antigen|97097-0|"SARS-CoV-2 Ag Upper resp Ql IA.rapid"|"Nasopharyngeal swab"|258500001|04/16/2022|Negative|260385009
143|4244|10D2214779||caron|luc||08/24/1966||"1500 Collins"|"Miami beach"|FL|33139||Male|5146598989|"No Response"|1||0|0|0|0||0|caron||||||||"SARS-CoV-2 (COVID-19)"|Antigen|97097-0|"SARS-CoV-2 Ag Upper resp Ql IA.rapid"|"Nasopharyngeal swab"|258500001|04/16/2022|Negative|260385009
144|4244|10D2214779||Quarterman|Alexandra||06/23/1995||Unknown|Unknown|FL|99999||Female|07885463336|"No Response"|1||0|0|0|0||0|Quarterman||||||||"SARS-CoV-2 (COVID-19)"|Antigen|97097-0|"SARS-CoV-2 Ag Upper resp Ql IA.rapid"|"Nasopharyngeal swab"|258500001|04/16/2022|Negative|260385009
145|4244|10D2214779||SANDRI|DONATELLA||09/17/1973||Unknown|Unknown|FL|99999||Female|9999999999|"No Response"|1||0|0|0|0||0|SANDRI||||||||"SARS-CoV-2 (COVID-19)"|Antigen|97097-0|"SARS-CoV-2 Ag Upper resp Ql IA.rapid"|"Nasopharyngeal swab"|258500001|04/16/2022|Negative|260385009
146|4244|10D2214779||SANDRI|GIORGIO||10/05/1947||Unknown|Unknown|FL|99999||Male|9999999999|"No Response"|1||0|0|0|0||0|SANDRI||||||||"SARS-CoV-2 (COVID-19)"|Antigen|97097-0|"SARS-CoV-2 Ag Upper resp Ql IA.rapid"|"Nasopharyngeal swab"|258500001|04/16/2022|Negative|260385009
147|4244|10D2214779||Molina|David||11/11/1980||"3314 Erskine Drive"|Orlando|FL|32825||Male|4074848769|"No Response"|1||0|0|0|0||0|Molina||||||||"SARS-CoV-2 (COVID-19)"|Antigen|97097-0|"SARS-CoV-2 Ag Upper resp Ql IA.rapid"|"Nasopharyngeal swab"|258500001|04/16/2022|Negative|260385009
148|4244|10D2214779||Mehta|Rohit||02/12/1995||"11387 nw Odeon lane"|Portland|FL|97229||Male|5416132367|"No Response"|0||0|1|0|0||0|Mehta||||||||"SARS-CoV-2 (COVID-19)"|Antigen|97097-0|"SARS-CoV-2 Ag Upper resp Ql IA.rapid"|"Nasopharyngeal swab"|258500001|04/16/2022|Negative|260385009
149|4244|10D2214779||Duncombe|"Theajh Christonia"||07/09/2007||"5461 OAK BRANCH DR"|"LAKE WORTH"|FL|33463||Female|9999999999|"No Response"|0||0|0|0|0||0|Duncombe||||||||"SARS-CoV-2 (COVID-19)"|Antigen|97097-0|"SARS-CoV-2 Ag Upper resp Ql IA.rapid"|"Nasopharyngeal swab"|258500001|04/16/2022|Negative|260385009
150|4244|10D2214779||Campbell|Aleece||05/20/1976||"333 Fern st apt 2014"|"West Palm Beach"|FL|33401||Female|4048341091|"No Response"|1||0|0|0|0||0|Campbell||||||||"SARS-CoV-2 (COVID-19)"|Antigen|97097-0|"SARS-CoV-2 Ag Upper resp Ql IA.rapid"|"Nasopharyngeal swab"|258500001|04/16/2022|Negative|260385009
151|4244|10D2214779||ROSE|"SASHA RAQUEL"||11/10/1987||"5461 OAK RANCH DR"|"LAKE WORTH"|FL|33436||Female|9999999999|"No Response"|0||0|0|0|0||0|ROSE||||||||"SARS-CoV-2 (COVID-19)"|Antigen|97097-0|"SARS-CoV-2 Ag Upper resp Ql IA.rapid"|"Nasopharyngeal swab"|258500001|04/16/2022|Negative|260385009
152|4244|10D2214779||Grizzard|Bonnie||04/23/1959||"11188 Turtle Beach Rd., 301 A"|"North Palm Beach"|FL|33408||Female|7063460532|"No Response"|1||0|0|0|0||0|Grizzard||||||||"SARS-CoV-2 (COVID-19)"|Antigen|97097-0|"SARS-CoV-2 Ag Upper resp Ql IA.rapid"|"Nasopharyngeal swab"|258500001|04/16/2022|Negative|260385009
153|4244|10D2214779||"Galvache Weggelaar"|Friso||03/10/2011||Unknown|Unknown|FL|99999||Male|7863962445|"No Response"|0||0|0|0|0||1|"Galvache Weggelaar"||||||||"SARS-CoV-2 (COVID-19)"|Antigen|97097-0|"SARS-CoV-2 Ag Upper resp Ql IA.rapid"|"Nasopharyngeal swab"|258500001|04/16/2022|Negative|260385009
154|4244|10D2214779||Weggelaar|Bibiana||06/26/1975||Unknown|Unknown|FL|99999||Female|7863962445|"No Response"|0||0|0|0|0||1|Weggelaar||||||||"SARS-CoV-2 (COVID-19)"|Antigen|97097-0|"SARS-CoV-2 Ag Upper resp Ql IA.rapid"|"Nasopharyngeal swab"|258500001|04/16/2022|Negative|260385009
155|4244|10D2214779||"Galvache Weggelaar"|Arjen||02/27/2007||Unknown|Unknown|FL|99999||Male|7863962445|"No Response"|0||0|0|0|0||1|"Galvache Weggelaar"||||||||"SARS-CoV-2 (COVID-19)"|Antigen|97097-0|"SARS-CoV-2 Ag Upper resp Ql IA.rapid"|"Nasopharyngeal swab"|258500001|04/16/2022|Negative|260385009
156|4244|10D2214779||"Charlow Patton"|Claire||07/05/1963||"1230 South Pine Island Rd."|Plantation|FL|33324||Female|12424552368|"No Response"|0||0|0|0|0||0|"Charlow Patton"||||||||"SARS-CoV-2 (COVID-19)"|Antigen|97097-0|"SARS-CoV-2 Ag Upper resp Ql IA.rapid"|"Nasopharyngeal swab"|258500001|04/16/2022|Negative|260385009
157|4244|10D2214779||"Charlow Patton"|Claire||07/05/1963||"1230 South Pine Island Rd."|Plantation|FL|33324||Female|12424552368|"No Response"|0||0|0|0|0||0|"Charlow Patton"||||||||"SARS-CoV-2 (COVID-19)"|Antigen|97097-0|"SARS-CoV-2 Ag Upper resp Ql IA.rapid"|"Nasopharyngeal swab"|258500001|04/16/2022|Negative|260385009
158|4244|10D2214779||Cleary|Victoria||04/23/1994||Unknown|Unknown|FL|99999||Female|3109902917|"No Response"|1||0|0|0|0||0|Cleary||||||||"SARS-CoV-2 (COVID-19)"|Antigen|97097-0|"SARS-CoV-2 Ag Upper resp Ql IA.rapid"|"Nasopharyngeal swab"|258500001|04/16/2022|Negative|260385009
159|4244|10D2214779||"De La motte"|Shannen||04/15/1992||"420,15th street and Washington Ave"|Miami|FL|33139||Female|61400013615|"No Response"|0||0|1|0|0||0|"De La motte"||||||||"SARS-CoV-2 (COVID-19)"|Antigen|97097-0|"SARS-CoV-2 Ag Upper resp Ql IA.rapid"|"Nasopharyngeal swab"|258500001|04/16/2022|Negative|260385009
160|4244|10D2214779||Zaragoza|Maria||07/25/2005||"141 Harbor Drive"|"Key Biscayne"|FL|33149||Female|3059349013|"No Response"|1||0|0|0|0||0|Zaragoza||||||||"SARS-CoV-2 (COVID-19)"|Antigen|97097-0|"SARS-CoV-2 Ag Upper resp Ql IA.rapid"|"Nasopharyngeal swab"|258500001|04/16/2022|Negative|260385009
161|4244|10D2214779||DeSimone|Michael||08/15/1954||"7011 Hazel Avenue"|"Upper Darby"|FL|19093||Male|4847565380|"No Response"|1||0|0|0|0||0|DeSimone||||||||"SARS-CoV-2 (COVID-19)"|Antigen|97097-0|"SARS-CoV-2 Ag Upper resp Ql IA.rapid"|"Nasopharyngeal swab"|258500001|04/16/2022|Negative|260385009
162|4244|10D2214779||DeSimone|Regina||05/23/1966||"7011 Hazel Ave"|"Upper Darby"|FL|19092||Female|4847565380|"No Response"|1||0|0|0|0||0|DeSimone||||||||"SARS-CoV-2 (COVID-19)"|Antigen|97097-0|"SARS-CoV-2 Ag Upper resp Ql IA.rapid"|"Nasopharyngeal swab"|258500001|04/16/2022|Negative|260385009
163|4244|10D2214779||Frommer|Aluin||05/26/1936||Unknown|Unknown|FL|99999||Male|2483109500|"No Response"|1||0|0|0|0||0|Frommer||||||||"SARS-CoV-2 (COVID-19)"|PCR|94500-6|"SARS-CoV-2 RNA Resp Ql NAA+probe"|"Nasopharyngeal swab"|258500001|04/16/2022|Negative|260385009
164|4244|10D2214779||Clayton|Dwayne||04/19/1977||"1717NW 37th Street APT 5"|"OAKLAND Park Florida"|FL|33309||Male|7542363961|"No Response"|0||0|0|0|0||0|Clayton||||||||"SARS-CoV-2 (COVID-19)"|Antigen|97097-0|"SARS-CoV-2 Ag Upper resp Ql IA.rapid"|"Nasopharyngeal swab"|258500001|04/16/2022|Negative|260385009
165|4244|10D2214779||Anderson|Suzanne||03/31/1937||Unknown|Unknown|FL|99999||Female|7022796699|"No Response"|1||0|0|0|0||0|Anderson||||||||"SARS-CoV-2 (COVID-19)"|PCR|94500-6|"SARS-CoV-2 RNA Resp Ql NAA+probe"|"Nasopharyngeal swab"|258500001|04/16/2022|Negative|260385009
166|4244|10D2214779||"Porter II"|"LAWRENCE C"||01/14/1961||"770 Northeast 69th Street Miami Florida 33138"|Miami|FL|33138||Male|9999999999|"No Response"|1||0|0|0|0||0|"Porter II"||||||||"SARS-CoV-2 (COVID-19)"|Antigen|97097-0|"SARS-CoV-2 Ag Upper resp Ql IA.rapid"|"Nasopharyngeal swab"|258500001|04/16/2022|Negative|260385009
167|4244|10D2214779||Burrows|Alexandra||12/03/1972||"2648 NE 32nd Street"|"Fort Lauderdale"|FL|33306||Female|9999999999|"No Response"|1||0|0|0|0||0|Burrows||||||||"SARS-CoV-2 (COVID-19)"|Antigen|97097-0|"SARS-CoV-2 Ag Upper resp Ql IA.rapid"|"Nasopharyngeal swab"|258500001|04/16/2022|Negative|260385009
168|4244|10D2214779||Burrows|"Leslie James"||07/30/1970||"2648 NE 32nd Street"|"Fort Lauderdale"|FL|33306||Male|9999999999|"No Response"|1||0|0|0|0||0|Burrows||||||||"SARS-CoV-2 (COVID-19)"|Antigen|97097-0|"SARS-CoV-2 Ag Upper resp Ql IA.rapid"|"Nasopharyngeal swab"|258500001|04/16/2022|Negative|260385009
169|4244|10D2214779||Bogle|Margarita||08/14/1957||Unknown|Unknown|FL|99999||Female|9549316284|"No Response"|1||0|0|0|0||0|Bogle||||||||"SARS-CoV-2 (COVID-19)"|PCR|94500-6|"SARS-CoV-2 RNA Resp Ql NAA+probe"|"Nasopharyngeal swab"|258500001|04/16/2022|Negative|260385009
170|4244|10D2214779||Sperbeck|Susie||02/21/1969||Unknown|Unknown|FL|99999||Female|7862512758|"No Response"|0||0|0|0|0||1|Sperbeck||||||||"SARS-CoV-2 (COVID-19)"|Antigen|97097-0|"SARS-CoV-2 Ag Upper resp Ql IA.rapid"|"Nasopharyngeal swab"|258500001|04/16/2022|Negative|260385009
171|4244|10D2214779||Sperbeck|Edward||11/21/1971||Unknown|Unknown|FL|99999||Male|7862512758|"No Response"|0||0|0|0|0||1|Sperbeck||||||||"SARS-CoV-2 (COVID-19)"|Antigen|97097-0|"SARS-CoV-2 Ag Upper resp Ql IA.rapid"|"Nasopharyngeal swab"|258500001|04/16/2022|Negative|260385009
172|4244|10D2214779||Poole|Barbara||07/18/1950||Unknown|Unknown|FL|99999||Female|9542603881|"No Response"|1||0|0|0|0||0|Poole||||||||"SARS-CoV-2 (COVID-19)"|Antigen|97097-0|"SARS-CoV-2 Ag Upper resp Ql IA.rapid"|"Nasopharyngeal swab"|258500001|04/16/2022|Negative|260385009
173|4244|10D2214779||Pole|Richard||01/28/1949||Unknown|Unknown|FL|99999||Male|7863962445|"No Response"|1||0|0|0|0||0|Pole||||||||"SARS-CoV-2 (COVID-19)"|Antigen|97097-0|"SARS-CoV-2 Ag Upper resp Ql IA.rapid"|"Nasopharyngeal swab"|258500001|04/16/2022|Negative|260385009
174|4244|10D2214779||Soler|Julian||02/16/2010||"1350 south dixy highway"|"Coral gables"|FL|33146||Male|50250195444|"No Response"|0||0|0|0|0||0|Soler||||||||"SARS-CoV-2 (COVID-19)"|Antigen|97097-0|"SARS-CoV-2 Ag Upper resp Ql IA.rapid"|"Nasopharyngeal swab"|258500001|04/16/2022|Negative|260385009
175|4244|10D2214779||Silva|Eliane||08/02/1970||Unknown|Unknown|FL|99999||Female|9999999999|"No Response"|0||0|0|0|1||0|Silva||||||||"SARS-CoV-2 (COVID-19)"|Antigen|97097-0|"SARS-CoV-2 Ag Upper resp Ql IA.rapid"|"Nasopharyngeal swab"|258500001|04/16/2022|Negative|260385009
176|4244|10D2214779||Orlando|Andrew||05/10/1994||"305 snowberry lane"|Chesapeake|FL|23320||Male|9999999999|"No Response"|1||0|0|0|0||0|Orlando||||||||"SARS-CoV-2 (COVID-19)"|Antigen|97097-0|"SARS-CoV-2 Ag Upper resp Ql IA.rapid"|"Nasopharyngeal swab"|258500001|04/16/2022|Negative|260385009
177|4244|10D2214779||Schofield|Ryan||09/14/1974||"112 gore road"|Webster|FL|01570||Male|9999999999|"No Response"|1||0|0|0|0||0|Schofield||||||||"SARS-CoV-2 (COVID-19)"|Antigen|97097-0|"SARS-CoV-2 Ag Upper resp Ql IA.rapid"|"Nasopharyngeal swab"|258500001|04/16/2022|Negative|260385009
178|4244|10D2214779||Beltzer|Brett||12/06/2008||"25 scenic ave"|Webster|FL|01570||Male|5083338388|"No Response"|1||0|0|0|0||0|Beltzer||||||||"SARS-CoV-2 (COVID-19)"|Antigen|97097-0|"SARS-CoV-2 Ag Upper resp Ql IA.rapid"|"Nasopharyngeal swab"|258500001|04/16/2022|Negative|260385009
179|4244|10D2214779||Beltzer|Brett||12/06/2008||"25 scenic ave"|Webster|FL|01570||Male|5083338388|"No Response"|1||0|0|0|0||0|Beltzer||||||||"SARS-CoV-2 (COVID-19)"|Antigen|97097-0|"SARS-CoV-2 Ag Upper resp Ql IA.rapid"|"Nasopharyngeal swab"|258500001|04/16/2022|Negative|260385009
180|4244|10D2214779||Rose|Trevor||09/06/2008||"112 gore road"|Webster|FL|01570||Male|5083338388|"No Response"|1||0|0|0|0||0|Rose||||||||"SARS-CoV-2 (COVID-19)"|Antigen|97097-0|"SARS-CoV-2 Ag Upper resp Ql IA.rapid"|"Nasopharyngeal swab"|258500001|04/16/2022|Negative|260385009
181|4244|10D2214779||Mcphee|Yvonne||06/21/1964||Unknown|Unknown|FL|99999||Female|9545887874|"No Response"|0||0|0|0|1||0|Mcphee||||||||"SARS-CoV-2 (COVID-19)"|PCR|94500-6|"SARS-CoV-2 RNA Resp Ql NAA+probe"|"Nasopharyngeal swab"|258500001|04/16/2022|Negative|260385009
182|4244|10D2214779||Rolfs|"Eva Christina"||02/08/1974||"Hotel Ocean"|Miami|FL|99999||Female|17202054123|"No Response"|1||0|0|0|0||0|Rolfs||||||||"SARS-CoV-2 (COVID-19)"|Antigen|97097-0|"SARS-CoV-2 Ag Upper resp Ql IA.rapid"|"Nasopharyngeal swab"|258500001|04/16/2022|Negative|260385009
183|4244|10D2214779||Rolfs|"Eva Christina"||02/08/1974||"Hotel Ocean"|Miami|FL|99999||Female|17202054123|"No Response"|1||0|0|0|0||0|Rolfs||||||||"SARS-CoV-2 (COVID-19)"|Antigen|97097-0|"SARS-CoV-2 Ag Upper resp Ql IA.rapid"|"Nasopharyngeal swab"|258500001|04/16/2022|Negative|260385009
184|4244|10D2214779||Rolfs|Gerhard||01/10/1968||"Hotel Ocean"|Miami|FL|99999||Male|17202054123|"No Response"|1||0|0|0|0||0|Rolfs||||||||"SARS-CoV-2 (COVID-19)"|Antigen|97097-0|"SARS-CoV-2 Ag Upper resp Ql IA.rapid"|"Nasopharyngeal swab"|258500001|04/16/2022|Negative|260385009
185|4244|10D2214779||Rolfs|Gerhard||01/10/1968||"Hotel Ocean"|Miami|FL|99999||Male|17202054123|"No Response"|1||0|0|0|0||0|Rolfs||||||||"SARS-CoV-2 (COVID-19)"|Antigen|97097-0|"SARS-CoV-2 Ag Upper resp Ql IA.rapid"|"Nasopharyngeal swab"|258500001|04/16/2022|Negative|260385009
186|4244|10D2214779||Mcphee|Paul||06/19/1963||Unknown|Unknown|FL|99999||Male|9545887874|"No Response"|0||0|0|0|1||0|Mcphee||||||||"SARS-CoV-2 (COVID-19)"|PCR|94500-6|"SARS-CoV-2 RNA Resp Ql NAA+probe"|"Nasopharyngeal swab"|258500001|04/16/2022|Negative|260385009
187|4244|10D2214779||Exume|Victoria||12/05/1966||"6069 WAUCONDA WAY E"|"LAKE WORTH"|FL|33463||Female|5615077252|"No Response"|0||0|0|0|0||0|Exume||||||||"SARS-CoV-2 (COVID-19)"|Antigen|97097-0|"SARS-CoV-2 Ag Upper resp Ql IA.rapid"|"Nasopharyngeal swab"|258500001|04/16/2022|Negative|260385009
188|4244|10D2214779||"Pargas Mujica"|"Rey Augusto"||06/29/1960||Unknown|Unknown|FL|99999||Male|7862852042|"No Response"|0||0|0|0|0||1|"Pargas Mujica"||||||||"SARS-CoV-2 (COVID-19)"|PCR|94500-6|"SARS-CoV-2 RNA Resp Ql NAA+probe"|"Nasopharyngeal swab"|258500001|04/16/2022|Negative|260385009
189|4244|10D2214779||Claite|Marie||01/01/1970||Unknown|Unknown|FL|99999||Female|9999999999|"No Response"|0||0|0|0|0||0|Claite||||||||"SARS-CoV-2 (COVID-19)"|Antigen|97097-0|"SARS-CoV-2 Ag Upper resp Ql IA.rapid"|"Nasopharyngeal swab"|258500001|04/16/2022|Negative|260385009
190|4244|10D2214779||Hall|Steven||04/26/1960||"1242 S Pine Island road"|Plantation|FL|33324||Male|7542655686|"No Response"|1||0|0|0|0||0|Hall||||||||"SARS-CoV-2 (COVID-19)"|Antigen|97097-0|"SARS-CoV-2 Ag Upper resp Ql IA.rapid"|"Nasopharyngeal swab"|258500001|04/16/2022|Negative|260385009
191|4244|10D2214779||Klug|Nina||11/08/2002||Unknown|Unknown|FL|99999||Female|9999999999|"No Response"|0||0|0|0|1||0|Klug||||||||"SARS-CoV-2 (COVID-19)"|Antigen|97097-0|"SARS-CoV-2 Ag Upper resp Ql IA.rapid"|"Nasopharyngeal swab"|258500001|04/16/2022|Negative|260385009
192|4244|10D2214779||"Falqueto Requena"|Rafaela||05/17/2016||Unknown|Unknown|FL|99999||Female|7863962445|"No Response"|0||0|0|0|0||0|"Falqueto Requena"||||||||"SARS-CoV-2 (COVID-19)"|Antigen|97097-0|"SARS-CoV-2 Ag Upper resp Ql IA.rapid"|"Nasopharyngeal swab"|258500001|04/16/2022|Negative|260385009
193|4244|10D2214779||"Tagrace Desir"|Lucel||01/20/1994||"3730 Saranac Ave"|WPB|FL|33409||Female|5619099814|"No Response"|0||0|0|0|0||0|"Tagrace Desir"||||||||"SARS-CoV-2 (COVID-19)"|Antigen|97097-0|"SARS-CoV-2 Ag Upper resp Ql IA.rapid"|"Nasopharyngeal swab"|258500001|04/16/2022|Negative|260385009
194|4244|10D2214779||"St Jean Charlotin"|"Ste Rose"||03/30/1958||Unknown|Unknown|FL|99999||Female|9547018305|"No Response"|0||0|0|0|0||0|"St Jean Charlotin"||||||||"SARS-CoV-2 (COVID-19)"|Antigen|97097-0|"SARS-CoV-2 Ag Upper resp Ql IA.rapid"|"Nasopharyngeal swab"|258500001|04/16/2022|Negative|260385009
195|4244|10D2214779||Albert|"Thomas Joseph"||04/19/1957||"405 Golden River Dr"|WPB|FL|33411||Male|5617191790|"No Response"|1||0|0|0|0||0|Albert||||||||"SARS-CoV-2 (COVID-19)"|Antigen|97097-0|"SARS-CoV-2 Ag Upper resp Ql IA.rapid"|"Nasopharyngeal swab"|258500001|04/16/2022|Negative|260385009
196|4244|10D2214779||Albert|"Cathy Ann"||08/03/1958||"405 Golden River Dr"|WPB|FL|33411||Female|5617198537|"No Response"|1||0|0|0|0||0|Albert||||||||"SARS-CoV-2 (COVID-19)"|Antigen|97097-0|"SARS-CoV-2 Ag Upper resp Ql IA.rapid"|"Nasopharyngeal swab"|258500001|04/16/2022|Negative|260385009
197|4244|10D2214779||Louijean|Ferdinand||09/09/1961||"3721 Coral Tree circle"|"Coconut Creek"|FL|33073||Male|9548618683|"No Response"|0||0|0|0|0||0|Louijean||||||||"SARS-CoV-2 (COVID-19)"|Antigen|97097-0|"SARS-CoV-2 Ag Upper resp Ql IA.rapid"|"Nasopharyngeal swab"|258500001|04/16/2022|Negative|260385009
198|4244|10D2214779||Louijean|"Rose Ludjie Fernanda"||11/26/2016||"3721 Coral Tree circle"|"Coconut Creek"|FL|33073||Female|9548618683|"No Response"|0||0|0|0|0||0|Louijean||||||||"SARS-CoV-2 (COVID-19)"|Antigen|97097-0|"SARS-CoV-2 Ag Upper resp Ql IA.rapid"|"Nasopharyngeal swab"|258500001|04/16/2022|Negative|260385009
199|4244|10D2214779||Persaud|"Takurdeen mahendra"||01/01/1970||"10029 stockbridge st"|Clermont|FL|34711||Male|3215660264|"No Response"|0||0|1|0|0||0|Persaud||||||||"SARS-CoV-2 (COVID-19)"|Antigen|97097-0|"SARS-CoV-2 Ag Upper resp Ql IA.rapid"|"Nasopharyngeal swab"|258500001|04/16/2022|Negative|260385009
200|4244|10D2214779||Carvalho|Fernando||07/12/1988||"201 Frankford Ln"|"Palm Coast"|FL|32137||Male|9294586889|"No Response"|1||0|0|0|0||0|Carvalho||||||||"SARS-CoV-2 (COVID-19)"|Antigen|97097-0|"SARS-CoV-2 Ag Upper resp Ql IA.rapid"|"Nasopharyngeal swab"|258500001|04/16/2022|Negative|260385009
201|4244|10D2214779||Almeida|Catarina||09/06/1981||"201 Frankford Ln"|"Palm Coast"|FL|32137||Female|9294586889|"No Response"|0||0|0|0|1||0|Almeida||||||||"SARS-CoV-2 (COVID-19)"|Antigen|97097-0|"SARS-CoV-2 Ag Upper resp Ql IA.rapid"|"Nasopharyngeal swab"|258500001|04/16/2022|Negative|260385009
202|4244|10D2214779||Barker|Shauna||11/12/1991||"Carnival court"|Orlando|FL|00651||Female|0876909255|"No Response"|1||0|0|0|0||0|Barker||||||||"SARS-CoV-2 (COVID-19)"|Antigen|97097-0|"SARS-CoV-2 Ag Upper resp Ql IA.rapid"|"Nasopharyngeal swab"|258500001|04/16/2022|Positive|10828004
203|4244|10D2214779||Moorman|Eric||07/11/1983||Unknown|Unknown|FL|99999||Male|7863962445|"No Response"|0||0|0|0|1||0|Moorman||||||||"SARS-CoV-2 (COVID-19)"|PCR|94500-6|"SARS-CoV-2 RNA Resp Ql NAA+probe"|"Nasopharyngeal swab"|258500001|04/16/2022|Negative|260385009
204|4244|10D2214779||Quinn|Valerie||06/10/1952||"2504 Alexis Ct"|Bensalem|FL|19020||Female|2157832002|"No Response"|1||0|0|0|0||0|Quinn||||||||"SARS-CoV-2 (COVID-19)"|Antigen|97097-0|"SARS-CoV-2 Ag Upper resp Ql IA.rapid"|"Nasopharyngeal swab"|258500001|04/16/2022|Negative|260385009
205|4244|10D2214779||Quinn|William||01/10/1953||"2504 Alexis Ct"|Bensalem|FL|19020||Male|2157832002|"No Response"|1||0|0|0|0||0|Quinn||||||||"SARS-CoV-2 (COVID-19)"|Antigen|97097-0|"SARS-CoV-2 Ag Upper resp Ql IA.rapid"|"Nasopharyngeal swab"|258500001|04/16/2022|Negative|260385009
206|4244|10D2214779||Moorman|Eric||07/11/1983||Unknown|Unknown|FL|99999||Male|7863962445|"No Response"|0||0|0|0|1||0|Moorman||||||||"SARS-CoV-2 (COVID-19)"|PCR|94500-6|"SARS-CoV-2 RNA Resp Ql NAA+probe"|"Nasopharyngeal swab"|258500001|04/16/2022|Negative|260385009
207|4244|10D2214779||Quinn|William||01/10/1953||Unknown|Bensalem|FL|19020||Male|2157832002|"No Response"|1||0|0|0|0||0|Quinn||||||||"SARS-CoV-2 (COVID-19)"|Antigen|97097-0|"SARS-CoV-2 Ag Upper resp Ql IA.rapid"|"Nasopharyngeal swab"|258500001|04/16/2022|Negative|260385009
208|4244|10D2214779||Quinn|Valerie||06/10/1952||"2504 Alexis Ct"|Bensalem|FL|19020||Female|2157832002|"No Response"|1||0|0|0|0||0|Quinn||||||||"SARS-CoV-2 (COVID-19)"|Antigen|97097-0|"SARS-CoV-2 Ag Upper resp Ql IA.rapid"|"Nasopharyngeal swab"|258500001|04/16/2022|Negative|260385009
209|4244|10D2214779||Campbell|Aleece||05/20/1976||"333 Fern St Apt 2014"|"West Palm Beach"|FL|33401||Female|4048341091|"No Response"|1||0|0|0|0||0|Campbell||||||||"SARS-CoV-2 (COVID-19)"|Antigen|97097-0|"SARS-CoV-2 Ag Upper resp Ql IA.rapid"|"Nasopharyngeal swab"|258500001|04/16/2022|Negative|260385009
210|4244|10D2214779||Quinn|William||01/10/1953||Unknown|Unknown|FL|99999|||2157832002|"No Response"|0||0|0|0|0||1|Quinn||||||||"SARS-CoV-2 (COVID-19)"|Antigen|97097-0|"SARS-CoV-2 Ag Upper resp Ql IA.rapid"|"Nasopharyngeal swab"|258500001|04/16/2022|Negative|260385009
211|4244|10D2214779||Quinn|Valerie||06/10/1952||Unknown|Unknown|FL|99999|||2157832002|"No Response"|0||0|0|0|0||1|Quinn||||||||"SARS-CoV-2 (COVID-19)"|Antigen|97097-0|"SARS-CoV-2 Ag Upper resp Ql IA.rapid"|"Nasopharyngeal swab"|258500001|04/16/2022|Negative|260385009
212|4244|10D2214779||Bethell|Cassie||10/11/1987||"2050 Bellalago drive"|Kissimmee|FL|34746||Female|2425567125|"No Response"|0||0|0|0|0||0|Bethell||||||||"SARS-CoV-2 (COVID-19)"|Antigen|97097-0|"SARS-CoV-2 Ag Upper resp Ql IA.rapid"|"Nasopharyngeal swab"|258500001|04/16/2022|Negative|260385009
213|4244|10D2214779||Campbell|Aleece||05/20/1976||"333 Fern St Apt 2014"|"West Palm Beach"|FL|33401||Female|4048341091|"No Response"|1||0|0|0|0||0|Campbell||||||||"SARS-CoV-2 (COVID-19)"|Antigen|97097-0|"SARS-CoV-2 Ag Upper resp Ql IA.rapid"|"Nasopharyngeal swab"|258500001|04/16/2022|Negative|260385009
214|4244|10D2214779||Winter|Nadia||07/25/1978||"17 RIDGE VIEW AVE"|"WHITE PLAINS"|FL|10606||Female|2843408615|"No Response"|0||0|0|0|1||0|Winter||||||||"SARS-CoV-2 (COVID-19)"|Antigen|97097-0|"SARS-CoV-2 Ag Upper resp Ql IA.rapid"|"Nasopharyngeal swab"|258500001|04/16/2022|Negative|260385009
215|4244|10D2214779||Campbell|Aleece||05/20/1976||"333 Fern St Apt 2014"|"West Palm Beach"|FL|33401||Female|4048341091|"No Response"|1||0|0|0|0||0|Campbell||||||||"SARS-CoV-2 (COVID-19)"|Antigen|97097-0|"SARS-CoV-2 Ag Upper resp Ql IA.rapid"|"Nasopharyngeal swab"|258500001|04/16/2022|Negative|260385009
