RecordID|FacilityID|CLIAID|PatientID|LastName|FirstName|MiddleName|DOB|SSN|StreetAddress|City|State|Zip|County|Gender|PhoneNumber|Ethnicity|RaceWhite|RaceBlack|RaceAmericanIndianAlaskanNative|RaceAsian|RaceNativeHawaiianOrOtherPacificIslander|RaceOther|RaceUnknown|RaceNoResponse|ProviderName|NPI|Pregnant|SchoolAssociation|SchoolName|MeetILIDefinition|PerformingLab|AccessionNumber|Pathogen|TestType|LOINC|LOINCShortName|SpecimenCollectionType|SpecimenSNOMED|SpecimenCollectedDate|Result|ResultSNOMED
1|4244|10D2214779||Roberts|Craig||10/24/1951||"2720 Biarritz Drive"|"Palm beach Gardens"|FL|33410||Male|15617580003|"No Response"|1||0|0|0|0||0|Roberts||||||||"SARS-CoV-2 (COVID-19)"|Antigen|97097-0|"SARS-CoV-2 Ag Upper resp Ql IA.rapid"|"Nasopharyngeal swab"|258500001|04/23/2022|Negative|260385009
2|4244|10D2214779||Roache|Makaydia||10/06/2006||"2380 lena lane"|"West palm beach"|FL|33415||Female|5618276056|"No Response"|0||0|0|0|0||0|Roache||||||||"SARS-CoV-2 (COVID-19)"|Antigen|97097-0|"SARS-CoV-2 Ag Upper resp Ql IA.rapid"|"Nasopharyngeal swab"|258500001|04/23/2022|Negative|260385009
3|4244|10D2214779||Zuppichini|Aldo||04/07/1965||"1000 Island blvd PH-11"|Aventura|FL|33160||Male|2019702838|"No Response"|1||0|0|0|0||0|Zuppichini||||||||"SARS-CoV-2 (COVID-19)"|Antigen|97097-0|"SARS-CoV-2 Ag Upper resp Ql IA.rapid"|"Nasopharyngeal swab"|258500001|04/23/2022|Negative|260385009
4|4244|10D2214779||Howard|Marvin||12/29/1970||"4420 Knox ave n"|Minneapolis|FL|55412||Male|9999999999|"No Response"|0||0|0|0|0||0|Howard||||||||"SARS-CoV-2 (COVID-19)"|PCR|94500-6|"SARS-CoV-2 RNA Resp Ql NAA+probe"|"Nasopharyngeal swab"|258500001|04/23/2022|Negative|260385009
5|4244|10D2214779||Loftus|Shane||06/06/1996||"8276 Jayme Dr"|"Winter Garden"|FL|34787||Male|9146488475|"No Response"|1||0|0|0|0||0|Loftus||||||||"SARS-CoV-2 (COVID-19)"|Antigen|97097-0|"SARS-CoV-2 Ag Upper resp Ql IA.rapid"|"Nasopharyngeal swab"|258500001|04/23/2022|Negative|260385009
6|4244|10D2214779||Davies-Rajpaulsingh|Kimberly||02/20/1973||"1103 Windy Bluff Drive"|Minneola|FL|34755||Female|5617743495|"No Response"|1||0|0|0|0||0|Davies-Rajpaulsingh||||||||"SARS-CoV-2 (COVID-19)"|Antigen|97097-0|"SARS-CoV-2 Ag Upper resp Ql IA.rapid"|"Nasopharyngeal swab"|258500001|04/23/2022|Negative|260385009
7|4244|10D2214779||Harris|Siobhan||01/31/1980||"1960 ne 24th ave apt b"|"Pompano beach"|FL|33062||Female|9043383910|"No Response"|0||0|0|0|0||0|Harris||||||||"SARS-CoV-2 (COVID-19)"|Antigen|97097-0|"SARS-CoV-2 Ag Upper resp Ql IA.rapid"|"Nasopharyngeal swab"|258500001|04/23/2022|Negative|260385009
8|4244|10D2214779||Mealing|Chikerra||11/15/1985||"1960 ne 24th ave apt b"|"Pompano beach"|FL|33062||Female|3054172613|"No Response"|0||0|0|0|0||0|Mealing||||||||"SARS-CoV-2 (COVID-19)"|Antigen|97097-0|"SARS-CoV-2 Ag Upper resp Ql IA.rapid"|"Nasopharyngeal swab"|258500001|04/23/2022|Negative|260385009
9|4244|10D2214779||Roberts|Craig||10/24/1951||"2720 Biarritz Dr"|"Palm Beach Gardens"|FL|00000||Male|15617580003|"No Response"|1||0|0|0|0||0|Roberts||||||||"SARS-CoV-2 (COVID-19)"|Antigen|97097-0|"SARS-CoV-2 Ag Upper resp Ql IA.rapid"|"Nasopharyngeal swab"|258500001|04/23/2022|Negative|260385009
10|4244|10D2214779||Livingstone|Katharine||03/31/1963||"1171 North Ocean Blvd, Unit 1AN"|"Gulf Stream"|FL|33483||Female|6479673414|"No Response"|1||0|0|0|0||0|Livingstone||||||||"SARS-CoV-2 (COVID-19)"|Antigen|97097-0|"SARS-CoV-2 Ag Upper resp Ql IA.rapid"|"Nasopharyngeal swab"|258500001|04/23/2022|Negative|260385009
11|4244|10D2214779||Kutas|David||02/13/1967||"1171 North Ocean Blvd, Unit 1AN"|"Gulf Stream"|FL|33483||Male|5149743471|"No Response"|1||0|0|0|0||0|Kutas||||||||"SARS-CoV-2 (COVID-19)"|Antigen|97097-0|"SARS-CoV-2 Ag Upper resp Ql IA.rapid"|"Nasopharyngeal swab"|258500001|04/23/2022|Negative|260385009
12|4244|10D2214779||Howard|Marvin||12/29/1970||"4420 Knox ave n"|Minneapolis|FL|55412||Male|9999999999|"No Response"|0||0|0|0|0||0|Howard||||||||"SARS-CoV-2 (COVID-19)"|PCR|94500-6|"SARS-CoV-2 RNA Resp Ql NAA+probe"|"Nasopharyngeal swab"|258500001|04/23/2022|Negative|260385009
13|4244|10D2214779||Davies-Rajpaulsingh|Kimberly||02/20/1973||"131 W. Washington St, #609"|Minneola|FL|34755||Female|5617743495|"No Response"|1||0|0|0|0||0|Davies-Rajpaulsingh||||||||"SARS-CoV-2 (COVID-19)"|Antigen|97097-0|"SARS-CoV-2 Ag Upper resp Ql IA.rapid"|"Nasopharyngeal swab"|258500001|04/23/2022|Negative|260385009
14|4244|10D2214779||Zuppichini|Aldo||04/07/1965||"1000 Island Blvd"|Aventura|FL|33160||Male|2019702838|"No Response"|1||0|0|0|0||0|Zuppichini||||||||"SARS-CoV-2 (COVID-19)"|Antigen|97097-0|"SARS-CoV-2 Ag Upper resp Ql IA.rapid"|"Nasopharyngeal swab"|258500001|04/23/2022|Negative|260385009
15|4244|10D2214779||Roberts|Craig||10/24/1951||"2720 Biarritz Drive"|"Palm Beach Gardens"|FL|33410||Male|15617580003|"No Response"|1||0|0|0|0||0|Roberts||||||||"SARS-CoV-2 (COVID-19)"|Antigen|97097-0|"SARS-CoV-2 Ag Upper resp Ql IA.rapid"|"Nasopharyngeal swab"|258500001|04/23/2022|Negative|260385009
16|4244|10D2214779||Zuppichini|Aldo||04/07/1965||"1000 Island Blvd"|Aventura|FL|33160||Male|2019702838|"No Response"|1||0|0|0|0||0|Zuppichini||||||||"SARS-CoV-2 (COVID-19)"|Antigen|97097-0|"SARS-CoV-2 Ag Upper resp Ql IA.rapid"|"Nasopharyngeal swab"|258500001|04/23/2022|Negative|260385009
17|4244|10D2214779||Nino|Jaime||01/17/1970||"1636 Royal Grove Way"|Weston|FL|33327||Male|7867344763|"No Response"|0||0|0|0|0||0|Nino||||||||"SARS-CoV-2 (COVID-19)"|Antigen|97097-0|"SARS-CoV-2 Ag Upper resp Ql IA.rapid"|"Nasopharyngeal swab"|258500001|04/23/2022|Negative|260385009
18|4244|10D2214779||Harris|Siobhan||01/31/1980||Unknown|Unknown|FL|99999||Female|9043383910|"No Response"|0||0|0|0|1||0|Harris||||||||"SARS-CoV-2 (COVID-19)"|Antigen|97097-0|"SARS-CoV-2 Ag Upper resp Ql IA.rapid"|"Nasopharyngeal swab"|258500001|04/23/2022|Negative|260385009
19|4244|10D2214779||Davies-Rajpaulsingh|Kimberly||02/20/1973||"131 W Washington Street, #609"|Minneola|FL|34755||Female|5617743495|"No Response"|1||0|0|0|0||0|Davies-Rajpaulsingh||||||||"SARS-CoV-2 (COVID-19)"|Antigen|97097-0|"SARS-CoV-2 Ag Upper resp Ql IA.rapid"|"Nasopharyngeal swab"|258500001|04/23/2022|Negative|260385009
20|4244|10D2214779||Roberts|Craig||10/24/1951||"2720 Biarritz Drive"|"Palm Beach Gardens"|FL|33410||Male|15617580003|"No Response"|1||0|0|0|0||0|Roberts||||||||"SARS-CoV-2 (COVID-19)"|Antigen|97097-0|"SARS-CoV-2 Ag Upper resp Ql IA.rapid"|"Nasopharyngeal swab"|258500001|04/23/2022|Negative|260385009
21|4244|10D2214779||Haven|Lionel||12/30/1965||"2155 Wellington Green Drive"|"Royal Palm Beach"|FL|99999||Male|2423591365|"No Response"|0||0|0|0|1||0|Haven||||||||"SARS-CoV-2 (COVID-19)"|Antigen|97097-0|"SARS-CoV-2 Ag Upper resp Ql IA.rapid"|"Nasopharyngeal swab"|258500001|04/23/2022|Negative|260385009
22|4244|10D2214779||Pedersen|Patrick||04/01/1987||Unknown|Unknown|FL|99999||Male|+4795944466|"No Response"|1||0|0|0|0||0|Pedersen||||||||"SARS-CoV-2 (COVID-19)"|Antigen|97097-0|"SARS-CoV-2 Ag Upper resp Ql IA.rapid"|"Nasopharyngeal swab"|258500001|04/23/2022|Negative|260385009
23|4244|10D2214779||Howard|Marvin||12/29/1970||"4420 Knox Ave n"|Minneapolis|FL|55412||Male|9999999999|"No Response"|0||0|0|0|0||0|Howard||||||||"SARS-CoV-2 (COVID-19)"|PCR|94500-6|"SARS-CoV-2 RNA Resp Ql NAA+probe"|"Nasopharyngeal swab"|258500001|04/23/2022|Negative|260385009
24|4244|10D2214779||Livingstone|Katharine||03/31/1963||"1171 North Ocean Blvd, unit 1AN"|Delray|FL|33483||Female|6479673414|"No Response"|1||0|0|0|0||0|Livingstone||||||||"SARS-CoV-2 (COVID-19)"|Antigen|97097-0|"SARS-CoV-2 Ag Upper resp Ql IA.rapid"|"Nasopharyngeal swab"|258500001|04/23/2022|Negative|260385009
25|4244|10D2214779||Zuppichini|Aldo||04/07/1965||"1000 Island Blvd"|Aventura|FL|33160||Male|2019702838|"No Response"|1||0|0|0|0||0|Zuppichini||||||||"SARS-CoV-2 (COVID-19)"|Antigen|97097-0|"SARS-CoV-2 Ag Upper resp Ql IA.rapid"|"Nasopharyngeal swab"|258500001|04/23/2022|Negative|260385009
26|4244|10D2214779||Zuppichini|Aldo||04/07/1965||"1000 ISLAND BLVD"|AVENTURA|FL|33160||Male|2019702838|"No Response"|1||0|0|0|0||0|Zuppichini||||||||"SARS-CoV-2 (COVID-19)"|Antigen|97097-0|"SARS-CoV-2 Ag Upper resp Ql IA.rapid"|"Nasopharyngeal swab"|258500001|04/23/2022|Negative|260385009
27|4244|10D2214779||Harris|Siobhan||01/31/1980||"11291 NW 17th place"|Ocala|FL|34482||Female|9043383910|"No Response"|0||0|0|0|0||0|Harris||||||||"SARS-CoV-2 (COVID-19)"|Antigen|97097-0|"SARS-CoV-2 Ag Upper resp Ql IA.rapid"|"Nasopharyngeal swab"|258500001|04/23/2022|Negative|260385009
28|4244|10D2214779||Mealing|Chikerra||11/15/1985||"11291 NW 17th place"|Ocala|FL|34482||Female|3054172613|"No Response"|0||0|0|0|0||0|Mealing||||||||"SARS-CoV-2 (COVID-19)"|Antigen|97097-0|"SARS-CoV-2 Ag Upper resp Ql IA.rapid"|"Nasopharyngeal swab"|258500001|04/23/2022|Negative|260385009
29|4244|10D2214779||Roberts|Craig||10/24/1951||"2720 Biarritz Drive"|"Palm Beach Gardens"|FL|33410||Male|15617580003|"No Response"|1||0|0|0|0||0|Roberts||||||||"SARS-CoV-2 (COVID-19)"|Antigen|97097-0|"SARS-CoV-2 Ag Upper resp Ql IA.rapid"|"Nasopharyngeal swab"|258500001|04/23/2022|Negative|260385009
30|4244|10D2214779||Zuppichini|Aldo||04/07/1965||"1000 ISLAND BLVD"|AVENTURA|FL|33160||Male|2019702838|"No Response"|1||0|0|0|0||0|Zuppichini||||||||"SARS-CoV-2 (COVID-19)"|Antigen|97097-0|"SARS-CoV-2 Ag Upper resp Ql IA.rapid"|"Nasopharyngeal swab"|258500001|04/23/2022|Negative|260385009
31|4244|10D2214779||Zuppichini|Aldo||04/07/1965||"1000 ISLAND BLVD"|AVENTURA|FL|33160||Male|2019702838|"No Response"|1||0|0|0|0||0|Zuppichini||||||||"SARS-CoV-2 (COVID-19)"|Antigen|97097-0|"SARS-CoV-2 Ag Upper resp Ql IA.rapid"|"Nasopharyngeal swab"|258500001|04/23/2022|Negative|260385009
32|4244|10D2214779||Davies-Rajpaulsingh|Kimberly||02/20/1973||"Cypress Cover Marina and Resort"|Clermont|FL|34755||Female|5617743495|"No Response"|1||0|0|0|0||0|Davies-Rajpaulsingh||||||||"SARS-CoV-2 (COVID-19)"|Antigen|97097-0|"SARS-CoV-2 Ag Upper resp Ql IA.rapid"|"Nasopharyngeal swab"|258500001|04/23/2022|Negative|260385009
33|4244|10D2214779||Livingstone|Katharine||03/31/1963||"1171 North Ocean Blvd"|Delray|FL|33483||Female|6479673414|"No Response"|1||0|0|0|0||0|Livingstone||||||||"SARS-CoV-2 (COVID-19)"|Antigen|97097-0|"SARS-CoV-2 Ag Upper resp Ql IA.rapid"|"Nasopharyngeal swab"|258500001|04/23/2022|Negative|260385009
34|4244|10D2214779||Mealing|Chikerra||11/15/1985||"11291 nw 17th place"|Ocala|FL|34482||Female|3054172613|"No Response"|0||0|0|0|0||0|Mealing||||||||"SARS-CoV-2 (COVID-19)"|Antigen|97097-0|"SARS-CoV-2 Ag Upper resp Ql IA.rapid"|"Nasopharyngeal swab"|258500001|04/23/2022|Negative|260385009
35|4244|10D2214779||Harris|Siobhan||01/31/1980||"11291 nw 17th place"|Ocala|FL|34482||Female|9043383910|"No Response"|0||0|0|0|0||0|Harris||||||||"SARS-CoV-2 (COVID-19)"|Antigen|97097-0|"SARS-CoV-2 Ag Upper resp Ql IA.rapid"|"Nasopharyngeal swab"|258500001|04/23/2022|Negative|260385009
36|4244|10D2214779||Pelley|Marvin||11/24/1947||"6336 Buford St., Apt 504"|"Orlando, FL"|FL|32835||Male|4077653057|"No Response"|1||0|0|0|0||0|Pelley||||||||"SARS-CoV-2 (COVID-19)"|Antigen|97097-0|"SARS-CoV-2 Ag Upper resp Ql IA.rapid"|"Nasopharyngeal swab"|258500001|04/23/2022|Negative|260385009
37|4244|10D2214779||Pelley|Marvin||11/24/1947||"6336 Buford St., Apt 504"|"Orlando, FL"|FL|32835||Male|4077653057|"No Response"|1||0|0|0|0||0|Pelley||||||||"SARS-CoV-2 (COVID-19)"|Antigen|97097-0|"SARS-CoV-2 Ag Upper resp Ql IA.rapid"|"Nasopharyngeal swab"|258500001|04/23/2022|Negative|260385009
38|4244|10D2214779||Viersen|Taylor||08/25/1978||"188 Hamlet Loop"|Davenport|FL|33837||Male|8287073206|"No Response"|1||0|0|0|0||0|Viersen||||||||"SARS-CoV-2 (COVID-19)"|Antigen|97097-0|"SARS-CoV-2 Ag Upper resp Ql IA.rapid"|"Nasopharyngeal swab"|258500001|04/23/2022|Positive|10828004
39|4244|10D2214779||Davies-Rajpaulsingh|Kimberly||02/20/1973||"131 W. Washington Street"|Minneola|FL|34755||Female|5617743495|"No Response"|1||0|0|0|0||0|Davies-Rajpaulsingh||||||||"SARS-CoV-2 (COVID-19)"|Antigen|97097-0|"SARS-CoV-2 Ag Upper resp Ql IA.rapid"|"Nasopharyngeal swab"|258500001|04/23/2022|Negative|260385009
40|4244|10D2214779||Loftus|Shane||06/06/1996||"8232 Jayme Dr"|"Winter Garden"|FL|34787||Male|9146488475|"No Response"|1||0|0|0|0||0|Loftus||||||||"SARS-CoV-2 (COVID-19)"|Antigen|97097-0|"SARS-CoV-2 Ag Upper resp Ql IA.rapid"|"Nasopharyngeal swab"|258500001|04/23/2022|Negative|260385009
41|4244|10D2214779||Hunte|Clifford||03/29/1965||"411 N New River Dr E"|"Fort Lauderdale"|FL|33301||Male|3056902600|"No Response"|0||0|0|0|0||0|Hunte||||||||"SARS-CoV-2 (COVID-19)"|Antigen|97097-0|"SARS-CoV-2 Ag Upper resp Ql IA.rapid"|"Nasopharyngeal swab"|258500001|04/23/2022|Negative|260385009
42|4244|10D2214779||Hutton|Dana||05/21/1975||Unknown|Unknown|FL|99999||Female|7894994933|"No Response"|1||0|0|0|0||0|Hutton||||||||"SARS-CoV-2 (COVID-19)"|Antigen|97097-0|"SARS-CoV-2 Ag Upper resp Ql IA.rapid"|"Nasopharyngeal swab"|258500001|03/29/2022|Negative|260385009
43|4244|10D2214779||Pelley|Marvin||11/24/1947||"6336 Buford St., Apt 504"|Orlando|FL|32835||Male|4077653057|"No Response"|1||0|0|0|0||0|Pelley||||||||"SARS-CoV-2 (COVID-19)"|Antigen|97097-0|"SARS-CoV-2 Ag Upper resp Ql IA.rapid"|"Nasopharyngeal swab"|258500001|04/23/2022|Negative|260385009
44|4244|10D2214779||Pelley|Marvin||11/24/1947||"6336 Buford St., Apt 504"|Orlando|FL|32835||Male|4077653057|"No Response"|1||0|0|0|0||0|Pelley||||||||"SARS-CoV-2 (COVID-19)"|Antigen|97097-0|"SARS-CoV-2 Ag Upper resp Ql IA.rapid"|"Nasopharyngeal swab"|258500001|04/23/2022|Negative|260385009
45|4244|10D2214779||Roberts|Craig||10/24/1951||"2720 Biarritz Druve"|"Palm Beach Gardens"|FL|33410||Male|15617580003|"No Response"|1||0|0|0|0||0|Roberts||||||||"SARS-CoV-2 (COVID-19)"|Antigen|97097-0|"SARS-CoV-2 Ag Upper resp Ql IA.rapid"|"Nasopharyngeal swab"|258500001|04/23/2022|Negative|260385009
46|4244|10D2214779||Cochrane|Kathryn||10/07/1950||"110 W Cypress Rd"|"Lake Worth"|FL|33467||Female|5619061606|"No Response"|1||0|0|0|0||0|Cochrane||||||||"SARS-CoV-2 (COVID-19)"|PCR|94500-6|"SARS-CoV-2 RNA Resp Ql NAA+probe"|"Nasopharyngeal swab"|258500001|04/23/2022|Negative|260385009
47|4244|10D2214779||Roberts|Craig||10/24/1951||"2720 Biarritz Druve"|"Palm Beach Club"|FL|33510||Male|15617580003|"No Response"|1||0|0|0|0||0|Roberts||||||||"SARS-CoV-2 (COVID-19)"|Antigen|97097-0|"SARS-CoV-2 Ag Upper resp Ql IA.rapid"|"Nasopharyngeal swab"|258500001|04/23/2022|Negative|260385009
48|4244|10D2214779||Cochrane|Kathryn||10/07/1950||"110 W Cypress Rd"|"Lake Worth"|FL|33467||Female|5619061606|"No Response"|1||0|0|0|0||0|Cochrane||||||||"SARS-CoV-2 (COVID-19)"|PCR|94500-6|"SARS-CoV-2 RNA Resp Ql NAA+probe"|"Nasopharyngeal swab"|258500001|04/23/2022|Negative|260385009
49|4244|10D2214779||Spengler|Irene||09/13/1957||"75 Ironwood Way North"|"Palm Beach Gardens"|FL|33418||Female|4109131177|"No Response"|1||0|0|0|0||0|Spengler||||||||"SARS-CoV-2 (COVID-19)"|PCR|94500-6|"SARS-CoV-2 RNA Resp Ql NAA+probe"|"Nasopharyngeal swab"|258500001|04/23/2022|Negative|260385009
50|4244|10D2214779||Solomon|Susan||03/08/1959||Unknown|Unknown|FL|99999||Female|7863962445|"No Response"|1||0|0|0|0||0|Solomon||||||||"SARS-CoV-2 (COVID-19)"|Antigen|97097-0|"SARS-CoV-2 Ag Upper resp Ql IA.rapid"|"Nasopharyngeal swab"|258500001|04/23/2022|Negative|260385009
51|4244|10D2214779||Anciano|"Ivan Francisco"||04/03/1970||"3871 ne 17 ave"|"Pompano beach"|FL|33064||Male|9546500299|"No Response"|0||0|0|0|0||0|Anciano||||||||"SARS-CoV-2 (COVID-19)"|Antigen|97097-0|"SARS-CoV-2 Ag Upper resp Ql IA.rapid"|"Nasopharyngeal swab"|258500001|04/23/2022|Negative|260385009
52|4244|10D2214779||"Rivero Pomier"|Kayluma||08/20/1982||"4391 ne 16 ave"|"Pompano beach"|FL|33064||Female|9542669176|"No Response"|0||0|0|0|0||0|"Rivero Pomier"||||||||"SARS-CoV-2 (COVID-19)"|Antigen|97097-0|"SARS-CoV-2 Ag Upper resp Ql IA.rapid"|"Nasopharyngeal swab"|258500001|04/23/2022|Negative|260385009
53|4244|10D2214779||Brew|Harlan||03/27/1963||"19852 Chagrin Blvd"|"Shaker Heights"|FL|44122||Male|6107430157|"No Response"|1||0|0|0|0||0|Brew||||||||"SARS-CoV-2 (COVID-19)"|Antigen|97097-0|"SARS-CoV-2 Ag Upper resp Ql IA.rapid"|"Nasopharyngeal swab"|258500001|04/23/2022|Negative|260385009
54|4244|10D2214779||Marjason|Phillip||12/19/1946||"2608 talova drive"|Orlando|FL|32837||Male|4079482273|"No Response"|1||0|0|0|0||0|Marjason||||||||"SARS-CoV-2 (COVID-19)"|Antigen|97097-0|"SARS-CoV-2 Ag Upper resp Ql IA.rapid"|"Nasopharyngeal swab"|258500001|04/23/2022|Negative|260385009
55|4244|10D2214779||Marjason|Phillip||12/19/1946||"2608 talova drive"|Orlando|FL|32837||Male|4079482273|"No Response"|1||0|0|0|0||0|Marjason||||||||"SARS-CoV-2 (COVID-19)"|Antigen|97097-0|"SARS-CoV-2 Ag Upper resp Ql IA.rapid"|"Nasopharyngeal swab"|258500001|04/23/2022|Negative|260385009
56|4244|10D2214779||Fulginiti’s|Joanna||01/01/1970||"2608 talova drive"|Orlando|FL|32837||Female|4074082480|"No Response"|1||0|0|0|0||0|Fulginiti’s||||||||"SARS-CoV-2 (COVID-19)"|Antigen|97097-0|"SARS-CoV-2 Ag Upper resp Ql IA.rapid"|"Nasopharyngeal swab"|258500001|04/23/2022|Negative|260385009
57|4244|10D2214779||Gunn|Steven||12/17/1964||"3590 NW 74th Ave"|Miami|FL|33122||Male|2067905873|"No Response"|1||0|0|0|0||0|Gunn||||||||"SARS-CoV-2 (COVID-19)"|Antigen|97097-0|"SARS-CoV-2 Ag Upper resp Ql IA.rapid"|"Nasopharyngeal swab"|258500001|04/23/2022|Negative|260385009
58|4244|10D2214779||Cochran|Denise||08/30/1958||"283 Barrataria Drive"|"St. Augustine"|FL|32080||Female|3523181008|"No Response"|1||0|0|0|0||0|Cochran||||||||"SARS-CoV-2 (COVID-19)"|PCR|94500-6|"SARS-CoV-2 RNA Resp Ql NAA+probe"|"Nasopharyngeal swab"|258500001|04/23/2022|Negative|260385009
59|4244|10D2214779||Miller|jANET||09/06/1967||"6806 68th Way"|"West Palm Beach"|FL|33409||Female|5612152761|"No Response"|0||0|0|0|0||0|Miller||||||||"SARS-CoV-2 (COVID-19)"|Antigen|97097-0|"SARS-CoV-2 Ag Upper resp Ql IA.rapid"|"Nasopharyngeal swab"|258500001|04/23/2022|Negative|260385009
60|4244|10D2214779||Swarowsky|Marcos||08/18/1974||"1200 N Ft Lauderdale Beach Blvd Unit 8"|"Ft Lauderdale"|FL|33304||Male|9999999999|"No Response"|1||0|0|0|0||0|Swarowsky||||||||"SARS-CoV-2 (COVID-19)"|Antigen|97097-0|"SARS-CoV-2 Ag Upper resp Ql IA.rapid"|"Nasopharyngeal swab"|258500001|04/23/2022|Negative|260385009
61|4244|10D2214779||Cochran|Eric||05/13/1956||"283 Barrataria Drive"|"Saint Augustine"|FL|32080||Male|3524947265|"No Response"|1||0|0|0|0||0|Cochran||||||||"SARS-CoV-2 (COVID-19)"|PCR|94500-6|"SARS-CoV-2 RNA Resp Ql NAA+probe"|"Nasopharyngeal swab"|258500001|04/23/2022|Negative|260385009
62|4244|10D2214779||Cooper|Olive||03/18/1939||"6806 68TH Way"|"West Palm Beach"|FL|33409||Female|5612152761|"No Response"|0||0|0|0|0||0|Cooper||||||||"SARS-CoV-2 (COVID-19)"|Antigen|97097-0|"SARS-CoV-2 Ag Upper resp Ql IA.rapid"|"Nasopharyngeal swab"|258500001|04/23/2022|Negative|260385009
63|4244|10D2214779||Cassady|Dana||05/09/1965||"6637 Fern St"|Navarre|FL|32566||Female|8509820146|"No Response"|1||0|0|0|0||0|Cassady||||||||"SARS-CoV-2 (COVID-19)"|Antigen|97097-0|"SARS-CoV-2 Ag Upper resp Ql IA.rapid"|"Nasopharyngeal swab"|258500001|04/23/2022|Negative|260385009
64|4244|10D2214779||Tolbert|Sandra||12/05/1966||"6637 Fern St"|Navarre|FL|32566||Female|8505542634|"No Response"|0||0|0|0|1||0|Tolbert||||||||"SARS-CoV-2 (COVID-19)"|Antigen|97097-0|"SARS-CoV-2 Ag Upper resp Ql IA.rapid"|"Nasopharyngeal swab"|258500001|04/23/2022|Negative|260385009
65|4244|10D2214779||Newman|Glenn||01/25/1958||"2700 N Federal Hwy #501"|"Boynton Beach"|FL|33435||Male|4152508323|"No Response"|1||0|0|0|0||0|Newman||||||||"SARS-CoV-2 (COVID-19)"|Antigen|97097-0|"SARS-CoV-2 Ag Upper resp Ql IA.rapid"|"Nasopharyngeal swab"|258500001|04/23/2022|Negative|260385009
66|4244|10D2214779||Malone|Percival||02/17/1948||"8560 SW 124th Avenue Kendall Fl 33183"|Miami|FL|33183||Male|2424247157|"No Response"|1||0|0|0|0||0|Malone||||||||"SARS-CoV-2 (COVID-19)"|Antigen|97097-0|"SARS-CoV-2 Ag Upper resp Ql IA.rapid"|"Nasopharyngeal swab"|258500001|04/23/2022|Negative|260385009
67|4244|10D2214779||Bradley|Traci||07/14/1972||"2711 NE 14th Street"|"Fort Lauderdale"|FL|33304||Female|9999999999|"No Response"|1||0|0|0|0||0|Bradley||||||||"SARS-CoV-2 (COVID-19)"|Antigen|97097-0|"SARS-CoV-2 Ag Upper resp Ql IA.rapid"|"Nasopharyngeal swab"|258500001|04/23/2022|Negative|260385009
68|4244|10D2214779||Myles-Berry|Ebony||01/14/1980||"7659 Whisper Way, Unit 204"|"Kissimmee, Fl"|FL|34747||Female|3459254605|"No Response"|0||0|0|0|1||0|Myles-Berry||||||||"SARS-CoV-2 (COVID-19)"|Antigen|97097-0|"SARS-CoV-2 Ag Upper resp Ql IA.rapid"|"Nasopharyngeal swab"|258500001|04/23/2022|Negative|260385009
69|4244|10D2214779||Berry|Philip||10/20/1975||"7659 Whisper Way, Unit 204"|Kissimmee|FL|34747||Male|13455255784|"No Response"|0||0|0|0|1||0|Berry||||||||"SARS-CoV-2 (COVID-19)"|Antigen|97097-0|"SARS-CoV-2 Ag Upper resp Ql IA.rapid"|"Nasopharyngeal swab"|258500001|04/23/2022|Negative|260385009
70|4244|10D2214779||Berry|Sylas||01/01/1970||"7659 Whisper Way, Unit 204"|Kissimmee|FL|34747||Male|13459254605|"No Response"|0||0|0|0|1||0|Berry||||||||"SARS-CoV-2 (COVID-19)"|Antigen|97097-0|"SARS-CoV-2 Ag Upper resp Ql IA.rapid"|"Nasopharyngeal swab"|258500001|04/23/2022|Negative|260385009
71|4244|10D2214779||Brew|Jolynne||09/19/1962||"19852 Chagrin Blvd"|"Shaker Heights"|FL|44122||Female|6107308891|"No Response"|1||0|0|0|0||0|Brew||||||||"SARS-CoV-2 (COVID-19)"|Antigen|97097-0|"SARS-CoV-2 Ag Upper resp Ql IA.rapid"|"Nasopharyngeal swab"|258500001|04/23/2022|Negative|260385009
72|4244|10D2214779||Brew|Taylor||12/23/1993||"1010 SW 2nd Ave"|Miami|FL|33130||Female|4843321108|"No Response"|1||0|0|0|0||0|Brew||||||||"SARS-CoV-2 (COVID-19)"|Antigen|97097-0|"SARS-CoV-2 Ag Upper resp Ql IA.rapid"|"Nasopharyngeal swab"|258500001|04/23/2022|Negative|260385009
73|4244|10D2214779||Crosby|Jaime||10/26/1970||"3550 galt ocean dr apt 1607"|"Fort Lauderdale"|FL|33308||Male|9999999999|"No Response"|0||0|0|0|0||0|Crosby||||||||"SARS-CoV-2 (COVID-19)"|Antigen|97097-0|"SARS-CoV-2 Ag Upper resp Ql IA.rapid"|"Nasopharyngeal swab"|258500001|04/23/2022|Negative|260385009
74|4244|10D2214779||Moxey|Shavanna||02/16/1982||"7544 Sunville Ave"|Kissimmee|FL|34747||Female|2424568085|"No Response"|0||0|0|0|0||0|Moxey||||||||"SARS-CoV-2 (COVID-19)"|Antigen|97097-0|"SARS-CoV-2 Ag Upper resp Ql IA.rapid"|"Nasopharyngeal swab"|258500001|04/23/2022|Negative|260385009
75|4244|10D2214779||Morgado|Ana||12/03/1982||Unknown|Caracas|FL|99999||Female|19496597088|"No Response"|0||0|0|0|0||0|Morgado||||||||"SARS-CoV-2 (COVID-19)"|PCR|94500-6|"SARS-CoV-2 RNA Resp Ql NAA+probe"|"Nasopharyngeal swab"|258500001|04/23/2022|Negative|260385009
76|4244|10D2214779||Hunte|Clifford||03/29/1965||"411 N New River Dr E #3406"|"Fort Lauderdale"|FL|33301||Male|3056902600|"No Response"|0||0|0|0|0||0|Hunte||||||||"SARS-CoV-2 (COVID-19)"|Antigen|97097-0|"SARS-CoV-2 Ag Upper resp Ql IA.rapid"|"Nasopharyngeal swab"|258500001|04/23/2022|Negative|260385009
77|4244|10D2214779||Brewer|Kyle||01/16/1996||"6503 Merriewood dr."|Orlando|FL|32818||Male|3605912229|"No Response"|1||0|0|0|0||0|Brewer||||||||"SARS-CoV-2 (COVID-19)"|Antigen|97097-0|"SARS-CoV-2 Ag Upper resp Ql IA.rapid"|"Nasopharyngeal swab"|258500001|04/23/2022|Negative|260385009
78|4244|10D2214779||Brito|Anarella||03/12/2007||Unknown|Caracas|FL|99999||Female|19496597088|"No Response"|0||0|0|0|0||0|Brito||||||||"SARS-CoV-2 (COVID-19)"|PCR|94500-6|"SARS-CoV-2 RNA Resp Ql NAA+probe"|"Nasopharyngeal swab"|258500001|04/23/2022|Negative|260385009
79|4244|10D2214779||Mesa|Edwinn||05/01/1975||Unknown|Unknown|FL|99999||Male|7863962445|"No Response"|0||0|0|0|1||0|Mesa||||||||"SARS-CoV-2 (COVID-19)"|PCR|94500-6|"SARS-CoV-2 RNA Resp Ql NAA+probe"|"Nasopharyngeal swab"|258500001|04/23/2022|Negative|260385009
80|4244|10D2214779||Miserere|James||04/23/1959||"16 Curtis Drive"|Vernon|FL|07462||Male|9739860622|"No Response"|1||0|0|0|0||0|Miserere||||||||"SARS-CoV-2 (COVID-19)"|Antigen|97097-0|"SARS-CoV-2 Ag Upper resp Ql IA.rapid"|"Nasopharyngeal swab"|258500001|04/23/2022|Negative|260385009
81|4244|10D2214779||Miserere|Elizabeth||03/18/1949||"16 Curtis Drive"|Vernon|FL|07462||Female|9732029316|"No Response"|1||0|0|0|0||0|Miserere||||||||"SARS-CoV-2 (COVID-19)"|Antigen|97097-0|"SARS-CoV-2 Ag Upper resp Ql IA.rapid"|"Nasopharyngeal swab"|258500001|04/23/2022|Negative|260385009
82|4244|10D2214779||LACHANCE|CLIFTON||10/30/1962||"2036 WEST 28TH STREET"|"LOS ANGELES"|FL|90018||Male|3236404555|"No Response"|1||0|0|0|0||0|LACHANCE||||||||"SARS-CoV-2 (COVID-19)"|Antigen|97097-0|"SARS-CoV-2 Ag Upper resp Ql IA.rapid"|"Nasopharyngeal swab"|258500001|04/23/2022|Negative|260385009
83|4244|10D2214779||Anciano|Angel||11/22/1961||"21536 cavandish rd"|"Boca raton"|FL|33433||Male|5614414868|"No Response"|0||0|0|0|0||0|Anciano||||||||"SARS-CoV-2 (COVID-19)"|Antigen|97097-0|"SARS-CoV-2 Ag Upper resp Ql IA.rapid"|"Nasopharyngeal swab"|258500001|04/23/2022|Negative|260385009
84|4244|10D2214779||Anciano|Merly||07/13/1952||"21536 cavandish rd"|"Boca raton"|FL|33433||Female|5614414868|"No Response"|0||0|0|0|0||0|Anciano||||||||"SARS-CoV-2 (COVID-19)"|Antigen|97097-0|"SARS-CoV-2 Ag Upper resp Ql IA.rapid"|"Nasopharyngeal swab"|258500001|04/23/2022|Negative|260385009
85|4244|10D2214779||Kutas|David||02/13/1967||"1910, South Ocean Blvd Unit 422"|Delray|FL|33483||Male|5149743471|"No Response"|1||0|0|0|0||0|Kutas||||||||"SARS-CoV-2 (COVID-19)"|Antigen|97097-0|"SARS-CoV-2 Ag Upper resp Ql IA.rapid"|"Nasopharyngeal swab"|258500001|04/23/2022|Negative|260385009
86|4244|10D2214779||Livingstone|Katharine||03/31/1963||"1171 North Ocean Blvd unit 1AN"|Delray|FL|33483||Female|6479673414|"No Response"|1||0|0|0|0||0|Livingstone||||||||"SARS-CoV-2 (COVID-19)"|Antigen|97097-0|"SARS-CoV-2 Ag Upper resp Ql IA.rapid"|"Nasopharyngeal swab"|258500001|04/23/2022|Negative|260385009
87|4244|10D2214779||Hollands|Martin||09/01/1957||"1000 Collins Av"|"Miami Beach"|FL|33139||Male|9022251599|"No Response"|1||0|0|0|0||0|Hollands||||||||"SARS-CoV-2 (COVID-19)"|Antigen|97097-0|"SARS-CoV-2 Ag Upper resp Ql IA.rapid"|"Nasopharyngeal swab"|258500001|04/23/2022|Negative|260385009
88|4244|10D2214779||Slayter|Dean||09/03/1964||"1140 Seabreeze, Blvd, Fort Lauderdale, FL 33316"|Unknown|FL|99999||Male|07789853746|"No Response"|1||0|0|0|0||0|Slayter||||||||"SARS-CoV-2 (COVID-19)"|Antigen|97097-0|"SARS-CoV-2 Ag Upper resp Ql IA.rapid"|"Nasopharyngeal swab"|258500001|04/23/2022|Negative|260385009
89|4244|10D2214779||Hollands|Wendy||09/10/1959||"1000 Collins Av"|"Miami Beach"|FL|33139||Female|9022251599|"No Response"|1||0|0|0|0||0|Hollands||||||||"SARS-CoV-2 (COVID-19)"|Antigen|97097-0|"SARS-CoV-2 Ag Upper resp Ql IA.rapid"|"Nasopharyngeal swab"|258500001|04/23/2022|Negative|260385009
90|4244|10D2214779||Saavedra|Karen||03/09/1989||Unknown|Unknown|FL|99999||Female|7863962445|"No Response"|0||0|0|0|1||0|Saavedra||||||||"SARS-CoV-2 (COVID-19)"|PCR|94500-6|"SARS-CoV-2 RNA Resp Ql NAA+probe"|"Nasopharyngeal swab"|258500001|04/23/2022|Negative|260385009
91|4244|10D2214779||Lythgoe|jacky||03/25/1961||"1140 Seabreeze, Blvd, Fort Lauderdale, FL 33316"|Unknown|FL|99999||Female|07789853746|"No Response"|1||0|0|0|0||0|Lythgoe||||||||"SARS-CoV-2 (COVID-19)"|Antigen|97097-0|"SARS-CoV-2 Ag Upper resp Ql IA.rapid"|"Nasopharyngeal swab"|258500001|04/23/2022|Negative|260385009
92|4244|10D2214779||Pedersen|Patrick||04/01/1987||Unknown|Unknown|FL|99999||Male|+4795944466|"No Response"|1||0|0|0|0||0|Pedersen||||||||"SARS-CoV-2 (COVID-19)"|Antigen|97097-0|"SARS-CoV-2 Ag Upper resp Ql IA.rapid"|"Nasopharyngeal swab"|258500001|04/23/2022|Negative|260385009
93|4244|10D2214779||Aurelien|Walner||04/26/1977||"6130 laurelwood ct orlando fl 32808"|"Orlando fl"|FL|32808||Male|4074916330|"No Response"|0||0|0|0|0||0|Aurelien||||||||"SARS-CoV-2 (COVID-19)"|Antigen|97097-0|"SARS-CoV-2 Ag Upper resp Ql IA.rapid"|"Nasopharyngeal swab"|258500001|04/23/2022|Negative|260385009
94|4244|10D2214779||Brew|Carley||05/27/1996||"301 SW 1st Ave"|"Fort Lauderdale"|FL|33301||Female|9548816323|"No Response"|1||0|0|0|0||0|Brew||||||||"SARS-CoV-2 (COVID-19)"|Antigen|97097-0|"SARS-CoV-2 Ag Upper resp Ql IA.rapid"|"Nasopharyngeal swab"|258500001|04/23/2022|Negative|260385009
95|4244|10D2214779||Vinsant|Mark||02/27/1969||"10712 Deep Woods Lane"|Knoxville|FL|37934||Male|8655488125|"No Response"|1||0|0|0|0||0|Vinsant||||||||"SARS-CoV-2 (COVID-19)"|Antigen|97097-0|"SARS-CoV-2 Ag Upper resp Ql IA.rapid"|"Nasopharyngeal swab"|258500001|04/23/2022|Negative|260385009
96|4244|10D2214779||Vinsant|Tina||12/29/1972||"10712 Deep Woods Lane"|Knoxville|FL|37934||Female|8656218410|"No Response"|1||0|0|0|0||0|Vinsant||||||||"SARS-CoV-2 (COVID-19)"|Antigen|97097-0|"SARS-CoV-2 Ag Upper resp Ql IA.rapid"|"Nasopharyngeal swab"|258500001|04/23/2022|Negative|260385009
97|4244|10D2214779||Coleman|Tiffany||02/01/1971||"2807 31st Ave"|"Temple Hills"|FL|20748||Female|2023865696|"No Response"|0||0|0|0|0||0|Coleman||||||||"SARS-CoV-2 (COVID-19)"|Antigen|97097-0|"SARS-CoV-2 Ag Upper resp Ql IA.rapid"|"Nasopharyngeal swab"|258500001|04/23/2022|Negative|260385009
98|4244|10D2214779||Jones|Monica||05/02/1971||"2807 31st Ave"|"Temple hills"|FL|20748||Female|2022107968|"No Response"|0||0|0|0|0||0|Jones||||||||"SARS-CoV-2 (COVID-19)"|Antigen|97097-0|"SARS-CoV-2 Ag Upper resp Ql IA.rapid"|"Nasopharyngeal swab"|258500001|04/23/2022|Negative|260385009
99|4244|10D2214779||Brache|John||09/05/1971||"80 96th Lane ne"|Blaine|FL|55434||Male|7636705069|"No Response"|1||0|0|0|0||0|Brache||||||||"SARS-CoV-2 (COVID-19)"|PCR|94500-6|"SARS-CoV-2 RNA Resp Ql NAA+probe"|"Nasopharyngeal swab"|258500001|04/23/2022|Negative|260385009
100|4244|10D2214779||Howard|Marvin||12/29/1970||"4420 Knox Ave n"|Minneapolis|FL|55412||Male|9999999999|"No Response"|0||0|0|0|0||0|Howard||||||||"SARS-CoV-2 (COVID-19)"|PCR|94500-6|"SARS-CoV-2 RNA Resp Ql NAA+probe"|"Nasopharyngeal swab"|258500001|04/23/2022|Negative|260385009
101|4244|10D2214779||PROCEVIAT|CLIFF||08/24/1942||"75 EAST HARMON AVENUE"|"LAS VEGAS"|FL|89109||Male|4035892500|"No Response"|1||0|0|0|0||0|PROCEVIAT||||||||"SARS-CoV-2 (COVID-19)"|Antigen|97097-0|"SARS-CoV-2 Ag Upper resp Ql IA.rapid"|"Nasopharyngeal swab"|258500001|04/23/2022|Negative|260385009
102|4244|10D2214779||BOSSINGROSKOPF|KAREN||10/16/1958||"75  EAST HARMON AVENUE"|"LAS VEGAS"|FL|89109||Female|4169982688|"No Response"|1||0|0|0|0||0|BOSSINGROSKOPF||||||||"SARS-CoV-2 (COVID-19)"|Antigen|97097-0|"SARS-CoV-2 Ag Upper resp Ql IA.rapid"|"Nasopharyngeal swab"|258500001|04/23/2022|Negative|260385009
103|4244|10D2214779||"De Maio"|Rossana||10/13/1976||"50 SW 12th St, Miami, FL 33130"|Miami|FL|33130||Female|9999999999|"No Response"|0||0|0|0|0||0|"De Maio"||||||||"SARS-CoV-2 (COVID-19)"|Antigen|97097-0|"SARS-CoV-2 Ag Upper resp Ql IA.rapid"|"Nasopharyngeal swab"|258500001|04/23/2022|Negative|260385009
104|4244|10D2214779||Singh|Rudradeo||01/23/1960||"1695 NW 111th Ave"|Doral|FL|33172||Male|7865869687|"No Response"|0||0|1|0|0||0|Singh||||||||"SARS-CoV-2 (COVID-19)"|Antigen|97097-0|"SARS-CoV-2 Ag Upper resp Ql IA.rapid"|"Nasopharyngeal swab"|258500001|04/23/2022|Negative|260385009
105|4244|10D2214779||Singh|"Jarrod Rudy"||09/04/1999||"1695NW 111th Ave"|"Doral ,Miami"|FL|33172||Male|7865869687|"No Response"|0||0|1|0|0||0|Singh||||||||"SARS-CoV-2 (COVID-19)"|Antigen|97097-0|"SARS-CoV-2 Ag Upper resp Ql IA.rapid"|"Nasopharyngeal swab"|258500001|04/23/2022|Negative|260385009
106|4244|10D2214779||Davies-Rajpaulsingh|Kimberly||02/20/1973||"10354 Cypress Cove Ln"|Clermont|FL|34711||Female|5617743495|"No Response"|1||0|0|0|0||0|Davies-Rajpaulsingh||||||||"SARS-CoV-2 (COVID-19)"|Antigen|97097-0|"SARS-CoV-2 Ag Upper resp Ql IA.rapid"|"Nasopharyngeal swab"|258500001|04/23/2022|Negative|260385009
107|4244|10D2214779||Mandeville|Steven||03/04/1960||"3491 NW 21st Street"|"Coconut Creek"|FL|33066||Male|9999999999|"No Response"|1||0|0|0|0||0|Mandeville||||||||"SARS-CoV-2 (COVID-19)"|Antigen|97097-0|"SARS-CoV-2 Ag Upper resp Ql IA.rapid"|"Nasopharyngeal swab"|258500001|04/23/2022|Negative|260385009
108|4244|10D2214779||Reed|Marelys||11/02/1963||"5400 NE, 2 Ave"|"Oakland Park"|FL|33334||Female|9546007747|"No Response"|0||0|0|0|0||0|Reed||||||||"SARS-CoV-2 (COVID-19)"|Antigen|97097-0|"SARS-CoV-2 Ag Upper resp Ql IA.rapid"|"Nasopharyngeal swab"|258500001|04/23/2022|Negative|260385009
109|4244|10D2214779||"Ben Shimol"|Sean||06/19/2017||"15684 86th Way N"|"Palm Beach Gardens"|FL|33418||Male|4256987367|"No Response"|1||0|0|0|0||0|"Ben Shimol"||||||||"SARS-CoV-2 (COVID-19)"|PCR|94500-6|"SARS-CoV-2 RNA Resp Ql NAA+probe"|"Nasopharyngeal swab"|258500001|04/23/2022|Negative|260385009
110|4244|10D2214779||Rovelli|"Nicholas Anthony"||10/24/1984||"1321 Upland Drive"|Houston|FL|77043||Male|9999999999|"No Response"|1||0|0|0|0||0|Rovelli||||||||"SARS-CoV-2 (COVID-19)"|PCR|94500-6|"SARS-CoV-2 RNA Resp Ql NAA+probe"|"Nasopharyngeal swab"|258500001|04/23/2022|Negative|260385009
111|4244|10D2214779||Barrios|Jose||09/22/1991||"Tides at Bridgeside square, 3020 ne 32 ND av, fort lauderdale, FL 33308"|"Fort lauderdale"|FL|08002||Male|56979670037|"No Response"|0||0|0|0|0||0|Barrios||||||||"SARS-CoV-2 (COVID-19)"|Antigen|97097-0|"SARS-CoV-2 Ag Upper resp Ql IA.rapid"|"Nasopharyngeal swab"|258500001|04/23/2022|Negative|260385009
112|4244|10D2214779||Kerchner|Justin||01/01/1970||Unknown|Unknown|FL|99999||Male|9059238923|"No Response"|0||0|0|0|0||0|Kerchner||||||||"SARS-CoV-2 (COVID-19)"|Antigen|97097-0|"SARS-CoV-2 Ag Upper resp Ql IA.rapid"|"Nasopharyngeal swab"|258500001|04/23/2022|Negative|260385009
113|4244|10D2214779||Azulay|Jennifer||12/02/1972||Unknown|Unknown|FL|99999||Female|9059231340|"No Response"|0||0|0|0|1||0|Azulay||||||||"SARS-CoV-2 (COVID-19)"|Antigen|97097-0|"SARS-CoV-2 Ag Upper resp Ql IA.rapid"|"Nasopharyngeal swab"|258500001|04/23/2022|Negative|260385009
114|4244|10D2214779||"Mc Cabe"|"Maria Rose"||08/27/1990||Unknown|Unknown|FL|99999||Female|7863962445|"No Response"|0||0|0|0|0||1|"Mc Cabe"||||||||"SARS-CoV-2 (COVID-19)"|Antigen|97097-0|"SARS-CoV-2 Ag Upper resp Ql IA.rapid"|"Nasopharyngeal swab"|258500001|04/23/2022|Negative|260385009
115|4244|10D2214779||Fennelly|Paul||04/14/1986||Unknown|Unknown|FL|99999||Male|7863962445|"No Response"|0||0|0|0|0||1|Fennelly||||||||"SARS-CoV-2 (COVID-19)"|Antigen|97097-0|"SARS-CoV-2 Ag Upper resp Ql IA.rapid"|"Nasopharyngeal swab"|258500001|04/23/2022|Negative|260385009
116|4244|10D2214779||Puro|"Hilda Maxine"||02/04/1955||"8438 SE Pine Cir"|"Hobe Sound"|FL|33455||Female|9144412204|"No Response"|1||0|0|0|0||0|Puro||||||||"SARS-CoV-2 (COVID-19)"|PCR|94500-6|"SARS-CoV-2 RNA Resp Ql NAA+probe"|"Nasopharyngeal swab"|258500001|04/23/2022|Negative|260385009
117|4244|10D2214779||Poljicak|Vlatko||08/15/1940||Unknown|Unknown|FL|99999||Male|4242084661|"No Response"|0||0|0|0|0||1|Poljicak||||||||"SARS-CoV-2 (COVID-19)"|Antigen|97097-0|"SARS-CoV-2 Ag Upper resp Ql IA.rapid"|"Nasopharyngeal swab"|258500001|04/23/2022|Negative|260385009
118|4244|10D2214779||Mueller|Marvin||07/22/1993||Unknown|Unknown|FL|99999||Male|9999999999|"No Response"|1||0|0|0|0||0|Mueller||||||||"SARS-CoV-2 (COVID-19)"|Antigen|97097-0|"SARS-CoV-2 Ag Upper resp Ql IA.rapid"|"Nasopharyngeal swab"|258500001|04/23/2022|Negative|260385009
119|4244|10D2214779||Viersen|Taylor||08/25/1978||"188 Hamlet Loop"|Davenport|FL|33837||Male|8287073206|"No Response"|1||0|0|0|0||0|Viersen||||||||"SARS-CoV-2 (COVID-19)"|Antigen|97097-0|"SARS-CoV-2 Ag Upper resp Ql IA.rapid"|"Nasopharyngeal swab"|258500001|04/23/2022|Positive|10828004
120|4244|10D2214779||Kristofics-Binder|Helmut||08/11/1960||Unknown|Unknown|FL|99999||Male|7863962445|"No Response"|1||0|0|0|0||0|Kristofics-Binder||||||||"SARS-CoV-2 (COVID-19)"|Antigen|97097-0|"SARS-CoV-2 Ag Upper resp Ql IA.rapid"|"Nasopharyngeal swab"|258500001|04/23/2022|Negative|260385009
121|4244|10D2214779||"Lee JR"|"Herman Lester"||07/28/1956||"23 Steeple Run Way"|Savannah|FL|31405||Male|9124846668|"No Response"|1||0|0|0|0||0|"Lee JR"||||||||"SARS-CoV-2 (COVID-19)"|Antigen|97097-0|"SARS-CoV-2 Ag Upper resp Ql IA.rapid"|"Nasopharyngeal swab"|258500001|04/23/2022|Negative|260385009
122|4244|10D2214779||Dorado|"Roque Ariel"||10/17/1969||Unknown|Unknown|FL|99999||Male|4242084661|"No Response"|0||0|0|0|0||1|Dorado||||||||"SARS-CoV-2 (COVID-19)"|Antigen|97097-0|"SARS-CoV-2 Ag Upper resp Ql IA.rapid"|"Nasopharyngeal swab"|258500001|04/23/2022|Negative|260385009
123|4244|10D2214779||Azeredo|Bernardo||12/24/2015||"821 southwest 9 th avenue"|"Fort laudardale"|FL|33311||Male|7863962445|"No Response"|1||0|0|0|0||0|Azeredo||||||||"SARS-CoV-2 (COVID-19)"|Antigen|97097-0|"SARS-CoV-2 Ag Upper resp Ql IA.rapid"|"Nasopharyngeal swab"|258500001|04/23/2022|Negative|260385009
124|4244|10D2214779||Romero|Antonio||10/12/1971||"4610 Patricia Ann Court"|Orlando|FL|32839||Male|4079629320|"No Response"|0||0|0|0|1||0|Romero||||||||"SARS-CoV-2 (COVID-19)"|Antigen|97097-0|"SARS-CoV-2 Ag Upper resp Ql IA.rapid"|"Nasopharyngeal swab"|258500001|04/23/2022|Negative|260385009
125|4244|10D2214779||Haven|Lionel||12/30/1965||"2155 Wellington Green Drive"|Wellington|FL|33414||Male|2423591365|"No Response"|0||0|0|0|1||0|Haven||||||||"SARS-CoV-2 (COVID-19)"|Antigen|97097-0|"SARS-CoV-2 Ag Upper resp Ql IA.rapid"|"Nasopharyngeal swab"|258500001|04/23/2022|Negative|260385009
126|4244|10D2214779||"De Lee"|"Maria Garcia"||11/03/1961||"23 Steeple Run Way"|Savannah|FL|31405||Female|9124847775|"No Response"|0||0|0|0|0||0|"De Lee"||||||||"SARS-CoV-2 (COVID-19)"|Antigen|97097-0|"SARS-CoV-2 Ag Upper resp Ql IA.rapid"|"Nasopharyngeal swab"|258500001|04/23/2022|Negative|260385009
127|4244|10D2214779||Magee|"Charles Taylor"||09/23/1991||Unknown|Unknown|FL|99999||Male|7723236775|"No Response"|0||0|0|0|0||1|Magee||||||||"SARS-CoV-2 (COVID-19)"|PCR|94500-6|"SARS-CoV-2 RNA Resp Ql NAA+probe"|"Nasopharyngeal swab"|258500001|04/23/2022|Negative|260385009
128|4244|10D2214779||Gamboa|Sergio||08/15/1956||"23 Steeple Run Way"|Savannah|FL|31405||Male|9124846668|"No Response"|0||0|0|0|0||0|Gamboa||||||||"SARS-CoV-2 (COVID-19)"|Antigen|97097-0|"SARS-CoV-2 Ag Upper resp Ql IA.rapid"|"Nasopharyngeal swab"|258500001|04/23/2022|Negative|260385009
129|4244|10D2214779||"Santos Melgar"|Adalicia||10/26/1965||"3338 W Mayaguana Ln"|Lantana|FL|33462||Female|5618654518|"No Response"|0||0|0|0|0||0|"Santos Melgar"||||||||"SARS-CoV-2 (COVID-19)"|PCR|94500-6|"SARS-CoV-2 RNA Resp Ql NAA+probe"|"Nasopharyngeal swab"|258500001|04/23/2022|Negative|260385009
130|4244|10D2214779||Garcia|"Maria Cecilia"||08/07/1950||"23 Steeple Run Way"|Savannah|FL|31405||Female|9124847775|"No Response"|0||0|0|0|0||0|Garcia||||||||"SARS-CoV-2 (COVID-19)"|Antigen|97097-0|"SARS-CoV-2 Ag Upper resp Ql IA.rapid"|"Nasopharyngeal swab"|258500001|04/23/2022|Negative|260385009
131|4244|10D2214779||Sullivan|Andrew||07/31/1970||"Riverside hotel"|"Fort lauderdale"|FL|33311||Male|07834282973|"No Response"|1||0|0|0|0||0|Sullivan||||||||"SARS-CoV-2 (COVID-19)"|Antigen|97097-0|"SARS-CoV-2 Ag Upper resp Ql IA.rapid"|"Nasopharyngeal swab"|258500001|04/23/2022|Negative|260385009
132|4244|10D2214779||Sullivan|Julie||05/31/1967||"Riverside hotel"|"Fort Lauderdale"|FL|33311||Female|07834282973|"No Response"|1||0|0|0|0||0|Sullivan||||||||"SARS-CoV-2 (COVID-19)"|Antigen|97097-0|"SARS-CoV-2 Ag Upper resp Ql IA.rapid"|"Nasopharyngeal swab"|258500001|04/23/2022|Negative|260385009
133|4244|10D2214779||Roache|Makaydia||10/06/2006||"2380 Lena Ln"|WPB|FL|33415||Female|5618276056|"No Response"|0||0|0|0|0||0|Roache||||||||"SARS-CoV-2 (COVID-19)"|Antigen|97097-0|"SARS-CoV-2 Ag Upper resp Ql IA.rapid"|"Nasopharyngeal swab"|258500001|04/23/2022|Negative|260385009
134|4244|10D2214779||Munoz|Selena||12/30/1999||"1035 7th street"|"Miami beach"|FL|33139||Female|9999999999|"No Response"|0||1|0|0|0||0|Munoz||||||||"SARS-CoV-2 (COVID-19)"|Antigen|97097-0|"SARS-CoV-2 Ag Upper resp Ql IA.rapid"|"Nasopharyngeal swab"|258500001|04/23/2022|Negative|260385009
135|4244|10D2214779||George|Takiyah||05/24/1990||"1620 NE 128th Dr"|Sunrise|FL|33323||Female|2845411198|"No Response"|0||0|0|0|0||0|George||||||||"SARS-CoV-2 (COVID-19)"|Antigen|97097-0|"SARS-CoV-2 Ag Upper resp Ql IA.rapid"|"Nasopharyngeal swab"|258500001|04/23/2022|Negative|260385009
136|4244|10D2214779||Industrious|Eldrin||05/18/1984||"1620 NW 128th Dr"|Sunrise|FL|33323||Male|2845448069|"No Response"|0||0|0|0|0||0|Industrious||||||||"SARS-CoV-2 (COVID-19)"|Antigen|97097-0|"SARS-CoV-2 Ag Upper resp Ql IA.rapid"|"Nasopharyngeal swab"|258500001|04/23/2022|Negative|260385009
137|4244|10D2214779||Pedicino|Giacomo||12/20/1975||Unknown|"Hallandale Beach"|FL|33009||Male|3053704683|"No Response"|0||0|0|0|0||0|Pedicino||||||||"SARS-CoV-2 (COVID-19)"|PCR|94500-6|"SARS-CoV-2 RNA Resp Ql NAA+probe"|"Nasopharyngeal swab"|258500001|04/23/2022|Negative|260385009
138|4244|10D2214779||Neto|"Ana luiza"||07/04/2003||"10190 boca entrada Blvd, apt 209, boca Raton, Florida 33428"|"Boca raton"|FL|33428||Female|5613053834|"No Response"|0||0|0|0|0||0|Neto||||||||"SARS-CoV-2 (COVID-19)"|Antigen|97097-0|"SARS-CoV-2 Ag Upper resp Ql IA.rapid"|"Nasopharyngeal swab"|258500001|04/23/2022|Negative|260385009
139|4244|10D2214779||Pelley|Marvin||11/24/1947||"6336 Buford St., Apt 504"|Orlando|FL|32835||Male|4077653057|"No Response"|1||0|0|0|0||0|Pelley||||||||"SARS-CoV-2 (COVID-19)"|Antigen|97097-0|"SARS-CoV-2 Ag Upper resp Ql IA.rapid"|"Nasopharyngeal swab"|258500001|04/23/2022|Negative|260385009
140|4244|10D2214779||Pelley|Marvin||11/24/1947||"6336 Buford St., Apt 504"|Orlando|FL|32835||Male|4077653057|"No Response"|1||0|0|0|0||0|Pelley||||||||"SARS-CoV-2 (COVID-19)"|Antigen|97097-0|"SARS-CoV-2 Ag Upper resp Ql IA.rapid"|"Nasopharyngeal swab"|258500001|04/23/2022|Negative|260385009
141|4244|10D2214779||Higgs|Marguerite||08/12/1975||Unknown|Unknown|FL|99999||Female|7542778978|"No Response"|0||0|0|0|0||1|Higgs||||||||"SARS-CoV-2 (COVID-19)"|Antigen|97097-0|"SARS-CoV-2 Ag Upper resp Ql IA.rapid"|"Nasopharyngeal swab"|258500001|04/23/2022|Negative|260385009
142|4244|10D2214779||"Peso Ruiz"|Kelly||11/13/1981||"6336 Buford St., Apt 504"|Orlando|FL|32835||Female|4077653057|"No Response"|0||0|0|0|0||0|"Peso Ruiz"||||||||"SARS-CoV-2 (COVID-19)"|Antigen|97097-0|"SARS-CoV-2 Ag Upper resp Ql IA.rapid"|"Nasopharyngeal swab"|258500001|04/23/2022|Negative|260385009
143|4244|10D2214779||Zuppichini|Aldo||04/07/1965||"1000 island blvd"|aventura|FL|33160||Male|2019702838|"No Response"|1||0|0|0|0||0|Zuppichini||||||||"SARS-CoV-2 (COVID-19)"|Antigen|97097-0|"SARS-CoV-2 Ag Upper resp Ql IA.rapid"|"Nasopharyngeal swab"|258500001|04/23/2022|Negative|260385009
144|4244|10D2214779||Higgins|Zodi-Ann||01/01/1970||"1811 N Congress Ave"|"West Palm Beach"|FL|33401||Female|5616705900|"No Response"|0||0|0|0|0||0|Higgins||||||||"SARS-CoV-2 (COVID-19)"|Antigen|97097-0|"SARS-CoV-2 Ag Upper resp Ql IA.rapid"|"Nasopharyngeal swab"|258500001|04/23/2022|Negative|260385009
145|4244|10D2214779||Rennis|Zaida||01/01/1970||"1811 N Congress Ave"|"West Palm Beach"|FL|33401||Female|5616705900|"No Response"|0||0|0|0|0||0|Rennis||||||||"SARS-CoV-2 (COVID-19)"|Antigen|97097-0|"SARS-CoV-2 Ag Upper resp Ql IA.rapid"|"Nasopharyngeal swab"|258500001|04/23/2022|Negative|260385009
146|4244|10D2214779||Cochrane|Kathryn||10/07/1950||"110 W Cypress Rd"|"Lake Worth"|FL|33467||Female|5619061606|"No Response"|1||0|0|0|0||0|Cochrane||||||||"SARS-CoV-2 (COVID-19)"|PCR|94500-6|"SARS-CoV-2 RNA Resp Ql NAA+probe"|"Nasopharyngeal swab"|258500001|04/23/2022|Negative|260385009
147|4244|10D2214779||Maharaj|Parmanand||10/27/1935||"10006 Hartford Maroon Road"|Orlando|FL|32827||Male|3216955939|"No Response"|0||0|1|0|0||0|Maharaj||||||||"SARS-CoV-2 (COVID-19)"|Antigen|97097-0|"SARS-CoV-2 Ag Upper resp Ql IA.rapid"|"Nasopharyngeal swab"|258500001|04/23/2022|Negative|260385009
148|4244|10D2214779||Maharaj|Kissoondaye||02/26/1940||"10006 Hartford Maroon Road"|Orlando|FL|32827||Female|3216955939|"No Response"|0||0|1|0|0||0|Maharaj||||||||"SARS-CoV-2 (COVID-19)"|Antigen|97097-0|"SARS-CoV-2 Ag Upper resp Ql IA.rapid"|"Nasopharyngeal swab"|258500001|04/23/2022|Negative|260385009
149|4244|10D2214779||Bonneville|Eric||08/07/1967||Unknown|Unknown|FL|99999||Male|5146171001|"No Response"|1||0|0|0|0||0|Bonneville||||||||"SARS-CoV-2 (COVID-19)"|Antigen|97097-0|"SARS-CoV-2 Ag Upper resp Ql IA.rapid"|"Nasopharyngeal swab"|258500001|04/23/2022|Negative|260385009
150|4244|10D2214779||Filion|Marie-Claire||04/14/1984||Unknown|Unknown|FL|99999||Male|5146171001|"No Response"|1||0|0|0|0||0|Filion||||||||"SARS-CoV-2 (COVID-19)"|Antigen|97097-0|"SARS-CoV-2 Ag Upper resp Ql IA.rapid"|"Nasopharyngeal swab"|258500001|04/23/2022|Negative|260385009
151|4244|10D2214779||Bonneville|Leo||10/14/2016||Unknown|Unknown|FL|99999||Male|5146171001|"No Response"|1||0|0|0|0||0|Bonneville||||||||"SARS-CoV-2 (COVID-19)"|Antigen|97097-0|"SARS-CoV-2 Ag Upper resp Ql IA.rapid"|"Nasopharyngeal swab"|258500001|04/23/2022|Negative|260385009
152|4244|10D2214779||Munoz|Alvaro||03/05/1979||"3861 SW 40th St, Coral Gables, FL 33146, United States"|Miami|FL|33146||Male|9999999999|"No Response"|0||0|0|0|0||0|Munoz||||||||"SARS-CoV-2 (COVID-19)"|Antigen|97097-0|"SARS-CoV-2 Ag Upper resp Ql IA.rapid"|"Nasopharyngeal swab"|258500001|04/23/2022|Negative|260385009
153|4244|10D2214779||Loftus|Shane||06/06/1996||"8232 Jayme Dr apt 109"|"Winter Garden"|FL|34787||Male|9146488475|"No Response"|1||0|0|0|0||0|Loftus||||||||"SARS-CoV-2 (COVID-19)"|Antigen|97097-0|"SARS-CoV-2 Ag Upper resp Ql IA.rapid"|"Nasopharyngeal swab"|258500001|04/23/2022|Negative|260385009
154|4244|10D2214779||Nino|Jaime||01/17/1970||"1636 Royal Grove Way"|Weston|FL|33327||Male|7867344763|"No Response"|0||0|0|0|0||0|Nino||||||||"SARS-CoV-2 (COVID-19)"|Antigen|97097-0|"SARS-CoV-2 Ag Upper resp Ql IA.rapid"|"Nasopharyngeal swab"|258500001|04/23/2022|Negative|260385009
155|4244|10D2214779||LLAMAS|JORGE||08/04/1982||"15811 Collins av APT 4106"|"Sunny Isles Beach"|FL|33160||Male|4427214335|"No Response"|0||0|0|0|0||0|LLAMAS||||||||"SARS-CoV-2 (COVID-19)"|Antigen|97097-0|"SARS-CoV-2 Ag Upper resp Ql IA.rapid"|"Nasopharyngeal swab"|258500001|04/23/2022|Negative|260385009
156|4244|10D2214779||"Monroy Maya"|Karina||09/22/1990||"15811 Collins av apt 4106"|"Sunny Isles"|FL|33160||Female|9999999999|"No Response"|0||0|0|0|0||0|"Monroy Maya"||||||||"SARS-CoV-2 (COVID-19)"|Antigen|97097-0|"SARS-CoV-2 Ag Upper resp Ql IA.rapid"|"Nasopharyngeal swab"|258500001|04/23/2022|Negative|260385009
157|4244|10D2214779||Bray|Sarah||02/28/1989||"1211 Florida Avenue"|"West Palm Beach"|FL|33401||Female|7138766067|"No Response"|1||0|0|0|0||0|Bray||||||||"SARS-CoV-2 (COVID-19)"|Antigen|97097-0|"SARS-CoV-2 Ag Upper resp Ql IA.rapid"|"Nasopharyngeal swab"|258500001|04/23/2022|Negative|260385009
158|4244|10D2214779||Bray|Sarah||02/28/1989||"1211 Florida Avenue"|"West Palm Beach"|FL|33401||Female|7138766067|"No Response"|1||0|0|0|0||0|Bray||||||||"SARS-CoV-2 (COVID-19)"|PCR|94500-6|"SARS-CoV-2 RNA Resp Ql NAA+probe"|"Nasopharyngeal swab"|258500001|04/23/2022|Negative|260385009
159|4244|10D2214779||Harris|Siobhan||01/31/1980||"11291 nw 17th place"|Ocala|FL|34482||Female|9043383910|"No Response"|0||0|0|0|0||0|Harris||||||||"SARS-CoV-2 (COVID-19)"|Antigen|97097-0|"SARS-CoV-2 Ag Upper resp Ql IA.rapid"|"Nasopharyngeal swab"|258500001|04/23/2022|Negative|260385009
160|4244|10D2214779||Mealing|Chikerra||11/15/1985||"11291 nw 17th place"|Ocala|FL|34482||Female|3054172613|"No Response"|0||0|0|0|0||0|Mealing||||||||"SARS-CoV-2 (COVID-19)"|Antigen|97097-0|"SARS-CoV-2 Ag Upper resp Ql IA.rapid"|"Nasopharyngeal swab"|258500001|04/23/2022|Negative|260385009
161|4244|10D2214779||Escalante|"Hector Jose"||11/16/1958||Unknown|Unknown|FL|99999||Male|9545209776|"No Response"|0||0|0|0|0||1|Escalante||||||||"SARS-CoV-2 (COVID-19)"|PCR|94500-6|"SARS-CoV-2 RNA Resp Ql NAA+probe"|"Nasopharyngeal swab"|258500001|04/23/2022|Negative|260385009
162|4244|10D2214779||Mitchell|Lavinia||03/16/1973||"7550 NW 25th Street"|Doral|FL|33122||Female|7215801237|"No Response"|0||0|0|0|0||0|Mitchell||||||||"SARS-CoV-2 (COVID-19)"|Antigen|97097-0|"SARS-CoV-2 Ag Upper resp Ql IA.rapid"|"Nasopharyngeal swab"|258500001|04/23/2022|Negative|260385009
163|4244|10D2214779||Cochrane|Kathryn||10/07/1950||"110 W Cypress Rd"|"LAKE WORTH"|FL|33467||Female|5619061606|"No Response"|0||0|0|0|0||1|Cochrane||||||||"SARS-CoV-2 (COVID-19)"|PCR|94500-6|"SARS-CoV-2 RNA Resp Ql NAA+probe"|"Nasopharyngeal swab"|258500001|04/23/2022|Negative|260385009
164|4244|10D2214779||Haven|Lionel||12/30/1965||"9062 Rhodes Street"|Kissimmee|FL|34747||Male|2423591365|"No Response"|0||0|0|0|1||0|Haven||||||||"SARS-CoV-2 (COVID-19)"|Antigen|97097-0|"SARS-CoV-2 Ag Upper resp Ql IA.rapid"|"Nasopharyngeal swab"|258500001|04/23/2022|Negative|260385009
165|4244|10D2214779||Cochrane|Kathryn||10/07/1950||"110 W Cypress Rd"|"Lake Worth"|FL|33467||Female|5619061606|"No Response"|1||0|0|0|0||0|Cochrane||||||||"SARS-CoV-2 (COVID-19)"|PCR|94500-6|"SARS-CoV-2 RNA Resp Ql NAA+probe"|"Nasopharyngeal swab"|258500001|04/23/2022|Negative|260385009
166|4244|10D2214779||Loftus|Shane||06/06/1996||"8232 Jayme Dr"|"Winter Garden"|FL|34787||Male|9146488475|"No Response"|1||0|0|0|0||0|Loftus||||||||"SARS-CoV-2 (COVID-19)"|Antigen|97097-0|"SARS-CoV-2 Ag Upper resp Ql IA.rapid"|"Nasopharyngeal swab"|258500001|04/23/2022|Negative|260385009
167|4244|10D2214779||Cochrane|Kathryn||10/07/1950||"110 W Cypress Rd"|"Lake Worth"|FL|33467||Female|5619061606|"No Response"|1||0|0|0|0||0|Cochrane||||||||"SARS-CoV-2 (COVID-19)"|PCR|94500-6|"SARS-CoV-2 RNA Resp Ql NAA+probe"|"Nasopharyngeal swab"|258500001|04/23/2022|Negative|260385009
