RecordID|FacilityID|CLIAID|PatientID|LastName|FirstName|MiddleName|DOB|SSN|StreetAddress|City|State|Zip|County|Gender|PhoneNumber|Ethnicity|RaceWhite|RaceBlack|RaceAmericanIndianAlaskanNative|RaceAsian|RaceNativeHawaiianOrOtherPacificIslander|RaceOther|RaceUnknown|RaceNoResponse|ProviderName|NPI|Pregnant|SchoolAssociation|SchoolName|MeetILIDefinition|PerformingLab|AccessionNumber|Pathogen|TestType|LOINC|LOINCShortName|SpecimenCollectionType|SpecimenSNOMED|SpecimenCollectedDate|Result|ResultSNOMED
1|4244|10D2214779||Sohan-Seenath|Karen||02/05/1969||"20970 via Jasmine Apt 1"|"Boca Raton"|FL|33428||Female|5612897045|"No Response"|0||0|1|0|0||0|Sohan-Seenath||||||||"SARS-CoV-2 (COVID-19)"|Antigen|97097-0|"SARS-CoV-2 Ag Upper resp Ql IA.rapid"|"Nasopharyngeal swab"|258500001|04/09/2022|Negative|260385009
2|4244|10D2214779||Bradshaw|Sherlock||01/02/1961||"12210 Biscayne Boulevard"|Miami|FL|33181||Male|+2462316054|"No Response"|0||0|0|0|0||0|Bradshaw||||||||"SARS-CoV-2 (COVID-19)"|Antigen|97097-0|"SARS-CoV-2 Ag Upper resp Ql IA.rapid"|"Nasopharyngeal swab"|258500001|04/09/2022|Negative|260385009
3|4244|10D2214779||Hirschman|Michael||11/11/1941||"201 Greenbrier A"|"West Palm Beach FL"|FL|33417||Male|9122663281|"No Response"|1||0|0|0|0||0|Hirschman||||||||"SARS-CoV-2 (COVID-19)"|Antigen|97097-0|"SARS-CoV-2 Ag Upper resp Ql IA.rapid"|"Nasopharyngeal swab"|258500001|04/09/2022|Negative|260385009
4|4244|10D2214779||Skemp|Susan||07/24/1944||"450 N Federal Highway Apt 807"|"Boynton Beach"|FL|33435||Female|5612795880|"No Response"|1||0|0|0|0||0|Skemp||||||||"SARS-CoV-2 (COVID-19)"|Antigen|97097-0|"SARS-CoV-2 Ag Upper resp Ql IA.rapid"|"Nasopharyngeal swab"|258500001|04/09/2022|Negative|260385009
5|4244|10D2214779||"Perez Acosta"|Ada||03/30/1946||"510 SE 6 Terrace"|"Pompano Beach"|FL|33060||Female|9544834015|"No Response"|0||0|0|0|0||0|"Perez Acosta"||||||||"SARS-CoV-2 (COVID-19)"|Antigen|97097-0|"SARS-CoV-2 Ag Upper resp Ql IA.rapid"|"Nasopharyngeal swab"|258500001|04/09/2022|Negative|260385009
6|4244|10D2214779||Jeewan|Peter||10/28/1969||"Fontainebleau Hotel"|"Maimi Beach"|FL|33140||Male|9999999999|"No Response"|0||0|1|0|0||0|Jeewan||||||||"SARS-CoV-2 (COVID-19)"|Antigen|97097-0|"SARS-CoV-2 Ag Upper resp Ql IA.rapid"|"Nasopharyngeal swab"|258500001|04/09/2022|Negative|260385009
7|4244|10D2214779||Sohan-Seenath|Karen||02/05/1969||"20970 via Jasmine Apt 1"|"Boca Raton"|FL|33428||Female|5612897045|"No Response"|0||0|1|0|0||0|Sohan-Seenath||||||||"SARS-CoV-2 (COVID-19)"|Antigen|97097-0|"SARS-CoV-2 Ag Upper resp Ql IA.rapid"|"Nasopharyngeal swab"|258500001|04/09/2022|Negative|260385009
8|4244|10D2214779||Sarju|Patricia||12/25/1977||"100 las olas blvd"|"Fort lauderdale"|FL|33301||Female|8768696333|"No Response"|1||0|0|0|0||0|Sarju||||||||"SARS-CoV-2 (COVID-19)"|Antigen|97097-0|"SARS-CoV-2 Ag Upper resp Ql IA.rapid"|"Nasopharyngeal swab"|258500001|04/09/2022|Negative|260385009
9|4244|10D2214779||Sarju|Raamcharan||10/25/1975||"100 Las olas blvd"|"Fort lauderdale"|FL|33301||Male|8768696334|"No Response"|0||0|0|0|1||0|Sarju||||||||"SARS-CoV-2 (COVID-19)"|Antigen|97097-0|"SARS-CoV-2 Ag Upper resp Ql IA.rapid"|"Nasopharyngeal swab"|258500001|04/09/2022|Negative|260385009
10|4244|10D2214779||Pietro|Eric||10/13/1970||"129 foresteria dr"|"Lake park"|FL|33403||Male|5617077946|"No Response"|1||0|0|0|0||0|Pietro||||||||"SARS-CoV-2 (COVID-19)"|Antigen|97097-0|"SARS-CoV-2 Ag Upper resp Ql IA.rapid"|"Nasopharyngeal swab"|258500001|04/09/2022|Negative|260385009
11|4244|10D2214779||Pietro|Martha||11/26/1967||"129 Foresteria Dr"|"Lake Park"|FL|33403||Female|5615744341|"No Response"|1||0|0|0|0||0|Pietro||||||||"SARS-CoV-2 (COVID-19)"|Antigen|97097-0|"SARS-CoV-2 Ag Upper resp Ql IA.rapid"|"Nasopharyngeal swab"|258500001|04/09/2022|Negative|260385009
12|4244|10D2214779||Sohan-Seenath|Karen||02/05/1969||"20970 via Jasmine Apt 1"|"Boca Raton"|FL|33428||Female|5612897045|"No Response"|0||0|1|0|0||0|Sohan-Seenath||||||||"SARS-CoV-2 (COVID-19)"|Antigen|97097-0|"SARS-CoV-2 Ag Upper resp Ql IA.rapid"|"Nasopharyngeal swab"|258500001|04/09/2022|Negative|260385009
13|4244|10D2214779||Nancoo|Akeem||12/27/1996||"4191 NW 41st St #apt 413 4th floor"|"Fort Lauderdale"|FL|33318||Male|2425444349|"No Response"|0||0|0|0|1||0|Nancoo||||||||"SARS-CoV-2 (COVID-19)"|Antigen|97097-0|"SARS-CoV-2 Ag Upper resp Ql IA.rapid"|"Nasopharyngeal swab"|258500001|04/09/2022|Negative|260385009
14|4244|10D2214779||Dames|Tracy||08/23/1970||"130 N university drive"|"Ft lauderdale"|FL|33324||Female|2423761928|"No Response"|0||0|0|0|0||0|Dames||||||||"SARS-CoV-2 (COVID-19)"|Antigen|97097-0|"SARS-CoV-2 Ag Upper resp Ql IA.rapid"|"Nasopharyngeal swab"|258500001|04/09/2022|Negative|260385009
15|4244|10D2214779||Bullard|Howard||12/18/1967||"130 N University Drive"|Plantation|FL|33324||Male|2423760383|"No Response"|0||0|0|0|0||0|Bullard||||||||"SARS-CoV-2 (COVID-19)"|Antigen|97097-0|"SARS-CoV-2 Ag Upper resp Ql IA.rapid"|"Nasopharyngeal swab"|258500001|04/09/2022|Negative|260385009
16|4244|10D2214779||Dames|Zhivago||03/18/1972||"130 N university drive"|"Ft lauderdale"|FL|33324||Male|2423761928|"No Response"|0||0|0|0|0||0|Dames||||||||"SARS-CoV-2 (COVID-19)"|Antigen|97097-0|"SARS-CoV-2 Ag Upper resp Ql IA.rapid"|"Nasopharyngeal swab"|258500001|04/09/2022|Negative|260385009
17|4244|10D2214779||Sarju|Patricia||12/25/1977||"100 east las olas blvd"|"Fort lauderdale"|FL|33301||Female|8768696333|"No Response"|1||0|0|0|0||0|Sarju||||||||"SARS-CoV-2 (COVID-19)"|Antigen|97097-0|"SARS-CoV-2 Ag Upper resp Ql IA.rapid"|"Nasopharyngeal swab"|258500001|04/09/2022|Negative|260385009
18|4244|10D2214779||Sarju|Raamcharan||10/25/1975||"100 east las olas blvd"|"Fort lauderdale"|FL|33301||Male|8768696334|"No Response"|0||0|0|0|1||0|Sarju||||||||"SARS-CoV-2 (COVID-19)"|Antigen|97097-0|"SARS-CoV-2 Ag Upper resp Ql IA.rapid"|"Nasopharyngeal swab"|258500001|04/09/2022|Negative|260385009
19|4244|10D2214779||Sohan-Seenath|Karen||02/05/1969||"20970 via Jasmine Apt 1"|"Boca Raton"|FL|33428||Female|5612897045|"No Response"|0||0|1|0|0||0|Sohan-Seenath||||||||"SARS-CoV-2 (COVID-19)"|Antigen|97097-0|"SARS-CoV-2 Ag Upper resp Ql IA.rapid"|"Nasopharyngeal swab"|258500001|04/09/2022|Negative|260385009
20|4244|10D2214779||Czocher|Lawrence||01/03/1974||Unknown|Unknown|FL|99999||Male|9999999999|"No Response"|1||0|0|0|0||0|Czocher||||||||"SARS-CoV-2 (COVID-19)"|Antigen|97097-0|"SARS-CoV-2 Ag Upper resp Ql IA.rapid"|"Nasopharyngeal swab"|258500001|04/09/2022|Negative|260385009
21|4244|10D2214779||Dames|Zhivago||03/18/1972||"13400 West Sunrise Boulevard"|"Fort Lauderdale"|FL|33323||Male|2423761928|"No Response"|0||0|0|0|0||0|Dames||||||||"SARS-CoV-2 (COVID-19)"|Antigen|97097-0|"SARS-CoV-2 Ag Upper resp Ql IA.rapid"|"Nasopharyngeal swab"|258500001|04/09/2022|Negative|260385009
22|4244|10D2214779||Parra|Dario||05/31/1980||"3003 Heron Lake Dr"|Kissimmee|FL|34741||Male|4079127042|"No Response"|0||0|0|0|0||0|Parra||||||||"SARS-CoV-2 (COVID-19)"|PCR|94500-6|"SARS-CoV-2 RNA Resp Ql NAA+probe"|"Nasopharyngeal swab"|258500001|04/09/2022|Negative|260385009
23|4244|10D2214779||moss|virginia||11/19/1969||Unknown|Unknown|FL|99999||Female|2424668268|"No Response"|0||0|0|0|0||0|moss||||||||"SARS-CoV-2 (COVID-19)"|Antigen|97097-0|"SARS-CoV-2 Ag Upper resp Ql IA.rapid"|"Nasopharyngeal swab"|258500001|04/09/2022|Negative|260385009
24|4244|10D2214779||moss|nakita||12/20/1990||Unknown|Nassau|FL|99999||Female|2424489105|"No Response"|0||0|0|0|0||0|moss||||||||"SARS-CoV-2 (COVID-19)"|Antigen|97097-0|"SARS-CoV-2 Ag Upper resp Ql IA.rapid"|"Nasopharyngeal swab"|258500001|04/09/2022|Negative|260385009
25|4244|10D2214779||Mulder|Arno||05/03/1967||"8041 Sandy Toes way"|Kissimmee|FL|34747||Male|9999999999|"No Response"|1||0|0|0|0||0|Mulder||||||||"SARS-CoV-2 (COVID-19)"|Antigen|97097-0|"SARS-CoV-2 Ag Upper resp Ql IA.rapid"|"Nasopharyngeal swab"|258500001|04/09/2022|Negative|260385009
26|4244|10D2214779||Fokken|Ilona||06/09/1969||"8041 Sandy Toes Way"|Kissimmee|FL|34747||Female|9999999999|"No Response"|1||0|0|0|0||0|Fokken||||||||"SARS-CoV-2 (COVID-19)"|Antigen|97097-0|"SARS-CoV-2 Ag Upper resp Ql IA.rapid"|"Nasopharyngeal swab"|258500001|04/09/2022|Negative|260385009
27|4244|10D2214779||HENGGI|ADRIAN||12/13/1956||"Ocean Sky Hotel"|"Fort Lauderdale"|FL|33308||Male|9999999999|"No Response"|1||0|0|0|0||0|HENGGI||||||||"SARS-CoV-2 (COVID-19)"|Antigen|97097-0|"SARS-CoV-2 Ag Upper resp Ql IA.rapid"|"Nasopharyngeal swab"|258500001|04/09/2022|Negative|260385009
28|4244|10D2214779||Sohan-Seenath|Karen||02/05/1969||"20970 via Jasmine Apt 1"|"Boca Raton"|FL|33428||Female|5612897045|"No Response"|0||0|1|0|0||0|Sohan-Seenath||||||||"SARS-CoV-2 (COVID-19)"|Antigen|97097-0|"SARS-CoV-2 Ag Upper resp Ql IA.rapid"|"Nasopharyngeal swab"|258500001|04/09/2022|Negative|260385009
29|4244|10D2214779||Parra|Dario||05/31/1980||"235 Pine St"|Orlando|FL|32824||Male|4079127042|"No Response"|0||0|0|0|1||0|Parra||||||||"SARS-CoV-2 (COVID-19)"|PCR|94500-6|"SARS-CoV-2 RNA Resp Ql NAA+probe"|"Nasopharyngeal swab"|258500001|04/09/2022|Negative|260385009
30|4244|10D2214779||Skemp|Susan||07/24/1944||"450 N Fed Hwy - Apt 807N"|"Boynton Beach"|FL|33435||Female|5612795880|"No Response"|1||0|0|0|0||0|Skemp||||||||"SARS-CoV-2 (COVID-19)"|Antigen|97097-0|"SARS-CoV-2 Ag Upper resp Ql IA.rapid"|"Nasopharyngeal swab"|258500001|04/09/2022|Negative|260385009
31|4244|10D2214779||Skemp|Susan||07/24/1944||"450 N Fed Hwy - Apt 807N"|"Boynton Beach"|FL|33435||Female|5612795880|"No Response"|1||0|0|0|0||0|Skemp||||||||"SARS-CoV-2 (COVID-19)"|Antigen|97097-0|"SARS-CoV-2 Ag Upper resp Ql IA.rapid"|"Nasopharyngeal swab"|258500001|04/09/2022|Negative|260385009
32|4244|10D2214779||Hirschman|Michael||11/11/1941||"201 Greenbrier A"|"West Palm Beach"|FL|33417||Male|9122663281|"No Response"|1||0|0|0|0||0|Hirschman||||||||"SARS-CoV-2 (COVID-19)"|Antigen|97097-0|"SARS-CoV-2 Ag Upper resp Ql IA.rapid"|"Nasopharyngeal swab"|258500001|04/09/2022|Negative|260385009
33|4244|10D2214779||Hirschman|Michael||11/11/1941||"201Greenbrier A"|"West Palm Beach"|FL|33417||Male|9122663281|"No Response"|1||0|0|0|0||0|Hirschman||||||||"SARS-CoV-2 (COVID-19)"|Antigen|97097-0|"SARS-CoV-2 Ag Upper resp Ql IA.rapid"|"Nasopharyngeal swab"|258500001|04/09/2022|Negative|260385009
34|4244|10D2214779||Gainza|Rebeca||03/14/1969||"510 SE 6 Terrace"|"Pompano Beach"|FL|33060||Female|9544834015|"No Response"|0||0|0|0|0||0|Gainza||||||||"SARS-CoV-2 (COVID-19)"|Antigen|97097-0|"SARS-CoV-2 Ag Upper resp Ql IA.rapid"|"Nasopharyngeal swab"|258500001|04/09/2022|Negative|260385009
35|4244|10D2214779||Barrett|Robert||11/09/1956||"46983 Oak Street"|"East LIverpool"|FL|43920||Male|3308530442|"No Response"|1||0|0|0|0||0|Barrett||||||||"SARS-CoV-2 (COVID-19)"|Antigen|97097-0|"SARS-CoV-2 Ag Upper resp Ql IA.rapid"|"Nasopharyngeal swab"|258500001|04/09/2022|Negative|260385009
36|4244|10D2214779||Barrett|Deborah||09/06/1958||"46983 Oak Street"|"East Liverpool"|FL|43920||Female|3308436540|"No Response"|1||0|0|0|0||0|Barrett||||||||"SARS-CoV-2 (COVID-19)"|Antigen|97097-0|"SARS-CoV-2 Ag Upper resp Ql IA.rapid"|"Nasopharyngeal swab"|258500001|04/09/2022|Negative|260385009
37|4244|10D2214779||HENGGI|ADRIAN||12/13/1956||"Köchlistr 17"|ZÜRICH|FL|08004||Male|9999999999|"No Response"|1||0|0|0|0||0|HENGGI||||||||"SARS-CoV-2 (COVID-19)"|Antigen|97097-0|"SARS-CoV-2 Ag Upper resp Ql IA.rapid"|"Nasopharyngeal swab"|258500001|04/09/2022|Negative|260385009
38|4244|10D2214779||Henggi|Benedikt||08/29/1947||"Köchlistr 17"|ZÜRICH|FL|08004||Male|9999999999|"No Response"|1||0|0|0|0||0|Henggi||||||||"SARS-CoV-2 (COVID-19)"|Antigen|97097-0|"SARS-CoV-2 Ag Upper resp Ql IA.rapid"|"Nasopharyngeal swab"|258500001|04/09/2022|Negative|260385009
39|4244|10D2214779||Parra|Dario||05/31/1980||"235 Pine St"|Orlando|FL|32824||Male|4079127042|"No Response"|0||0|0|0|0||0|Parra||||||||"SARS-CoV-2 (COVID-19)"|PCR|94500-6|"SARS-CoV-2 RNA Resp Ql NAA+probe"|"Nasopharyngeal swab"|258500001|04/09/2022|Negative|260385009
40|4244|10D2214779||Czocher|Lawrence||01/03/1974||Unknown|Unknown|FL|99999||Male|9999999999|"No Response"|1||0|0|0|0||0|Czocher||||||||"SARS-CoV-2 (COVID-19)"|Antigen|97097-0|"SARS-CoV-2 Ag Upper resp Ql IA.rapid"|"Nasopharyngeal swab"|258500001|04/09/2022|Negative|260385009
41|4244|10D2214779||Hirschman|Michael||11/11/1941||"201 Greenbrier A"|"West Palm Beach"|FL|33417||Male|9122663281|"No Response"|1||0|0|0|0||0|Hirschman||||||||"SARS-CoV-2 (COVID-19)"|Antigen|97097-0|"SARS-CoV-2 Ag Upper resp Ql IA.rapid"|"Nasopharyngeal swab"|258500001|04/09/2022|Negative|260385009
42|4244|10D2214779||Parra|Dario||05/31/1980||"235 Pine St"|Orlando|FL|32824||Male|4079127042|"No Response"|0||0|0|0|0||0|Parra||||||||"SARS-CoV-2 (COVID-19)"|PCR|94500-6|"SARS-CoV-2 RNA Resp Ql NAA+probe"|"Nasopharyngeal swab"|258500001|04/09/2022|Negative|260385009
43|4244|10D2214779||Kucer|Jean||03/09/1978||"2100 South Ocean Lane"|"Fort Lauderdale"|FL|33316||Female|5148230015|"No Response"|1||0|0|0|0||0|Kucer||||||||"SARS-CoV-2 (COVID-19)"|Antigen|97097-0|"SARS-CoV-2 Ag Upper resp Ql IA.rapid"|"Nasopharyngeal swab"|258500001|12/23/2021|Negative|260385009
44|4244|10D2214779||Skemp|Susan||07/24/1944||"450 N Fed Hwy, Unit 807N"|"Boynton Beach"|FL|33435||Female|5612795880|"No Response"|1||0|0|0|0||0|Skemp||||||||"SARS-CoV-2 (COVID-19)"|Antigen|97097-0|"SARS-CoV-2 Ag Upper resp Ql IA.rapid"|"Nasopharyngeal swab"|258500001|04/09/2022|Negative|260385009
45|4244|10D2214779||Hirschman|Michael||11/11/1941||"201 Greenbrier A"|"West Palm Beach"|FL|33417||Male|9122663281|"No Response"|1||0|0|0|0||0|Hirschman||||||||"SARS-CoV-2 (COVID-19)"|Antigen|97097-0|"SARS-CoV-2 Ag Upper resp Ql IA.rapid"|"Nasopharyngeal swab"|258500001|04/09/2022|Negative|260385009
46|4244|10D2214779||Fisk|Kirsten||10/22/2056||"2295 S Ocean Blvd"|"Palm Beach"|FL|33480||Female|5616287706|"No Response"|1||0|0|0|0||0|Fisk||||||||"SARS-CoV-2 (COVID-19)"|Antigen|97097-0|"SARS-CoV-2 Ag Upper resp Ql IA.rapid"|"Nasopharyngeal swab"|258500001|04/09/2022|Negative|260385009
47|4244|10D2214779||Albury|Jared||05/02/1990||Unknown|Unknown|FL|99999||Male|2424551603|"No Response"|0||0|0|0|0||0|Albury||||||||"SARS-CoV-2 (COVID-19)"|Antigen|97097-0|"SARS-CoV-2 Ag Upper resp Ql IA.rapid"|"Nasopharyngeal swab"|258500001|01/06/2022|Negative|260385009
48|4244|10D2214779||Sarju|Raamcharan||10/25/1975||"100 E. Las Olas Blvd"|"Fort Lauderdale"|FL|33301||Male|8768696334|"No Response"|0||0|0|0|1||0|Sarju||||||||"SARS-CoV-2 (COVID-19)"|Antigen|97097-0|"SARS-CoV-2 Ag Upper resp Ql IA.rapid"|"Nasopharyngeal swab"|258500001|04/09/2022|Negative|260385009
49|4244|10D2214779||Fisk|Kirsten||10/22/2056||"2295 S Ocean Blvd"|"Palm Beach"|FL|33480||Female|5616287706|"No Response"|1||0|0|0|0||0|Fisk||||||||"SARS-CoV-2 (COVID-19)"|Antigen|97097-0|"SARS-CoV-2 Ag Upper resp Ql IA.rapid"|"Nasopharyngeal swab"|258500001|04/09/2022|Negative|260385009
50|4244|10D2214779||Sohan-Seenath|Karen||02/05/1969||"20970 via Jasmine Apt 1"|"Boca Raton"|FL|33428||Female|5612897045|"No Response"|0||0|1|0|0||0|Sohan-Seenath||||||||"SARS-CoV-2 (COVID-19)"|Antigen|97097-0|"SARS-CoV-2 Ag Upper resp Ql IA.rapid"|"Nasopharyngeal swab"|258500001|04/09/2022|Negative|260385009
51|4244|10D2214779||Parra|Dario||05/31/1980||"235 Pine Street"|Orlando|FL|32824||Male|4079127042|"No Response"|0||0|0|0|0||0|Parra||||||||"SARS-CoV-2 (COVID-19)"|PCR|94500-6|"SARS-CoV-2 RNA Resp Ql NAA+probe"|"Nasopharyngeal swab"|258500001|04/09/2022|Negative|260385009
52|4244|10D2214779||Gainza|Rebeca||03/14/1969||"510 SE 6 Terrace"|"Pompano Beach"|FL|33060||Female|9544834015|"No Response"|0||0|0|0|0||0|Gainza||||||||"SARS-CoV-2 (COVID-19)"|Antigen|97097-0|"SARS-CoV-2 Ag Upper resp Ql IA.rapid"|"Nasopharyngeal swab"|258500001|04/09/2022|Negative|260385009
53|4244|10D2214779||Parra|Dario||05/31/1980||"235 Pine Street"|Orlando|FL|32824||Male|4079127042|"No Response"|0||0|0|0|0||0|Parra||||||||"SARS-CoV-2 (COVID-19)"|PCR|94500-6|"SARS-CoV-2 RNA Resp Ql NAA+probe"|"Nasopharyngeal swab"|258500001|04/09/2022|Negative|260385009
54|4244|10D2214779||Pietro|Eric||10/13/1970||"129 forester is dr"|"Lake park"|FL|33403||Male|5617077946|"No Response"|1||0|0|0|0||0|Pietro||||||||"SARS-CoV-2 (COVID-19)"|Antigen|97097-0|"SARS-CoV-2 Ag Upper resp Ql IA.rapid"|"Nasopharyngeal swab"|258500001|04/09/2022|Negative|260385009
55|4244|10D2214779||Pietro|Martha||11/26/1967||"129 Foresteria Drive"|"Lake Park"|FL|33403||Female|5615744341|"No Response"|1||0|0|0|0||0|Pietro||||||||"SARS-CoV-2 (COVID-19)"|Antigen|97097-0|"SARS-CoV-2 Ag Upper resp Ql IA.rapid"|"Nasopharyngeal swab"|258500001|04/09/2022|Negative|260385009
56|4244|10D2214779||Czocher|Lawrence||01/03/1974||Unknown|Unknown|FL|99999|||9999999999|"No Response"|0||0|0|0|0||1|Czocher||||||||"SARS-CoV-2 (COVID-19)"|Antigen|97097-0|"SARS-CoV-2 Ag Upper resp Ql IA.rapid"|"Nasopharyngeal swab"|258500001|04/09/2022|Negative|260385009
57|4244|10D2214779||Sohan-Seenath|Karen||02/05/1969||"20970 via Jasmine Apt 1"|"Boca Raton"|FL|33428||Female|5612897045|"No Response"|0||0|1|0|0||0|Sohan-Seenath||||||||"SARS-CoV-2 (COVID-19)"|Antigen|97097-0|"SARS-CoV-2 Ag Upper resp Ql IA.rapid"|"Nasopharyngeal swab"|258500001|04/09/2022|Negative|260385009
58|4244|10D2214779||Barrett|Deborah||09/06/1958||"46983 Oak Street"|"East Liverpool"|FL|43920||Female|3308436540|"No Response"|1||0|0|0|0||0|Barrett||||||||"SARS-CoV-2 (COVID-19)"|Antigen|97097-0|"SARS-CoV-2 Ag Upper resp Ql IA.rapid"|"Nasopharyngeal swab"|258500001|04/09/2022|Negative|260385009
59|4244|10D2214779||Barrett|Robert||11/09/1956||"46983 Oak St"|"East Liverpool"|FL|43920||Male|3308530442|"No Response"|1||0|0|0|0||0|Barrett||||||||"SARS-CoV-2 (COVID-19)"|Antigen|97097-0|"SARS-CoV-2 Ag Upper resp Ql IA.rapid"|"Nasopharyngeal swab"|258500001|04/09/2022|Negative|260385009
60|4244|10D2214779||Skemp|Susan||07/24/1944||"450 N Federal Hwy, Unit 807N"|"Boynton Beach"|FL|33435||Female|5612795880|"No Response"|1||0|0|0|0||0|Skemp||||||||"SARS-CoV-2 (COVID-19)"|Antigen|97097-0|"SARS-CoV-2 Ag Upper resp Ql IA.rapid"|"Nasopharyngeal swab"|258500001|04/09/2022|Negative|260385009
61|4244|10D2214779||Hirschman|Michael||11/11/1941||"201 Greenbrier A"|"West Palm Beach"|FL|33417||Male|9122663281|"No Response"|1||0|0|0|0||0|Hirschman||||||||"SARS-CoV-2 (COVID-19)"|Antigen|97097-0|"SARS-CoV-2 Ag Upper resp Ql IA.rapid"|"Nasopharyngeal swab"|258500001|04/09/2022|Negative|260385009
62|4244|10D2214779||Sarju|Raamcharan||10/25/1975||"100 East Las Olas Boulevard"|"Fort lauderdale"|FL|33301||Male|8768696334|"No Response"|0||0|0|0|1||0|Sarju||||||||"SARS-CoV-2 (COVID-19)"|Antigen|97097-0|"SARS-CoV-2 Ag Upper resp Ql IA.rapid"|"Nasopharyngeal swab"|258500001|04/09/2022|Negative|260385009
63|4244|10D2214779||Sarju|Patricia||12/25/1977||"100 east Las Olas Boulevard"|"Fort lauderdale"|FL|33301||Female|8768696333|"No Response"|1||0|0|0|0||0|Sarju||||||||"SARS-CoV-2 (COVID-19)"|Antigen|97097-0|"SARS-CoV-2 Ag Upper resp Ql IA.rapid"|"Nasopharyngeal swab"|258500001|04/09/2022|Negative|260385009
64|4244|10D2214779||Sargeant|Stanley||10/02/1957||"3425 E. Russell Rd #109"|"Las Vegas"|FL|89120||Male|8184269737|"No Response"|0||0|0|0|0||0|Sargeant||||||||"SARS-CoV-2 (COVID-19)"|Antigen|97097-0|"SARS-CoV-2 Ag Upper resp Ql IA.rapid"|"Nasopharyngeal swab"|258500001|04/09/2022|Negative|260385009
65|4244|10D2214779||Sargeant|Stanley||10/02/1957||"3425 E. Russell Rd #109"|"Las Vegas"|FL|89120||Male|8184269737|"No Response"|0||0|0|0|0||0|Sargeant||||||||"SARS-CoV-2 (COVID-19)"|Antigen|97097-0|"SARS-CoV-2 Ag Upper resp Ql IA.rapid"|"Nasopharyngeal swab"|258500001|04/09/2022|Negative|260385009
66|4244|10D2214779||Hirschman|Michael||11/11/1941||"201 Greenbrier A"|"West Palm  Beach"|FL|33417||Male|9122663281|"No Response"|1||0|0|0|0||0|Hirschman||||||||"SARS-CoV-2 (COVID-19)"|Antigen|97097-0|"SARS-CoV-2 Ag Upper resp Ql IA.rapid"|"Nasopharyngeal swab"|258500001|04/09/2022|Negative|260385009
67|4244|10D2214779||Sohan-Seenath|Karen||02/05/1969||"20970 via Jasmine Apt 1"|"Boca Raton"|FL|33428||Female|5612897045|"No Response"|0||0|1|0|0||0|Sohan-Seenath||||||||"SARS-CoV-2 (COVID-19)"|Antigen|97097-0|"SARS-CoV-2 Ag Upper resp Ql IA.rapid"|"Nasopharyngeal swab"|258500001|04/09/2022|Negative|260385009
68|4244|10D2214779||Gainza|Rebeca||03/14/1969||"510 SE 6 Terrace"|"Pompano Beach"|FL|33060||Female|9544834015|"No Response"|0||0|0|0|0||0|Gainza||||||||"SARS-CoV-2 (COVID-19)"|Antigen|97097-0|"SARS-CoV-2 Ag Upper resp Ql IA.rapid"|"Nasopharyngeal swab"|258500001|04/09/2022|Negative|260385009
69|4244|10D2214779||Jeewan|Peter||10/28/1969||"Fontainebleau Hotel Maimi Beach"|Miami|FL|33140||Male|9999999999|"No Response"|0||0|0|0|1||0|Jeewan||||||||"SARS-CoV-2 (COVID-19)"|Antigen|97097-0|"SARS-CoV-2 Ag Upper resp Ql IA.rapid"|"Nasopharyngeal swab"|258500001|04/09/2022|Negative|260385009
70|4244|10D2214779||Kiernan|Kathleen||06/08/1948||"2780 Hunter Road"|Weston|FL|33331||Female|9544713818|"No Response"|1||0|0|0|0||0|Kiernan||||||||"SARS-CoV-2 (COVID-19)"|Antigen|97097-0|"SARS-CoV-2 Ag Upper resp Ql IA.rapid"|"Nasopharyngeal swab"|258500001|04/09/2022|Negative|260385009
71|4244|10D2214779||Kiernan|Francis||03/03/1950||"2780 Hunter Road"|Weston|FL|33331||Male|9548183281|"No Response"|1||0|0|0|0||0|Kiernan||||||||"SARS-CoV-2 (COVID-19)"|Antigen|97097-0|"SARS-CoV-2 Ag Upper resp Ql IA.rapid"|"Nasopharyngeal swab"|258500001|04/09/2022|Negative|260385009
72|4244|10D2214779||Sargeant|Stanley||10/02/1957||"3425 E. Russell Rd. #109"|"Las Vegas"|FL|89120||Male|8184269737|"No Response"|0||0|0|0|0||0|Sargeant||||||||"SARS-CoV-2 (COVID-19)"|Antigen|97097-0|"SARS-CoV-2 Ag Upper resp Ql IA.rapid"|"Nasopharyngeal swab"|258500001|04/09/2022|Negative|260385009
73|4244|10D2214779||Sargeant|Stanley||10/02/1957||"3425 E. Russell Rd. #109"|"Las Vegas"|FL|89120||Male|8184269737|"No Response"|0||0|0|0|0||0|Sargeant||||||||"SARS-CoV-2 (COVID-19)"|Antigen|97097-0|"SARS-CoV-2 Ag Upper resp Ql IA.rapid"|"Nasopharyngeal swab"|258500001|04/09/2022|Negative|260385009
74|4244|10D2214779||Jones|Maurice||01/11/1984||"616 Clearwater Park Rd"|"West Palm Beach"|FL|33401||Male|12462367875|"No Response"|0||0|0|0|0||0|Jones||||||||"SARS-CoV-2 (COVID-19)"|Antigen|97097-0|"SARS-CoV-2 Ag Upper resp Ql IA.rapid"|"Nasopharyngeal swab"|258500001|04/09/2022|Negative|260385009
75|4244|10D2214779||Hirschman|Michael||11/11/1941||"201 Greenbrier A"|"West Palm Beach"|FL|33435||Male|9122663281|"No Response"|1||0|0|0|0||0|Hirschman||||||||"SARS-CoV-2 (COVID-19)"|Antigen|97097-0|"SARS-CoV-2 Ag Upper resp Ql IA.rapid"|"Nasopharyngeal swab"|258500001|04/09/2022|Negative|260385009
76|4244|10D2214779||Skemp|Susan||07/24/1944||"450 N Federal Hwy, Unit  807N"|"Boynton beach"|FL|33435||Female|5612795880|"No Response"|1||0|0|0|0||0|Skemp||||||||"SARS-CoV-2 (COVID-19)"|Antigen|97097-0|"SARS-CoV-2 Ag Upper resp Ql IA.rapid"|"Nasopharyngeal swab"|258500001|04/09/2022|Negative|260385009
77|4244|10D2214779||Parra|Dario||05/31/1980||"235 Pine Street"|Orlando|FL|32824||Male|4079127042|"No Response"|0||0|0|0|0||0|Parra||||||||"SARS-CoV-2 (COVID-19)"|PCR|94500-6|"SARS-CoV-2 RNA Resp Ql NAA+probe"|"Nasopharyngeal swab"|258500001|04/09/2022|Negative|260385009
78|4244|10D2214779||Sohan-Seenath|Karen||02/05/1969||"20970 via Jasmine Apt 1"|"Boca Raton"|FL|33428||Female|5612897045|"No Response"|0||0|1|0|0||0|Sohan-Seenath||||||||"SARS-CoV-2 (COVID-19)"|Antigen|97097-0|"SARS-CoV-2 Ag Upper resp Ql IA.rapid"|"Nasopharyngeal swab"|258500001|04/09/2022|Negative|260385009
79|4244|10D2214779||Gainza|Rebeca||03/14/1969||"510 SE 6 Terrace"|"Pompano Beach"|FL|33060||Female|9544834015|"No Response"|0||0|0|0|0||0|Gainza||||||||"SARS-CoV-2 (COVID-19)"|Antigen|97097-0|"SARS-CoV-2 Ag Upper resp Ql IA.rapid"|"Nasopharyngeal swab"|258500001|04/09/2022|Negative|260385009
80|4244|10D2214779||Varghese|Raji||06/03/1962||Unknown|Unknown|FL|99999||Male|9999999999|"No Response"|0||0|1|0|0||0|Varghese||||||||"SARS-CoV-2 (COVID-19)"|Antigen|97097-0|"SARS-CoV-2 Ag Upper resp Ql IA.rapid"|"Nasopharyngeal swab"|258500001|03/26/2022|Negative|260385009
81|4244|10D2214779||Varghese|Jolly||05/25/1964||Unknown|Unknown|FL|99999||Female|9999999999|"No Response"|0||0|1|0|0||0|Varghese||||||||"SARS-CoV-2 (COVID-19)"|Antigen|97097-0|"SARS-CoV-2 Ag Upper resp Ql IA.rapid"|"Nasopharyngeal swab"|258500001|03/26/2022|Negative|260385009
82|4244|10D2214779||Leonard|"Lorraine Margaret"||07/19/1938||"10565 La Strada"|WPB|FL|33412||Female|2032492161|"No Response"|1||0|0|0|0||0|Leonard||||||||"SARS-CoV-2 (COVID-19)"|Antigen|97097-0|"SARS-CoV-2 Ag Upper resp Ql IA.rapid"|"Nasopharyngeal swab"|258500001|04/09/2022|Negative|260385009
83|4244|10D2214779||Gainza|Rebeca||03/14/1969||"510 SE 6 Terrace"|"Pompano Beach"|FL|33060||Female|9544834015|"No Response"|0||0|0|0|0||0|Gainza||||||||"SARS-CoV-2 (COVID-19)"|Antigen|97097-0|"SARS-CoV-2 Ag Upper resp Ql IA.rapid"|"Nasopharyngeal swab"|258500001|04/09/2022|Negative|260385009
84|4244|10D2214779||Canet|Matias||03/27/1993||"8300 Jamaican Court"|Orlando|FL|32819||Male|9999999999|"No Response"|1||0|0|0|0||0|Canet||||||||"SARS-CoV-2 (COVID-19)"|Antigen|97097-0|"SARS-CoV-2 Ag Upper resp Ql IA.rapid"|"Nasopharyngeal swab"|258500001|04/09/2022|Negative|260385009
85|4244|10D2214779||Vinassa|Paula||07/02/1995||"8300 jamaican court"|Orlando|FL|32819||Female|9999999999|"No Response"|1||0|0|0|0||0|Vinassa||||||||"SARS-CoV-2 (COVID-19)"|Antigen|97097-0|"SARS-CoV-2 Ag Upper resp Ql IA.rapid"|"Nasopharyngeal swab"|258500001|04/09/2022|Negative|260385009
86|4244|10D2214779||Ardiles|Pilar||01/10/1974||"80 East Harmon Av (Hilton Elara)"|"Las Vegas"|FL|99999||Female|9999999999|"No Response"|0||0|0|0|0||0|Ardiles||||||||"SARS-CoV-2 (COVID-19)"|PCR|94500-6|"SARS-CoV-2 RNA Resp Ql NAA+probe"|"Nasopharyngeal swab"|258500001|04/08/2022|Negative|260385009
87|4244|10D2214779||Pietro|Eric||10/13/1970||"129 foresteria dr"|"Lake park"|FL|33403||Male|5617077946|"No Response"|1||0|0|0|0||0|Pietro||||||||"SARS-CoV-2 (COVID-19)"|Antigen|97097-0|"SARS-CoV-2 Ag Upper resp Ql IA.rapid"|"Nasopharyngeal swab"|258500001|04/09/2022|Negative|260385009
88|4244|10D2214779||Parra|Dario||05/31/1980||"235 Pine Street"|Orlando|FL|32824||Male|4079127042|"No Response"|0||0|0|0|0||0|Parra||||||||"SARS-CoV-2 (COVID-19)"|PCR|94500-6|"SARS-CoV-2 RNA Resp Ql NAA+probe"|"Nasopharyngeal swab"|258500001|04/09/2022|Negative|260385009
89|4244|10D2214779||Joachim|John||04/11/1964||"17824 360th St"|"Taylors Falls"|FL|55084||Male|6126123111|"No Response"|1||0|0|0|0||0|Joachim||||||||"SARS-CoV-2 (COVID-19)"|Antigen|97097-0|"SARS-CoV-2 Ag Upper resp Ql IA.rapid"|"Nasopharyngeal swab"|258500001|04/09/2022|Negative|260385009
90|4244|10D2214779||Adam|Carole||03/23/1966||"1424 Collins Avenue"|Miami|FL|33139||Female|9999999999|"No Response"|1||0|0|0|0||0|Adam||||||||"SARS-CoV-2 (COVID-19)"|Antigen|97097-0|"SARS-CoV-2 Ag Upper resp Ql IA.rapid"|"Nasopharyngeal swab"|258500001|04/09/2022|Negative|260385009
91|4244|10D2214779||Pourcelet|Nicolas||07/25/1964||"1434 Collins Avenue"|Miami|FL|33139||Male|9999999999|"No Response"|1||0|0|0|0||0|Pourcelet||||||||"SARS-CoV-2 (COVID-19)"|Antigen|97097-0|"SARS-CoV-2 Ag Upper resp Ql IA.rapid"|"Nasopharyngeal swab"|258500001|04/09/2022|Negative|260385009
92|4244|10D2214779||Goncalves|Dennis||06/17/1983||"4299 Collins Avenue"|Miami|FL|33140||Male|7863962445|"No Response"|1||0|0|0|0||0|Goncalves||||||||"SARS-CoV-2 (COVID-19)"|Antigen|97097-0|"SARS-CoV-2 Ag Upper resp Ql IA.rapid"|"Nasopharyngeal swab"|258500001|04/09/2022|Negative|260385009
93|4244|10D2214779||Daniels|James||07/29/1950||"1707 Jones Ave NE"|Renton|FL|98056||Male|9999999999|"No Response"|1||0|0|0|0||0|Daniels||||||||"SARS-CoV-2 (COVID-19)"|Antigen|97097-0|"SARS-CoV-2 Ag Upper resp Ql IA.rapid"|"Nasopharyngeal swab"|258500001|04/09/2022|Negative|260385009
94|4244|10D2214779||Daniels|Jean||07/07/1955||"1707 Jones Ave NE"|Renton|FL|98056||Female|2062000993|"No Response"|1||0|0|0|0||0|Daniels||||||||"SARS-CoV-2 (COVID-19)"|Antigen|97097-0|"SARS-CoV-2 Ag Upper resp Ql IA.rapid"|"Nasopharyngeal swab"|258500001|04/09/2022|Negative|260385009
95|4244|10D2214779||Skemp|Susan||07/24/1944||"450 N Fed Hwy Unit 807N"|"Boynton Beach"|FL|33435||Female|5612795880|"No Response"|1||0|0|0|0||0|Skemp||||||||"SARS-CoV-2 (COVID-19)"|Antigen|97097-0|"SARS-CoV-2 Ag Upper resp Ql IA.rapid"|"Nasopharyngeal swab"|258500001|04/09/2022|Negative|260385009
96|4244|10D2214779||Tilicone|Alberto||03/06/1964||"10 Eagle Run"|Irvine|FL|92614||Male|9493750117|"No Response"|1||0|0|0|0||0|Tilicone||||||||"SARS-CoV-2 (COVID-19)"|Antigen|97097-0|"SARS-CoV-2 Ag Upper resp Ql IA.rapid"|"Nasopharyngeal swab"|258500001|04/09/2022|Negative|260385009
97|4244|10D2214779||Bloyer|Victoria||10/01/1986||"3829 Kewanee Rd"|Lantana|FL|33462||Female|5617135908|"No Response"|1||0|0|0|0||0|Bloyer||||||||"SARS-CoV-2 (COVID-19)"|Antigen|97097-0|"SARS-CoV-2 Ag Upper resp Ql IA.rapid"|"Nasopharyngeal swab"|258500001|04/09/2022|Negative|260385009
98|4244|10D2214779||Goncalves|Caroline||02/21/1983||"4299 Collins Avenue"|Miami|FL|33140||Female|7863962445|"No Response"|1||0|0|0|0||0|Goncalves||||||||"SARS-CoV-2 (COVID-19)"|Antigen|97097-0|"SARS-CoV-2 Ag Upper resp Ql IA.rapid"|"Nasopharyngeal swab"|258500001|04/09/2022|Negative|260385009
99|4244|10D2214779||Hirschman|Michael||11/11/1941||"201 Greenbrier A"|"West Palm Beach"|FL|33417||Male|9122663281|"No Response"|1||0|0|0|0||0|Hirschman||||||||"SARS-CoV-2 (COVID-19)"|Antigen|97097-0|"SARS-CoV-2 Ag Upper resp Ql IA.rapid"|"Nasopharyngeal swab"|258500001|04/09/2022|Negative|260385009
100|4244|10D2214779||Pietro|Martha||11/26/1967||"129 Foresteria Drive"|"Lake Park"|FL|33403||Female|5615744341|"No Response"|1||0|0|0|0||0|Pietro||||||||"SARS-CoV-2 (COVID-19)"|Antigen|97097-0|"SARS-CoV-2 Ag Upper resp Ql IA.rapid"|"Nasopharyngeal swab"|258500001|04/09/2022|Negative|260385009
101|4244|10D2214779||Panier|"Jean Daniel"||06/08/1964||"1950 lake Osborne Dr Apt 19"|"Lake Worth Beach"|FL|33461||Male|5616708325|"No Response"|0||0|0|0|0||0|Panier||||||||"SARS-CoV-2 (COVID-19)"|Antigen|97097-0|"SARS-CoV-2 Ag Upper resp Ql IA.rapid"|"Nasopharyngeal swab"|258500001|04/09/2022|Negative|260385009
102|4244|10D2214779||TackoreBailey|Chivelle||09/06/1994||"1727 N Congress Ave"|"West Palm Beach"|FL|33401||Female|3473565240|"No Response"|0||0|0|0|0||0|TackoreBailey||||||||"SARS-CoV-2 (COVID-19)"|Antigen|97097-0|"SARS-CoV-2 Ag Upper resp Ql IA.rapid"|"Nasopharyngeal swab"|258500001|04/09/2022|Negative|260385009
103|4244|10D2214779||Fisk|Kirsten||10/22/2056||"2295 S Ocean Blvd"|"Palm Beach"|FL|33480||Female|5616287706|"No Response"|1||0|0|0|0||0|Fisk||||||||"SARS-CoV-2 (COVID-19)"|Antigen|97097-0|"SARS-CoV-2 Ag Upper resp Ql IA.rapid"|"Nasopharyngeal swab"|258500001|04/09/2022|Negative|260385009
104|4244|10D2214779||Bailey|Devon||09/06/1997||"1727 N Congress Ave"|"West Palm Beach"|FL|33401||Male|3473565240|"No Response"|0||0|0|0|0||0|Bailey||||||||"SARS-CoV-2 (COVID-19)"|Antigen|97097-0|"SARS-CoV-2 Ag Upper resp Ql IA.rapid"|"Nasopharyngeal swab"|258500001|04/09/2022|Negative|260385009
105|4244|10D2214779||Cajuste|Beata||12/05/1969||"5218 Millennia Blvd apt 101"|Orlando|FL|32839||Female|4075357161|"No Response"|0||0|0|0|0||0|Cajuste||||||||"SARS-CoV-2 (COVID-19)"|Antigen|97097-0|"SARS-CoV-2 Ag Upper resp Ql IA.rapid"|"Nasopharyngeal swab"|258500001|04/09/2022|Negative|260385009
106|4244|10D2214779||Housen|Marjorie||05/29/1935||"2322 Devonshire Way"|"Palm Besch Gardens"|FL|33418||Female|9999999999|"No Response"|1||0|0|0|0||0|Housen||||||||"SARS-CoV-2 (COVID-19)"|PCR|94500-6|"SARS-CoV-2 RNA Resp Ql NAA+probe"|"Nasopharyngeal swab"|258500001|04/09/2022|Negative|260385009
107|4244|10D2214779||Mann|Joseph||08/29/1973||"680 Atlantis Estates Way"|Atlantis|FL|33462||Male|5619067852|"No Response"|1||0|0|0|0||0|Mann||||||||"SARS-CoV-2 (COVID-19)"|PCR|94500-6|"SARS-CoV-2 RNA Resp Ql NAA+probe"|"Nasopharyngeal swab"|258500001|04/09/2022|Negative|260385009
108|4244|10D2214779||HENGGI|ADRIAN||12/13/1956||"Ramada plaza Marco Polo sunny isles"|"Sunny Isles"|FL|33316||Male|9999999999|"No Response"|1||0|0|0|0||0|HENGGI||||||||"SARS-CoV-2 (COVID-19)"|Antigen|97097-0|"SARS-CoV-2 Ag Upper resp Ql IA.rapid"|"Nasopharyngeal swab"|258500001|04/09/2022|Negative|260385009
109|4244|10D2214779||Buchs|"Beatrice Anna"||04/18/1953||"Ramada Plaza Marco Polo Sunny Isles"|"Sunny Isles"|FL|33316||Female|9999999999|"No Response"|1||0|0|0|0||0|Buchs||||||||"SARS-CoV-2 (COVID-19)"|Antigen|97097-0|"SARS-CoV-2 Ag Upper resp Ql IA.rapid"|"Nasopharyngeal swab"|258500001|04/09/2022|Negative|260385009
110|4244|10D2214779||Francis|Franshon||10/12/1989||"805 Cypress Blvd"|"Pompano Beach"|FL|33069||Female|2424250300|"No Response"|0||0|0|0|0||0|Francis||||||||"SARS-CoV-2 (COVID-19)"|Antigen|97097-0|"SARS-CoV-2 Ag Upper resp Ql IA.rapid"|"Nasopharyngeal swab"|258500001|04/09/2022|Negative|260385009
111|4244|10D2214779||Albury|Ruth||08/14/1948||"805 Cypress Blvd"|"Pompano Beach"|FL|33069||Female|2424771713|"No Response"|0||0|0|0|0||0|Albury||||||||"SARS-CoV-2 (COVID-19)"|Antigen|97097-0|"SARS-CoV-2 Ag Upper resp Ql IA.rapid"|"Nasopharyngeal swab"|258500001|04/09/2022|Negative|260385009
112|4244|10D2214779||Mann|Meagan||03/08/1984||"680 Atlantis Estates Way"|Atlantis|FL|33462||Female|5619067852|"No Response"|1||0|0|0|0||0|Mann||||||||"SARS-CoV-2 (COVID-19)"|PCR|94500-6|"SARS-CoV-2 RNA Resp Ql NAA+probe"|"Nasopharyngeal swab"|258500001|04/09/2022|Negative|260385009
113|4244|10D2214779||Henggi|Benedikt||08/29/1947||"Ramada Plaza Marco Polo"|"Sunny Isles"|FL|33316||Male|9999999999|"No Response"|1||0|0|0|0||0|Henggi||||||||"SARS-CoV-2 (COVID-19)"|Antigen|97097-0|"SARS-CoV-2 Ag Upper resp Ql IA.rapid"|"Nasopharyngeal swab"|258500001|04/09/2022|Negative|260385009
114|4244|10D2214779||Albury|Jared||05/02/1990||"805 Cypress Blvd"|"Pompano Beach"|FL|33069||Male|2424551603|"No Response"|0||0|0|0|0||0|Albury||||||||"SARS-CoV-2 (COVID-19)"|Antigen|97097-0|"SARS-CoV-2 Ag Upper resp Ql IA.rapid"|"Nasopharyngeal swab"|258500001|01/06/2022|Negative|260385009
115|4244|10D2214779||Mann|Maximus||08/21/2015||"680 Atlantis Estates Way"|Atlantis|FL|33462||Male|5619067852|"No Response"|1||0|0|0|0||0|Mann||||||||"SARS-CoV-2 (COVID-19)"|PCR|94500-6|"SARS-CoV-2 RNA Resp Ql NAA+probe"|"Nasopharyngeal swab"|258500001|04/09/2022|Negative|260385009
116|4244|10D2214779||Brown|Clive||05/04/1957||"2562 Antlia Dr."|Orlando|FL|32828||Male|3868469157|"No Response"|0||0|0|0|0||0|Brown||||||||"SARS-CoV-2 (COVID-19)"|Antigen|97097-0|"SARS-CoV-2 Ag Upper resp Ql IA.rapid"|"Nasopharyngeal swab"|258500001|04/09/2022|Negative|260385009
117|4244|10D2214779||Mann|Grace||10/01/2016||"680 Atlantis Estates Way"|Atlantis|FL|33462||Female|5619067852|"No Response"|1||0|0|0|0||0|Mann||||||||"SARS-CoV-2 (COVID-19)"|PCR|94500-6|"SARS-CoV-2 RNA Resp Ql NAA+probe"|"Nasopharyngeal swab"|258500001|04/09/2022|Negative|260385009
118|4244|10D2214779||Mann|Faith||02/03/2020||"680 Atlantis Estates Way"|Atlantis|FL|78230||Female|5619067852|"No Response"|1||0|0|0|0||0|Mann||||||||"SARS-CoV-2 (COVID-19)"|PCR|94500-6|"SARS-CoV-2 RNA Resp Ql NAA+probe"|"Nasopharyngeal swab"|258500001|04/09/2022|Negative|260385009
119|4244|10D2214779||Mann|Sabrina||08/24/1997||"680 Atlantis Estates Way"|Atlantis|FL|33462||Female|5619067852|"No Response"|1||0|0|0|0||0|Mann||||||||"SARS-CoV-2 (COVID-19)"|PCR|94500-6|"SARS-CoV-2 RNA Resp Ql NAA+probe"|"Nasopharyngeal swab"|258500001|04/09/2022|Negative|260385009
120|4244|10D2214779||Mann|Jacob||08/09/2007||"680 Atlantis Estates Way"|Atlantis|FL|78230||Male|5619067852|"No Response"|1||0|0|0|0||0|Mann||||||||"SARS-CoV-2 (COVID-19)"|PCR|94500-6|"SARS-CoV-2 RNA Resp Ql NAA+probe"|"Nasopharyngeal swab"|258500001|04/09/2022|Negative|260385009
121|4244|10D2214779||Bradshaw|Sherlock||01/02/1961||"12210 Biscayne Blvd"|"North Miami"|FL|33181||Male|+2462316054|"No Response"|0||0|0|0|0||0|Bradshaw||||||||"SARS-CoV-2 (COVID-19)"|Antigen|97097-0|"SARS-CoV-2 Ag Upper resp Ql IA.rapid"|"Nasopharyngeal swab"|258500001|04/09/2022|Negative|260385009
122|4244|10D2214779||"Ayres da Cunha Santos Reis"|Fernando||07/12/1964||"1000 S Pointe Drive, Apt 1207"|Miami|FL|33139||Male|3054849434|"No Response"|0||0|0|0|0||0|"Ayres da Cunha Santos Reis"||||||||"SARS-CoV-2 (COVID-19)"|Antigen|97097-0|"SARS-CoV-2 Ag Upper resp Ql IA.rapid"|"Nasopharyngeal swab"|258500001|04/09/2022|Negative|260385009
123|4244|10D2214779||Espinoza|"Jose Antonio"||05/14/1951||"999 north forth lauderdale beach"|"forth lauderdale"|FL|33304||Male|9999999999|"No Response"|0||0|0|0|0||0|Espinoza||||||||"SARS-CoV-2 (COVID-19)"|PCR|94500-6|"SARS-CoV-2 RNA Resp Ql NAA+probe"|"Nasopharyngeal swab"|258500001|04/09/2022|Negative|260385009
124|4244|10D2214779||Dames|Tracy||08/23/1970||"1900 NW 150th Ave"|"Pembroke Pines"|FL|33028||Female|2423761928|"No Response"|0||0|0|0|0||0|Dames||||||||"SARS-CoV-2 (COVID-19)"|Antigen|97097-0|"SARS-CoV-2 Ag Upper resp Ql IA.rapid"|"Nasopharyngeal swab"|258500001|04/09/2022|Negative|260385009
125|4244|10D2214779||Dames|Zhivago||03/18/1972||"1900 NW 150th Ave"|"Pembroke Pines"|FL|33028||Male|2423761928|"No Response"|0||0|0|0|0||0|Dames||||||||"SARS-CoV-2 (COVID-19)"|Antigen|97097-0|"SARS-CoV-2 Ag Upper resp Ql IA.rapid"|"Nasopharyngeal swab"|258500001|04/09/2022|Negative|260385009
126|4244|10D2214779||Sargeant|Stanley||10/02/1957||"3425 E. Russell Rd #109"|"Las Vegas"|FL|89120||Male|8184269737|"No Response"|0||0|0|0|0||0|Sargeant||||||||"SARS-CoV-2 (COVID-19)"|Antigen|97097-0|"SARS-CoV-2 Ag Upper resp Ql IA.rapid"|"Nasopharyngeal swab"|258500001|04/09/2022|Negative|260385009
127|4244|10D2214779||Sargeant|Stanley||10/02/1957||"3425 E. Russell Rd #109"|"Las Vegas"|FL|89120||Male|8184269737|"No Response"|0||0|0|0|0||0|Sargeant||||||||"SARS-CoV-2 (COVID-19)"|Antigen|97097-0|"SARS-CoV-2 Ag Upper resp Ql IA.rapid"|"Nasopharyngeal swab"|258500001|04/09/2022|Negative|260385009
128|4244|10D2214779||Linzmayer|guillermo||04/22/1956||"999 north fort lauderdale beach"|"fort lkauderdale"|FL|33304||Male|9999999999|"No Response"|0||0|0|0|0||0|Linzmayer||||||||"SARS-CoV-2 (COVID-19)"|PCR|94500-6|"SARS-CoV-2 RNA Resp Ql NAA+probe"|"Nasopharyngeal swab"|258500001|04/09/2022|Negative|260385009
129|4244|10D2214779||Bullard|Clarise||12/11/1967||"19000 NW 150th Avenue"|"Pembroke Pines"|FL|33028||Female|2423760383|"No Response"|0||0|0|0|0||0|Bullard||||||||"SARS-CoV-2 (COVID-19)"|Antigen|97097-0|"SARS-CoV-2 Ag Upper resp Ql IA.rapid"|"Nasopharyngeal swab"|258500001|04/09/2022|Negative|260385009
130|4244|10D2214779||Pilcicki|Robert||07/12/1961||"210 S Savanna Dr"|Pottstown|FL|19465||Male|6108505204|"No Response"|1||0|0|0|0||0|Pilcicki||||||||"SARS-CoV-2 (COVID-19)"|Antigen|97097-0|"SARS-CoV-2 Ag Upper resp Ql IA.rapid"|"Nasopharyngeal swab"|258500001|04/09/2022|Negative|260385009
131|4244|10D2214779||Pilcicki|Nulma||10/09/1961||"210 S Savanna Dr"|Pottstown|FL|19465||Female|6108502051|"No Response"|1||0|0|0|0||0|Pilcicki||||||||"SARS-CoV-2 (COVID-19)"|Antigen|97097-0|"SARS-CoV-2 Ag Upper resp Ql IA.rapid"|"Nasopharyngeal swab"|258500001|04/09/2022|Negative|260385009
132|4244|10D2214779||Evens|Larry||10/20/1967||"2741 Tipperary Ln"|"Idaho Falls"|FL|83404||Male|2085218413|"No Response"|1||0|0|0|0||0|Evens||||||||"SARS-CoV-2 (COVID-19)"|Antigen|97097-0|"SARS-CoV-2 Ag Upper resp Ql IA.rapid"|"Nasopharyngeal swab"|258500001|04/09/2022|Negative|260385009
133|4244|10D2214779||Bullard|Howard||12/18/1967||"1900 NW  150th avenue"|"Pembroke Pines"|FL|33028||Male|2423760383|"No Response"|0||0|0|0|0||0|Bullard||||||||"SARS-CoV-2 (COVID-19)"|Antigen|97097-0|"SARS-CoV-2 Ag Upper resp Ql IA.rapid"|"Nasopharyngeal swab"|258500001|04/09/2022|Negative|260385009
134|4244|10D2214779||Evens|Nicole||06/11/1969||"2741 Tipperary Ln"|"Idaho Falls"|FL|83404||Female|2082069414|"No Response"|1||0|0|0|0||0|Evens||||||||"SARS-CoV-2 (COVID-19)"|Antigen|97097-0|"SARS-CoV-2 Ag Upper resp Ql IA.rapid"|"Nasopharyngeal swab"|258500001|04/09/2022|Negative|260385009
135|4244|10D2214779||Kilham|William||12/02/1977||Unknown|Unknown|FL|99999||Male|8605109845|"No Response"|1||0|0|0|0||0|Kilham||||||||"SARS-CoV-2 (COVID-19)"|Antigen|97097-0|"SARS-CoV-2 Ag Upper resp Ql IA.rapid"|"Nasopharyngeal swab"|258500001|04/09/2022|Negative|260385009
136|4244|10D2214779||Sommer|Beat||08/09/1963||"751 Hotel Plaza Blvd"|"Lake Buena Vista"|FL|32830||Male|9999999999|"No Response"|1||0|0|0|0||0|Sommer||||||||"SARS-CoV-2 (COVID-19)"|Antigen|97097-0|"SARS-CoV-2 Ag Upper resp Ql IA.rapid"|"Nasopharyngeal swab"|258500001|04/09/2022|Negative|260385009
137|4244|10D2214779||"Aichele Sommer"|Michele||10/08/1967||"751 Hotel Plaza Blvd"|"Lake Buena Vista"|FL|32830||Female|9999999999|"No Response"|1||0|0|0|0||0|"Aichele Sommer"||||||||"SARS-CoV-2 (COVID-19)"|Antigen|97097-0|"SARS-CoV-2 Ag Upper resp Ql IA.rapid"|"Nasopharyngeal swab"|258500001|04/09/2022|Negative|260385009
138|4244|10D2214779||Mulder|Arno||05/03/1967||"8041 Sandy Toes Way"|Kissimmee|FL|34747||Male|9999999999|"No Response"|1||0|0|0|0||0|Mulder||||||||"SARS-CoV-2 (COVID-19)"|Antigen|97097-0|"SARS-CoV-2 Ag Upper resp Ql IA.rapid"|"Nasopharyngeal swab"|258500001|04/09/2022|Negative|260385009
139|4244|10D2214779||Fokken|Ilona||06/09/1969||"8041 Sandy Toes Way"|Kissimmee|FL|34747||Female|9999999999|"No Response"|1||0|0|0|0||0|Fokken||||||||"SARS-CoV-2 (COVID-19)"|Antigen|97097-0|"SARS-CoV-2 Ag Upper resp Ql IA.rapid"|"Nasopharyngeal swab"|258500001|04/09/2022|Negative|260385009
140|4244|10D2214779||Canet|Matias||03/27/1993||"8300 Jamaican Court"|Orlando|FL|32819||Male|9999999999|"No Response"|1||0|0|0|0||0|Canet||||||||"SARS-CoV-2 (COVID-19)"|Antigen|97097-0|"SARS-CoV-2 Ag Upper resp Ql IA.rapid"|"Nasopharyngeal swab"|258500001|04/09/2022|Negative|260385009
141|4244|10D2214779||Harrison|Michelle||12/27/1981||"Treasure Island Hotel"|"Las Vegas"|FL|99999||Female|9999999999|"No Response"|1||0|0|0|0||0|Harrison||||||||"SARS-CoV-2 (COVID-19)"|Antigen|97097-0|"SARS-CoV-2 Ag Upper resp Ql IA.rapid"|"Nasopharyngeal swab"|258500001|04/09/2022|Negative|260385009
142|4244|10D2214779||Vinassa|Paula||07/02/1995||"8300 jamaican court"|Orlando|FL|32819||Female|9999999999|"No Response"|1||0|0|0|0||0|Vinassa||||||||"SARS-CoV-2 (COVID-19)"|Antigen|97097-0|"SARS-CoV-2 Ag Upper resp Ql IA.rapid"|"Nasopharyngeal swab"|258500001|04/09/2022|Negative|260385009
143|4244|10D2214779||Bird|Stuart||08/17/1976||"Treasure Island"|"Las vegas"|FL|99999||Male|07973916756|"No Response"|1||0|0|0|0||0|Bird||||||||"SARS-CoV-2 (COVID-19)"|Antigen|97097-0|"SARS-CoV-2 Ag Upper resp Ql IA.rapid"|"Nasopharyngeal swab"|258500001|04/02/2022|Negative|260385009
144|4244|10D2214779||Bethell|Philippa||07/10/1993||"1315 juniper drive"|"Edgewater florida"|FL|32132||Female|2424551804|"No Response"|0||0|0|0|0||0|Bethell||||||||"SARS-CoV-2 (COVID-19)"|Antigen|97097-0|"SARS-CoV-2 Ag Upper resp Ql IA.rapid"|"Nasopharyngeal swab"|258500001|04/09/2022|Negative|260385009
145|4244|10D2214779||Muschellack|Sheila||03/07/1985||"7936 Jacks Club Dr"|Kissimmee|FL|34747||Female|9999999999|"No Response"|1||0|0|0|0||0|Muschellack||||||||"SARS-CoV-2 (COVID-19)"|Antigen|97097-0|"SARS-CoV-2 Ag Upper resp Ql IA.rapid"|"Nasopharyngeal swab"|258500001|04/09/2022|Negative|260385009
146|4244|10D2214779||Costello|Nathali||04/26/1974||Unknown|Unknown|FL|99999||Female|5148120818|"No Response"|0||0|0|0|0||1|Costello||||||||"SARS-CoV-2 (COVID-19)"|Antigen|97097-0|"SARS-CoV-2 Ag Upper resp Ql IA.rapid"|"Nasopharyngeal swab"|258500001|04/09/2022|Negative|260385009
147|4244|10D2214779||Courtemanche|Marc||03/17/1970||Unknown|Unknown|FL|99999||Male|5148120818|"No Response"|0||0|0|0|0||1|Courtemanche||||||||"SARS-CoV-2 (COVID-19)"|Antigen|97097-0|"SARS-CoV-2 Ag Upper resp Ql IA.rapid"|"Nasopharyngeal swab"|258500001|04/09/2022|Negative|260385009
148|4244|10D2214779||Barrett|Deborah||09/06/1958||"46983 Oak St"|"East Liverpool"|FL|43920||Female|3308436540|"No Response"|1||0|0|0|0||0|Barrett||||||||"SARS-CoV-2 (COVID-19)"|Antigen|97097-0|"SARS-CoV-2 Ag Upper resp Ql IA.rapid"|"Nasopharyngeal swab"|258500001|04/09/2022|Negative|260385009
149|4244|10D2214779||Barrett|Robert||11/09/1956||"46983 Oak St"|"East Liverpool"|FL|43920||Male|3308530442|"No Response"|1||0|0|0|0||0|Barrett||||||||"SARS-CoV-2 (COVID-19)"|Antigen|97097-0|"SARS-CoV-2 Ag Upper resp Ql IA.rapid"|"Nasopharyngeal swab"|258500001|04/09/2022|Negative|260385009
150|4244|10D2214779||"Hayes  III"|James||08/01/1991||"13144 St Rt 152"|Toronto|FL|43964||Male|3308533049|"No Response"|1||0|0|0|0||0|"Hayes  III"||||||||"SARS-CoV-2 (COVID-19)"|Antigen|97097-0|"SARS-CoV-2 Ag Upper resp Ql IA.rapid"|"Nasopharyngeal swab"|258500001|04/09/2022|Negative|260385009
151|4244|10D2214779||"Lopes de Santana Mazucato"|"Victor Philippe"||01/07/1996||Unknown|Unknown|FL|99999||Male|9542973422|"No Response"|0||0|0|0|0||1|"Lopes de Santana Mazucato"||||||||"SARS-CoV-2 (COVID-19)"|Antigen|97097-0|"SARS-CoV-2 Ag Upper resp Ql IA.rapid"|"Nasopharyngeal swab"|258500001|04/09/2022|Negative|260385009
152|4244|10D2214779||Vargas|Laura||07/21/1992||"728 se 14th ct"|Fortlauderdale|FL|33316||Female|9999999999|"No Response"|0||0|0|0|0||0|Vargas||||||||"SARS-CoV-2 (COVID-19)"|Antigen|97097-0|"SARS-CoV-2 Ag Upper resp Ql IA.rapid"|"Nasopharyngeal swab"|258500001|04/09/2022|Negative|260385009
153|4244|10D2214779||"Coelho Rodrigues"|"Raimundo Nonato"||08/31/1960||"2648 ne 35 st"|"Fort Lauderdale"|FL|33306||Male|9999999999|"No Response"|0||0|0|0|0||0|"Coelho Rodrigues"||||||||"SARS-CoV-2 (COVID-19)"|PCR|94500-6|"SARS-CoV-2 RNA Resp Ql NAA+probe"|"Nasopharyngeal swab"|258500001|04/09/2022|Negative|260385009
154|4244|10D2214779||"Dias Rodrigues"|Juliana||03/15/1960||"2648 Ne 35 th st"|"Fort Lauderdeile"|FL|33306||Female|9999999999|"No Response"|0||0|0|0|0||0|"Dias Rodrigues"||||||||"SARS-CoV-2 (COVID-19)"|PCR|94500-6|"SARS-CoV-2 RNA Resp Ql NAA+probe"|"Nasopharyngeal swab"|258500001|04/09/2022|Negative|260385009
155|4244|10D2214779||Leonard|"Lorraine Margaret"||07/19/1938||"10565 La Strada"|WPB|FL|33412||Female|2032492161|"No Response"|1||0|0|0|0||0|Leonard||||||||"SARS-CoV-2 (COVID-19)"|Antigen|97097-0|"SARS-CoV-2 Ag Upper resp Ql IA.rapid"|"Nasopharyngeal swab"|258500001|04/09/2022|Negative|260385009
156|4244|10D2214779||Meredith|James||07/26/1983||Unknown|Unknown|FL|99999||Male|9999999999|"No Response"|1||0|0|0|0||0|Meredith||||||||"SARS-CoV-2 (COVID-19)"|Antigen|97097-0|"SARS-CoV-2 Ag Upper resp Ql IA.rapid"|"Nasopharyngeal swab"|258500001|04/09/2022|Negative|260385009
157|4244|10D2214779||Reher|Amy||08/07/1975||"1128 Kenwood Parkway"|Minneapolis|FL|55403||Female|6122293873|"No Response"|1||0|0|0|0||0|Reher||||||||"SARS-CoV-2 (COVID-19)"|Antigen|97097-0|"SARS-CoV-2 Ag Upper resp Ql IA.rapid"|"Nasopharyngeal swab"|258500001|04/09/2022|Negative|260385009
158|4244|10D2214779||Tinmouth|Michael||08/01/1980||Unknown|Unknown|FL|99999||Male|9999999999|"No Response"|1||0|0|0|0||0|Tinmouth||||||||"SARS-CoV-2 (COVID-19)"|Antigen|97097-0|"SARS-CoV-2 Ag Upper resp Ql IA.rapid"|"Nasopharyngeal swab"|258500001|04/09/2022|Negative|260385009
159|4244|10D2214779||Bus|Antonio||03/01/1947||"2840 Mirella Court"|Windermere|FL|34786||Male|3214407500|"No Response"|0||0|0|0|0||0|Bus||||||||"SARS-CoV-2 (COVID-19)"|Antigen|97097-0|"SARS-CoV-2 Ag Upper resp Ql IA.rapid"|"Nasopharyngeal swab"|258500001|04/09/2022|Negative|260385009
160|4244|10D2214779||Dadaglio|"Jean Pierre"||10/01/1955||"4082 WEST PALM AIRE DRIVE # 6"|"POMPANO BEACH"|FL|33069||Male|9546580818|"No Response"|1||0|0|0|0||0|Dadaglio||||||||"SARS-CoV-2 (COVID-19)"|Antigen|97097-0|"SARS-CoV-2 Ag Upper resp Ql IA.rapid"|"Nasopharyngeal swab"|258500001|04/09/2022|Negative|260385009
161|4244|10D2214779||Kindstedt|Linus||01/01/1970||"7125 Universal Boulevard"|Orlando|FL|32819||Male|9999999999|"No Response"|1||0|0|0|0||0|Kindstedt||||||||"SARS-CoV-2 (COVID-19)"|Antigen|97097-0|"SARS-CoV-2 Ag Upper resp Ql IA.rapid"|"Nasopharyngeal swab"|258500001|04/09/2022|Negative|260385009
162|4244|10D2214779||Simonsson|Jennifer||01/01/1970||"7125 Universal Blvd"|Orlando|FL|32819||Female|9999999999|"No Response"|1||0|0|0|0||0|Simonsson||||||||"SARS-CoV-2 (COVID-19)"|Antigen|97097-0|"SARS-CoV-2 Ag Upper resp Ql IA.rapid"|"Nasopharyngeal swab"|258500001|04/09/2022|Negative|260385009
163|4244|10D2214779||Butler|Patrick||12/13/1986||Unknown|Unknown|FL|99999||Male|9999999999|"No Response"|0||0|0|0|0||0|Butler||||||||"SARS-CoV-2 (COVID-19)"|Antigen|97097-0|"SARS-CoV-2 Ag Upper resp Ql IA.rapid"|"Nasopharyngeal swab"|258500001|04/09/2022|Negative|260385009
164|4244|10D2214779||Quadri|Omobowale||08/09/1968||"Marriott Fort Lauderdale north"|Florida|FL|33309||Female|9999999999|"No Response"|0||0|0|0|0||0|Quadri||||||||"SARS-CoV-2 (COVID-19)"|Antigen|97097-0|"SARS-CoV-2 Ag Upper resp Ql IA.rapid"|"Nasopharyngeal swab"|258500001|04/09/2022|Negative|260385009
165|4244|10D2214779||Quadri|Olayinka||07/27/1965||"Marriott Fort Lauderdale north"|Florida|FL|33309||Male|9999999999|"No Response"|0||0|0|0|0||0|Quadri||||||||"SARS-CoV-2 (COVID-19)"|Antigen|97097-0|"SARS-CoV-2 Ag Upper resp Ql IA.rapid"|"Nasopharyngeal swab"|258500001|04/09/2022|Negative|260385009
166|4244|10D2214779||Miller-Jones|Angela||04/10/1963||"3701 North University Drive"|"Ft Lauderdale Florida"|FL|33065||Female|2424561141|"No Response"|0||0|0|0|0||0|Miller-Jones||||||||"SARS-CoV-2 (COVID-19)"|Antigen|97097-0|"SARS-CoV-2 Ag Upper resp Ql IA.rapid"|"Nasopharyngeal swab"|258500001|04/09/2022|Negative|260385009
167|4244|10D2214779||moss|virginia||11/19/1969||"3701 north university"|"fort lauderdale"|FL|33065||Female|2424668268|"No Response"|0||0|0|0|0||0|moss||||||||"SARS-CoV-2 (COVID-19)"|Antigen|97097-0|"SARS-CoV-2 Ag Upper resp Ql IA.rapid"|"Nasopharyngeal swab"|258500001|04/09/2022|Negative|260385009
168|4244|10D2214779||moss|nakita||12/20/1990||"3701 north university"|"fort lauderdale"|FL|33065||Female|2424489105|"No Response"|0||0|0|0|0||0|moss||||||||"SARS-CoV-2 (COVID-19)"|Antigen|97097-0|"SARS-CoV-2 Ag Upper resp Ql IA.rapid"|"Nasopharyngeal swab"|258500001|04/09/2022|Negative|260385009
169|4244|10D2214779||Kiernan|Francis||03/03/1950||"2780 Hunter Road"|Weston|FL|33331||Male|9548183281|"No Response"|1||0|0|0|0||0|Kiernan||||||||"SARS-CoV-2 (COVID-19)"|Antigen|97097-0|"SARS-CoV-2 Ag Upper resp Ql IA.rapid"|"Nasopharyngeal swab"|258500001|04/09/2022|Negative|260385009
170|4244|10D2214779||Rahming|whitlean||09/06/1971||"3701 north university"|"fort lauderdale"|FL|33065||Female|2424672826|"No Response"|0||0|0|0|0||0|Rahming||||||||"SARS-CoV-2 (COVID-19)"|Antigen|97097-0|"SARS-CoV-2 Ag Upper resp Ql IA.rapid"|"Nasopharyngeal swab"|258500001|04/09/2022|Negative|260385009
171|4244|10D2214779||Kiernan|Kathleen||06/08/1948||"2780 Hunter Road"|Weston|FL|33331||Female|9544713818|"No Response"|1||0|0|0|0||0|Kiernan||||||||"SARS-CoV-2 (COVID-19)"|Antigen|97097-0|"SARS-CoV-2 Ag Upper resp Ql IA.rapid"|"Nasopharyngeal swab"|258500001|04/09/2022|Negative|260385009
172|4244|10D2214779||Darlington|"Kennard Anthony"||01/01/1970||"1026 Indian Trace Cir"|WPB|FL|33407||Male|5613370182|"No Response"|0||0|0|0|0||0|Darlington||||||||"SARS-CoV-2 (COVID-19)"|Antigen|97097-0|"SARS-CoV-2 Ag Upper resp Ql IA.rapid"|"Nasopharyngeal swab"|258500001|04/09/2022|Negative|260385009
173|4244|10D2214779||"Martínez Campo"|Raquel||09/30/1976||Unknown|Unknown|FL|99999||Female|9999999999|"No Response"|1||0|0|0|0||0|"Martínez Campo"||||||||"SARS-CoV-2 (COVID-19)"|Antigen|97097-0|"SARS-CoV-2 Ag Upper resp Ql IA.rapid"|"Nasopharyngeal swab"|258500001|04/09/2022|Negative|260385009
174|4244|10D2214779||Arrizabalaga|Ruben||10/26/1977||Unknown|Unknown|FL|99999||Male|9999999999|"No Response"|1||0|0|0|0||0|Arrizabalaga||||||||"SARS-CoV-2 (COVID-19)"|Antigen|97097-0|"SARS-CoV-2 Ag Upper resp Ql IA.rapid"|"Nasopharyngeal swab"|258500001|04/09/2022|Negative|260385009
175|4244|10D2214779||"Martínez del Rio"|Pablo||05/01/1944||Unknown|Unknown|FL|99999||Male|9999999999|"No Response"|1||0|0|0|0||0|"Martínez del Rio"||||||||"SARS-CoV-2 (COVID-19)"|Antigen|97097-0|"SARS-CoV-2 Ag Upper resp Ql IA.rapid"|"Nasopharyngeal swab"|258500001|04/09/2022|Negative|260385009
176|4244|10D2214779||Sohan-Seenath|Karen||02/05/1969||"20970 via Jasmine Apt 1"|"Boca Raton"|FL|33428||Female|5612897045|"No Response"|0||0|0|0|1||0|Sohan-Seenath||||||||"SARS-CoV-2 (COVID-19)"|Antigen|97097-0|"SARS-CoV-2 Ag Upper resp Ql IA.rapid"|"Nasopharyngeal swab"|258500001|04/09/2022|Negative|260385009
177|4244|10D2214779||"Arrizabalaga Martinez"|Alex||07/05/2007||Unknown|Unknown|FL|99999||Male|9999999999|"No Response"|1||0|0|0|0||0|"Arrizabalaga Martinez"||||||||"SARS-CoV-2 (COVID-19)"|Antigen|97097-0|"SARS-CoV-2 Ag Upper resp Ql IA.rapid"|"Nasopharyngeal swab"|258500001|04/09/2022|Negative|260385009
178|4244|10D2214779||"Arrizabalaga Martinez"|Adrian||12/05/2008||Unknown|Unknown|FL|99999||Male|9999999999|"No Response"|1||0|0|0|0||0|"Arrizabalaga Martinez"||||||||"SARS-CoV-2 (COVID-19)"|Antigen|97097-0|"SARS-CoV-2 Ag Upper resp Ql IA.rapid"|"Nasopharyngeal swab"|258500001|04/09/2022|Negative|260385009
179|4244|10D2214779||Claassens|Christine||10/15/1974||"3101 Collins Avenue"|Miami|FL|33140||Female|6263423432|"No Response"|1||0|0|0|0||0|Claassens||||||||"SARS-CoV-2 (COVID-19)"|Antigen|97097-0|"SARS-CoV-2 Ag Upper resp Ql IA.rapid"|"Nasopharyngeal swab"|258500001|04/09/2022|Negative|260385009
180|4244|10D2214779||Claassens|Mynhardt||03/27/1970||"3101 Collins Avenue"|Miami|FL|33140||Male|6263423432|"No Response"|1||0|0|0|0||0|Claassens||||||||"SARS-CoV-2 (COVID-19)"|Antigen|97097-0|"SARS-CoV-2 Ag Upper resp Ql IA.rapid"|"Nasopharyngeal swab"|258500001|04/09/2022|Negative|260385009
181|4244|10D2214779||"Arrizabalaga Martínez"|Nicolás||10/08/2012||Unknown|Unknown|FL|99999||Male|9999999999|"No Response"|1||0|0|0|0||0|"Arrizabalaga Martínez"||||||||"SARS-CoV-2 (COVID-19)"|Antigen|97097-0|"SARS-CoV-2 Ag Upper resp Ql IA.rapid"|"Nasopharyngeal swab"|258500001|04/09/2022|Negative|260385009
182|4244|10D2214779||Claassens|Dylan||02/22/2007||"3101 Collins Avenue"|Miami|FL|33140||Male|6263423432|"No Response"|1||0|0|0|0||0|Claassens||||||||"SARS-CoV-2 (COVID-19)"|Antigen|97097-0|"SARS-CoV-2 Ag Upper resp Ql IA.rapid"|"Nasopharyngeal swab"|258500001|04/09/2022|Negative|260385009
183|4244|10D2214779||Israel|Ronald||01/28/1947||"53 Brittany B"|"Delray Beach"|FL|33446||Male|9783175395|"No Response"|1||0|0|0|0||0|Israel||||||||"SARS-CoV-2 (COVID-19)"|Antigen|97097-0|"SARS-CoV-2 Ag Upper resp Ql IA.rapid"|"Nasopharyngeal swab"|258500001|04/09/2022|Negative|260385009
184|4244|10D2214779||Manrique|Ivan||02/20/1968||"206 Brians way"|Rutherfordton|FL|28139||Male|3053848635|"No Response"|0||0|0|0|0||0|Manrique||||||||"SARS-CoV-2 (COVID-19)"|Antigen|97097-0|"SARS-CoV-2 Ag Upper resp Ql IA.rapid"|"Nasopharyngeal swab"|258500001|04/09/2022|Negative|260385009
185|4244|10D2214779||Manrique|Samuel||11/10/2004||"206 Brians way"|Rutherfordton|FL|28139||Male|3053848635|"No Response"|0||0|0|0|0||0|Manrique||||||||"SARS-CoV-2 (COVID-19)"|Antigen|97097-0|"SARS-CoV-2 Ag Upper resp Ql IA.rapid"|"Nasopharyngeal swab"|258500001|04/09/2022|Negative|260385009
186|4244|10D2214779||Rivera|Monica||03/13/1979||"206 Brians way"|Rutherfordton|FL|28139||Female|3053848635|"No Response"|0||0|0|0|0||0|Rivera||||||||"SARS-CoV-2 (COVID-19)"|Antigen|97097-0|"SARS-CoV-2 Ag Upper resp Ql IA.rapid"|"Nasopharyngeal swab"|258500001|04/09/2022|Negative|260385009
187|4244|10D2214779||"López de Rivera"|"María del Carmen"||06/06/1946||"206 Brians way"|Rutherfordton|FL|28139||Female|3053848635|"No Response"|0||0|0|0|0||0|"López de Rivera"||||||||"SARS-CoV-2 (COVID-19)"|Antigen|97097-0|"SARS-CoV-2 Ag Upper resp Ql IA.rapid"|"Nasopharyngeal swab"|258500001|04/09/2022|Negative|260385009
188|4244|10D2214779||Czocher|Lawrence||01/03/1974||"3300 NW 65th Street"|"Fort Lauderdale"|FL|33309||Male|9999999999|"No Response"|1||0|0|0|0||0|Czocher||||||||"SARS-CoV-2 (COVID-19)"|Antigen|97097-0|"SARS-CoV-2 Ag Upper resp Ql IA.rapid"|"Nasopharyngeal swab"|258500001|04/09/2022|Negative|260385009
189|4244|10D2214779||Spanier-Marson|Tristan||04/28/1993||"3402 Oak trail drive"|Rowlett|FL|75088||Male|2142057733|"No Response"|1||0|0|0|0||0|Spanier-Marson||||||||"SARS-CoV-2 (COVID-19)"|Antigen|97097-0|"SARS-CoV-2 Ag Upper resp Ql IA.rapid"|"Nasopharyngeal swab"|258500001|04/09/2022|Negative|260385009
190|4244|10D2214779||Spanier-marson|Logan||01/17/1992||"3402 oak trail drive"|Rowlett|FL|75088||Female|2142057733|"No Response"|1||0|0|0|0||0|Spanier-marson||||||||"SARS-CoV-2 (COVID-19)"|Antigen|97097-0|"SARS-CoV-2 Ag Upper resp Ql IA.rapid"|"Nasopharyngeal swab"|258500001|04/09/2022|Negative|260385009
191|4244|10D2214779||Aslam|khalid||03/18/1961||"7600 International  dr"|Orlando|FL|32819||Male|9999999999|"No Response"|0||0|1|0|0||0|Aslam||||||||"SARS-CoV-2 (COVID-19)"|Antigen|97097-0|"SARS-CoV-2 Ag Upper resp Ql IA.rapid"|"Nasopharyngeal swab"|258500001|04/09/2022|Negative|260385009
192|4244|10D2214779||Aslam|khalid||03/18/1961||"7600 International  dr"|Orlando|FL|32819||Male|9999999999|"No Response"|0||0|1|0|0||0|Aslam||||||||"SARS-CoV-2 (COVID-19)"|Antigen|97097-0|"SARS-CoV-2 Ag Upper resp Ql IA.rapid"|"Nasopharyngeal swab"|258500001|04/09/2022|Negative|260385009
193|4244|10D2214779||Jones|Maurice||01/11/1984||"616 Clearwater Park Rd"|West|FL|33401||Male|12462367875|"No Response"|0||0|0|0|0||0|Jones||||||||"SARS-CoV-2 (COVID-19)"|Antigen|97097-0|"SARS-CoV-2 Ag Upper resp Ql IA.rapid"|"Nasopharyngeal swab"|258500001|04/09/2022|Negative|260385009
194|4244|10D2214779||Aslam|Casey||02/09/1964||"7600  International dr"|Orlando|FL|32189||Female|9999999999|"No Response"|1||0|0|0|0||0|Aslam||||||||"SARS-CoV-2 (COVID-19)"|Antigen|97097-0|"SARS-CoV-2 Ag Upper resp Ql IA.rapid"|"Nasopharyngeal swab"|258500001|04/09/2022|Negative|260385009
195|4244|10D2214779||Reyes|Carlos||10/31/1958||"945 SE 5th Ct"|"Deerfield Beach"|FL|33441||Male|9999999999|"No Response"|0||0|0|0|0||0|Reyes||||||||"SARS-CoV-2 (COVID-19)"|Antigen|97097-0|"SARS-CoV-2 Ag Upper resp Ql IA.rapid"|"Nasopharyngeal swab"|258500001|04/09/2022|Negative|260385009
196|4244|10D2214779||"Takamoto Sato"|"Thais Tiemi"||06/17/1986||Unknown|Unknown|FL|99999||Male|9999999999|"No Response"|0||0|0|0|0||0|"Takamoto Sato"||||||||"SARS-CoV-2 (COVID-19)"|Antigen|97097-0|"SARS-CoV-2 Ag Upper resp Ql IA.rapid"|"Nasopharyngeal swab"|258500001|04/09/2022|Negative|260385009
197|4244|10D2214779||Palek|Chad||02/28/1979||"123 Harvest Gate Blvd"|Groveland|FL|34736||Male|2164968749|"No Response"|1||0|0|0|0||0|Palek||||||||"SARS-CoV-2 (COVID-19)"|Antigen|97097-0|"SARS-CoV-2 Ag Upper resp Ql IA.rapid"|"Nasopharyngeal swab"|258500001|04/09/2022|Negative|260385009
198|4244|10D2214779||"Mateo Vila"|"Francisco javier"||06/02/1955||Unknown|Unknown|FL|99999||Male|9999999999|"No Response"|0||0|0|0|0||1|"Mateo Vila"||||||||"SARS-CoV-2 (COVID-19)"|Antigen|97097-0|"SARS-CoV-2 Ag Upper resp Ql IA.rapid"|"Nasopharyngeal swab"|258500001|04/09/2022|Negative|260385009
199|4244|10D2214779||Palek|Heather||04/14/1980||"123 Harvest Gate Blvd"|Groveland|FL|34736||Female|3307146389|"No Response"|1||0|0|0|0||0|Palek||||||||"SARS-CoV-2 (COVID-19)"|Antigen|97097-0|"SARS-CoV-2 Ag Upper resp Ql IA.rapid"|"Nasopharyngeal swab"|258500001|04/09/2022|Negative|260385009
200|4244|10D2214779||Baker|Jimmy||05/15/1988||"621 Groton dr."|Burbank|FL|91504||Male|9999999999|"No Response"|1||0|0|0|0||0|Baker||||||||"SARS-CoV-2 (COVID-19)"|Antigen|97097-0|"SARS-CoV-2 Ag Upper resp Ql IA.rapid"|"Nasopharyngeal swab"|258500001|04/09/2022|Negative|260385009
201|4244|10D2214779||Baker|Michael||09/15/1983||"621 Groton Dr"|Burbank|FL|91504||Male|8183550852|"No Response"|1||0|0|0|0||0|Baker||||||||"SARS-CoV-2 (COVID-19)"|Antigen|97097-0|"SARS-CoV-2 Ag Upper resp Ql IA.rapid"|"Nasopharyngeal swab"|258500001|04/09/2022|Negative|260385009
202|4244|10D2214779||Bohac|Juraj||10/01/2012||"1275 North Atlantic Avenue, 32931, Cocoa Beach"|"Port Canaveral"|FL|32931||Male|9999999999|"No Response"|1||0|0|0|0||0|Bohac||||||||"SARS-CoV-2 (COVID-19)"|PCR|94500-6|"SARS-CoV-2 RNA Resp Ql NAA+probe"|"Nasopharyngeal swab"|258500001|04/09/2022|Negative|260385009
203|4244|10D2214779||Dugazon|Marc||04/16/1973||"8604 park Highland dr"|Orlando|FL|32818||Male|4077013634|"No Response"|0||0|0|0|0||0|Dugazon||||||||"SARS-CoV-2 (COVID-19)"|Antigen|97097-0|"SARS-CoV-2 Ag Upper resp Ql IA.rapid"|"Nasopharyngeal swab"|258500001|04/09/2022|Negative|260385009
204|4244|10D2214779||Nola|Olanrewaju||04/13/1972||"Holiday Inn Resort Orlando, 13351 State Road 535"|Floroda|FL|32821||Male|9999999999|"No Response"|0||0|0|0|0||0|Nola||||||||"SARS-CoV-2 (COVID-19)"|Antigen|97097-0|"SARS-CoV-2 Ag Upper resp Ql IA.rapid"|"Nasopharyngeal swab"|258500001|04/09/2022|Negative|260385009
205|4244|10D2214779||Nola|Daniel||07/08/2009||"Holiday Inn Resort Orlando, 13351 state road 535"|Florida|FL|32821||Male|9999999999|"No Response"|0||0|0|0|0||0|Nola||||||||"SARS-CoV-2 (COVID-19)"|Antigen|97097-0|"SARS-CoV-2 Ag Upper resp Ql IA.rapid"|"Nasopharyngeal swab"|258500001|04/09/2022|Negative|260385009
206|4244|10D2214779||Nola|Victoria||02/25/2011||"Holiday Inn Resort Orlando, 13351 state road 535"|Florids|FL|32821||Female|9999999999|"No Response"|0||0|0|0|0||0|Nola||||||||"SARS-CoV-2 (COVID-19)"|Antigen|97097-0|"SARS-CoV-2 Ag Upper resp Ql IA.rapid"|"Nasopharyngeal swab"|258500001|04/09/2022|Negative|260385009
207|4244|10D2214779||Nola|Patience||01/06/1981||"Holiday Inn Resort Orlando, 13351 state road 535"|Florida|FL|32821||Female|9999999999|"No Response"|0||0|0|0|0||0|Nola||||||||"SARS-CoV-2 (COVID-19)"|Antigen|97097-0|"SARS-CoV-2 Ag Upper resp Ql IA.rapid"|"Nasopharyngeal swab"|258500001|04/09/2022|Negative|260385009
208|4244|10D2214779||Dugazon|Mercedes||01/01/1952||"8604 park Highland dr"|Orlando|FL|32818||Female|4077013634|"No Response"|0||0|0|0|0||0|Dugazon||||||||"SARS-CoV-2 (COVID-19)"|Antigen|97097-0|"SARS-CoV-2 Ag Upper resp Ql IA.rapid"|"Nasopharyngeal swab"|258500001|04/09/2022|Negative|260385009
209|4244|10D2214779||dolisca|baronvil||01/01/1970||"8605 Park Highland"|Orlando|FL|32818||Male|4077013634|"No Response"|0||0|0|0|0||0|dolisca||||||||"SARS-CoV-2 (COVID-19)"|Antigen|97097-0|"SARS-CoV-2 Ag Upper resp Ql IA.rapid"|"Nasopharyngeal swab"|258500001|04/09/2022|Negative|260385009
210|4244|10D2214779||Dugazon|Manita||10/09/1972||"8604 park Highland dr"|Orlando|FL|32818||Female|4077013634|"No Response"|0||0|0|0|0||0|Dugazon||||||||"SARS-CoV-2 (COVID-19)"|Antigen|97097-0|"SARS-CoV-2 Ag Upper resp Ql IA.rapid"|"Nasopharyngeal swab"|258500001|04/09/2022|Negative|260385009
211|4244|10D2214779||Bradford|"David C"||06/17/1964||Unknown|Unknown|FL|99999||Male|15196390071|"No Response"|0||0|0|0|0||1|Bradford||||||||"SARS-CoV-2 (COVID-19)"|Antigen|97097-0|"SARS-CoV-2 Ag Upper resp Ql IA.rapid"|"Nasopharyngeal swab"|258500001|04/09/2022|Negative|260385009
212|4244|10D2214779||"El Azizi"|"Ayman Hussein"||01/10/1974||Unknown|Unknown|FL|99999||Male|9999999999|"No Response"|0||0|0|0|0||1|"El Azizi"||||||||"SARS-CoV-2 (COVID-19)"|Antigen|97097-0|"SARS-CoV-2 Ag Upper resp Ql IA.rapid"|"Nasopharyngeal swab"|258500001|04/09/2022|Negative|260385009
213|4244|10D2214779||"Guzman Prado"|"Claudia Marcela"||06/12/1969||"16929 Tesla Aly"|"Winter garden fl"|FL|34787||Female|9544591927|"No Response"|0||0|0|0|0||0|"Guzman Prado"||||||||"SARS-CoV-2 (COVID-19)"|Antigen|97097-0|"SARS-CoV-2 Ag Upper resp Ql IA.rapid"|"Nasopharyngeal swab"|258500001|04/09/2022|Negative|260385009
214|4244|10D2214779||Riolo|David||04/27/1955||"16929 testa Aly"|"Winter garden fl"|FL|34787||Male|4079205569|"No Response"|1||0|0|0|0||0|Riolo||||||||"SARS-CoV-2 (COVID-19)"|Antigen|97097-0|"SARS-CoV-2 Ag Upper resp Ql IA.rapid"|"Nasopharyngeal swab"|258500001|04/09/2022|Negative|260385009
215|4244|10D2214779||Estrada|Janice||01/01/1970||Unknown|Unknown|FL|99999||Female|7873631735|"No Response"|1||0|0|0|0||0|Estrada||||||||"SARS-CoV-2 (COVID-19)"|Antigen|97097-0|"SARS-CoV-2 Ag Upper resp Ql IA.rapid"|"Nasopharyngeal swab"|258500001|04/09/2022|Negative|260385009
216|4244|10D2214779||Stone|Amanda||08/26/1988||Unknown|Unknown|FL|99999||Female|4016881200|"No Response"|1||0|0|0|0||0|Stone||||||||"SARS-CoV-2 (COVID-19)"|PCR|94500-6|"SARS-CoV-2 RNA Resp Ql NAA+probe"|"Nasopharyngeal swab"|258500001|04/09/2022|Negative|260385009
217|4244|10D2214779||Vazquez|Juan||01/01/1970||Unknown|Unknown|FL|99999||Male|7876477245|"No Response"|1||0|0|0|0||0|Vazquez||||||||"SARS-CoV-2 (COVID-19)"|Antigen|97097-0|"SARS-CoV-2 Ag Upper resp Ql IA.rapid"|"Nasopharyngeal swab"|258500001|04/09/2022|Negative|260385009
218|4244|10D2214779||"Peroza Camejo"|"Daniela Alejandra"||01/20/1997||"235 villavista"|Davenport|FL|33896||Female|4075013957|"No Response"|0||0|0|0|0||0|"Peroza Camejo"||||||||"SARS-CoV-2 (COVID-19)"|PCR|94500-6|"SARS-CoV-2 RNA Resp Ql NAA+probe"|"Nasopharyngeal swab"|258500001|04/09/2022|Negative|260385009
219|4244|10D2214779||"Camejo Sánchez"|"Migdalia Coromoto"||05/04/1966||"235 villasvista"|Davenport|FL|33896||Female|4075013957|"No Response"|0||0|0|0|0||0|"Camejo Sánchez"||||||||"SARS-CoV-2 (COVID-19)"|PCR|94500-6|"SARS-CoV-2 RNA Resp Ql NAA+probe"|"Nasopharyngeal swab"|258500001|04/09/2022|Negative|260385009
220|4244|10D2214779||Sajich|Justin||04/06/1988||"Rio Hotel Las Vegas"|Nevada|FL|89103||Male|0438926090|"No Response"|1||0|0|0|0||0|Sajich||||||||"SARS-CoV-2 (COVID-19)"|Antigen|97097-0|"SARS-CoV-2 Ag Upper resp Ql IA.rapid"|"Nasopharyngeal swab"|258500001|04/09/2022|Negative|260385009
221|4244|10D2214779||Isch|Salome||07/05/1992||Unknown|Unknown|FL|99999||Female|7863962445|"No Response"|1||0|0|0|0||0|Isch||||||||"SARS-CoV-2 (COVID-19)"|Antigen|97097-0|"SARS-CoV-2 Ag Upper resp Ql IA.rapid"|"Nasopharyngeal swab"|258500001|04/09/2022|Negative|260385009
222|4244|10D2214779||Lee-Aping|Anthony||04/05/1962||"Springhill Suites"|Orlando|FL|32839||Male|18686786243|"No Response"|0||0|0|0|1||0|Lee-Aping||||||||"SARS-CoV-2 (COVID-19)"|Antigen|97097-0|"SARS-CoV-2 Ag Upper resp Ql IA.rapid"|"Nasopharyngeal swab"|258500001|04/09/2022|Negative|260385009
223|4244|10D2214779||Nancoo|Akeem||12/27/1996||"4191 Nw 41st St"|"Fort Lauderdale"|FL|33319||Male|2425444349|"No Response"|0||0|0|0|1||0|Nancoo||||||||"SARS-CoV-2 (COVID-19)"|Antigen|97097-0|"SARS-CoV-2 Ag Upper resp Ql IA.rapid"|"Nasopharyngeal swab"|258500001|04/09/2022|Negative|260385009
224|4244|10D2214779||Jeewan|Peter||10/28/1969||"465 Brickell Avenue"|Maimi|FL|33131||Male|9999999999|"No Response"|0||0|1|0|0||0|Jeewan||||||||"SARS-CoV-2 (COVID-19)"|Antigen|97097-0|"SARS-CoV-2 Ag Upper resp Ql IA.rapid"|"Nasopharyngeal swab"|258500001|04/09/2022|Negative|260385009
225|4244|10D2214779||Buslovich|"Chloe Cidalia"||03/25/2010||Unknown|Unknown|FL|99999||Female|6475302274|"No Response"|1||0|0|0|0||0|Buslovich||||||||"SARS-CoV-2 (COVID-19)"|Antigen|97097-0|"SARS-CoV-2 Ag Upper resp Ql IA.rapid"|"Nasopharyngeal swab"|258500001|04/09/2022|Negative|260385009
226|4244|10D2214779||Suter|"Recha Clara"||11/11/1995||"1817 James Ave"|"Miami Beach"|FL|33139||Female|9999999999|"No Response"|1||0|0|0|0||0|Suter||||||||"SARS-CoV-2 (COVID-19)"|Antigen|97097-0|"SARS-CoV-2 Ag Upper resp Ql IA.rapid"|"Nasopharyngeal swab"|258500001|04/09/2022|Negative|260385009
227|4244|10D2214779||Suter-Riniker|"Franziska Marta"||10/31/1963||"1817 James Ave"|"Miami Beach"|FL|33139||Female|9999999999|"No Response"|1||0|0|0|0||0|Suter-Riniker||||||||"SARS-CoV-2 (COVID-19)"|Antigen|97097-0|"SARS-CoV-2 Ag Upper resp Ql IA.rapid"|"Nasopharyngeal swab"|258500001|04/09/2022|Negative|260385009
228|4244|10D2214779||Suter|"Julia Maria"||05/16/2002||"1817 James Ave"|"Miami Beach"|FL|33139||Female|9999999999|"No Response"|1||0|0|0|0||0|Suter||||||||"SARS-CoV-2 (COVID-19)"|Antigen|97097-0|"SARS-CoV-2 Ag Upper resp Ql IA.rapid"|"Nasopharyngeal swab"|258500001|04/09/2022|Negative|260385009
229|4244|10D2214779||Targnion|Celia||12/02/2012||Unknown|Unknown|FL|99999||Female|7863962445|"No Response"|0||0|0|0|0||1|Targnion||||||||"SARS-CoV-2 (COVID-19)"|Antigen|97097-0|"SARS-CoV-2 Ag Upper resp Ql IA.rapid"|"Nasopharyngeal swab"|258500001|04/09/2022|Negative|260385009
230|4244|10D2214779||Sarju|Patricia||12/25/1977||Unknown|Unknown|FL|99999||Female|8768696333|"No Response"|1||0|0|0|0||0|Sarju||||||||"SARS-CoV-2 (COVID-19)"|Antigen|97097-0|"SARS-CoV-2 Ag Upper resp Ql IA.rapid"|"Nasopharyngeal swab"|258500001|04/09/2022|Negative|260385009
231|4244|10D2214779||Sarju|Raamcharan||10/25/1975||Unknown|Unknown|FL|99999||Male|8768696334|"No Response"|0||0|0|0|1||0|Sarju||||||||"SARS-CoV-2 (COVID-19)"|Antigen|97097-0|"SARS-CoV-2 Ag Upper resp Ql IA.rapid"|"Nasopharyngeal swab"|258500001|04/09/2022|Negative|260385009
232|4244|10D2214779||Skinner|Dennis||11/30/1964||"4191 NW 41st St"|"Fort Lauderdale"|FL|03339||Male|2424249517|"No Response"|0||0|0|0|0||0|Skinner||||||||"SARS-CoV-2 (COVID-19)"|Antigen|97097-0|"SARS-CoV-2 Ag Upper resp Ql IA.rapid"|"Nasopharyngeal swab"|258500001|04/09/2022|Negative|260385009
233|4244|10D2214779||Clare|Randy||08/16/1964||"4191 Nw 41st St"|"Fort Lauderdale"|FL|33319||Male|2428028122|"No Response"|0||0|0|0|0||0|Clare||||||||"SARS-CoV-2 (COVID-19)"|Antigen|97097-0|"SARS-CoV-2 Ag Upper resp Ql IA.rapid"|"Nasopharyngeal swab"|258500001|04/09/2022|Negative|260385009
234|4244|10D2214779||Fleury|Mario||01/08/1973||Unknown|Unknown|FL|99999||Male|5613455801|"No Response"|0||0|0|0|0||0|Fleury||||||||"SARS-CoV-2 (COVID-19)"|Antigen|97097-0|"SARS-CoV-2 Ag Upper resp Ql IA.rapid"|"Nasopharyngeal swab"|258500001|04/09/2022|Negative|260385009
235|4244|10D2214779||"Torres Molina"|Angelo||08/21/1989||Unknown|Unknown|FL|99999||Male|8132039050|"No Response"|0||0|0|0|0||1|"Torres Molina"||||||||"SARS-CoV-2 (COVID-19)"|Antigen|97097-0|"SARS-CoV-2 Ag Upper resp Ql IA.rapid"|"Nasopharyngeal swab"|258500001|04/09/2022|Negative|260385009
236|4244|10D2214779||"Rivera Colon"|"Yashira Stephanie"||05/11/1993||Unknown|Unknown|FL|99999||Female|8138423006|"No Response"|0||0|0|0|0||1|"Rivera Colon"||||||||"SARS-CoV-2 (COVID-19)"|Antigen|97097-0|"SARS-CoV-2 Ag Upper resp Ql IA.rapid"|"Nasopharyngeal swab"|258500001|04/09/2022|Negative|260385009
237|4244|10D2214779||Waldron-Joseph|Annette||07/15/1956||"30 Bretts"|Sharpsburg|FL|30277||Female|8686400006|"No Response"|0||0|0|0|0||0|Waldron-Joseph||||||||"SARS-CoV-2 (COVID-19)"|Antigen|97097-0|"SARS-CoV-2 Ag Upper resp Ql IA.rapid"|"Nasopharyngeal swab"|258500001|04/09/2022|Negative|260385009
238|4244|10D2214779||"Perez Acosta"|Ada||03/30/1946||"510 SE 6 Terrace"|"Pompano Beach"|FL|33060||Female|9544834015|"No Response"|0||0|0|0|0||0|"Perez Acosta"||||||||"SARS-CoV-2 (COVID-19)"|Antigen|97097-0|"SARS-CoV-2 Ag Upper resp Ql IA.rapid"|"Nasopharyngeal swab"|258500001|04/09/2022|Negative|260385009
239|4244|10D2214779||Gainza|Rebeca||03/14/1969||"510 SE 6 Terrace"|"Pompano Beach"|FL|33060||Female|9544834015|"No Response"|0||0|0|0|0||0|Gainza||||||||"SARS-CoV-2 (COVID-19)"|Antigen|97097-0|"SARS-CoV-2 Ag Upper resp Ql IA.rapid"|"Nasopharyngeal swab"|258500001|04/09/2022|Negative|260385009
240|4244|10D2214779||Mosbaek|Mathias||02/07/1989||"23156 Fountain View Dr"|"Boca raton"|FL|33433||Male|9999999999|"No Response"|1||0|0|0|0||0|Mosbaek||||||||"SARS-CoV-2 (COVID-19)"|PCR|94500-6|"SARS-CoV-2 RNA Resp Ql NAA+probe"|"Nasopharyngeal swab"|258500001|04/09/2022|Negative|260385009
241|4244|10D2214779||Munson|Aaron||04/08/2004||"3352 W 1375 N"|"Cedar City"|FL|84721||Male|4352166821|"No Response"|1||0|0|0|0||0|Munson||||||||"SARS-CoV-2 (COVID-19)"|Antigen|97097-0|"SARS-CoV-2 Ag Upper resp Ql IA.rapid"|"Nasopharyngeal swab"|258500001|04/09/2022|Negative|260385009
242|4244|10D2214779||Thorpe|"Stephanie Cecile"||09/01/1974||"510 SE 6 Terrace"|"Pompano Beach"|FL|33060||Female|7542241520|"No Response"|0||0|0|0|0||0|Thorpe||||||||"SARS-CoV-2 (COVID-19)"|Antigen|97097-0|"SARS-CoV-2 Ag Upper resp Ql IA.rapid"|"Nasopharyngeal swab"|258500001|04/09/2022|Negative|260385009
243|4244|10D2214779||Sherriff|"Stephanie Marie"||03/03/1980||Unknown|Unknown|FL|99999||Female|2814552116|"No Response"|0||0|0|0|0||1|Sherriff||||||||"SARS-CoV-2 (COVID-19)"|Antigen|97097-0|"SARS-CoV-2 Ag Upper resp Ql IA.rapid"|"Nasopharyngeal swab"|258500001|04/09/2022|Negative|260385009
244|4244|10D2214779||Lisnich|"Anikka Mrcela"||12/24/2012||Unknown|Unknown|FL|99999||Female|3123424292|"No Response"|0||0|0|0|0||1|Lisnich||||||||"SARS-CoV-2 (COVID-19)"|Antigen|97097-0|"SARS-CoV-2 Ag Upper resp Ql IA.rapid"|"Nasopharyngeal swab"|258500001|04/09/2022|Negative|260385009
245|4244|10D2214779||Fischer|Brianna||02/04/1995||"1586 Corte De Pearson"|"San Jose"|FL|95124||Female|4088416595|"No Response"|1||0|0|0|0||0|Fischer||||||||"SARS-CoV-2 (COVID-19)"|Antigen|97097-0|"SARS-CoV-2 Ag Upper resp Ql IA.rapid"|"Nasopharyngeal swab"|258500001|04/09/2022|Negative|260385009
246|4244|10D2214779||Casanova|Yorfy||01/12/2006||"681 Cresting Oak Cir Orlando"|Orlando|FL|32824||Male|9999999999|"No Response"|0||0|0|0|0||0|Casanova||||||||"SARS-CoV-2 (COVID-19)"|Antigen|97097-0|"SARS-CoV-2 Ag Upper resp Ql IA.rapid"|"Nasopharyngeal swab"|258500001|04/09/2022|Negative|260385009
247|4244|10D2214779||Jerez|Joshua||04/19/2000||"5581 Veneta Way"|"Saint Cloud"|FL|34771||Male|4079946902|"No Response"|0||0|0|0|0||0|Jerez||||||||"SARS-CoV-2 (COVID-19)"|Antigen|97097-0|"SARS-CoV-2 Ag Upper resp Ql IA.rapid"|"Nasopharyngeal swab"|258500001|04/09/2022|Negative|260385009
248|4244|10D2214779||Lopez|Erick||12/04/1999||"6460 tifton place"|Orlando|FL|32807||Male|9999999999|"No Response"|0||0|0|0|0||0|Lopez||||||||"SARS-CoV-2 (COVID-19)"|Antigen|97097-0|"SARS-CoV-2 Ag Upper resp Ql IA.rapid"|"Nasopharyngeal swab"|258500001|04/09/2022|Negative|260385009
249|4244|10D2214779||Dennis|Ralph||06/20/1967||"969 satin leaf cir"|Ocoee|FL|34761||Male|4076162340|"No Response"|1||0|0|0|0||0|Dennis||||||||"SARS-CoV-2 (COVID-19)"|Antigen|97097-0|"SARS-CoV-2 Ag Upper resp Ql IA.rapid"|"Nasopharyngeal swab"|258500001|04/09/2022|Negative|260385009
250|4244|10D2214779||Hirschman|Michael||11/11/1941||"201 Greenbrier A"|"West Palm Beach"|FL|33417||Male|9122663281|"No Response"|1||0|0|0|0||0|Hirschman||||||||"SARS-CoV-2 (COVID-19)"|Antigen|97097-0|"SARS-CoV-2 Ag Upper resp Ql IA.rapid"|"Nasopharyngeal swab"|258500001|04/09/2022|Negative|260385009
251|4244|10D2214779||Skemp|Susan||07/24/1944||"450  N Federal Hwy, Apt 807N"|"Boynton Beach"|FL|33435||Female|5612795880|"No Response"|1||0|0|0|0||0|Skemp||||||||"SARS-CoV-2 (COVID-19)"|Antigen|97097-0|"SARS-CoV-2 Ag Upper resp Ql IA.rapid"|"Nasopharyngeal swab"|258500001|04/09/2022|Negative|260385009
252|4244|10D2214779||Sohan-Seenath|Karen||02/05/1969||"20970 via Jasmine Apt 1"|"Boca Raton"|FL|33428||Female|5612897045|"No Response"|0||0|0|0|1||0|Sohan-Seenath||||||||"SARS-CoV-2 (COVID-19)"|Antigen|97097-0|"SARS-CoV-2 Ag Upper resp Ql IA.rapid"|"Nasopharyngeal swab"|258500001|04/09/2022|Negative|260385009
253|4244|10D2214779||Sargeant|Stanley||10/02/1957||"3425 E. Russell Rd. #109"|"Las Vegas"|FL|89120||Male|8184269737|"No Response"|0||0|0|0|0||0|Sargeant||||||||"SARS-CoV-2 (COVID-19)"|Antigen|97097-0|"SARS-CoV-2 Ag Upper resp Ql IA.rapid"|"Nasopharyngeal swab"|258500001|04/09/2022|Negative|260385009
254|4244|10D2214779||Sargeant|Stanley||10/02/1957||"3425 E. Russell Rd. #109"|"Las Vegas"|FL|89120||Male|8184269737|"No Response"|0||0|0|0|0||0|Sargeant||||||||"SARS-CoV-2 (COVID-19)"|Antigen|97097-0|"SARS-CoV-2 Ag Upper resp Ql IA.rapid"|"Nasopharyngeal swab"|258500001|04/09/2022|Negative|260385009
255|4244|10D2214779||Darlington|"Kennard Anthony"||01/01/1970||"1026 Indian Trace Circle"|WPB|FL|33407||Male|5613370182|"No Response"|0||0|0|0|0||0|Darlington||||||||"SARS-CoV-2 (COVID-19)"|Antigen|97097-0|"SARS-CoV-2 Ag Upper resp Ql IA.rapid"|"Nasopharyngeal swab"|258500001|04/09/2022|Negative|260385009
256|4244|10D2214779||Mann|Meagan||03/08/1984||"680 Atlantis Estates Way"|Atlantis|FL|33462||Female|5619067852|"No Response"|1||0|0|0|0||0|Mann||||||||"SARS-CoV-2 (COVID-19)"|PCR|94500-6|"SARS-CoV-2 RNA Resp Ql NAA+probe"|"Nasopharyngeal swab"|258500001|04/09/2022|Negative|260385009
257|4244|10D2214779||Clare|Randy||08/16/1964||"4191 NW 41st Lauderdale lakes"|Fla|FL|33319||Male|2428028122|"No Response"|0||0|0|0|0||0|Clare||||||||"SARS-CoV-2 (COVID-19)"|Antigen|97097-0|"SARS-CoV-2 Ag Upper resp Ql IA.rapid"|"Nasopharyngeal swab"|258500001|04/09/2022|Negative|260385009
258|4244|10D2214779||Skinner|Dennis||11/30/1964||"4191 NW 41st Lauderdale lakes"|Fla|FL|33319||Male|2424249517|"No Response"|0||0|0|0|0||0|Skinner||||||||"SARS-CoV-2 (COVID-19)"|Antigen|97097-0|"SARS-CoV-2 Ag Upper resp Ql IA.rapid"|"Nasopharyngeal swab"|258500001|04/09/2022|Negative|260385009
259|4244|10D2214779||Spanier-Marson|Tristan||04/28/1993||"3402 Oak trail drive"|Rowlett|FL|75088||Male|2142057733|"No Response"|1||0|0|0|0||0|Spanier-Marson||||||||"SARS-CoV-2 (COVID-19)"|Antigen|97097-0|"SARS-CoV-2 Ag Upper resp Ql IA.rapid"|"Nasopharyngeal swab"|258500001|04/09/2022|Negative|260385009
260|4244|10D2214779||Czocher|Lawrence||01/03/1974||"3300 NW 65 street"|"Fort Lauderdale"|FL|33309||Male|9999999999|"No Response"|1||0|0|0|0||0|Czocher||||||||"SARS-CoV-2 (COVID-19)"|Antigen|97097-0|"SARS-CoV-2 Ag Upper resp Ql IA.rapid"|"Nasopharyngeal swab"|258500001|04/09/2022|Negative|260385009
261|4244|10D2214779||Riolo|David||04/27/1955||"16929 Tesla aly"|"Winter Garden"|FL|34787||Male|4079205569|"No Response"|1||0|0|0|0||0|Riolo||||||||"SARS-CoV-2 (COVID-19)"|Antigen|97097-0|"SARS-CoV-2 Ag Upper resp Ql IA.rapid"|"Nasopharyngeal swab"|258500001|04/09/2022|Negative|260385009
262|4244|10D2214779||Sohan-Seenath|Karen||02/05/1969||"20970 via Jasmine, Apt 1"|"Boca Raton"|FL|33428||Female|5612897045|"No Response"|0||0|1|0|0||0|Sohan-Seenath||||||||"SARS-CoV-2 (COVID-19)"|Antigen|97097-0|"SARS-CoV-2 Ag Upper resp Ql IA.rapid"|"Nasopharyngeal swab"|258500001|04/09/2022|Negative|260385009
263|4244|10D2214779||Olsen|Mia||03/10/2017||Unknown|Unknown|FL|99999||Female|6054307662|"No Response"|0||0|0|0|1||0|Olsen||||||||"SARS-CoV-2 (COVID-19)"|Antigen|97097-0|"SARS-CoV-2 Ag Upper resp Ql IA.rapid"|"Nasopharyngeal swab"|258500001|04/09/2022|Negative|260385009
264|4244|10D2214779||Parra|Dario||05/31/1980||"235 Pine Street"|Orlando|FL|32824||Male|4079127042|"No Response"|0||0|0|0|0||0|Parra||||||||"SARS-CoV-2 (COVID-19)"|PCR|94500-6|"SARS-CoV-2 RNA Resp Ql NAA+probe"|"Nasopharyngeal swab"|258500001|04/09/2022|Negative|260385009
265|4244|10D2214779||Czocher|Lawrence||01/03/1974||"3300 NW 65th Street"|"Fort Lauderdale"|FL|33309||Male|9999999999|"No Response"|1||0|0|0|0||0|Czocher||||||||"SARS-CoV-2 (COVID-19)"|Antigen|97097-0|"SARS-CoV-2 Ag Upper resp Ql IA.rapid"|"Nasopharyngeal swab"|258500001|04/09/2022|Negative|260385009
266|4244|10D2214779||Barrett|Deborah||09/06/1958||"46983 Oak St"|"East Liverpool"|FL|43920||Female|3308436540|"No Response"|1||0|0|0|0||0|Barrett||||||||"SARS-CoV-2 (COVID-19)"|Antigen|97097-0|"SARS-CoV-2 Ag Upper resp Ql IA.rapid"|"Nasopharyngeal swab"|258500001|04/09/2022|Negative|260385009
267|4244|10D2214779||Barrett|Robert||11/09/1956||"46983 Oak St"|"East Liverpool"|FL|43920||Male|3308530442|"No Response"|1||0|0|0|0||0|Barrett||||||||"SARS-CoV-2 (COVID-19)"|Antigen|97097-0|"SARS-CoV-2 Ag Upper resp Ql IA.rapid"|"Nasopharyngeal swab"|258500001|04/09/2022|Negative|260385009
