RecordID|FacilityID|CLIAID|PatientID|LastName|FirstName|MiddleName|DOB|SSN|StreetAddress|City|State|Zip|County|Gender|PhoneNumber|Ethnicity|RaceWhite|RaceBlack|RaceAmericanIndianAlaskanNative|RaceAsian|RaceNativeHawaiianOrOtherPacificIslander|RaceOther|RaceUnknown|RaceNoResponse|ProviderName|NPI|Pregnant|SchoolAssociation|SchoolName|MeetILIDefinition|PerformingLab|AccessionNumber|Pathogen|TestType|LOINC|LOINCShortName|SpecimenCollectionType|SpecimenSNOMED|SpecimenCollectedDate|Result|ResultSNOMED
1|4244|10D2214779||Scott|Pamela||07/21/1958||"1500 E Crooked Lake Drive"|Eustis|FL|32726||Female|9999999999|"No Response"|1||0|0|0|0||0|Scott||||||||"SARS-CoV-2 (COVID-19)"|Antigen|97097-0|"SARS-CoV-2 Ag Upper resp Ql IA.rapid"|"Nasopharyngeal swab"|258500001|04/17/2022|Negative|260385009
2|4244|10D2214779||Ramsden|Donna||01/01/1970||"10940 Emerald Chase Drive"|Orlando|FL|32836||Female|3212795233|"No Response"|1||0|0|0|0||0|Ramsden||||||||"SARS-CoV-2 (COVID-19)"|Antigen|97097-0|"SARS-CoV-2 Ag Upper resp Ql IA.rapid"|"Nasopharyngeal swab"|258500001|04/17/2022|Negative|260385009
3|4244|10D2214779||Ramsden|David||01/01/1970||"10940 Emerald Chase Drive"|Orlando|FL|32836||Male|4079080058|"No Response"|1||0|0|0|0||0|Ramsden||||||||"SARS-CoV-2 (COVID-19)"|Antigen|97097-0|"SARS-CoV-2 Ag Upper resp Ql IA.rapid"|"Nasopharyngeal swab"|258500001|04/17/2022|Negative|260385009
4|4244|10D2214779||Postma|Kahai||04/10/1984||"6800 SW Jack James Dr Stuart, FL  34997"|Unknown|FL|34997||Male|5613548004|"No Response"|1||0|0|0|0||0|Postma||||||||"SARS-CoV-2 (COVID-19)"|Antigen|97097-0|"SARS-CoV-2 Ag Upper resp Ql IA.rapid"|"Nasopharyngeal swab"|258500001|03/30/2022|Negative|260385009
5|4244|10D2214779||Postma|Kahai||04/10/1984||"6800 SW Jack James Dr Stuart, FL  34997"|Unknown|FL|34997||Male|5613548004|"No Response"|1||0|0|0|0||0|Postma||||||||"SARS-CoV-2 (COVID-19)"|Antigen|97097-0|"SARS-CoV-2 Ag Upper resp Ql IA.rapid"|"Nasopharyngeal swab"|258500001|03/30/2022|Negative|260385009
6|4244|10D2214779||Postma|Kahai||04/10/1984||"6800 SW Jack James Dr Stuart, FL  34997"|Unknown|FL|34997||Male|5613548004|"No Response"|1||0|0|0|0||0|Postma||||||||"SARS-CoV-2 (COVID-19)"|Antigen|97097-0|"SARS-CoV-2 Ag Upper resp Ql IA.rapid"|"Nasopharyngeal swab"|258500001|03/30/2022|Negative|260385009
7|4244|10D2214779||Postma|Kahai||04/10/1984||"6800 SW Jack James Dr Stuart, FL  34997"|Unknown|FL|34997||Male|5613548004|"No Response"|1||0|0|0|0||0|Postma||||||||"SARS-CoV-2 (COVID-19)"|Antigen|97097-0|"SARS-CoV-2 Ag Upper resp Ql IA.rapid"|"Nasopharyngeal swab"|258500001|03/30/2022|Negative|260385009
8|4244|10D2214779||Postma|Kahai||04/10/1984||"6800 SW Jack James Dr Stuart, FL  34997"|Unknown|FL|34997||Male|5613548004|"No Response"|1||0|0|0|0||0|Postma||||||||"SARS-CoV-2 (COVID-19)"|Antigen|97097-0|"SARS-CoV-2 Ag Upper resp Ql IA.rapid"|"Nasopharyngeal swab"|258500001|03/30/2022|Negative|260385009
9|4244|10D2214779||Postma|Kahai||04/10/1984||"6800 SW Jack James Dr Stuart, FL  34997"|Unknown|FL|34997||Male|7863962445|"No Response"|1||0|0|0|0||0|Postma||||||||"SARS-CoV-2 (COVID-19)"|Antigen|97097-0|"SARS-CoV-2 Ag Upper resp Ql IA.rapid"|"Nasopharyngeal swab"|258500001|04/18/2022|Negative|260385009
10|4244|10D2214779||Postma|Kahai||04/10/1984||Unknown|Unknown|FL|33404||Male|5613548004|"No Response"|1||0|0|0|0||0|Postma||||||||"SARS-CoV-2 (COVID-19)"|Antigen|97097-0|"SARS-CoV-2 Ag Upper resp Ql IA.rapid"|"Nasopharyngeal swab"|258500001|03/30/2022|Negative|260385009
11|4244|10D2214779||Postma|Kahai||04/10/1984||Unknown|Unknown|FL|33404||Male|5613548004|"No Response"|1||0|0|0|0||0|Postma||||||||"SARS-CoV-2 (COVID-19)"|Antigen|97097-0|"SARS-CoV-2 Ag Upper resp Ql IA.rapid"|"Nasopharyngeal swab"|258500001|03/30/2022|Negative|260385009
12|4244|10D2214779||Postma|Kahai||04/10/1984||Unknown|Unknown|FL|33404||Male|5613548004|"No Response"|1||0|0|0|0||0|Postma||||||||"SARS-CoV-2 (COVID-19)"|Antigen|97097-0|"SARS-CoV-2 Ag Upper resp Ql IA.rapid"|"Nasopharyngeal swab"|258500001|03/30/2022|Negative|260385009
13|4244|10D2214779||Postma|Kahai||04/10/1984||Unknown|Unknown|FL|33404||Male|5613548004|"No Response"|1||0|0|0|0||0|Postma||||||||"SARS-CoV-2 (COVID-19)"|Antigen|97097-0|"SARS-CoV-2 Ag Upper resp Ql IA.rapid"|"Nasopharyngeal swab"|258500001|03/30/2022|Negative|260385009
14|4244|10D2214779||Postma|Kahai||04/10/1984||Unknown|Unknown|FL|33404||Male|5613548004|"No Response"|1||0|0|0|0||0|Postma||||||||"SARS-CoV-2 (COVID-19)"|Antigen|97097-0|"SARS-CoV-2 Ag Upper resp Ql IA.rapid"|"Nasopharyngeal swab"|258500001|03/30/2022|Negative|260385009
15|4244|10D2214779||Postma|Kahai||04/10/1984||Unknown|Unknown|FL|33404||Male|7863962445|"No Response"|1||0|0|0|0||0|Postma||||||||"SARS-CoV-2 (COVID-19)"|Antigen|97097-0|"SARS-CoV-2 Ag Upper resp Ql IA.rapid"|"Nasopharyngeal swab"|258500001|04/18/2022|Negative|260385009
16|4244|10D2214779||Ramsden|Donna||01/01/1970||"10940 Emerald Chase Drive"|Orlando|FL|32836||Female|3212795233|"No Response"|1||0|0|0|0||0|Ramsden||||||||"SARS-CoV-2 (COVID-19)"|Antigen|97097-0|"SARS-CoV-2 Ag Upper resp Ql IA.rapid"|"Nasopharyngeal swab"|258500001|04/17/2022|Negative|260385009
17|4244|10D2214779||Postma|Kahai||04/10/1984||Unknown|Unknown|FL|33403||Male|5613548004|"No Response"|1||0|0|0|0||0|Postma||||||||"SARS-CoV-2 (COVID-19)"|Antigen|97097-0|"SARS-CoV-2 Ag Upper resp Ql IA.rapid"|"Nasopharyngeal swab"|258500001|03/30/2022|Negative|260385009
18|4244|10D2214779||Postma|Kahai||04/10/1984||Unknown|Unknown|FL|33403||Male|5613548004|"No Response"|1||0|0|0|0||0|Postma||||||||"SARS-CoV-2 (COVID-19)"|Antigen|97097-0|"SARS-CoV-2 Ag Upper resp Ql IA.rapid"|"Nasopharyngeal swab"|258500001|03/30/2022|Negative|260385009
19|4244|10D2214779||Postma|Kahai||04/10/1984||Unknown|Unknown|FL|33403||Male|5613548004|"No Response"|1||0|0|0|0||0|Postma||||||||"SARS-CoV-2 (COVID-19)"|Antigen|97097-0|"SARS-CoV-2 Ag Upper resp Ql IA.rapid"|"Nasopharyngeal swab"|258500001|03/30/2022|Negative|260385009
20|4244|10D2214779||Postma|Kahai||04/10/1984||Unknown|Unknown|FL|33403||Male|5613548004|"No Response"|1||0|0|0|0||0|Postma||||||||"SARS-CoV-2 (COVID-19)"|Antigen|97097-0|"SARS-CoV-2 Ag Upper resp Ql IA.rapid"|"Nasopharyngeal swab"|258500001|03/30/2022|Negative|260385009
21|4244|10D2214779||Postma|Kahai||04/10/1984||Unknown|Unknown|FL|33403||Male|5613548004|"No Response"|1||0|0|0|0||0|Postma||||||||"SARS-CoV-2 (COVID-19)"|Antigen|97097-0|"SARS-CoV-2 Ag Upper resp Ql IA.rapid"|"Nasopharyngeal swab"|258500001|03/30/2022|Negative|260385009
22|4244|10D2214779||Postma|Kahai||04/10/1984||Unknown|Unknown|FL|33403||Male|7863962445|"No Response"|1||0|0|0|0||0|Postma||||||||"SARS-CoV-2 (COVID-19)"|Antigen|97097-0|"SARS-CoV-2 Ag Upper resp Ql IA.rapid"|"Nasopharyngeal swab"|258500001|04/18/2022|Negative|260385009
23|4244|10D2214779||Postma|Kahai||04/10/1984||Unknown|Unknown|FL|33469||Male|5613548004|"No Response"|1||0|0|0|0||0|Postma||||||||"SARS-CoV-2 (COVID-19)"|Antigen|97097-0|"SARS-CoV-2 Ag Upper resp Ql IA.rapid"|"Nasopharyngeal swab"|258500001|03/30/2022|Negative|260385009
24|4244|10D2214779||Postma|Kahai||04/10/1984||Unknown|Unknown|FL|33469||Male|5613548004|"No Response"|1||0|0|0|0||0|Postma||||||||"SARS-CoV-2 (COVID-19)"|Antigen|97097-0|"SARS-CoV-2 Ag Upper resp Ql IA.rapid"|"Nasopharyngeal swab"|258500001|03/30/2022|Negative|260385009
25|4244|10D2214779||Postma|Kahai||04/10/1984||Unknown|Unknown|FL|33469||Male|5613548004|"No Response"|1||0|0|0|0||0|Postma||||||||"SARS-CoV-2 (COVID-19)"|Antigen|97097-0|"SARS-CoV-2 Ag Upper resp Ql IA.rapid"|"Nasopharyngeal swab"|258500001|03/30/2022|Negative|260385009
26|4244|10D2214779||Postma|Kahai||04/10/1984||Unknown|Unknown|FL|33469||Male|5613548004|"No Response"|1||0|0|0|0||0|Postma||||||||"SARS-CoV-2 (COVID-19)"|Antigen|97097-0|"SARS-CoV-2 Ag Upper resp Ql IA.rapid"|"Nasopharyngeal swab"|258500001|03/30/2022|Negative|260385009
27|4244|10D2214779||Postma|Kahai||04/10/1984||Unknown|Unknown|FL|33469||Male|5613548004|"No Response"|1||0|0|0|0||0|Postma||||||||"SARS-CoV-2 (COVID-19)"|Antigen|97097-0|"SARS-CoV-2 Ag Upper resp Ql IA.rapid"|"Nasopharyngeal swab"|258500001|03/30/2022|Negative|260385009
28|4244|10D2214779||Postma|Kahai||04/10/1984||Unknown|Unknown|FL|33469||Male|7863962445|"No Response"|1||0|0|0|0||0|Postma||||||||"SARS-CoV-2 (COVID-19)"|Antigen|97097-0|"SARS-CoV-2 Ag Upper resp Ql IA.rapid"|"Nasopharyngeal swab"|258500001|04/18/2022|Negative|260385009
29|4244|10D2214779||Hoilett|Abali||04/26/1983||"20805 Biscayne Blvd"|Aventura|FL|33180||Male|9999999999|"No Response"|0||0|0|0|0||0|Hoilett||||||||"SARS-CoV-2 (COVID-19)"|Antigen|97097-0|"SARS-CoV-2 Ag Upper resp Ql IA.rapid"|"Nasopharyngeal swab"|258500001|04/17/2022|Negative|260385009
30|4244|10D2214779||Ramsden|David||01/01/1970||"10940 Emerald Chase Drive"|Orlando|FL|32836||Male|4079080058|"No Response"|1||0|0|0|0||0|Ramsden||||||||"SARS-CoV-2 (COVID-19)"|Antigen|97097-0|"SARS-CoV-2 Ag Upper resp Ql IA.rapid"|"Nasopharyngeal swab"|258500001|04/17/2022|Negative|260385009
31|4244|10D2214779||Ramsden|Donna||01/01/1970||"10940 Emerald Chase Drive"|Orlando|FL|32836||Female|3212795233|"No Response"|1||0|0|0|0||0|Ramsden||||||||"SARS-CoV-2 (COVID-19)"|Antigen|97097-0|"SARS-CoV-2 Ag Upper resp Ql IA.rapid"|"Nasopharyngeal swab"|258500001|04/17/2022|Negative|260385009
32|4244|10D2214779||Postma|Kahai||04/10/1984||Unknown|Unknown|FL|99999||Male|5613548004|"No Response"|1||0|0|0|0||0|Postma||||||||"SARS-CoV-2 (COVID-19)"|Antigen|97097-0|"SARS-CoV-2 Ag Upper resp Ql IA.rapid"|"Nasopharyngeal swab"|258500001|03/30/2022|Negative|260385009
33|4244|10D2214779||Postma|Kahai||04/10/1984||Unknown|Unknown|FL|99999||Male|5613548004|"No Response"|1||0|0|0|0||0|Postma||||||||"SARS-CoV-2 (COVID-19)"|Antigen|97097-0|"SARS-CoV-2 Ag Upper resp Ql IA.rapid"|"Nasopharyngeal swab"|258500001|03/30/2022|Negative|260385009
34|4244|10D2214779||Postma|Kahai||04/10/1984||Unknown|Unknown|FL|99999||Male|5613548004|"No Response"|1||0|0|0|0||0|Postma||||||||"SARS-CoV-2 (COVID-19)"|Antigen|97097-0|"SARS-CoV-2 Ag Upper resp Ql IA.rapid"|"Nasopharyngeal swab"|258500001|03/30/2022|Negative|260385009
35|4244|10D2214779||Postma|Kahai||04/10/1984||Unknown|Unknown|FL|99999||Male|5613548004|"No Response"|1||0|0|0|0||0|Postma||||||||"SARS-CoV-2 (COVID-19)"|Antigen|97097-0|"SARS-CoV-2 Ag Upper resp Ql IA.rapid"|"Nasopharyngeal swab"|258500001|03/30/2022|Negative|260385009
36|4244|10D2214779||Postma|Kahai||04/10/1984||Unknown|Unknown|FL|99999||Male|5613548004|"No Response"|1||0|0|0|0||0|Postma||||||||"SARS-CoV-2 (COVID-19)"|Antigen|97097-0|"SARS-CoV-2 Ag Upper resp Ql IA.rapid"|"Nasopharyngeal swab"|258500001|03/30/2022|Negative|260385009
37|4244|10D2214779||Postma|Kahai||04/10/1984||Unknown|Unknown|FL|99999||Male|7863962445|"No Response"|1||0|0|0|0||0|Postma||||||||"SARS-CoV-2 (COVID-19)"|Antigen|97097-0|"SARS-CoV-2 Ag Upper resp Ql IA.rapid"|"Nasopharyngeal swab"|258500001|04/18/2022|Negative|260385009
38|4244|10D2214779||Heckelman|Harris||04/07/1989||"2682 Palmer place"|Weston|FL|33332||Male|4042294480|"No Response"|1||0|0|0|0||0|Heckelman||||||||"SARS-CoV-2 (COVID-19)"|PCR|94500-6|"SARS-CoV-2 RNA Resp Ql NAA+probe"|"Nasopharyngeal swab"|258500001|04/17/2022|Negative|260385009
39|4244|10D2214779||Postma|Kahai||04/10/1984||Unknown|Unknown|FL|99999||Male|5613548004|"No Response"|1||0|0|0|0||0|Postma||||||||"SARS-CoV-2 (COVID-19)"|Antigen|97097-0|"SARS-CoV-2 Ag Upper resp Ql IA.rapid"|"Nasopharyngeal swab"|258500001|03/30/2022|Negative|260385009
40|4244|10D2214779||Postma|Kahai||04/10/1984||Unknown|Unknown|FL|99999||Male|5613548004|"No Response"|1||0|0|0|0||0|Postma||||||||"SARS-CoV-2 (COVID-19)"|Antigen|97097-0|"SARS-CoV-2 Ag Upper resp Ql IA.rapid"|"Nasopharyngeal swab"|258500001|03/30/2022|Negative|260385009
41|4244|10D2214779||Postma|Kahai||04/10/1984||Unknown|Unknown|FL|99999||Male|5613548004|"No Response"|1||0|0|0|0||0|Postma||||||||"SARS-CoV-2 (COVID-19)"|Antigen|97097-0|"SARS-CoV-2 Ag Upper resp Ql IA.rapid"|"Nasopharyngeal swab"|258500001|03/30/2022|Negative|260385009
42|4244|10D2214779||Postma|Kahai||04/10/1984||Unknown|Unknown|FL|99999||Male|5613548004|"No Response"|1||0|0|0|0||0|Postma||||||||"SARS-CoV-2 (COVID-19)"|Antigen|97097-0|"SARS-CoV-2 Ag Upper resp Ql IA.rapid"|"Nasopharyngeal swab"|258500001|03/30/2022|Negative|260385009
43|4244|10D2214779||Postma|Kahai||04/10/1984||Unknown|Unknown|FL|99999||Male|5613548004|"No Response"|1||0|0|0|0||0|Postma||||||||"SARS-CoV-2 (COVID-19)"|Antigen|97097-0|"SARS-CoV-2 Ag Upper resp Ql IA.rapid"|"Nasopharyngeal swab"|258500001|03/30/2022|Negative|260385009
44|4244|10D2214779||Postma|Kahai||04/10/1984||Unknown|Unknown|FL|99999||Male|7863962445|"No Response"|1||0|0|0|0||0|Postma||||||||"SARS-CoV-2 (COVID-19)"|Antigen|97097-0|"SARS-CoV-2 Ag Upper resp Ql IA.rapid"|"Nasopharyngeal swab"|258500001|04/18/2022|Negative|260385009
45|4244|10D2214779||Hoilett|Abali||04/26/1983||"9081 Sunset Strip"|Sunrise|FL|33322||Male|9999999999|"No Response"|0||0|0|0|0||0|Hoilett||||||||"SARS-CoV-2 (COVID-19)"|Antigen|97097-0|"SARS-CoV-2 Ag Upper resp Ql IA.rapid"|"Nasopharyngeal swab"|258500001|04/17/2022|Negative|260385009
46|4244|10D2214779||Dochev|Petar||03/17/1979||"9014 Murano Mews Court"|Kissimmee|FL|34747||Male|4075801289|"No Response"|1||0|0|0|0||0|Dochev||||||||"SARS-CoV-2 (COVID-19)"|Antigen|97097-0|"SARS-CoV-2 Ag Upper resp Ql IA.rapid"|"Nasopharyngeal swab"|258500001|04/17/2022|Negative|260385009
47|4244|10D2214779||Dochev|Petar||03/17/1979||"9014 Murano Mews Court"|Kissimmee|FL|34747||Male|4075801289|"No Response"|1||0|0|0|0||0|Dochev||||||||"SARS-CoV-2 (COVID-19)"|Antigen|97097-0|"SARS-CoV-2 Ag Upper resp Ql IA.rapid"|"Nasopharyngeal swab"|258500001|04/17/2022|Negative|260385009
48|4244|10D2214779||Newman|Maristela||04/22/1955||"2700 N Federal Hwy#501"|"Boynton Beach"|FL|33435||Female|4157175531|"No Response"|1||0|0|0|0||0|Newman||||||||"SARS-CoV-2 (COVID-19)"|Antigen|97097-0|"SARS-CoV-2 Ag Upper resp Ql IA.rapid"|"Nasopharyngeal swab"|258500001|04/17/2022|Negative|260385009
49|4244|10D2214779||Ramsden|David||01/01/1970||"10940 Emerald Chase Dr"|Orlando|FL|32836||Male|4079080058|"No Response"|1||0|0|0|0||0|Ramsden||||||||"SARS-CoV-2 (COVID-19)"|Antigen|97097-0|"SARS-CoV-2 Ag Upper resp Ql IA.rapid"|"Nasopharyngeal swab"|258500001|04/17/2022|Negative|260385009
50|4244|10D2214779||Ramsden|Donna||01/01/1970||"10940 Emerald Chase Dr"|Orlando|FL|32836||Female|3212795233|"No Response"|1||0|0|0|0||0|Ramsden||||||||"SARS-CoV-2 (COVID-19)"|Antigen|97097-0|"SARS-CoV-2 Ag Upper resp Ql IA.rapid"|"Nasopharyngeal swab"|258500001|04/17/2022|Negative|260385009
51|4244|10D2214779||Roper|Barton||03/24/1963||"13481 Treasure Cove Circle"|"North Palm Beach"|FL|33408||Male|2024867100|"No Response"|1||0|0|0|0||0|Roper||||||||"SARS-CoV-2 (COVID-19)"|Antigen|97097-0|"SARS-CoV-2 Ag Upper resp Ql IA.rapid"|"Nasopharyngeal swab"|258500001|04/17/2022|Negative|260385009
52|4244|10D2214779||Roper|Barton||03/24/1963||"13481 Treasure Cove Circle"|"North Palm Beach"|FL|33408||Male|2024867100|"No Response"|1||0|0|0|0||0|Roper||||||||"SARS-CoV-2 (COVID-19)"|Antigen|97097-0|"SARS-CoV-2 Ag Upper resp Ql IA.rapid"|"Nasopharyngeal swab"|258500001|04/17/2022|Negative|260385009
53|4244|10D2214779||Hoilett|Abali||04/26/1983||"8440 south Dixie highway"|Miami|FL|33143||Male|9999999999|"No Response"|0||0|0|0|0||0|Hoilett||||||||"SARS-CoV-2 (COVID-19)"|Antigen|97097-0|"SARS-CoV-2 Ag Upper resp Ql IA.rapid"|"Nasopharyngeal swab"|258500001|04/17/2022|Negative|260385009
54|4244|10D2214779||Postma|Kahai||04/10/1984||Unknown|Unknown|FL|99999||Male|5613548004|"No Response"|1||0|0|0|0||0|Postma||||||||"SARS-CoV-2 (COVID-19)"|Antigen|97097-0|"SARS-CoV-2 Ag Upper resp Ql IA.rapid"|"Nasopharyngeal swab"|258500001|03/30/2022|Negative|260385009
55|4244|10D2214779||Postma|Kahai||04/10/1984||Unknown|Unknown|FL|99999||Male|5613548004|"No Response"|1||0|0|0|0||0|Postma||||||||"SARS-CoV-2 (COVID-19)"|Antigen|97097-0|"SARS-CoV-2 Ag Upper resp Ql IA.rapid"|"Nasopharyngeal swab"|258500001|03/30/2022|Negative|260385009
56|4244|10D2214779||Postma|Kahai||04/10/1984||Unknown|Unknown|FL|99999||Male|5613548004|"No Response"|1||0|0|0|0||0|Postma||||||||"SARS-CoV-2 (COVID-19)"|Antigen|97097-0|"SARS-CoV-2 Ag Upper resp Ql IA.rapid"|"Nasopharyngeal swab"|258500001|03/30/2022|Negative|260385009
57|4244|10D2214779||Postma|Kahai||04/10/1984||Unknown|Unknown|FL|99999||Male|5613548004|"No Response"|1||0|0|0|0||0|Postma||||||||"SARS-CoV-2 (COVID-19)"|Antigen|97097-0|"SARS-CoV-2 Ag Upper resp Ql IA.rapid"|"Nasopharyngeal swab"|258500001|03/30/2022|Negative|260385009
58|4244|10D2214779||Postma|Kahai||04/10/1984||Unknown|Unknown|FL|99999||Male|5613548004|"No Response"|1||0|0|0|0||0|Postma||||||||"SARS-CoV-2 (COVID-19)"|Antigen|97097-0|"SARS-CoV-2 Ag Upper resp Ql IA.rapid"|"Nasopharyngeal swab"|258500001|03/30/2022|Negative|260385009
59|4244|10D2214779||Postma|Kahai||04/10/1984||Unknown|Unknown|FL|99999||Male|7863962445|"No Response"|1||0|0|0|0||0|Postma||||||||"SARS-CoV-2 (COVID-19)"|Antigen|97097-0|"SARS-CoV-2 Ag Upper resp Ql IA.rapid"|"Nasopharyngeal swab"|258500001|04/18/2022|Negative|260385009
60|4244|10D2214779||Adames|Leonardo||06/26/1959||"1504 Bay Road #3302"|"Miami Beach"|FL|33139||Male|7869992846|"No Response"|0||0|0|0|0||0|Adames||||||||"SARS-CoV-2 (COVID-19)"|Antigen|97097-0|"SARS-CoV-2 Ag Upper resp Ql IA.rapid"|"Nasopharyngeal swab"|258500001|04/17/2022|Negative|260385009
61|4244|10D2214779||Dochev|Petar||03/17/1979||"9014 Murano Mews Court"|Kissimmee|FL|34747||Male|4075801289|"No Response"|1||0|0|0|0||0|Dochev||||||||"SARS-CoV-2 (COVID-19)"|Antigen|97097-0|"SARS-CoV-2 Ag Upper resp Ql IA.rapid"|"Nasopharyngeal swab"|258500001|04/17/2022|Negative|260385009
62|4244|10D2214779||Dochev|Petar||03/17/1979||"9014 Murano Mews Court"|Kissimmee|FL|34747||Male|4075801289|"No Response"|1||0|0|0|0||0|Dochev||||||||"SARS-CoV-2 (COVID-19)"|Antigen|97097-0|"SARS-CoV-2 Ag Upper resp Ql IA.rapid"|"Nasopharyngeal swab"|258500001|04/17/2022|Negative|260385009
63|4244|10D2214779||Heckelman|Harris||04/07/1989||"2682 Palmer Place"|Weston|FL|33332||Male|4042294480|"No Response"|1||0|0|0|0||0|Heckelman||||||||"SARS-CoV-2 (COVID-19)"|PCR|94500-6|"SARS-CoV-2 RNA Resp Ql NAA+probe"|"Nasopharyngeal swab"|258500001|04/17/2022|Negative|260385009
64|4244|10D2214779||Barker|Shauna||11/12/1991||"Caravan court"|Orlando|FL|99999||Female|0876909255|"No Response"|1||0|0|0|0||0|Barker||||||||"SARS-CoV-2 (COVID-19)"|Antigen|97097-0|"SARS-CoV-2 Ag Upper resp Ql IA.rapid"|"Nasopharyngeal swab"|258500001|04/17/2022|Negative|260385009
65|4244|10D2214779||Townsend|Mark||05/13/1955||Unknown|"Bullhead City"|FL|86442||Male|9286055696|"No Response"|1||0|0|0|0||0|Townsend||||||||"SARS-CoV-2 (COVID-19)"|Antigen|97097-0|"SARS-CoV-2 Ag Upper resp Ql IA.rapid"|"Nasopharyngeal swab"|258500001|04/17/2022|Negative|260385009
66|4244|10D2214779||Townsend|Luci||08/28/1957||Unknown|"Bullhead city"|FL|86439||Female|9286055749|"No Response"|0||0|0|0|1||0|Townsend||||||||"SARS-CoV-2 (COVID-19)"|Antigen|97097-0|"SARS-CoV-2 Ag Upper resp Ql IA.rapid"|"Nasopharyngeal swab"|258500001|04/17/2022|Negative|260385009
67|4244|10D2214779||Alford|Claire||11/17/1976||"UNIVERSAL STUDIOS ENDLESS SUMMER RESORT DOCKSIDE, 7125 UNIVERSAL BLVD"|ORLANDO|FL|32819||Female|9999999999|"No Response"|1||0|0|0|0||0|Alford||||||||"SARS-CoV-2 (COVID-19)"|Antigen|97097-0|"SARS-CoV-2 Ag Upper resp Ql IA.rapid"|"Nasopharyngeal swab"|258500001|04/17/2022|Negative|260385009
68|4244|10D2214779||ALFORD|ADRIAN||05/31/1968||"UNIVERSAL STUDIOS ENDLESS SUMMER RESORT DOCKSIDE, 7125 UNIVERSAL BLVD"|ORLANDO|FL|32819||Male|9999999999|"No Response"|1||0|0|0|0||0|ALFORD||||||||"SARS-CoV-2 (COVID-19)"|Antigen|97097-0|"SARS-CoV-2 Ag Upper resp Ql IA.rapid"|"Nasopharyngeal swab"|258500001|04/17/2022|Negative|260385009
69|4244|10D2214779||ALFORD|NATASCHA||10/05/2006||"Universal studios endless summer resort dockside, 7125 universal blvd"|Orlando|FL|32819||Female|9999999999|"No Response"|1||0|0|0|0||0|ALFORD||||||||"SARS-CoV-2 (COVID-19)"|Antigen|97097-0|"SARS-CoV-2 Ag Upper resp Ql IA.rapid"|"Nasopharyngeal swab"|258500001|04/17/2022|Negative|260385009
70|4244|10D2214779||Alford|James||01/25/2008||"UNIVERSAL STUDIOS ENDLESS SUMMER RESORT DOCKSIDE, 7125 UNIVERSAL BLVD"|ORLANDO|FL|32819||Male|9999999999|"No Response"|1||0|0|0|0||0|Alford||||||||"SARS-CoV-2 (COVID-19)"|Antigen|97097-0|"SARS-CoV-2 Ag Upper resp Ql IA.rapid"|"Nasopharyngeal swab"|258500001|04/17/2022|Negative|260385009
71|4244|10D2214779||ALFORD|RYAN||01/25/2008||"Universal studios endless summer resort dockside, 7125 universal blvd"|Orlando|FL|32819||Male|9999999999|"No Response"|1||0|0|0|0||0|ALFORD||||||||"SARS-CoV-2 (COVID-19)"|Antigen|97097-0|"SARS-CoV-2 Ag Upper resp Ql IA.rapid"|"Nasopharyngeal swab"|258500001|04/17/2022|Negative|260385009
72|4244|10D2214779||Nadeau|Chantal||01/07/1969||"1201, Federal hwy"|Hollywood|FL|33020||Female|14189313968|"No Response"|1||0|0|0|0||0|Nadeau||||||||"SARS-CoV-2 (COVID-19)"|Antigen|97097-0|"SARS-CoV-2 Ag Upper resp Ql IA.rapid"|"Nasopharyngeal swab"|258500001|04/17/2022|Negative|260385009
73|4244|10D2214779||Subnaik|Reeta||01/23/1984||"1629 nw 8th zero avenue"|Margate|FL|33063||Female|18683907066|"No Response"|0||0|1|0|0||0|Subnaik||||||||"SARS-CoV-2 (COVID-19)"|Antigen|97097-0|"SARS-CoV-2 Ag Upper resp Ql IA.rapid"|"Nasopharyngeal swab"|258500001|04/17/2022|Negative|260385009
74|4244|10D2214779||Lal|Chandini||11/06/1995||"1629 Nw 80th avenue"|Margate|FL|33306||Female|18683907066|"No Response"|0||0|1|0|0||0|Lal||||||||"SARS-CoV-2 (COVID-19)"|Antigen|97097-0|"SARS-CoV-2 Ag Upper resp Ql IA.rapid"|"Nasopharyngeal swab"|258500001|04/17/2022|Negative|260385009
75|4244|10D2214779||Barker|Shauna||11/12/1991||"Carnival court"|Orlando|FL|00651||Female|0876909255|"No Response"|1||0|0|0|0||0|Barker||||||||"SARS-CoV-2 (COVID-19)"|Antigen|97097-0|"SARS-CoV-2 Ag Upper resp Ql IA.rapid"|"Nasopharyngeal swab"|258500001|04/17/2022|Negative|260385009
76|4244|10D2214779||Schoenherr|Tatiana||08/26/1964||"Courtyard hotel"|"Fort Lauderdale"|FL|33319||Female|9999999999|"No Response"|1||0|0|0|0||0|Schoenherr||||||||"SARS-CoV-2 (COVID-19)"|Antigen|97097-0|"SARS-CoV-2 Ag Upper resp Ql IA.rapid"|"Nasopharyngeal swab"|258500001|04/17/2022|Negative|260385009
77|4244|10D2214779||Cifuentes|Paulina||01/10/1994||"8222 jamaican court"|Orlando|FL|99999||Female|56952345868|"No Response"|0||0|0|0|0||0|Cifuentes||||||||"SARS-CoV-2 (COVID-19)"|Antigen|97097-0|"SARS-CoV-2 Ag Upper resp Ql IA.rapid"|"Nasopharyngeal swab"|258500001|04/17/2022|Negative|260385009
78|4244|10D2214779||muñoz|Cristobal||10/15/1987||"8222 jamaican court"|Unknown|FL|99999||Male|9999999999|"No Response"|0||0|0|0|0||0|muñoz||||||||"SARS-CoV-2 (COVID-19)"|Antigen|97097-0|"SARS-CoV-2 Ag Upper resp Ql IA.rapid"|"Nasopharyngeal swab"|258500001|04/17/2022|Negative|260385009
79|4244|10D2214779||Figueroa|Nicole||03/16/1990||"8222 jamaican court"|Unknown|FL|99999||Female|9999999999|"No Response"|0||0|0|0|0||0|Figueroa||||||||"SARS-CoV-2 (COVID-19)"|Antigen|97097-0|"SARS-CoV-2 Ag Upper resp Ql IA.rapid"|"Nasopharyngeal swab"|258500001|04/17/2022|Negative|260385009
80|4244|10D2214779||Lopez|Pedro||06/28/1988||"8222 jamaican court"|Orlando|FL|99999||Male|5694016304|"No Response"|0||0|0|0|0||0|Lopez||||||||"SARS-CoV-2 (COVID-19)"|Antigen|97097-0|"SARS-CoV-2 Ag Upper resp Ql IA.rapid"|"Nasopharyngeal swab"|258500001|04/17/2022|Negative|260385009
81|4244|10D2214779||Alford|Claire||11/17/1976||"Universal studios endless summer resort dockside,"|Orlando|FL|32819||Female|9999999999|"No Response"|1||0|0|0|0||0|Alford||||||||"SARS-CoV-2 (COVID-19)"|Antigen|97097-0|"SARS-CoV-2 Ag Upper resp Ql IA.rapid"|"Nasopharyngeal swab"|258500001|04/17/2022|Negative|260385009
82|4244|10D2214779||Schoenherr|Frank||09/05/1959||"Courtyard Hotel"|"Ford Lauderdale"|FL|33316||Male|9999999999|"No Response"|1||0|0|0|0||0|Schoenherr||||||||"SARS-CoV-2 (COVID-19)"|Antigen|97097-0|"SARS-CoV-2 Ag Upper resp Ql IA.rapid"|"Nasopharyngeal swab"|258500001|04/17/2022|Negative|260385009
83|4244|10D2214779||Geerman|Joslyn||06/18/1992||Unknown|Unknown|FL|99999||Female|7863962445|"No Response"|0||0|0|0|1||0|Geerman||||||||"SARS-CoV-2 (COVID-19)"|Antigen|97097-0|"SARS-CoV-2 Ag Upper resp Ql IA.rapid"|"Nasopharyngeal swab"|258500001|04/17/2022|Negative|260385009
84|4244|10D2214779||Tromp|Jahad||04/09/1990||Unknown|Unknown|FL|99999||Male|7863962445|"No Response"|0||0|0|0|1||0|Tromp||||||||"SARS-CoV-2 (COVID-19)"|Antigen|97097-0|"SARS-CoV-2 Ag Upper resp Ql IA.rapid"|"Nasopharyngeal swab"|258500001|04/17/2022|Negative|260385009
85|4244|10D2214779||Heckelman|Harris||04/07/1989||"2682 Palmer Place"|Weston|FL|33332||Male|4042294480|"No Response"|1||0|0|0|0||0|Heckelman||||||||"SARS-CoV-2 (COVID-19)"|PCR|94500-6|"SARS-CoV-2 RNA Resp Ql NAA+probe"|"Nasopharyngeal swab"|258500001|04/17/2022|Negative|260385009
86|4244|10D2214779||Saki|Ryan||01/07/2013||"4320 Commons Dr W unit 3307"|Destin|FL|32541||Male|5146620058|"No Response"|0||0|0|0|1||0|Saki||||||||"SARS-CoV-2 (COVID-19)"|Antigen|97097-0|"SARS-CoV-2 Ag Upper resp Ql IA.rapid"|"Nasopharyngeal swab"|258500001|04/17/2022|Negative|260385009
87|4244|10D2214779||"Calvo Orozco"|Melannie||01/17/1991||"Beachwalk resort"|"Hallandale, Fort Lauderdale"|FL|33008||Female|9999999999|"No Response"|0||0|0|0|0||0|"Calvo Orozco"||||||||"SARS-CoV-2 (COVID-19)"|PCR|94500-6|"SARS-CoV-2 RNA Resp Ql NAA+probe"|"Nasopharyngeal swab"|258500001|04/17/2022|Negative|260385009
88|4244|10D2214779||Saki|Nick||07/04/2016||"4320 Commons Dr W unit 3307"|Destin|FL|32541||Male|51466620058|"No Response"|0||0|0|0|1||0|Saki||||||||"SARS-CoV-2 (COVID-19)"|Antigen|97097-0|"SARS-CoV-2 Ag Upper resp Ql IA.rapid"|"Nasopharyngeal swab"|258500001|04/17/2022|Negative|260385009
89|4244|10D2214779||Capodanno|Susanne||12/22/1948||"1542 Jupiter Cove Dr, 601C"|Jupiter|FL|33469||Female|5617622061|"No Response"|1||0|0|0|0||0|Capodanno||||||||"SARS-CoV-2 (COVID-19)"|Antigen|97097-0|"SARS-CoV-2 Ag Upper resp Ql IA.rapid"|"Nasopharyngeal swab"|258500001|04/17/2022|Negative|260385009
90|4244|10D2214779||Capodanno|James||10/30/1956||"1542 Jupiter Cove Dr, 601C"|Jupiter|FL|33469||Male|5617622061|"No Response"|1||0|0|0|0||0|Capodanno||||||||"SARS-CoV-2 (COVID-19)"|Antigen|97097-0|"SARS-CoV-2 Ag Upper resp Ql IA.rapid"|"Nasopharyngeal swab"|258500001|04/17/2022|Negative|260385009
91|4244|10D2214779||Newman|Maristela||04/22/1955||"2700 N Federal Hwy"|"Boynton Beach"|FL|33445||Female|4157175531|"No Response"|1||0|0|0|0||0|Newman||||||||"SARS-CoV-2 (COVID-19)"|Antigen|97097-0|"SARS-CoV-2 Ag Upper resp Ql IA.rapid"|"Nasopharyngeal swab"|258500001|04/17/2022|Negative|260385009
92|4244|10D2214779||Campbell|Brooklyn||05/09/2015||"7560 NW 28th"|Margate|FL|33063||Female|2424515683|"No Response"|0||0|0|0|0||0|Campbell||||||||"SARS-CoV-2 (COVID-19)"|Antigen|97097-0|"SARS-CoV-2 Ag Upper resp Ql IA.rapid"|"Nasopharyngeal swab"|258500001|04/17/2022|Negative|260385009
93|4244|10D2214779||Roker|Tommel||06/20/1987||"7560 NW 28th St"|Margate|FL|33063||Female|9999999999|"No Response"|0||0|0|0|0||0|Roker||||||||"SARS-CoV-2 (COVID-19)"|Antigen|97097-0|"SARS-CoV-2 Ag Upper resp Ql IA.rapid"|"Nasopharyngeal swab"|258500001|04/17/2022|Negative|260385009
94|4244|10D2214779||"Da rocha"|Vera||07/06/1953||"4381 Sw 10 Place#108"|"Deerfield Beach"|FL|33442||Female|9545016126|"No Response"|0||0|0|0|0||0|"Da rocha"||||||||"SARS-CoV-2 (COVID-19)"|Antigen|97097-0|"SARS-CoV-2 Ag Upper resp Ql IA.rapid"|"Nasopharyngeal swab"|258500001|04/17/2022|Negative|260385009
95|4244|10D2214779||Ray|Marianna||04/22/1969||"10804 Bahama Palm Way"|"Boynton Beach"|FL|33437||Female|7186441051|"No Response"|1||0|0|0|0||0|Ray||||||||"SARS-CoV-2 (COVID-19)"|Antigen|97097-0|"SARS-CoV-2 Ag Upper resp Ql IA.rapid"|"Nasopharyngeal swab"|258500001|04/17/2022|Negative|260385009
96|4244|10D2214779||AREVALO|JEANNETTE||11/29/1969||"1618575 Way N"|"Palm Beach Gardens"|FL|33418||Male|5613890061|"No Response"|0||0|0|0|0||0|AREVALO||||||||"SARS-CoV-2 (COVID-19)"|Antigen|97097-0|"SARS-CoV-2 Ag Upper resp Ql IA.rapid"|"Nasopharyngeal swab"|258500001|04/17/2022|Negative|260385009
97|4244|10D2214779||BARRANTES|MARIA||12/09/1949||"1618575 Way N"|"Palm Beach Gardens"|FL|33418||Female|5613890061|"No Response"|0||0|0|0|0||0|BARRANTES||||||||"SARS-CoV-2 (COVID-19)"|Antigen|97097-0|"SARS-CoV-2 Ag Upper resp Ql IA.rapid"|"Nasopharyngeal swab"|258500001|04/17/2022|Negative|260385009
98|4244|10D2214779||Couttenye|Elena||05/04/1965||"2810 Polo Island Dr. UNit C101"|Wellington|FL|33414||Female|5617774123|"No Response"|0||0|0|0|0||0|Couttenye||||||||"SARS-CoV-2 (COVID-19)"|PCR|94500-6|"SARS-CoV-2 RNA Resp Ql NAA+probe"|"Nasopharyngeal swab"|258500001|04/17/2022|Negative|260385009
99|4244|10D2214779||Bodollo|Romeo||09/08/1956||"5300 Washington St. Apt V-109"|Hollywood|FL|33021||Male|7865673453|"No Response"|0||0|1|0|0||0|Bodollo||||||||"SARS-CoV-2 (COVID-19)"|Antigen|97097-0|"SARS-CoV-2 Ag Upper resp Ql IA.rapid"|"Nasopharyngeal swab"|258500001|04/17/2022|Negative|260385009
100|4244|10D2214779||Brito|Efren||06/10/1974||Unknown|Caracas|FL|99999||Male|19492279369|"No Response"|0||0|0|0|0||1|Brito||||||||"SARS-CoV-2 (COVID-19)"|PCR|94500-6|"SARS-CoV-2 RNA Resp Ql NAA+probe"|"Nasopharyngeal swab"|258500001|04/17/2022|Negative|260385009
101|4244|10D2214779||Brito|Efren||06/10/1974||Unknown|Caracas|FL|99999||Male|19492279369|"No Response"|0||0|0|0|0||1|Brito||||||||"SARS-CoV-2 (COVID-19)"|PCR|94500-6|"SARS-CoV-2 RNA Resp Ql NAA+probe"|"Nasopharyngeal swab"|258500001|04/17/2022|Negative|260385009
102|4244|10D2214779||Benjamin|Sonya||12/11/1963||"1131 Collins Avenue"|Miami|FL|33139||Female|9999999999|"No Response"|0||0|0|0|0||0|Benjamin||||||||"SARS-CoV-2 (COVID-19)"|Antigen|97097-0|"SARS-CoV-2 Ag Upper resp Ql IA.rapid"|"Nasopharyngeal swab"|258500001|04/17/2022|Negative|260385009
103|4244|10D2214779||Martha|Ryan||06/04/1981||"4411 NW 74TH AVE"|Miami|FL|33166||Male|7864485036|"No Response"|0||0|0|0|1||0|Martha||||||||"SARS-CoV-2 (COVID-19)"|Antigen|97097-0|"SARS-CoV-2 Ag Upper resp Ql IA.rapid"|"Nasopharyngeal swab"|258500001|04/17/2022|Negative|260385009
104|4244|10D2214779||Chung|"Shoy Wha"||06/25/1983||"4411 NW 74TH AVE"|Miami|FL|33166||Female|7864485036|"No Response"|0||0|0|0|1||0|Chung||||||||"SARS-CoV-2 (COVID-19)"|Antigen|97097-0|"SARS-CoV-2 Ag Upper resp Ql IA.rapid"|"Nasopharyngeal swab"|258500001|04/17/2022|Negative|260385009
105|4244|10D2214779||Allen|William||08/04/1954||"1033fairway trails Drive"|Brighton|FL|48116||Male|9999999999|"No Response"|1||0|0|0|0||0|Allen||||||||"SARS-CoV-2 (COVID-19)"|Antigen|97097-0|"SARS-CoV-2 Ag Upper resp Ql IA.rapid"|"Nasopharyngeal swab"|258500001|04/17/2022|Negative|260385009
106|4244|10D2214779||Pletinckx|Dirk||10/28/1968||"1033 fairway trails drive"|Brighton|FL|48116||Male|9999999999|"No Response"|1||0|0|0|0||0|Pletinckx||||||||"SARS-CoV-2 (COVID-19)"|Antigen|97097-0|"SARS-CoV-2 Ag Upper resp Ql IA.rapid"|"Nasopharyngeal swab"|258500001|04/17/2022|Negative|260385009
107|4244|10D2214779||Adames|Leonardo||06/26/1959||"1504 Bay Road #3204"|"Miami Beach"|FL|33139||Male|7869992846|"No Response"|0||0|0|0|0||0|Adames||||||||"SARS-CoV-2 (COVID-19)"|Antigen|97097-0|"SARS-CoV-2 Ag Upper resp Ql IA.rapid"|"Nasopharyngeal swab"|258500001|04/17/2022|Negative|260385009
108|4244|10D2214779||Simon|Arthur||01/17/1927||"1600 Webster Street #401"|"San Francisco"|FL|94115||Male|4155313115|"No Response"|1||0|0|0|0||0|Simon||||||||"SARS-CoV-2 (COVID-19)"|Antigen|97097-0|"SARS-CoV-2 Ag Upper resp Ql IA.rapid"|"Nasopharyngeal swab"|258500001|04/17/2022|Negative|260385009
109|4244|10D2214779||Thompson|Kenneth||11/28/1964||"8745 International Drive"|orlando|FL|32819||Male|12424275400|"No Response"|0||0|0|0|0||0|Thompson||||||||"SARS-CoV-2 (COVID-19)"|Antigen|97097-0|"SARS-CoV-2 Ag Upper resp Ql IA.rapid"|"Nasopharyngeal swab"|258500001|04/17/2022|Negative|260385009
110|4244|10D2214779||Smith|Toosda||04/12/1975||"8745 International Drive"|"Orlando Florida"|FL|32819||Female|12424275400|"No Response"|0||0|0|0|0||0|Smith||||||||"SARS-CoV-2 (COVID-19)"|Antigen|97097-0|"SARS-CoV-2 Ag Upper resp Ql IA.rapid"|"Nasopharyngeal swab"|258500001|04/17/2022|Negative|260385009
111|4244|10D2214779||Thompson|Token||12/28/2016||"8745 International Drive"|"Orlando Florida"|FL|32819||Female|12424275400|"No Response"|0||0|0|0|0||0|Thompson||||||||"SARS-CoV-2 (COVID-19)"|Antigen|97097-0|"SARS-CoV-2 Ag Upper resp Ql IA.rapid"|"Nasopharyngeal swab"|258500001|04/17/2022|Negative|260385009
112|4244|10D2214779||THOMPSON|KINO||12/21/1984||"11214 Southern Cross PL"|"Gibson Florida"|FL|33534||Male|8138171844|"No Response"|0||0|0|0|0||0|THOMPSON||||||||"SARS-CoV-2 (COVID-19)"|Antigen|97097-0|"SARS-CoV-2 Ag Upper resp Ql IA.rapid"|"Nasopharyngeal swab"|258500001|04/17/2022|Negative|260385009
113|4244|10D2214779||Tucker|Kim||04/15/1957||"1131 Collins Avenue"|Miami|FL|33139||Male|9999999999|"No Response"|0||0|0|0|0||0|Tucker||||||||"SARS-CoV-2 (COVID-19)"|Antigen|97097-0|"SARS-CoV-2 Ag Upper resp Ql IA.rapid"|"Nasopharyngeal swab"|258500001|04/17/2022|Negative|260385009
114|4244|10D2214779||Carlyle|Sabra||01/10/1969||"1167 PRESIDENTIAL LANE"|APOPKA|FL|32703||Female|4072838958|"No Response"|0||0|0|0|0||0|Carlyle||||||||"SARS-CoV-2 (COVID-19)"|Antigen|97097-0|"SARS-CoV-2 Ag Upper resp Ql IA.rapid"|"Nasopharyngeal swab"|258500001|04/17/2022|Negative|260385009
115|4244|10D2214779||Gimbel|Diane||01/08/1939||"5296 Boca Marina Cir. S"|"Boca Raton, FL"|FL|33487||Female|5612150555|"No Response"|1||0|0|0|0||0|Gimbel||||||||"SARS-CoV-2 (COVID-19)"|Antigen|97097-0|"SARS-CoV-2 Ag Upper resp Ql IA.rapid"|"Nasopharyngeal swab"|258500001|04/17/2022|Negative|260385009
116|4244|10D2214779||Gimbel|Diane||01/08/1939||"5296 Boca Marina Cir. S"|"Boca Raton, FL"|FL|33487||Female|5612150555|"No Response"|1||0|0|0|0||0|Gimbel||||||||"SARS-CoV-2 (COVID-19)"|Antigen|97097-0|"SARS-CoV-2 Ag Upper resp Ql IA.rapid"|"Nasopharyngeal swab"|258500001|04/17/2022|Negative|260385009
117|4244|10D2214779||Carlyle|Matthew||06/22/1968||"1167 PRESIDENTIAL LANE"|APOPKA|FL|32703||Male|3869572493|"No Response"|0||0|0|0|0||0|Carlyle||||||||"SARS-CoV-2 (COVID-19)"|Antigen|97097-0|"SARS-CoV-2 Ag Upper resp Ql IA.rapid"|"Nasopharyngeal swab"|258500001|04/17/2022|Negative|260385009
118|4244|10D2214779||Mehter|Arshad||09/10/1979||"1 Seminole Way"|Hollywood|FL|33314||Male|2462340075|"No Response"|0||0|0|0|1||0|Mehter||||||||"SARS-CoV-2 (COVID-19)"|Antigen|97097-0|"SARS-CoV-2 Ag Upper resp Ql IA.rapid"|"Nasopharyngeal swab"|258500001|04/17/2022|Negative|260385009
119|4244|10D2214779||Mehter|Arshad||09/10/1979||"1 Seminole Way"|Hollywood|FL|33314||Male|2462340075|"No Response"|0||0|0|0|1||0|Mehter||||||||"SARS-CoV-2 (COVID-19)"|Antigen|97097-0|"SARS-CoV-2 Ag Upper resp Ql IA.rapid"|"Nasopharyngeal swab"|258500001|04/17/2022|Negative|260385009
120|4244|10D2214779||Obellos|Pauline||11/30/1994||Unknown|Brampton|FL|99999||Female|6479713862|"No Response"|0||0|1|0|0||0|Obellos||||||||"SARS-CoV-2 (COVID-19)"|Antigen|97097-0|"SARS-CoV-2 Ag Upper resp Ql IA.rapid"|"Nasopharyngeal swab"|258500001|04/17/2022|Negative|260385009
121|4244|10D2214779||Obellos|"Maria Josefa"||12/13/2066||Unknown|Brampton|FL|99999||Female|6479998588|"No Response"|0||0|1|0|0||0|Obellos||||||||"SARS-CoV-2 (COVID-19)"|Antigen|97097-0|"SARS-CoV-2 Ag Upper resp Ql IA.rapid"|"Nasopharyngeal swab"|258500001|04/17/2022|Negative|260385009
122|4244|10D2214779||Obellos|"Edilberto Salanio Junior"||04/26/1965||Unknown|Brampton|FL|99999||Male|6479742394|"No Response"|0||0|1|0|0||0|Obellos||||||||"SARS-CoV-2 (COVID-19)"|Antigen|97097-0|"SARS-CoV-2 Ag Upper resp Ql IA.rapid"|"Nasopharyngeal swab"|258500001|04/17/2022|Negative|260385009
123|4244|10D2214779||Scherz|Hannes||11/10/1973||"1601 Biscayne Blvd Hilton Miami Downtown"|Miami|FL|33132||Male|9999999999|"No Response"|1||0|0|0|0||0|Scherz||||||||"SARS-CoV-2 (COVID-19)"|Antigen|97097-0|"SARS-CoV-2 Ag Upper resp Ql IA.rapid"|"Nasopharyngeal swab"|258500001|04/17/2022|Negative|260385009
124|4244|10D2214779||Krahbichler|Roland||01/03/1978||"1601 Biscayne Blvd Hilton Miami Downtown"|Miami|FL|33132||Male|9999999999|"No Response"|1||0|0|0|0||0|Krahbichler||||||||"SARS-CoV-2 (COVID-19)"|Antigen|97097-0|"SARS-CoV-2 Ag Upper resp Ql IA.rapid"|"Nasopharyngeal swab"|258500001|04/17/2022|Negative|260385009
125|4244|10D2214779||Janov|Wolfgang||12/10/1964||"1180 Seabreeze Boulevard"|"Fort Lauderdale"|FL|33316||Male|9999999999|"No Response"|1||0|0|0|0||0|Janov||||||||"SARS-CoV-2 (COVID-19)"|Antigen|97097-0|"SARS-CoV-2 Ag Upper resp Ql IA.rapid"|"Nasopharyngeal swab"|258500001|04/17/2022|Negative|260385009
126|4244|10D2214779||Leclerc|Nathalie||07/04/1972||"143 nw 51st court"|deerfield|FL|33064||Female|4505173570|"No Response"|1||0|0|0|0||0|Leclerc||||||||"SARS-CoV-2 (COVID-19)"|Antigen|97097-0|"SARS-CoV-2 Ag Upper resp Ql IA.rapid"|"Nasopharyngeal swab"|258500001|04/17/2022|Negative|260385009
127|4244|10D2214779||Salvas|Yanick||10/19/1969||"143 nw 51st court"|deerfield|FL|33064||Male|4508467152|"No Response"|1||0|0|0|0||0|Salvas||||||||"SARS-CoV-2 (COVID-19)"|Antigen|97097-0|"SARS-CoV-2 Ag Upper resp Ql IA.rapid"|"Nasopharyngeal swab"|258500001|04/17/2022|Negative|260385009
128|4244|10D2214779||Scott|Pamela||07/21/1958||"1500 E. Crooked Lake Drive"|Eustis|FL|32726||Female|9999999999|"No Response"|1||0|0|0|0||0|Scott||||||||"SARS-CoV-2 (COVID-19)"|Antigen|97097-0|"SARS-CoV-2 Ag Upper resp Ql IA.rapid"|"Nasopharyngeal swab"|258500001|04/17/2022|Negative|260385009
129|4244|10D2214779||MIRANDA|NATALINA||04/30/1938||"2547  N Orangewood Street"|"Avon Park"|FL|33825||Female|8634534009|"No Response"|0||0|0|0|0||0|MIRANDA||||||||"SARS-CoV-2 (COVID-19)"|Antigen|97097-0|"SARS-CoV-2 Ag Upper resp Ql IA.rapid"|"Nasopharyngeal swab"|258500001|04/17/2022|Negative|260385009
130|4244|10D2214779||Cherenkova|Daria||12/10/1973||"805 N Olive Ave Apt 331"|"West Palm Beach"|FL|33401||Female|5612366556|"No Response"|1||0|0|0|0||0|Cherenkova||||||||"SARS-CoV-2 (COVID-19)"|Antigen|97097-0|"SARS-CoV-2 Ag Upper resp Ql IA.rapid"|"Nasopharyngeal swab"|258500001|04/17/2022|Negative|260385009
131|4244|10D2214779||Chepovsky|Mary||03/18/1950||"4937 Singing Hills Drive"|Banning|FL|92220||Female|8604904244|"No Response"|1||0|0|0|0||0|Chepovsky||||||||"SARS-CoV-2 (COVID-19)"|Antigen|97097-0|"SARS-CoV-2 Ag Upper resp Ql IA.rapid"|"Nasopharyngeal swab"|258500001|04/17/2022|Negative|260385009
132|4244|10D2214779||Chepovsky|Benjamin||04/07/1945||"4937 Singing Hill Drive"|Banning|FL|92220||Male|8604904244|"No Response"|1||0|0|0|0||0|Chepovsky||||||||"SARS-CoV-2 (COVID-19)"|Antigen|97097-0|"SARS-CoV-2 Ag Upper resp Ql IA.rapid"|"Nasopharyngeal swab"|258500001|04/17/2022|Negative|260385009
133|4244|10D2214779||Manzella|Jennifer||11/06/1955||"6377 Casabella lane"|"Boca Raton"|FL|33433||Female|9545592525|"No Response"|0||0|0|0|1||0|Manzella||||||||"SARS-CoV-2 (COVID-19)"|Antigen|97097-0|"SARS-CoV-2 Ag Upper resp Ql IA.rapid"|"Nasopharyngeal swab"|258500001|04/17/2022|Negative|260385009
134|4244|10D2214779||Garcia|Godfrey||09/02/1983||"12021 pioneers way , unit 1109, Orlando"|Florida|FL|32832||Male|9999999999|"No Response"|0||0|0|0|1||0|Garcia||||||||"SARS-CoV-2 (COVID-19)"|Antigen|97097-0|"SARS-CoV-2 Ag Upper resp Ql IA.rapid"|"Nasopharyngeal swab"|258500001|04/17/2022|Negative|260385009
135|4244|10D2214779||Garcia|Kathryn||10/29/2016||"12021 pioneers way , unit 1109"|Orlando|FL|32832||Female|3212766778|"No Response"|0||0|0|0|1||0|Garcia||||||||"SARS-CoV-2 (COVID-19)"|Antigen|97097-0|"SARS-CoV-2 Ag Upper resp Ql IA.rapid"|"Nasopharyngeal swab"|258500001|04/17/2022|Negative|260385009
136|4244|10D2214779||"Pascal- Garcia"|Suzanne||01/18/1961||"12021 pioneers way , unit 1109"|Orlando|FL|32832||Female|3212766778|"No Response"|0||0|0|0|1||0|"Pascal- Garcia"||||||||"SARS-CoV-2 (COVID-19)"|Antigen|97097-0|"SARS-CoV-2 Ag Upper resp Ql IA.rapid"|"Nasopharyngeal swab"|258500001|04/17/2022|Negative|260385009
137|4244|10D2214779||Hahn|"Michael Peter"||01/15/1963||"14112 Cortez Blvd"|Brooksville|FL|34601||Male|9999999999|"No Response"|1||0|0|0|0||0|Hahn||||||||"SARS-CoV-2 (COVID-19)"|Antigen|97097-0|"SARS-CoV-2 Ag Upper resp Ql IA.rapid"|"Nasopharyngeal swab"|258500001|04/17/2022|Negative|260385009
138|4244|10D2214779||Meeuwsen-Hahn|Sabine||11/28/1955||"14112 Cortez Blvd"|Brooksville|FL|34601||Female|9999999999|"No Response"|1||0|0|0|0||0|Meeuwsen-Hahn||||||||"SARS-CoV-2 (COVID-19)"|Antigen|97097-0|"SARS-CoV-2 Ag Upper resp Ql IA.rapid"|"Nasopharyngeal swab"|258500001|04/17/2022|Negative|260385009
139|4244|10D2214779||Grajo|Deborrah||07/09/1968||"1563 Setting Sun CT."|Clermont|FL|34711||Female|4072748055|"No Response"|0||0|1|0|0||0|Grajo||||||||"SARS-CoV-2 (COVID-19)"|PCR|94500-6|"SARS-CoV-2 RNA Resp Ql NAA+probe"|"Nasopharyngeal swab"|258500001|04/17/2022|Negative|260385009
140|4244|10D2214779||Curtis|Chona||11/20/1958||"455 State road 84"|"Fort Lauderdale"|FL|33316||Female|3069870952|"No Response"|0||0|1|0|0||0|Curtis||||||||"SARS-CoV-2 (COVID-19)"|Antigen|97097-0|"SARS-CoV-2 Ag Upper resp Ql IA.rapid"|"Nasopharyngeal swab"|258500001|04/17/2022|Negative|260385009
141|4244|10D2214779||Curtis|Richard||05/16/1947||"455 State road 84"|"Fort Lauderdale"|FL|33316||Male|3069870952|"No Response"|1||0|0|0|0||0|Curtis||||||||"SARS-CoV-2 (COVID-19)"|Antigen|97097-0|"SARS-CoV-2 Ag Upper resp Ql IA.rapid"|"Nasopharyngeal swab"|258500001|04/17/2022|Negative|260385009
142|4244|10D2214779||Peña|"Ma Celeste"||02/09/1972||"1314 Belfi Ln"|Placentia|FL|92870||Female|9999999999|"No Response"|0||0|1|0|0||0|Peña||||||||"SARS-CoV-2 (COVID-19)"|Antigen|97097-0|"SARS-CoV-2 Ag Upper resp Ql IA.rapid"|"Nasopharyngeal swab"|258500001|04/17/2022|Negative|260385009
143|4244|10D2214779||Peña|Roel||05/22/1967||"1314 Belfi Lane"|Placentia|FL|92870||Male|9999999999|"No Response"|0||0|1|0|0||0|Peña||||||||"SARS-CoV-2 (COVID-19)"|Antigen|97097-0|"SARS-CoV-2 Ag Upper resp Ql IA.rapid"|"Nasopharyngeal swab"|258500001|04/17/2022|Negative|260385009
144|4244|10D2214779||Roper|Barton||03/24/1963||"13481 Treasure Cove Circle"|"North Palm Beach"|FL|33408||Male|2024867100|"No Response"|1||0|0|0|0||0|Roper||||||||"SARS-CoV-2 (COVID-19)"|Antigen|97097-0|"SARS-CoV-2 Ag Upper resp Ql IA.rapid"|"Nasopharyngeal swab"|258500001|04/17/2022|Negative|260385009
145|4244|10D2214779||Wannamaker|Amelia||04/28/1950||"3475 S. Las Vegas Blvd"|"Las Vegas"|FL|89109||Female|9999999999|"No Response"|0||0|1|0|0||0|Wannamaker||||||||"SARS-CoV-2 (COVID-19)"|Antigen|97097-0|"SARS-CoV-2 Ag Upper resp Ql IA.rapid"|"Nasopharyngeal swab"|258500001|04/17/2022|Negative|260385009
146|4244|10D2214779||Gauvreau|Claudie||03/14/1991||"300 North Birch apt309"|"Fort Lauderdale"|FL|33304||Female|4388881517|"No Response"|1||0|0|0|0||0|Gauvreau||||||||"SARS-CoV-2 (COVID-19)"|Antigen|97097-0|"SARS-CoV-2 Ag Upper resp Ql IA.rapid"|"Nasopharyngeal swab"|258500001|04/17/2022|Negative|260385009
147|4244|10D2214779||Hsu|Yu-Chun||09/25/1968||"6855 SA 45 on, unit 6"|Miami|FL|33155||Female|9999999999|"No Response"|0||0|1|0|0||0|Hsu||||||||"SARS-CoV-2 (COVID-19)"|PCR|94500-6|"SARS-CoV-2 RNA Resp Ql NAA+probe"|"Nasopharyngeal swab"|258500001|04/17/2022|Negative|260385009
148|4244|10D2214779||Ramsden|Donna||01/01/1970||Unknown|Orlando|FL|32836||Female|3212795233|"No Response"|1||0|0|0|0||0|Ramsden||||||||"SARS-CoV-2 (COVID-19)"|Antigen|97097-0|"SARS-CoV-2 Ag Upper resp Ql IA.rapid"|"Nasopharyngeal swab"|258500001|04/17/2022|Negative|260385009
149|4244|10D2214779||Ramsden|David||01/01/1970||Unknown|Orlando|FL|32836||Male|4079080058|"No Response"|1||0|0|0|0||0|Ramsden||||||||"SARS-CoV-2 (COVID-19)"|Antigen|97097-0|"SARS-CoV-2 Ag Upper resp Ql IA.rapid"|"Nasopharyngeal swab"|258500001|04/17/2022|Negative|260385009
150|4244|10D2214779||Mays|Shelly||02/26/1996||"6840 Francis Marion Road"|Pamplico|FL|29583||Female|8436013236|"No Response"|1||0|0|0|0||0|Mays||||||||"SARS-CoV-2 (COVID-19)"|Antigen|97097-0|"SARS-CoV-2 Ag Upper resp Ql IA.rapid"|"Nasopharyngeal swab"|258500001|04/17/2022|Negative|260385009
151|4244|10D2214779||Mays|Connor||09/06/1995||"803 Quail Drive"|Pamplico|FL|29583||Male|8436871991|"No Response"|1||0|0|0|0||0|Mays||||||||"SARS-CoV-2 (COVID-19)"|Antigen|97097-0|"SARS-CoV-2 Ag Upper resp Ql IA.rapid"|"Nasopharyngeal swab"|258500001|04/17/2022|Negative|260385009
152|4244|10D2214779||Mays|Deborah||02/22/1965||"803 Quail Dr"|Pamplico|FL|29583||Female|8436874195|"No Response"|1||0|0|0|0||0|Mays||||||||"SARS-CoV-2 (COVID-19)"|Antigen|97097-0|"SARS-CoV-2 Ag Upper resp Ql IA.rapid"|"Nasopharyngeal swab"|258500001|04/17/2022|Negative|260385009
153|4244|10D2214779||Mays|Carson||03/01/1999||"803 Quail Dr"|Pamplico|FL|29583||Male|8436873164|"No Response"|1||0|0|0|0||0|Mays||||||||"SARS-CoV-2 (COVID-19)"|Antigen|97097-0|"SARS-CoV-2 Ag Upper resp Ql IA.rapid"|"Nasopharyngeal swab"|258500001|04/17/2022|Negative|260385009
154|4244|10D2214779||Yang|"William Ye"||12/20/2012||"9840 international Drive"|Orlando|FL|03219||Male|6479616789|"No Response"|0||0|1|0|0||0|Yang||||||||"SARS-CoV-2 (COVID-19)"|Antigen|97097-0|"SARS-CoV-2 Ag Upper resp Ql IA.rapid"|"Nasopharyngeal swab"|258500001|04/17/2022|Negative|260385009
155|4244|10D2214779||Gibson|Regina||10/11/1992||"9808 peaceful bend ct"|"Las vegas"|FL|89141||Female|4085642330|"No Response"|0||0|1|0|0||0|Gibson||||||||"SARS-CoV-2 (COVID-19)"|Antigen|97097-0|"SARS-CoV-2 Ag Upper resp Ql IA.rapid"|"Nasopharyngeal swab"|258500001|04/17/2022|Negative|260385009
156|4244|10D2214779||Gibson|"Kelvin john"||02/16/1992||"9808 peaceful bend court"|"Las vegas"|FL|89141||Male|7863962445|"No Response"|0||0|1|0|0||0|Gibson||||||||"SARS-CoV-2 (COVID-19)"|Antigen|97097-0|"SARS-CoV-2 Ag Upper resp Ql IA.rapid"|"Nasopharyngeal swab"|258500001|04/17/2022|Negative|260385009
157|4244|10D2214779||Gibson|"Keiran rafael"||08/09/2013||"9808 peaceful bend court"|"Las vegas"|FL|89141||Male|7863962445|"No Response"|0||0|1|0|0||0|Gibson||||||||"SARS-CoV-2 (COVID-19)"|Antigen|97097-0|"SARS-CoV-2 Ag Upper resp Ql IA.rapid"|"Nasopharyngeal swab"|258500001|04/17/2022|Negative|260385009
158|4244|10D2214779||Mitchell|Paul||01/01/1970||"1525 Bowmore"|Mcleansville|FL|27301||Male|13363820178|"No Response"|0||0|0|0|0||0|Mitchell||||||||"SARS-CoV-2 (COVID-19)"|Antigen|97097-0|"SARS-CoV-2 Ag Upper resp Ql IA.rapid"|"Nasopharyngeal swab"|258500001|04/17/2022|Negative|260385009
159|4244|10D2214779||Williams|Hannah||12/22/2017||"115 new providence promenade"|Davenport|FL|33897||Female|7863962445|"No Response"|0||0|0|0|0||0|Williams||||||||"SARS-CoV-2 (COVID-19)"|Antigen|97097-0|"SARS-CoV-2 Ag Upper resp Ql IA.rapid"|"Nasopharyngeal swab"|258500001|04/17/2022|Negative|260385009
160|4244|10D2214779||Williams|Astra||11/04/2010||"115 New Providence Promade"|Davenport|FL|33897||Female|7863962445|"No Response"|0||0|0|0|0||0|Williams||||||||"SARS-CoV-2 (COVID-19)"|Antigen|97097-0|"SARS-CoV-2 Ag Upper resp Ql IA.rapid"|"Nasopharyngeal swab"|258500001|04/17/2022|Negative|260385009
161|4244|10D2214779||Richardson|Jake||07/04/2012||"115 new providence promenade"|Davenport|FL|33897||Male|7863962445|"No Response"|0||0|0|0|0||0|Richardson||||||||"SARS-CoV-2 (COVID-19)"|Antigen|97097-0|"SARS-CoV-2 Ag Upper resp Ql IA.rapid"|"Nasopharyngeal swab"|258500001|04/17/2022|Negative|260385009
162|4244|10D2214779||Debreceni|Sylvia||05/15/1971||"7955 sw 72nd ct"|Ocala|FL|34476||Female|5148980122|"No Response"|1||0|0|0|0||0|Debreceni||||||||"SARS-CoV-2 (COVID-19)"|Antigen|97097-0|"SARS-CoV-2 Ag Upper resp Ql IA.rapid"|"Nasopharyngeal swab"|258500001|04/17/2022|Negative|260385009
163|4244|10D2214779||Ruger|Shawn||12/02/1976||"7819 Marthaven Drive"|"North Chesterfield"|FL|23235||Male|8044026371|"No Response"|1||0|0|0|0||0|Ruger||||||||"SARS-CoV-2 (COVID-19)"|PCR|94500-6|"SARS-CoV-2 RNA Resp Ql NAA+probe"|"Nasopharyngeal swab"|258500001|04/17/2022|Negative|260385009
164|4244|10D2214779||Dejean|"Rita Mercedes"||12/04/1973||"12401 internacional drive"|Orlando|FL|32821||Female|9999999999|"No Response"|0||0|0|0|0||0|Dejean||||||||"SARS-CoV-2 (COVID-19)"|Antigen|97097-0|"SARS-CoV-2 Ag Upper resp Ql IA.rapid"|"Nasopharyngeal swab"|258500001|04/17/2022|Negative|260385009
165|4244|10D2214779||Damonte|Guadalupe||09/30/2011||"12401 internacional drive"|Orlando|FL|32821||Female|9999999999|"No Response"|0||0|0|0|0||0|Damonte||||||||"SARS-CoV-2 (COVID-19)"|Antigen|97097-0|"SARS-CoV-2 Ag Upper resp Ql IA.rapid"|"Nasopharyngeal swab"|258500001|04/17/2022|Negative|260385009
166|4244|10D2214779||Damonte|Yamila||03/16/2004||"120401 internacional drive"|Orlando|FL|32821||Female|9999999999|"No Response"|0||0|0|0|0||0|Damonte||||||||"SARS-CoV-2 (COVID-19)"|Antigen|97097-0|"SARS-CoV-2 Ag Upper resp Ql IA.rapid"|"Nasopharyngeal swab"|258500001|04/17/2022|Negative|260385009
167|4244|10D2214779||Mamique|"Joan, Francis"||04/28/1976||"59 Seminole Court West"|"Royal palm beach"|FL|33411||Male|9999999999|"No Response"|1||0|0|0|0||0|Mamique||||||||"SARS-CoV-2 (COVID-19)"|Antigen|97097-0|"SARS-CoV-2 Ag Upper resp Ql IA.rapid"|"Nasopharyngeal swab"|258500001|04/17/2022|Negative|260385009
168|4244|10D2214779||Fragale|Samuel||11/12/1994||"10876 Eclipse Lily Way"|Orlando|FL|32832||Male|7248416727|"No Response"|1||0|0|0|0||0|Fragale||||||||"SARS-CoV-2 (COVID-19)"|Antigen|97097-0|"SARS-CoV-2 Ag Upper resp Ql IA.rapid"|"Nasopharyngeal swab"|258500001|04/17/2022|Negative|260385009
169|4244|10D2214779||Damonte|"Juan Pablo"||04/24/1971||"12401 internacional drive"|Orlando|FL|32821||Male|9999999999|"No Response"|0||0|0|0|0||0|Damonte||||||||"SARS-CoV-2 (COVID-19)"|Antigen|97097-0|"SARS-CoV-2 Ag Upper resp Ql IA.rapid"|"Nasopharyngeal swab"|258500001|04/17/2022|Negative|260385009
170|4244|10D2214779||Smith-Stubbs|Asheran||04/03/1974||"1990 Rushden Drive"|Ocoee|FL|34761||Female|2427273364|"No Response"|0||0|0|0|0||0|Smith-Stubbs||||||||"SARS-CoV-2 (COVID-19)"|Antigen|97097-0|"SARS-CoV-2 Ag Upper resp Ql IA.rapid"|"Nasopharyngeal swab"|258500001|04/17/2022|Negative|260385009
171|4244|10D2214779||French|Rowan||05/18/2016||Unknown|Edmonton|FL|99999||Male|3067153095|"No Response"|1||0|0|0|0||0|French||||||||"SARS-CoV-2 (COVID-19)"|Antigen|97097-0|"SARS-CoV-2 Ag Upper resp Ql IA.rapid"|"Nasopharyngeal swab"|258500001|04/17/2022|Negative|260385009
172|4244|10D2214779||Stubbs|Lefred||03/26/1969||"1990 Rushden Drive"|Ocoee|FL|34761||Male|2426469191|"No Response"|0||0|0|0|0||0|Stubbs||||||||"SARS-CoV-2 (COVID-19)"|Antigen|97097-0|"SARS-CoV-2 Ag Upper resp Ql IA.rapid"|"Nasopharyngeal swab"|258500001|04/17/2022|Negative|260385009
173|4244|10D2214779||Burman|Olha||12/12/1990||"11409 Marbella Palms Court, Orlando, FL 32836, United States"|Orlando|FL|32836||Female|9999999999|"No Response"|1||0|0|0|0||0|Burman||||||||"SARS-CoV-2 (COVID-19)"|Antigen|97097-0|"SARS-CoV-2 Ag Upper resp Ql IA.rapid"|"Nasopharyngeal swab"|258500001|04/17/2022|Negative|260385009
174|4244|10D2214779||Reynolds|Michael||10/19/1969||"644 friendship church rd"|"Powder springs"|FL|30127||Male|6788304753|"No Response"|0||0|0|0|0||0|Reynolds||||||||"SARS-CoV-2 (COVID-19)"|Antigen|97097-0|"SARS-CoV-2 Ag Upper resp Ql IA.rapid"|"Nasopharyngeal swab"|258500001|04/17/2022|Negative|260385009
175|4244|10D2214779||Reynolds|Elaine||06/09/1975||"644 friendship Church rd"|"powder springs"|FL|30127||Female|6784486495|"No Response"|0||0|0|0|0||0|Reynolds||||||||"SARS-CoV-2 (COVID-19)"|Antigen|97097-0|"SARS-CoV-2 Ag Upper resp Ql IA.rapid"|"Nasopharyngeal swab"|258500001|04/17/2022|Negative|260385009
176|4244|10D2214779||Williams|Dailan||10/01/2015||"6899 Collins Ave"|"Miami Beach"|FL|33141||Male|6493337801|"No Response"|0||0|0|0|0||0|Williams||||||||"SARS-CoV-2 (COVID-19)"|Antigen|97097-0|"SARS-CoV-2 Ag Upper resp Ql IA.rapid"|"Nasopharyngeal swab"|258500001|04/17/2022|Negative|260385009
177|4244|10D2214779||Williams|Dakkota||05/19/2018||"6899 Collins Ave"|"Miami Beach"|FL|33141||Female|6493337801|"No Response"|0||0|0|0|0||0|Williams||||||||"SARS-CoV-2 (COVID-19)"|Antigen|97097-0|"SARS-CoV-2 Ag Upper resp Ql IA.rapid"|"Nasopharyngeal swab"|258500001|04/17/2022|Negative|260385009
178|4244|10D2214779||Miano|Juliana||11/13/2002||Unknown|Unknown|FL|99999||Female|5167136730|"No Response"|1||0|0|0|0||0|Miano||||||||"SARS-CoV-2 (COVID-19)"|Antigen|97097-0|"SARS-CoV-2 Ag Upper resp Ql IA.rapid"|"Nasopharyngeal swab"|258500001|04/17/2022|Negative|260385009
179|4244|10D2214779||Dochev|Petar||03/17/1979||"9014 Murano Mews Court"|Kissimmee|FL|34747||Male|4075801289|"No Response"|1||0|0|0|0||0|Dochev||||||||"SARS-CoV-2 (COVID-19)"|Antigen|97097-0|"SARS-CoV-2 Ag Upper resp Ql IA.rapid"|"Nasopharyngeal swab"|258500001|04/17/2022|Negative|260385009
180|4244|10D2214779||Dochev|Petar||03/17/1979||"9014 Murano Mews Court"|Kissimmee|FL|34747||Male|4075801289|"No Response"|1||0|0|0|0||0|Dochev||||||||"SARS-CoV-2 (COVID-19)"|Antigen|97097-0|"SARS-CoV-2 Ag Upper resp Ql IA.rapid"|"Nasopharyngeal swab"|258500001|04/17/2022|Negative|260385009
181|4244|10D2214779||Newman|Robbin||12/28/1959||"3159 inverness"|Weston|FL|33332||Female|19548175511|"No Response"|1||0|0|0|0||0|Newman||||||||"SARS-CoV-2 (COVID-19)"|PCR|94500-6|"SARS-CoV-2 RNA Resp Ql NAA+probe"|"Nasopharyngeal swab"|258500001|04/17/2022|Negative|260385009
182|4244|10D2214779||Shifman|"Pesach Yehoshua"||04/25/1997||Unknown|Unknown|FL|99999||Male|3053371786|"No Response"|0||0|0|0|0||1|Shifman||||||||"SARS-CoV-2 (COVID-19)"|Antigen|97097-0|"SARS-CoV-2 Ag Upper resp Ql IA.rapid"|"Nasopharyngeal swab"|258500001|04/17/2022|Negative|260385009
183|4244|10D2214779||Corbisiero|Richard||11/21/2012||"2 cedar lane"|Douglaston|FL|11363||Male|6465123240|"No Response"|1||0|0|0|0||0|Corbisiero||||||||"SARS-CoV-2 (COVID-19)"|Antigen|97097-0|"SARS-CoV-2 Ag Upper resp Ql IA.rapid"|"Nasopharyngeal swab"|258500001|04/17/2022|Negative|260385009
184|4244|10D2214779||Hierzmann|"Sarah Olesen"||05/05/2000||"3138 Northwest 22 nd Avenue"|Miami|FL|33142||Female|9999999999|"No Response"|1||0|0|0|0||0|Hierzmann||||||||"SARS-CoV-2 (COVID-19)"|Antigen|97097-0|"SARS-CoV-2 Ag Upper resp Ql IA.rapid"|"Nasopharyngeal swab"|258500001|04/17/2022|Negative|260385009
185|4244|10D2214779||Poulsen|"Emma Ladefoged"||06/23/1999||"3138 NW 22nd Avenue"|Miami|FL|33142||Female|+4522532071|"No Response"|1||0|0|0|0||0|Poulsen||||||||"SARS-CoV-2 (COVID-19)"|Antigen|97097-0|"SARS-CoV-2 Ag Upper resp Ql IA.rapid"|"Nasopharyngeal swab"|258500001|04/17/2022|Negative|260385009
186|4244|10D2214779||Garret|"Satine, Camille Marcel Marie"||02/27/2013||"804 N Federal Hwy"|"Lake Park"|FL|33403||Female|9999999999|"No Response"|1||0|0|0|0||0|Garret||||||||"SARS-CoV-2 (COVID-19)"|Antigen|97097-0|"SARS-CoV-2 Ag Upper resp Ql IA.rapid"|"Nasopharyngeal swab"|258500001|04/17/2022|Negative|260385009
187|4244|10D2214779||Franklin|Anthony||10/20/1963||"13400 West Sunrise Boulevard"|"Sunrise, FL"|FL|33323||Male|3459252010|"No Response"|0||0|0|0|0||0|Franklin||||||||"SARS-CoV-2 (COVID-19)"|Antigen|97097-0|"SARS-CoV-2 Ag Upper resp Ql IA.rapid"|"Nasopharyngeal swab"|258500001|04/17/2022|Negative|260385009
188|4244|10D2214779||Smith|Ethan||04/12/2018||"2601 palm aire drive north"|Pompano|FL|33069||Male|6493326736|"No Response"|0||0|0|0|0||0|Smith||||||||"SARS-CoV-2 (COVID-19)"|Antigen|97097-0|"SARS-CoV-2 Ag Upper resp Ql IA.rapid"|"Nasopharyngeal swab"|258500001|04/17/2022|Negative|260385009
189|4244|10D2214779||Garray|Jahkeema||11/15/1997||"4073 N Lake"|"Orlando  PKWY"|FL|32808||Female|3402017400|"No Response"|0||0|0|0|0||0|Garray||||||||"SARS-CoV-2 (COVID-19)"|Antigen|97097-0|"SARS-CoV-2 Ag Upper resp Ql IA.rapid"|"Nasopharyngeal swab"|258500001|04/17/2022|Negative|260385009
190|4244|10D2214779||Incio|Gianina||04/19/1984||"Pensylvania 1358"|Miami|FL|33138||Female|9999999999|"No Response"|0||0|0|0|0||0|Incio||||||||"SARS-CoV-2 (COVID-19)"|Antigen|97097-0|"SARS-CoV-2 Ag Upper resp Ql IA.rapid"|"Nasopharyngeal swab"|258500001|04/17/2022|Negative|260385009
191|4244|10D2214779||"Chirinos Yzaguirre"|"David Martin"||05/12/1978||"Pennsylvania 1358"|"Miami Beach"|FL|33138||Male|9999999999|"No Response"|0||0|0|0|0||0|"Chirinos Yzaguirre"||||||||"SARS-CoV-2 (COVID-19)"|Antigen|97097-0|"SARS-CoV-2 Ag Upper resp Ql IA.rapid"|"Nasopharyngeal swab"|258500001|04/17/2022|Negative|260385009
192|4244|10D2214779||Gould|Daniel||07/14/1991||"573 Clifton Ave"|"San Jose"|FL|95128||Male|4085317654|"No Response"|1||0|0|0|0||0|Gould||||||||"SARS-CoV-2 (COVID-19)"|Antigen|97097-0|"SARS-CoV-2 Ag Upper resp Ql IA.rapid"|"Nasopharyngeal swab"|258500001|04/17/2022|Negative|260385009
193|4244|10D2214779||Hoilett|Abali||04/26/1983||"1717 North Bayshore Drive"|Miami|FL|33132||Male|9999999999|"No Response"|0||0|0|0|0||0|Hoilett||||||||"SARS-CoV-2 (COVID-19)"|Antigen|97097-0|"SARS-CoV-2 Ag Upper resp Ql IA.rapid"|"Nasopharyngeal swab"|258500001|04/17/2022|Negative|260385009
194|4244|10D2214779||Simmons|Patricia||07/30/1956||"2205 SW 57th Ave"|"West Park"|FL|33023||Female|12424312952|"No Response"|0||0|0|0|0||0|Simmons||||||||"SARS-CoV-2 (COVID-19)"|Antigen|97097-0|"SARS-CoV-2 Ag Upper resp Ql IA.rapid"|"Nasopharyngeal swab"|258500001|04/17/2022|Negative|260385009
195|4244|10D2214779||Burrows|Owen||04/01/1967||"2205 SW West Park Florida"|"West Park"|FL|33023||Male|2424312952|"No Response"|0||0|0|0|0||0|Burrows||||||||"SARS-CoV-2 (COVID-19)"|Antigen|97097-0|"SARS-CoV-2 Ag Upper resp Ql IA.rapid"|"Nasopharyngeal swab"|258500001|04/17/2022|Negative|260385009
196|4244|10D2214779||Burrows|Daria||09/08/2003||"2205 SW West Park"|"West Park Florida"|FL|33023||Female|2424312952|"No Response"|0||0|0|0|0||0|Burrows||||||||"SARS-CoV-2 (COVID-19)"|Antigen|97097-0|"SARS-CoV-2 Ag Upper resp Ql IA.rapid"|"Nasopharyngeal swab"|258500001|04/17/2022|Negative|260385009
197|4244|10D2214779||Burrows|Daria||09/08/2003||"2205 SW West Park"|"West Park Florida"|FL|33023||Female|2424312952|"No Response"|0||0|0|0|0||0|Burrows||||||||"SARS-CoV-2 (COVID-19)"|Antigen|97097-0|"SARS-CoV-2 Ag Upper resp Ql IA.rapid"|"Nasopharyngeal swab"|258500001|04/17/2022|Negative|260385009
198|4244|10D2214779||Johnson|Raina||12/26/2001||Unknown|Unknown|FL|99999||Female|8135315935|"No Response"|0||0|0|0|0||0|Johnson||||||||"SARS-CoV-2 (COVID-19)"|Antigen|97097-0|"SARS-CoV-2 Ag Upper resp Ql IA.rapid"|"Nasopharyngeal swab"|258500001|04/17/2022|Negative|260385009
199|4244|10D2214779||Burrows|Dasial||03/21/1968||"2205 SW 57th Ave"|"West Park Florida"|FL|33023||Female|2424312952|"No Response"|0||0|0|0|0||0|Burrows||||||||"SARS-CoV-2 (COVID-19)"|Antigen|97097-0|"SARS-CoV-2 Ag Upper resp Ql IA.rapid"|"Nasopharyngeal swab"|258500001|04/17/2022|Negative|260385009
200|4244|10D2214779||Maynard|"Michael Leon"||02/20/1991||Unknown|Unknown|FL|99999||Male|7863962445|"No Response"|0||0|0|0|0||1|Maynard||||||||"SARS-CoV-2 (COVID-19)"|Antigen|97097-0|"SARS-CoV-2 Ag Upper resp Ql IA.rapid"|"Nasopharyngeal swab"|258500001|04/17/2022|Negative|260385009
201|4244|10D2214779||Lehtonen|Jussi||12/01/1994||Unknown|Unknown|FL|99999||Male|9999999999|"No Response"|1||0|0|0|0||0|Lehtonen||||||||"SARS-CoV-2 (COVID-19)"|Antigen|97097-0|"SARS-CoV-2 Ag Upper resp Ql IA.rapid"|"Nasopharyngeal swab"|258500001|04/17/2022|Negative|260385009
202|4244|10D2214779||Ahti|Atte||06/11/1995||Unknown|Unknown|FL|99999||Male|7863962445|"No Response"|1||0|0|0|0||0|Ahti||||||||"SARS-CoV-2 (COVID-19)"|Antigen|97097-0|"SARS-CoV-2 Ag Upper resp Ql IA.rapid"|"Nasopharyngeal swab"|258500001|04/17/2022|Negative|260385009
203|4244|10D2214779||Annel|"Daria Alicia"||01/08/1994||Unknown|Unknown|FL|99999||Female|7863962445|"No Response"|0||0|0|0|0||1|Annel||||||||"SARS-CoV-2 (COVID-19)"|Antigen|97097-0|"SARS-CoV-2 Ag Upper resp Ql IA.rapid"|"Nasopharyngeal swab"|258500001|04/17/2022|Negative|260385009
204|4244|10D2214779||Hansen|Deborah||11/29/1955||"84599 highway 339"|"Milton freewater"|FL|97862||Female|9999999999|"No Response"|1||0|0|0|0||0|Hansen||||||||"SARS-CoV-2 (COVID-19)"|Antigen|97097-0|"SARS-CoV-2 Ag Upper resp Ql IA.rapid"|"Nasopharyngeal swab"|258500001|04/17/2022|Negative|260385009
205|4244|10D2214779||Hansen|David||03/30/1946||"84599 highway 339"|"Milton freewater"|FL|97862||Male|5095201604|"No Response"|1||0|0|0|0||0|Hansen||||||||"SARS-CoV-2 (COVID-19)"|Antigen|97097-0|"SARS-CoV-2 Ag Upper resp Ql IA.rapid"|"Nasopharyngeal swab"|258500001|04/17/2022|Negative|260385009
206|4244|10D2214779||Schulz|"Julia Heidi"||05/03/1991||Unknown|Unknown|FL|99999||Female|9999999999|"No Response"|1||0|0|0|0||0|Schulz||||||||"SARS-CoV-2 (COVID-19)"|Antigen|97097-0|"SARS-CoV-2 Ag Upper resp Ql IA.rapid"|"Nasopharyngeal swab"|258500001|04/17/2022|Negative|260385009
207|4244|10D2214779||Kittsteiner|"Philipp Manfred"||07/07/1989||Unknown|Unknown|FL|99999||Male|9999999999|"No Response"|1||0|0|0|0||0|Kittsteiner||||||||"SARS-CoV-2 (COVID-19)"|Antigen|97097-0|"SARS-CoV-2 Ag Upper resp Ql IA.rapid"|"Nasopharyngeal swab"|258500001|04/17/2022|Negative|260385009
208|4244|10D2214779||"Dias Machado"|Daniel||02/16/1982||Unknown|Unknown|FL|99999||Male|7863962445|"No Response"|0||0|0|0|0||1|"Dias Machado"||||||||"SARS-CoV-2 (COVID-19)"|Antigen|97097-0|"SARS-CoV-2 Ag Upper resp Ql IA.rapid"|"Nasopharyngeal swab"|258500001|04/17/2022|Negative|260385009
209|4244|10D2214779||"Calderon Sanchez"|"Dorely Marilu"||08/21/1996||Unknown|Unknown|FL|99999||Female|7863962445|"No Response"|0||0|0|0|0||1|"Calderon Sanchez"||||||||"SARS-CoV-2 (COVID-19)"|Antigen|97097-0|"SARS-CoV-2 Ag Upper resp Ql IA.rapid"|"Nasopharyngeal swab"|258500001|04/17/2022|Negative|260385009
210|4244|10D2214779||Campbell|Maria||12/13/1963||"1901 N conference Drive"|"Boca Raton"|FL|33486||Female|12424220725|"No Response"|1||0|0|0|0||0|Campbell||||||||"SARS-CoV-2 (COVID-19)"|Antigen|97097-0|"SARS-CoV-2 Ag Upper resp Ql IA.rapid"|"Nasopharyngeal swab"|258500001|04/17/2022|Negative|260385009
211|4244|10D2214779||Cartwright|Lawrence||05/20/1961||"1901 N Conference Drive"|"Boca Raton"|FL|33486||Male|12424220725|"No Response"|1||0|0|0|0||0|Cartwright||||||||"SARS-CoV-2 (COVID-19)"|Antigen|97097-0|"SARS-CoV-2 Ag Upper resp Ql IA.rapid"|"Nasopharyngeal swab"|258500001|04/17/2022|Negative|260385009
212|4244|10D2214779||Novak|Daniel||07/06/1936||"1090 NW North River Drive #403"|Miami|FL|33136||Male|3053930000|"No Response"|1||0|0|0|0||0|Novak||||||||"SARS-CoV-2 (COVID-19)"|Antigen|97097-0|"SARS-CoV-2 Ag Upper resp Ql IA.rapid"|"Nasopharyngeal swab"|258500001|04/17/2022|Negative|260385009
213|4244|10D2214779||PROSPER|ANTHONY||05/01/1967||"4161 NW 8 LN"|"DEERFIELD BEACH"|FL|33064||Male|3217598853|"No Response"|0||0|0|0|0||0|PROSPER||||||||"SARS-CoV-2 (COVID-19)"|Antigen|97097-0|"SARS-CoV-2 Ag Upper resp Ql IA.rapid"|"Nasopharyngeal swab"|258500001|04/17/2022|Negative|260385009
214|4244|10D2214779||PROSPER|ANTHONY||05/01/1967||"4161 NW 8 LN"|"DEERFIELD BEACH"|FL|33064||Male|3217598853|"No Response"|0||0|0|0|0||0|PROSPER||||||||"SARS-CoV-2 (COVID-19)"|Antigen|97097-0|"SARS-CoV-2 Ag Upper resp Ql IA.rapid"|"Nasopharyngeal swab"|258500001|04/17/2022|Negative|260385009
215|4244|10D2214779||PROSPER|AGNES||01/28/1949||"4161 NW 8LN"|"DEERFIELD BEACH"|FL|33064||Female|3217598853|"No Response"|0||0|0|0|0||0|PROSPER||||||||"SARS-CoV-2 (COVID-19)"|Antigen|97097-0|"SARS-CoV-2 Ag Upper resp Ql IA.rapid"|"Nasopharyngeal swab"|258500001|04/17/2022|Negative|260385009
216|4244|10D2214779||PROSPER|AGNES||01/28/1949||"4161 NW 8LN"|"DEERFIELD BEACH"|FL|33064||Female|3217598853|"No Response"|0||0|0|0|0||0|PROSPER||||||||"SARS-CoV-2 (COVID-19)"|Antigen|97097-0|"SARS-CoV-2 Ag Upper resp Ql IA.rapid"|"Nasopharyngeal swab"|258500001|04/17/2022|Negative|260385009
217|4244|10D2214779||Bernardin|"Ornella Stacey"||05/07/2014||Unknown|Unknown|FL|99999||Female|15146525026|"No Response"|0||0|0|0|1||0|Bernardin||||||||"SARS-CoV-2 (COVID-19)"|Antigen|97097-0|"SARS-CoV-2 Ag Upper resp Ql IA.rapid"|"Nasopharyngeal swab"|258500001|04/17/2022|Negative|260385009
218|4244|10D2214779||Levarity|"Teneisha Rochelle"||12/21/1993||Unknown|Unknown|FL|99999||Female|2424333333|"No Response"|0||0|0|0|1||0|Levarity||||||||"SARS-CoV-2 (COVID-19)"|Antigen|97097-0|"SARS-CoV-2 Ag Upper resp Ql IA.rapid"|"Nasopharyngeal swab"|258500001|04/17/2022|Negative|260385009
219|4244|10D2214779||Nairn|"Keniece Berneka"||04/04/1991||Unknown|Unknown|FL|99999||Female|2428130311|"No Response"|0||0|0|0|1||0|Nairn||||||||"SARS-CoV-2 (COVID-19)"|Antigen|97097-0|"SARS-CoV-2 Ag Upper resp Ql IA.rapid"|"Nasopharyngeal swab"|258500001|04/17/2022|Negative|260385009
220|4244|10D2214779||Abaquin|"Rolando  C."||09/24/1936||Unknown|Unknown|FL|99999||Male|7029725548|"No Response"|0||0|1|0|0||0|Abaquin||||||||"SARS-CoV-2 (COVID-19)"|Antigen|97097-0|"SARS-CoV-2 Ag Upper resp Ql IA.rapid"|"Nasopharyngeal swab"|258500001|04/17/2022|Negative|260385009
221|4244|10D2214779||Braun|Bonni||05/22/1990||"8634 Burdekin Rd"|Magnolia|FL|77354||Female|2106839849|"No Response"|1||0|0|0|0||0|Braun||||||||"SARS-CoV-2 (COVID-19)"|Antigen|97097-0|"SARS-CoV-2 Ag Upper resp Ql IA.rapid"|"Nasopharyngeal swab"|258500001|04/17/2022|Negative|260385009
222|4244|10D2214779||Braun|Brian||06/20/1990||"8634 Burdekin Rd"|Magnolia|FL|77354||Male|2106839849|"No Response"|1||0|0|0|0||0|Braun||||||||"SARS-CoV-2 (COVID-19)"|Antigen|97097-0|"SARS-CoV-2 Ag Upper resp Ql IA.rapid"|"Nasopharyngeal swab"|258500001|04/17/2022|Negative|260385009
223|4244|10D2214779||Braun|Charlotte||01/11/2019||"8634 Burdekin Rd"|Magnolia|FL|77354||Female|2106839849|"No Response"|1||0|0|0|0||0|Braun||||||||"SARS-CoV-2 (COVID-19)"|Antigen|97097-0|"SARS-CoV-2 Ag Upper resp Ql IA.rapid"|"Nasopharyngeal swab"|258500001|04/17/2022|Negative|260385009
224|4244|10D2214779||"Martins Sclearuc"|Thais||01/30/2012||"9608 Halter Ct"|Potomac|FL|20854||Female|5614099116|"No Response"|1||0|0|0|0||0|"Martins Sclearuc"||||||||"SARS-CoV-2 (COVID-19)"|Antigen|97097-0|"SARS-CoV-2 Ag Upper resp Ql IA.rapid"|"Nasopharyngeal swab"|258500001|04/17/2022|Negative|260385009
225|4244|10D2214779||NIELSEN|RUSSELL||12/10/1991||"255 Arnold lane"|"Winter Springs"|FL|32708||Male|4074963055|"No Response"|1||0|0|0|0||0|NIELSEN||||||||"SARS-CoV-2 (COVID-19)"|Antigen|97097-0|"SARS-CoV-2 Ag Upper resp Ql IA.rapid"|"Nasopharyngeal swab"|258500001|04/17/2022|Negative|260385009
226|4244|10D2214779||Abravanel|"Edward Jonathan"||01/14/1970||Unknown|Unknown|FL|99999||Male|3108904274|"No Response"|0||0|0|0|0||1|Abravanel||||||||"SARS-CoV-2 (COVID-19)"|Antigen|97097-0|"SARS-CoV-2 Ag Upper resp Ql IA.rapid"|"Nasopharyngeal swab"|258500001|04/17/2022|Negative|260385009
227|4244|10D2214779||Myrthil|Jabina||03/02/1985||"5876 W Irlo Bronson Memorial Hwy"|Orlando|FL|34746||Female|4384015888|"No Response"|0||0|0|0|0||0|Myrthil||||||||"SARS-CoV-2 (COVID-19)"|Antigen|97097-0|"SARS-CoV-2 Ag Upper resp Ql IA.rapid"|"Nasopharyngeal swab"|258500001|04/17/2022|Negative|260385009
228|4244|10D2214779||Lopez|Deyker||01/10/2003||"1044 La Mirada Ct"|Kissimmee|FL|34744||Male|9999999999|"No Response"|0||0|0|0|0||0|Lopez||||||||"SARS-CoV-2 (COVID-19)"|PCR|94500-6|"SARS-CoV-2 RNA Resp Ql NAA+probe"|"Nasopharyngeal swab"|258500001|04/18/2022|Negative|260385009
229|4244|10D2214779||Kumpula|"Asha Kaur"||07/11/2011||Unknown|Unknown|FL|99999||Female|17807105867|"No Response"|0||0|0|0|1||0|Kumpula||||||||"SARS-CoV-2 (COVID-19)"|Antigen|97097-0|"SARS-CoV-2 Ag Upper resp Ql IA.rapid"|"Nasopharyngeal swab"|258500001|04/18/2022|Negative|260385009
230|4244|10D2214779||Kumpula|"Ishaan Singh"||10/17/2014||Unknown|Unknown|FL|99999||Male|17807105867|"No Response"|0||0|0|0|1||0|Kumpula||||||||"SARS-CoV-2 (COVID-19)"|Antigen|97097-0|"SARS-CoV-2 Ag Upper resp Ql IA.rapid"|"Nasopharyngeal swab"|258500001|04/18/2022|Negative|260385009
231|4244|10D2214779||Macleod|"Catriona Alice"||03/04/1992||Unknown|Unknown|FL|99999||Female|7863962445|"No Response"|0||0|0|0|0||1|Macleod||||||||"SARS-CoV-2 (COVID-19)"|Antigen|97097-0|"SARS-CoV-2 Ag Upper resp Ql IA.rapid"|"Nasopharyngeal swab"|258500001|04/17/2022|Negative|260385009
232|4244|10D2214779||Guerra|Raiza||03/02/1982||Unknown|Unknown|FL|99999||Female|15615029578|"No Response"|0||0|0|0|0||0|Guerra||||||||"SARS-CoV-2 (COVID-19)"|Antigen|97097-0|"SARS-CoV-2 Ag Upper resp Ql IA.rapid"|"Nasopharyngeal swab"|258500001|04/18/2022|Negative|260385009
233|4244|10D2214779||Rolle|Angersette||09/15/1983||Unknown|Unknown|FL|99999||Female|7863163975|"No Response"|0||0|0|0|0||0|Rolle||||||||"SARS-CoV-2 (COVID-19)"|Antigen|97097-0|"SARS-CoV-2 Ag Upper resp Ql IA.rapid"|"Nasopharyngeal swab"|258500001|04/17/2022|Negative|260385009
234|4244|10D2214779||Postma|Kahai||04/10/1984||Unknown|Unknown|FL|99999||Male|5613548004|"No Response"|1||0|0|0|0||0|Postma||||||||"SARS-CoV-2 (COVID-19)"|Antigen|97097-0|"SARS-CoV-2 Ag Upper resp Ql IA.rapid"|"Nasopharyngeal swab"|258500001|03/30/2022|Negative|260385009
235|4244|10D2214779||Postma|Kahai||04/10/1984||Unknown|Unknown|FL|99999||Male|5613548004|"No Response"|1||0|0|0|0||0|Postma||||||||"SARS-CoV-2 (COVID-19)"|Antigen|97097-0|"SARS-CoV-2 Ag Upper resp Ql IA.rapid"|"Nasopharyngeal swab"|258500001|03/30/2022|Negative|260385009
236|4244|10D2214779||Postma|Kahai||04/10/1984||Unknown|Unknown|FL|99999||Male|5613548004|"No Response"|1||0|0|0|0||0|Postma||||||||"SARS-CoV-2 (COVID-19)"|Antigen|97097-0|"SARS-CoV-2 Ag Upper resp Ql IA.rapid"|"Nasopharyngeal swab"|258500001|03/30/2022|Negative|260385009
237|4244|10D2214779||Postma|Kahai||04/10/1984||Unknown|Unknown|FL|99999||Male|5613548004|"No Response"|1||0|0|0|0||0|Postma||||||||"SARS-CoV-2 (COVID-19)"|Antigen|97097-0|"SARS-CoV-2 Ag Upper resp Ql IA.rapid"|"Nasopharyngeal swab"|258500001|03/30/2022|Negative|260385009
238|4244|10D2214779||Postma|Kahai||04/10/1984||Unknown|Unknown|FL|99999||Male|5613548004|"No Response"|1||0|0|0|0||0|Postma||||||||"SARS-CoV-2 (COVID-19)"|Antigen|97097-0|"SARS-CoV-2 Ag Upper resp Ql IA.rapid"|"Nasopharyngeal swab"|258500001|03/30/2022|Negative|260385009
239|4244|10D2214779||Postma|Kahai||04/10/1984||Unknown|Unknown|FL|99999||Male|7863962445|"No Response"|1||0|0|0|0||0|Postma||||||||"SARS-CoV-2 (COVID-19)"|Antigen|97097-0|"SARS-CoV-2 Ag Upper resp Ql IA.rapid"|"Nasopharyngeal swab"|258500001|04/18/2022|Negative|260385009
240|4244|10D2214779||Hearn|Danny||06/07/1969||Unknown|Unknown|FL|99999||Male|7863962445|"No Response"|1||0|0|0|0||0|Hearn||||||||"SARS-CoV-2 (COVID-19)"|Antigen|97097-0|"SARS-CoV-2 Ag Upper resp Ql IA.rapid"|"Nasopharyngeal swab"|258500001|04/18/2022|Negative|260385009
241|4244|10D2214779||Gaylord|Jason||07/13/1977||Unknown|Unknown|FL|99999||Male|7863962445|"No Response"|1||0|0|0|0||0|Gaylord||||||||"SARS-CoV-2 (COVID-19)"|Antigen|97097-0|"SARS-CoV-2 Ag Upper resp Ql IA.rapid"|"Nasopharyngeal swab"|258500001|01/01/1970|Negative|260385009
242|4244|10D2214779||"Lucas Castro"|"Jose Ovidio"||11/10/1976||"217 5thSt"|Jupiter|FL|33458||Male|7863962445|"No Response"|0||0|0|0|0||0|"Lucas Castro"||||||||"SARS-CoV-2 (COVID-19)"|Antigen|97097-0|"SARS-CoV-2 Ag Upper resp Ql IA.rapid"|"Nasopharyngeal swab"|258500001|01/01/1970|Negative|260385009
243|4244|10D2214779||Scherz|Hannes||11/10/1973||"1881 SE 17th Street Hilton FLL Marina"|"Fort Lauderdale"|FL|33316||Male|9999999999|"No Response"|1||0|0|0|0||0|Scherz||||||||"SARS-CoV-2 (COVID-19)"|Antigen|97097-0|"SARS-CoV-2 Ag Upper resp Ql IA.rapid"|"Nasopharyngeal swab"|258500001|04/17/2022|Negative|260385009
244|4244|10D2214779||Krahbichler|Roland||01/03/1978||"1881 SE 17th Street Hilton FLL Marina"|"Fort Lauderdale"|FL|33316||Male|9999999999|"No Response"|1||0|0|0|0||0|Krahbichler||||||||"SARS-CoV-2 (COVID-19)"|Antigen|97097-0|"SARS-CoV-2 Ag Upper resp Ql IA.rapid"|"Nasopharyngeal swab"|258500001|04/17/2022|Negative|260385009
245|4244|10D2214779||Hoilett|Abali||04/26/1983||"1717 N Bayshore Drive"|Miami|FL|33132||Male|9999999999|"No Response"|0||0|0|0|0||0|Hoilett||||||||"SARS-CoV-2 (COVID-19)"|Antigen|97097-0|"SARS-CoV-2 Ag Upper resp Ql IA.rapid"|"Nasopharyngeal swab"|258500001|04/17/2022|Negative|260385009
246|4244|10D2214779||Townsend|Mark||05/13/1955||"po box 21283"|"bullhead city"|FL|86439||Male|9286055696|"No Response"|1||0|0|0|0||0|Townsend||||||||"SARS-CoV-2 (COVID-19)"|Antigen|97097-0|"SARS-CoV-2 Ag Upper resp Ql IA.rapid"|"Nasopharyngeal swab"|258500001|04/17/2022|Negative|260385009
247|4244|10D2214779||Hearn|Danny||06/07/1969||"216 Anhiga Ln"|Jupiter|FL|33458||Male|7863962445|"No Response"|1||0|0|0|0||0|Hearn||||||||"SARS-CoV-2 (COVID-19)"|Antigen|97097-0|"SARS-CoV-2 Ag Upper resp Ql IA.rapid"|"Nasopharyngeal swab"|258500001|04/18/2022|Negative|260385009
248|4244|10D2214779||Gaylord|Jason||07/13/1977||"142 W Norfold Rd"|Jupiter|FL|33469||Male|7863962445|"No Response"|1||0|0|0|0||0|Gaylord||||||||"SARS-CoV-2 (COVID-19)"|Antigen|97097-0|"SARS-CoV-2 Ag Upper resp Ql IA.rapid"|"Nasopharyngeal swab"|258500001|01/01/1970|Negative|260385009
249|4244|10D2214779||Thompson|Kenneth||11/28/1964||Na|Na|FL|99999||Male|12424275400|"No Response"|0||0|0|0|0||0|Thompson||||||||"SARS-CoV-2 (COVID-19)"|Antigen|97097-0|"SARS-CoV-2 Ag Upper resp Ql IA.rapid"|"Nasopharyngeal swab"|258500001|04/17/2022|Negative|260385009
250|4244|10D2214779||Adames|Leonardo||06/26/1959||"1504 Bay Road, Apt 3204"|"Miami Beach"|FL|33139||Male|7869992846|"No Response"|0||0|0|0|0||0|Adames||||||||"SARS-CoV-2 (COVID-19)"|Antigen|97097-0|"SARS-CoV-2 Ag Upper resp Ql IA.rapid"|"Nasopharyngeal swab"|258500001|04/17/2022|Negative|260385009
251|4244|10D2214779||Roper|Barton||03/24/1963||"13481 Treasure Cove Circle"|"North Palm Beach"|FL|33408||Male|2024867100|"No Response"|1||0|0|0|0||0|Roper||||||||"SARS-CoV-2 (COVID-19)"|Antigen|97097-0|"SARS-CoV-2 Ag Upper resp Ql IA.rapid"|"Nasopharyngeal swab"|258500001|04/17/2022|Negative|260385009
