RecordID|FacilityID|CLIAID|PatientID|LastName|FirstName|MiddleName|DOB|SSN|StreetAddress|City|State|Zip|County|Gender|PhoneNumber|Ethnicity|RaceWhite|RaceBlack|RaceAmericanIndianAlaskanNative|RaceAsian|RaceNativeHawaiianOrOtherPacificIslander|RaceOther|RaceUnknown|RaceNoResponse|ProviderName|NPI|Pregnant|SchoolAssociation|SchoolName|MeetILIDefinition|PerformingLab|AccessionNumber|Pathogen|TestType|LOINC|LOINCShortName|SpecimenCollectionType|SpecimenSNOMED|SpecimenCollectedDate|Result|ResultSNOMED
1|4244|10D2214779||Rodriguez|Alexandra||06/11/1982||"450 Alton road"|Miami|FL|33139||Female|7912032108|"No Response"|1||0|0|0|0||0|Rodriguez||||||||"SARS-CoV-2 (COVID-19)"|Antigen|97097-0|"SARS-CoV-2 Ag Upper resp Ql IA.rapid"|"Nasopharyngeal swab"|258500001|04/22/2022|Negative|260385009
2|4244|10D2214779||"Frantz Rodriguez"|Alexander||10/07/2014||"450 Alton road"|Miami|FL|33139||Male|7912032108|"No Response"|1||0|0|0|0||0|"Frantz Rodriguez"||||||||"SARS-CoV-2 (COVID-19)"|Antigen|97097-0|"SARS-CoV-2 Ag Upper resp Ql IA.rapid"|"Nasopharyngeal swab"|258500001|04/22/2022|Negative|260385009
3|4244|10D2214779||Escalante|Theresa||09/22/1952||"8852 NW 26th Street"|Doral|FL|33172||Female|9999999999|"No Response"|0||0|1|0|0||0|Escalante||||||||"SARS-CoV-2 (COVID-19)"|Antigen|97097-0|"SARS-CoV-2 Ag Upper resp Ql IA.rapid"|"Nasopharyngeal swab"|258500001|04/22/2022|Negative|260385009
4|4244|10D2214779||Bias|Maria||10/08/1984||"8852 NW 26th Street"|Doral|FL|33172||Female|9999999999|"No Response"|0||0|0|0|1||0|Bias||||||||"SARS-CoV-2 (COVID-19)"|Antigen|97097-0|"SARS-CoV-2 Ag Upper resp Ql IA.rapid"|"Nasopharyngeal swab"|258500001|04/22/2022|Negative|260385009
5|4244|10D2214779||Dame|Robert||01/05/1973||"1823 Filly Rd"|Cantonment|FL|32533||Male|6037182958|"No Response"|1||0|0|0|0||0|Dame||||||||"SARS-CoV-2 (COVID-19)"|PCR|94500-6|"SARS-CoV-2 RNA Resp Ql NAA+probe"|"Nasopharyngeal swab"|258500001|04/22/2022|Negative|260385009
6|4244|10D2214779||Knowles|"Stella Laura"||07/07/1934||"14538 100th Lane"|"West Palm Beach, FL"|FL|33412||Female|9542545461|"No Response"|0||0|0|0|0||0|Knowles||||||||"SARS-CoV-2 (COVID-19)"|Antigen|97097-0|"SARS-CoV-2 Ag Upper resp Ql IA.rapid"|"Nasopharyngeal swab"|258500001|04/22/2022|Negative|260385009
7|4244|10D2214779||Cockshott|Gary||01/01/1970||"11600 Piping Plover Rd."|"Lake Worth, FL"|FL|33449||Male|2049410122|"No Response"|1||0|0|0|0||0|Cockshott||||||||"SARS-CoV-2 (COVID-19)"|PCR|94500-6|"SARS-CoV-2 RNA Resp Ql NAA+probe"|"Nasopharyngeal swab"|258500001|04/22/2022|Negative|260385009
8|4244|10D2214779||Stancanelli|Emanuele||06/15/1991||"2600 N Military Trail"|"Boca Raton"|FL|33431||Male|5615902615|"No Response"|1||0|0|0|0||0|Stancanelli||||||||"SARS-CoV-2 (COVID-19)"|Antigen|97097-0|"SARS-CoV-2 Ag Upper resp Ql IA.rapid"|"Nasopharyngeal swab"|258500001|04/22/2022|Negative|260385009
9|4244|10D2214779||Cohen|Laurence||05/10/1978||"90 Alton Rd Apt 3012"|"Miami Beach"|FL|33139||Male|9999999999|"No Response"|1||0|0|0|0||0|Cohen||||||||"SARS-CoV-2 (COVID-19)"|Antigen|97097-0|"SARS-CoV-2 Ag Upper resp Ql IA.rapid"|"Nasopharyngeal swab"|258500001|04/22/2022|Negative|260385009
10|4244|10D2214779||West|Matthew||08/24/1951||"614south lake drive"|lantana|FL|33462||Male|5617188656|"No Response"|1||0|0|0|0||0|West||||||||"SARS-CoV-2 (COVID-19)"|PCR|94500-6|"SARS-CoV-2 RNA Resp Ql NAA+probe"|"Nasopharyngeal swab"|258500001|04/21/2022|Negative|260385009
11|4244|10D2214779||West|Matthew||08/24/1971||"614south lake drive"|lantana|FL|33462||Male|5617188656|"No Response"|1||0|0|0|0||0|West||||||||"SARS-CoV-2 (COVID-19)"|PCR|94500-6|"SARS-CoV-2 RNA Resp Ql NAA+probe"|"Nasopharyngeal swab"|258500001|04/21/2022|Negative|260385009
12|4244|10D2214779||Fontoura|Tais||04/25/1982||"614 south lake drive"|lantana|FL|33462||Female|5616742834|"No Response"|0||0|0|0|0||0|Fontoura||||||||"SARS-CoV-2 (COVID-19)"|PCR|94500-6|"SARS-CoV-2 RNA Resp Ql NAA+probe"|"Nasopharyngeal swab"|258500001|04/21/2022|Negative|260385009
13|4244|10D2214779||Fontoura|Tais||04/25/1982||"614 south lake drive"|lantana|FL|33462||Female|5616742834|"No Response"|0||0|0|0|0||0|Fontoura||||||||"SARS-CoV-2 (COVID-19)"|PCR|94500-6|"SARS-CoV-2 RNA Resp Ql NAA+probe"|"Nasopharyngeal swab"|258500001|04/21/2022|Negative|260385009
14|4244|10D2214779||Lund|John||05/05/1943||"100 S Birch Rd"|"Ft Lauderdale"|FL|33316||Male|5089443450|"No Response"|1||0|0|0|0||0|Lund||||||||"SARS-CoV-2 (COVID-19)"|Antigen|97097-0|"SARS-CoV-2 Ag Upper resp Ql IA.rapid"|"Nasopharyngeal swab"|258500001|04/22/2022|Negative|260385009
15|4244|10D2214779||Makela|Pauli||02/13/1966||"15325 62nd PL N , Loxahatchee, FL 33470"|LOXAHATCHEE|FL|33470||Male|5616504121|"No Response"|1||0|0|0|0||0|Makela||||||||"SARS-CoV-2 (COVID-19)"|PCR|94500-6|"SARS-CoV-2 RNA Resp Ql NAA+probe"|"Nasopharyngeal swab"|258500001|04/22/2022|Negative|260385009
16|4244|10D2214779||West|Matthew||08/24/1951||"614 South  Lake Drive"|Lantana|FL|33462||Male|5617188656|"No Response"|1||0|0|0|0||0|West||||||||"SARS-CoV-2 (COVID-19)"|PCR|94500-6|"SARS-CoV-2 RNA Resp Ql NAA+probe"|"Nasopharyngeal swab"|258500001|04/21/2022|Negative|260385009
17|4244|10D2214779||West|Matthew||08/24/1971||"614 South  Lake Drive"|Lantana|FL|33462||Male|5617188656|"No Response"|1||0|0|0|0||0|West||||||||"SARS-CoV-2 (COVID-19)"|PCR|94500-6|"SARS-CoV-2 RNA Resp Ql NAA+probe"|"Nasopharyngeal swab"|258500001|04/21/2022|Negative|260385009
18|4244|10D2214779||Clendennin|Joseph||01/30/1973||"5044 SW 122 ter"|"Cooper City"|FL|33330||Male|7868314897|"No Response"|1||0|0|0|0||0|Clendennin||||||||"SARS-CoV-2 (COVID-19)"|Antigen|97097-0|"SARS-CoV-2 Ag Upper resp Ql IA.rapid"|"Nasopharyngeal swab"|258500001|04/22/2022|Negative|260385009
19|4244|10D2214779||Danielson|Annie||10/06/1986||"14777sw 170th ave"|Indiantown|FL|34956||Female|3405130562|"No Response"|0||0|0|0|0||0|Danielson||||||||"SARS-CoV-2 (COVID-19)"|Antigen|97097-0|"SARS-CoV-2 Ag Upper resp Ql IA.rapid"|"Nasopharyngeal swab"|258500001|04/22/2022|Negative|260385009
20|4244|10D2214779||Clendennin|Joseph||01/30/1973||"5044 SW 122 ter"|"Cooper City"|FL|33330||Male|7868314897|"No Response"|1||0|0|0|0||0|Clendennin||||||||"SARS-CoV-2 (COVID-19)"|Antigen|97097-0|"SARS-CoV-2 Ag Upper resp Ql IA.rapid"|"Nasopharyngeal swab"|258500001|04/22/2022|Negative|260385009
21|4244|10D2214779||Clendennin|Joseph||01/30/1973||"5044 SW 122 ter"|"Cooper City"|FL|33330||Male|7868314897|"No Response"|1||0|0|0|0||0|Clendennin||||||||"SARS-CoV-2 (COVID-19)"|Antigen|97097-0|"SARS-CoV-2 Ag Upper resp Ql IA.rapid"|"Nasopharyngeal swab"|258500001|04/22/2022|Negative|260385009
22|4244|10D2214779||Clendennin|Joseph||01/30/1973||"5044 SW 122 ter"|"Cooper City"|FL|33330||Male|7868314897|"No Response"|1||0|0|0|0||0|Clendennin||||||||"SARS-CoV-2 (COVID-19)"|Antigen|97097-0|"SARS-CoV-2 Ag Upper resp Ql IA.rapid"|"Nasopharyngeal swab"|258500001|04/22/2022|Negative|260385009
23|4244|10D2214779||MAASS|ROBB||03/05/1957||Unknown|Unknown|FL|99999||Male|5613711837|"No Response"|1||0|0|0|0||0|MAASS||||||||"SARS-CoV-2 (COVID-19)"|Antigen|97097-0|"SARS-CoV-2 Ag Upper resp Ql IA.rapid"|"Nasopharyngeal swab"|258500001|04/22/2022|Negative|260385009
24|4244|10D2214779||West|Matthew||08/24/1951||"614 S. LAKE DRIVE"|LANTANA|FL|33462||Male|5617188656|"No Response"|1||0|0|0|0||0|West||||||||"SARS-CoV-2 (COVID-19)"|PCR|94500-6|"SARS-CoV-2 RNA Resp Ql NAA+probe"|"Nasopharyngeal swab"|258500001|04/21/2022|Negative|260385009
25|4244|10D2214779||West|Matthew||08/24/1971||"614 S. LAKE DRIVE"|LANTANA|FL|33462||Male|5617188656|"No Response"|1||0|0|0|0||0|West||||||||"SARS-CoV-2 (COVID-19)"|PCR|94500-6|"SARS-CoV-2 RNA Resp Ql NAA+probe"|"Nasopharyngeal swab"|258500001|04/21/2022|Negative|260385009
26|4244|10D2214779||Fontoura|Tais||04/25/1982||"614 SOUTH LAKE DRIVE"|LANTANA|FL|33462||Female|5616742834|"No Response"|0||0|0|0|0||0|Fontoura||||||||"SARS-CoV-2 (COVID-19)"|PCR|94500-6|"SARS-CoV-2 RNA Resp Ql NAA+probe"|"Nasopharyngeal swab"|258500001|04/21/2022|Negative|260385009
27|4244|10D2214779||Fontoura|Tais||04/25/1982||"614 SOUTH LAKE DRIVE"|LANTANA|FL|33462||Female|5616742834|"No Response"|0||0|0|0|0||0|Fontoura||||||||"SARS-CoV-2 (COVID-19)"|PCR|94500-6|"SARS-CoV-2 RNA Resp Ql NAA+probe"|"Nasopharyngeal swab"|258500001|04/21/2022|Negative|260385009
28|4244|10D2214779||Reynolds|Alison||03/08/1958||Unknown|Unknown|FL|99999||Female|9999999999|"No Response"|1||0|0|0|0||0|Reynolds||||||||"SARS-CoV-2 (COVID-19)"|Antigen|97097-0|"SARS-CoV-2 Ag Upper resp Ql IA.rapid"|"Nasopharyngeal swab"|258500001|04/21/2022|Negative|260385009
29|4244|10D2214779||Parker|Dale||11/20/1971||"Seralago 5678 W irlo Branson Hwy Kissimmee"|Orlando|FL|34746||Male|07549056597|"No Response"|1||0|0|0|0||0|Parker||||||||"SARS-CoV-2 (COVID-19)"|Antigen|97097-0|"SARS-CoV-2 Ag Upper resp Ql IA.rapid"|"Nasopharyngeal swab"|258500001|04/22/2022|Negative|260385009
30|4244|10D2214779||Tartaglia|Stephen||04/26/1961||"135 Sussex G"|"West Palm Beach"|FL|33417||Male|9174982349|"No Response"|1||0|0|0|0||0|Tartaglia||||||||"SARS-CoV-2 (COVID-19)"|PCR|94500-6|"SARS-CoV-2 RNA Resp Ql NAA+probe"|"Nasopharyngeal swab"|258500001|04/22/2022|Negative|260385009
31|4244|10D2214779||Lund|John||05/05/1943||"100 S.Birch Road"|"Ft. Lauderdale"|FL|33316||Male|5089443450|"No Response"|1||0|0|0|0||0|Lund||||||||"SARS-CoV-2 (COVID-19)"|Antigen|97097-0|"SARS-CoV-2 Ag Upper resp Ql IA.rapid"|"Nasopharyngeal swab"|258500001|04/22/2022|Negative|260385009
32|4244|10D2214779||MONAST|MARILYN||12/09/1949||"100  S. Birch Rd.   Apt. 2705"|"Ft. Lauderdale"|FL|33316||Female|5089443450|"No Response"|1||0|0|0|0||0|MONAST||||||||"SARS-CoV-2 (COVID-19)"|Antigen|97097-0|"SARS-CoV-2 Ag Upper resp Ql IA.rapid"|"Nasopharyngeal swab"|258500001|04/22/2022|Negative|260385009
33|4244|10D2214779||MAASS|ROBB||03/05/1957||"340 ROYAL  POINCIANA WAY, SUITE 321"|"PALM BEACH"|FL|33480||Male|5613711837|"No Response"|1||0|0|0|0||0|MAASS||||||||"SARS-CoV-2 (COVID-19)"|Antigen|97097-0|"SARS-CoV-2 Ag Upper resp Ql IA.rapid"|"Nasopharyngeal swab"|258500001|04/22/2022|Negative|260385009
34|4244|10D2214779||Rodney|Exodus||06/05/1977||"8595 sw 23 ct"|miramar|FL|33025||Male|9546380834|"No Response"|0||0|0|0|0||0|Rodney||||||||"SARS-CoV-2 (COVID-19)"|Antigen|97097-0|"SARS-CoV-2 Ag Upper resp Ql IA.rapid"|"Nasopharyngeal swab"|258500001|04/22/2022|Negative|260385009
35|4244|10D2214779||Okobi|Stacia||01/16/1969||"906 Newshaw Way"|Lawrenceville|FL|30046||Female|4703282611|"No Response"|0||0|0|0|0||0|Okobi||||||||"SARS-CoV-2 (COVID-19)"|Antigen|97097-0|"SARS-CoV-2 Ag Upper resp Ql IA.rapid"|"Nasopharyngeal swab"|258500001|04/22/2022|Negative|260385009
36|4244|10D2214779||Jones|Anthony||09/09/1967||"906 Newshaw Way"|Lawrenceville|FL|30046||Male|6789068295|"No Response"|0||0|0|0|0||0|Jones||||||||"SARS-CoV-2 (COVID-19)"|Antigen|97097-0|"SARS-CoV-2 Ag Upper resp Ql IA.rapid"|"Nasopharyngeal swab"|258500001|04/22/2022|Negative|260385009
37|4244|10D2214779||BARBERINO|JOHN||07/25/1950||"10311 BOCA WOODS LANE"|"BOCA RATON"|FL|33428||Male|3025213650|"No Response"|1||0|0|0|0||0|BARBERINO||||||||"SARS-CoV-2 (COVID-19)"|Antigen|97097-0|"SARS-CoV-2 Ag Upper resp Ql IA.rapid"|"Nasopharyngeal swab"|258500001|04/22/2022|Negative|260385009
38|4244|10D2214779||mills|andre||05/30/1983||"899 NW 213 terrace apt 15101"|Miami|FL|33169||Male|3056102262|"No Response"|0||0|0|0|0||0|mills||||||||"SARS-CoV-2 (COVID-19)"|Antigen|97097-0|"SARS-CoV-2 Ag Upper resp Ql IA.rapid"|"Nasopharyngeal swab"|258500001|04/22/2022|Negative|260385009
39|4244|10D2214779||Schwarz|Jennifer||05/26/1968||"2750 NE 183td St #1906"|Aventura|FL|33160||Female|5617140034|"No Response"|1||0|0|0|0||0|Schwarz||||||||"SARS-CoV-2 (COVID-19)"|Antigen|97097-0|"SARS-CoV-2 Ag Upper resp Ql IA.rapid"|"Nasopharyngeal swab"|258500001|04/22/2022|Negative|260385009
40|4244|10D2214779||Thorn|Stuart||03/20/1956||"2223 Rambler Lane"|Hixson|FL|37343||Male|7708233348|"No Response"|1||0|0|0|0||0|Thorn||||||||"SARS-CoV-2 (COVID-19)"|Antigen|97097-0|"SARS-CoV-2 Ag Upper resp Ql IA.rapid"|"Nasopharyngeal swab"|258500001|04/22/2022|Negative|260385009
41|4244|10D2214779||Hodgson|"Tammy Jean"||10/09/1977||"2505 Northwest 87th Avenue"|Doral|FL|33172||Female|9999999999|"No Response"|1||0|0|0|0||0|Hodgson||||||||"SARS-CoV-2 (COVID-19)"|Antigen|97097-0|"SARS-CoV-2 Ag Upper resp Ql IA.rapid"|"Nasopharyngeal swab"|258500001|04/22/2022|Negative|260385009
42|4244|10D2214779||Parker|Heather||01/19/1987||"Seralago 5678 W Irlo Branson hwy Kissimmee"|Orlando|FL|34746||Female|07549056597|"No Response"|1||0|0|0|0||0|Parker||||||||"SARS-CoV-2 (COVID-19)"|Antigen|97097-0|"SARS-CoV-2 Ag Upper resp Ql IA.rapid"|"Nasopharyngeal swab"|258500001|04/22/2022|Negative|260385009
43|4244|10D2214779||BARBERINO|LORRAINE||04/18/1952||"10311 BOCA WOODS LANE"|"BOCA RATON"|FL|33428||Female|9542056755|"No Response"|1||0|0|0|0||0|BARBERINO||||||||"SARS-CoV-2 (COVID-19)"|Antigen|97097-0|"SARS-CoV-2 Ag Upper resp Ql IA.rapid"|"Nasopharyngeal swab"|258500001|04/22/2022|Negative|260385009
44|4244|10D2214779||Spear|Karin||04/14/1962||Unknown|Unknown|FL|99999||Female|5712621115|"No Response"|1||0|0|0|0||0|Spear||||||||"SARS-CoV-2 (COVID-19)"|Antigen|97097-0|"SARS-CoV-2 Ag Upper resp Ql IA.rapid"|"Nasopharyngeal swab"|258500001|04/22/2022|Negative|260385009
45|4244|10D2214779||Smith|Vanessa||05/09/1967||"Seralago 5678 Irlo Bronson hwy"|Orlando|FL|34746||Female|07752531565|"No Response"|1||0|0|0|0||0|Smith||||||||"SARS-CoV-2 (COVID-19)"|Antigen|97097-0|"SARS-CoV-2 Ag Upper resp Ql IA.rapid"|"Nasopharyngeal swab"|258500001|04/22/2022|Negative|260385009
46|4244|10D2214779||MAASS|Elizabeth||09/06/1956||"340 ROYAL POINCIANA WAY SUITE 321"|"PALM BEACH"|FL|33480||Female|7863962445|"No Response"|1||0|0|0|0||0|MAASS||||||||"SARS-CoV-2 (COVID-19)"|Antigen|97097-0|"SARS-CoV-2 Ag Upper resp Ql IA.rapid"|"Nasopharyngeal swab"|258500001|04/22/2022|Negative|260385009
47|4244|10D2214779||Groves|Sherdon||11/22/1992||Unknown|Indiantown|FL|34956||Male|7723006765|"No Response"|0||0|0|0|0||0|Groves||||||||"SARS-CoV-2 (COVID-19)"|Antigen|97097-0|"SARS-CoV-2 Ag Upper resp Ql IA.rapid"|"Nasopharyngeal swab"|258500001|04/22/2022|Negative|260385009
48|4244|10D2214779||Smith|Jed||08/01/1992||"Seralago 5678 Irlo Bronson hwy"|Orlando|FL|34746||Male|07714774939|"No Response"|1||0|0|0|0||0|Smith||||||||"SARS-CoV-2 (COVID-19)"|Antigen|97097-0|"SARS-CoV-2 Ag Upper resp Ql IA.rapid"|"Nasopharyngeal swab"|258500001|04/22/2022|Negative|260385009
49|4244|10D2214779||Smith|Micheal||02/20/1964||"Seralago 5678 Irlo Bronson hwy Kissimmee"|Orlando|FL|34746||Male|07742486799|"No Response"|1||0|0|0|0||0|Smith||||||||"SARS-CoV-2 (COVID-19)"|Antigen|97097-0|"SARS-CoV-2 Ag Upper resp Ql IA.rapid"|"Nasopharyngeal swab"|258500001|04/22/2022|Negative|260385009
50|4244|10D2214779||Danielson|Annie||10/06/1986||"14777sw 170th ave"|Indiantown|FL|34956||Female|3405130562|"No Response"|0||0|0|0|0||0|Danielson||||||||"SARS-CoV-2 (COVID-19)"|Antigen|97097-0|"SARS-CoV-2 Ag Upper resp Ql IA.rapid"|"Nasopharyngeal swab"|258500001|04/22/2022|Negative|260385009
51|4244|10D2214779||Tanswell|Leanne||12/30/1985||"Seralago 5678 W Irlo Branson hwy Kissimmee"|Orlando|FL|34746||Female|07871408383|"No Response"|1||0|0|0|0||0|Tanswell||||||||"SARS-CoV-2 (COVID-19)"|Antigen|97097-0|"SARS-CoV-2 Ag Upper resp Ql IA.rapid"|"Nasopharyngeal swab"|258500001|04/22/2022|Negative|260385009
52|4244|10D2214779||Tanswell|Callum||06/15/2003||"Seralago 5678 W Irlo Bronson hwy Kissimmee"|Orlando|FL|34746||Male|07871408383|"No Response"|1||0|0|0|0||0|Tanswell||||||||"SARS-CoV-2 (COVID-19)"|Antigen|97097-0|"SARS-CoV-2 Ag Upper resp Ql IA.rapid"|"Nasopharyngeal swab"|258500001|04/22/2022|Negative|260385009
53|4244|10D2214779||Tanswell|Shannon||03/17/2007||"Seralago 5678 W Irlo Bronson hwy Kissimmee"|Orlando|FL|34746||Female|07871408383|"No Response"|1||0|0|0|0||0|Tanswell||||||||"SARS-CoV-2 (COVID-19)"|Antigen|97097-0|"SARS-CoV-2 Ag Upper resp Ql IA.rapid"|"Nasopharyngeal swab"|258500001|04/22/2022|Negative|260385009
54|4244|10D2214779||Pestell|Mark||11/01/1981||"Seralago 5678 Irlo Bronson hwy Kissimmee"|Orlando|FL|34746||Male|7863962445|"No Response"|1||0|0|0|0||0|Pestell||||||||"SARS-CoV-2 (COVID-19)"|Antigen|97097-0|"SARS-CoV-2 Ag Upper resp Ql IA.rapid"|"Nasopharyngeal swab"|258500001|04/22/2022|Negative|260385009
55|4244|10D2214779||FISCHER|ARACI||01/01/1944||"1750 Northwest 107th Avenue Miami FL 33172"|"São Paulo"|FL|12410||Female|9999999999|"No Response"|1||0|0|0|0||0|FISCHER||||||||"SARS-CoV-2 (COVID-19)"|Antigen|97097-0|"SARS-CoV-2 Ag Upper resp Ql IA.rapid"|"Nasopharyngeal swab"|258500001|04/22/2022|Negative|260385009
56|4244|10D2214779||FISCHER|PAULO||08/19/1948||Unknown|Miami|FL|17501||Male|9999999999|"No Response"|1||0|0|0|0||0|FISCHER||||||||"SARS-CoV-2 (COVID-19)"|Antigen|97097-0|"SARS-CoV-2 Ag Upper resp Ql IA.rapid"|"Nasopharyngeal swab"|258500001|04/22/2022|Negative|260385009
57|4244|10D2214779||Dolan|Joseph||03/21/1963||8462|Orlando|FL|34747||Male|9999999999|"No Response"|1||0|0|0|0||0|Dolan||||||||"SARS-CoV-2 (COVID-19)"|Antigen|97097-0|"SARS-CoV-2 Ag Upper resp Ql IA.rapid"|"Nasopharyngeal swab"|258500001|04/22/2022|Negative|260385009
58|4244|10D2214779||Dolan|Marian||01/06/1962||8462|Orlando|FL|34747||Female|9999999999|"No Response"|1||0|0|0|0||0|Dolan||||||||"SARS-CoV-2 (COVID-19)"|Antigen|97097-0|"SARS-CoV-2 Ag Upper resp Ql IA.rapid"|"Nasopharyngeal swab"|258500001|04/15/2022|Negative|260385009
59|4244|10D2214779||PETRIE|Gavin||08/23/1980||"2922 Elbert Way"|Poinciana|FL|34758||Male|9999999999|"No Response"|1||0|0|0|0||0|PETRIE||||||||"SARS-CoV-2 (COVID-19)"|Antigen|97097-0|"SARS-CoV-2 Ag Upper resp Ql IA.rapid"|"Nasopharyngeal swab"|258500001|04/22/2022|Negative|260385009
60|4244|10D2214779||PETRIE|Elizabeth||12/26/1978||"2922 Elbert Way"|Poinciana|FL|34758||Female|9999999999|"No Response"|1||0|0|0|0||0|PETRIE||||||||"SARS-CoV-2 (COVID-19)"|Antigen|97097-0|"SARS-CoV-2 Ag Upper resp Ql IA.rapid"|"Nasopharyngeal swab"|258500001|04/22/2022|Negative|260385009
61|4244|10D2214779||Hunter|Alison||06/24/1967||"2889 McFarlane Road, Unit 1610-2, Miami, FL 33133"|Miami|FL|33133||Female|9999999999|"No Response"|1||0|0|0|0||0|Hunter||||||||"SARS-CoV-2 (COVID-19)"|Antigen|97097-0|"SARS-CoV-2 Ag Upper resp Ql IA.rapid"|"Nasopharyngeal swab"|258500001|04/22/2022|Negative|260385009
62|4244|10D2214779||Malzahn|Cathy||09/21/1948||"740 N Chisholm Ct"|"Post Falls"|FL|83854||Female|2086612567|"No Response"|1||0|0|0|0||0|Malzahn||||||||"SARS-CoV-2 (COVID-19)"|Antigen|97097-0|"SARS-CoV-2 Ag Upper resp Ql IA.rapid"|"Nasopharyngeal swab"|258500001|04/22/2022|Negative|260385009
63|4244|10D2214779||Donas|Janaína||07/23/1980||"Indigo Hotel, 145 SW 11th ST"|Miami|FL|33130||Female|9999999999|"No Response"|1||0|0|0|0||0|Donas||||||||"SARS-CoV-2 (COVID-19)"|Antigen|97097-0|"SARS-CoV-2 Ag Upper resp Ql IA.rapid"|"Nasopharyngeal swab"|258500001|04/22/2022|Negative|260385009
64|4244|10D2214779||Correa|Marcelo||08/15/1967||"145 SW 11th ST"|Miami|FL|33130||Male|9999999999|"No Response"|1||0|0|0|0||0|Correa||||||||"SARS-CoV-2 (COVID-19)"|Antigen|97097-0|"SARS-CoV-2 Ag Upper resp Ql IA.rapid"|"Nasopharyngeal swab"|258500001|04/22/2022|Negative|260385009
65|4244|10D2214779||Pang|"Cassidy Chi Kiu"||11/22/2010||"Coco key hotel & water resort"|Orlando|FL|32819||Female|14076866113|"No Response"|0||0|0|0|1||0|Pang||||||||"SARS-CoV-2 (COVID-19)"|Antigen|97097-0|"SARS-CoV-2 Ag Upper resp Ql IA.rapid"|"Nasopharyngeal swab"|258500001|04/22/2022|Negative|260385009
66|4244|10D2214779||Dolan|James||09/04/1991||8462|Orlando|FL|34747||Male|9999999999|"No Response"|1||0|0|0|0||0|Dolan||||||||"SARS-CoV-2 (COVID-19)"|Antigen|97097-0|"SARS-CoV-2 Ag Upper resp Ql IA.rapid"|"Nasopharyngeal swab"|258500001|04/22/2022|Negative|260385009
67|4244|10D2214779||Beasley|Amy||08/16/1991||8462|Orlando|FL|34747||Female|9999999999|"No Response"|1||0|0|0|0||0|Beasley||||||||"SARS-CoV-2 (COVID-19)"|Antigen|97097-0|"SARS-CoV-2 Ag Upper resp Ql IA.rapid"|"Nasopharyngeal swab"|258500001|04/22/2022|Negative|260385009
68|4244|10D2214779||Malzahn|Thomas||05/13/1946||"740 N Chisholm Ct"|"Post Falls"|FL|83854||Male|2086612567|"No Response"|1||0|0|0|0||0|Malzahn||||||||"SARS-CoV-2 (COVID-19)"|Antigen|97097-0|"SARS-CoV-2 Ag Upper resp Ql IA.rapid"|"Nasopharyngeal swab"|258500001|04/22/2022|Negative|260385009
69|4244|10D2214779||Pang|"Sebastian Chi Yiu"||05/07/2014||"Coco key hotel & water resort"|Orlando|FL|32819||Male|14076866113|"No Response"|0||0|0|0|1||0|Pang||||||||"SARS-CoV-2 (COVID-19)"|Antigen|97097-0|"SARS-CoV-2 Ag Upper resp Ql IA.rapid"|"Nasopharyngeal swab"|258500001|04/22/2022|Negative|260385009
70|4244|10D2214779||Kojic|Matija||08/25/1999||Unknown|Unknown|FL|99999||Male|13058122654|"No Response"|1||0|0|0|0||0|Kojic||||||||"SARS-CoV-2 (COVID-19)"|Antigen|97097-0|"SARS-CoV-2 Ag Upper resp Ql IA.rapid"|"Nasopharyngeal swab"|258500001|04/22/2022|Negative|260385009
71|4244|10D2214779||Makela|Pauli||02/13/1966||"15325 62nd PL N"|Loxahatchee|FL|33470||Male|5616504121|"No Response"|1||0|0|0|0||0|Makela||||||||"SARS-CoV-2 (COVID-19)"|PCR|94500-6|"SARS-CoV-2 RNA Resp Ql NAA+probe"|"Nasopharyngeal swab"|258500001|04/22/2022|Negative|260385009
72|4244|10D2214779||Lynch|Lola||02/15/2005||"6460 Common Circle, Bldg. 2  #110"|"West Palm Beach, Florida"|FL|33417||Female|19086706431|"No Response"|1||0|0|0|0||0|Lynch||||||||"SARS-CoV-2 (COVID-19)"|PCR|94500-6|"SARS-CoV-2 RNA Resp Ql NAA+probe"|"Nasopharyngeal swab"|258500001|04/22/2022|Negative|260385009
73|4244|10D2214779||Dempster|Jennifer||09/07/1967||"227 W 77TH ST"|"New York"|FL|10024||Female|2124330820|"No Response"|1||0|0|0|0||0|Dempster||||||||"SARS-CoV-2 (COVID-19)"|Antigen|97097-0|"SARS-CoV-2 Ag Upper resp Ql IA.rapid"|"Nasopharyngeal swab"|258500001|04/22/2022|Negative|260385009
74|4244|10D2214779||Fowler|Christopher||08/23/1962||"2544 Lucerne Avenue"|"Miami Beach"|FL|33140||Male|6462919007|"No Response"|1||0|0|0|0||0|Fowler||||||||"SARS-CoV-2 (COVID-19)"|Antigen|97097-0|"SARS-CoV-2 Ag Upper resp Ql IA.rapid"|"Nasopharyngeal swab"|258500001|04/22/2022|Negative|260385009
75|4244|10D2214779||Fowler|Christopher||08/23/1962||"2544 Lucerne Avenue"|"Miami Beach"|FL|33140||Male|6462919007|"No Response"|1||0|0|0|0||0|Fowler||||||||"SARS-CoV-2 (COVID-19)"|Antigen|97097-0|"SARS-CoV-2 Ag Upper resp Ql IA.rapid"|"Nasopharyngeal swab"|258500001|04/22/2022|Negative|260385009
76|4244|10D2214779||Fowler|Christopher||08/23/1962||"2544 Lucerne Avenue"|"Miami Beach"|FL|33140||Male|6462919007|"No Response"|1||0|0|0|0||0|Fowler||||||||"SARS-CoV-2 (COVID-19)"|Antigen|97097-0|"SARS-CoV-2 Ag Upper resp Ql IA.rapid"|"Nasopharyngeal swab"|258500001|04/22/2022|Negative|260385009
77|4244|10D2214779||Hetherton|Josephine||03/20/1963||"Winter Haven, Autograph Collection"|Miami|FL|33139||Female|07912322845|"No Response"|1||0|0|0|0||0|Hetherton||||||||"SARS-CoV-2 (COVID-19)"|Antigen|97097-0|"SARS-CoV-2 Ag Upper resp Ql IA.rapid"|"Nasopharyngeal swab"|258500001|04/22/2022|Negative|260385009
78|4244|10D2214779||Escalante|Theresa||09/22/1952||"8200 SW 70th Avenue"|Miami|FL|33143||Female|9999999999|"No Response"|0||0|1|0|0||0|Escalante||||||||"SARS-CoV-2 (COVID-19)"|Antigen|97097-0|"SARS-CoV-2 Ag Upper resp Ql IA.rapid"|"Nasopharyngeal swab"|258500001|04/22/2022|Negative|260385009
79|4244|10D2214779||Bias|Seth||08/16/2011||"8200 SW 70th Avenue"|Miami|FL|33143||Male|9999999999|"No Response"|0||0|0|0|1||0|Bias||||||||"SARS-CoV-2 (COVID-19)"|Antigen|97097-0|"SARS-CoV-2 Ag Upper resp Ql IA.rapid"|"Nasopharyngeal swab"|258500001|04/22/2022|Negative|260385009
80|4244|10D2214779||Alcantara|Brandon||10/22/1977||"770 SE 2nd Avenue"|"Deerfield Beach"|FL|33441||Male|5618592572|"No Response"|0||0|0|0|0||0|Alcantara||||||||"SARS-CoV-2 (COVID-19)"|Antigen|97097-0|"SARS-CoV-2 Ag Upper resp Ql IA.rapid"|"Nasopharyngeal swab"|258500001|04/22/2022|Negative|260385009
81|4244|10D2214779||Hetherton|James||01/30/1963||"Winter Haven, Autograph Collection"|Miami|FL|33139||Male|07804037193|"No Response"|1||0|0|0|0||0|Hetherton||||||||"SARS-CoV-2 (COVID-19)"|Antigen|97097-0|"SARS-CoV-2 Ag Upper resp Ql IA.rapid"|"Nasopharyngeal swab"|258500001|04/22/2022|Negative|260385009
82|4244|10D2214779||Bias|Charli||10/22/2012||"8200 SW 70th Avenue"|Miami|FL|33143||Female|9999999999|"No Response"|0||0|0|0|1||0|Bias||||||||"SARS-CoV-2 (COVID-19)"|Antigen|97097-0|"SARS-CoV-2 Ag Upper resp Ql IA.rapid"|"Nasopharyngeal swab"|258500001|04/22/2022|Negative|260385009
83|4244|10D2214779||Bias|Maria||10/08/1984||"8200 SW 70th Avenue"|Miami|FL|33143||Female|9999999999|"No Response"|0||0|0|0|1||0|Bias||||||||"SARS-CoV-2 (COVID-19)"|Antigen|97097-0|"SARS-CoV-2 Ag Upper resp Ql IA.rapid"|"Nasopharyngeal swab"|258500001|04/22/2022|Negative|260385009
84|4244|10D2214779||Alcantara|Tiffany||02/26/1981||"770 SE 2ND AVE APT B114"|"Deerfield beach"|FL|33441||Female|5618592572|"No Response"|0||0|0|0|0||0|Alcantara||||||||"SARS-CoV-2 (COVID-19)"|Antigen|97097-0|"SARS-CoV-2 Ag Upper resp Ql IA.rapid"|"Nasopharyngeal swab"|258500001|04/22/2022|Negative|260385009
85|4244|10D2214779||Alcantara|Maxx||07/24/2020||"770 SE 2ND AVE APT B114"|"Deerfield beach"|FL|33441||Male|5618592572|"No Response"|0||0|0|0|0||0|Alcantara||||||||"SARS-CoV-2 (COVID-19)"|Antigen|97097-0|"SARS-CoV-2 Ag Upper resp Ql IA.rapid"|"Nasopharyngeal swab"|258500001|04/22/2022|Negative|260385009
86|4244|10D2214779||Cohen|Laurence||05/10/1978||"90 Alton Rd Apt 3012"|"Miami Beach"|FL|33139||Male|9999999999|"No Response"|1||0|0|0|0||0|Cohen||||||||"SARS-CoV-2 (COVID-19)"|Antigen|97097-0|"SARS-CoV-2 Ag Upper resp Ql IA.rapid"|"Nasopharyngeal swab"|258500001|04/22/2022|Negative|260385009
87|4244|10D2214779||Fortune|Tonja||03/06/1954||"2997 Viscount Circle"|Kissimmee|FL|34747||Female|9999999999|"No Response"|1||0|0|0|0||0|Fortune||||||||"SARS-CoV-2 (COVID-19)"|Antigen|97097-0|"SARS-CoV-2 Ag Upper resp Ql IA.rapid"|"Nasopharyngeal swab"|258500001|04/22/2022|Negative|260385009
88|4244|10D2214779||Fortune|Gordon||01/02/1951||"2997 Viscount Circle"|Kissimmee|FL|34747||Male|9999999999|"No Response"|1||0|0|0|0||0|Fortune||||||||"SARS-CoV-2 (COVID-19)"|Antigen|97097-0|"SARS-CoV-2 Ag Upper resp Ql IA.rapid"|"Nasopharyngeal swab"|258500001|04/22/2022|Negative|260385009
89|4244|10D2214779||Jansen|Ursula||10/16/1981||"4333 Collins Ave"|"Miami Beach"|FL|33140||Female|7863962445|"No Response"|1||0|0|0|0||0|Jansen||||||||"SARS-CoV-2 (COVID-19)"|Antigen|97097-0|"SARS-CoV-2 Ag Upper resp Ql IA.rapid"|"Nasopharyngeal swab"|258500001|04/22/2022|Negative|260385009
90|4244|10D2214779||Koch|Hans-Christian||06/08/1982||"4333 Collins Ave"|"Miami Beach"|FL|33140||Male|7863962445|"No Response"|1||0|0|0|0||0|Koch||||||||"SARS-CoV-2 (COVID-19)"|Antigen|97097-0|"SARS-CoV-2 Ag Upper resp Ql IA.rapid"|"Nasopharyngeal swab"|258500001|04/22/2022|Negative|260385009
91|4244|10D2214779||LOMBARDI|JEAN-CLAUDE||07/24/1966||Unknown|Unknown|FL|99999||Male|9999999999|"No Response"|1||0|0|0|0||0|LOMBARDI||||||||"SARS-CoV-2 (COVID-19)"|Antigen|97097-0|"SARS-CoV-2 Ag Upper resp Ql IA.rapid"|"Nasopharyngeal swab"|258500001|04/22/2022|Negative|260385009
92|4244|10D2214779||"GARAVELLI usage AUBERT"|GISELE||04/23/1961||Unknown|Unknown|FL|99999||Female|9999999999|"No Response"|1||0|0|0|0||0|"GARAVELLI usage AUBERT"||||||||"SARS-CoV-2 (COVID-19)"|Antigen|97097-0|"SARS-CoV-2 Ag Upper resp Ql IA.rapid"|"Nasopharyngeal swab"|258500001|04/22/2022|Negative|260385009
93|4244|10D2214779||Gillet|Linda||09/05/1951||"3862 S Lake Dr Unit 409"|"Saint Francis"|FL|53235||Female|9999999999|"No Response"|1||0|0|0|0||0|Gillet||||||||"SARS-CoV-2 (COVID-19)"|Antigen|97097-0|"SARS-CoV-2 Ag Upper resp Ql IA.rapid"|"Nasopharyngeal swab"|258500001|04/22/2022|Negative|260385009
94|4244|10D2214779||Lawrence|Helen||01/28/1948||"3862 S Lake Dr Unit 101"|"St Francis"|FL|53235||Female|4146303755|"No Response"|1||0|0|0|0||0|Lawrence||||||||"SARS-CoV-2 (COVID-19)"|Antigen|97097-0|"SARS-CoV-2 Ag Upper resp Ql IA.rapid"|"Nasopharyngeal swab"|258500001|04/22/2022|Negative|260385009
95|4244|10D2214779||Knowles|"Stella Laura"||07/07/1934||"14538 100th Lane N"|"West Palm Beach"|FL|33412||Female|9542545461|"No Response"|0||0|0|0|0||0|Knowles||||||||"SARS-CoV-2 (COVID-19)"|Antigen|97097-0|"SARS-CoV-2 Ag Upper resp Ql IA.rapid"|"Nasopharyngeal swab"|258500001|04/22/2022|Negative|260385009
96|4244|10D2214779||McIlwaine|David||08/12/1957||"102 Knox Manor Lane"|"East Petersburg"|FL|17520||Male|7175757965|"No Response"|1||0|0|0|0||0|McIlwaine||||||||"SARS-CoV-2 (COVID-19)"|Antigen|97097-0|"SARS-CoV-2 Ag Upper resp Ql IA.rapid"|"Nasopharyngeal swab"|258500001|04/22/2022|Negative|260385009
97|4244|10D2214779||Connors|Lucille||09/07/1957||"496 Resolution Drive"|Lititz|FL|17543||Female|7178241991|"No Response"|1||0|0|0|0||0|Connors||||||||"SARS-CoV-2 (COVID-19)"|Antigen|97097-0|"SARS-CoV-2 Ag Upper resp Ql IA.rapid"|"Nasopharyngeal swab"|258500001|04/22/2022|Negative|260385009
98|4244|10D2214779||MAASS|ROBB||03/05/1957||"340 ROYAL POINCIANA WAY SUITE 321"|"PALM BEACH"|FL|33480||Male|5613711837|"No Response"|1||0|0|0|0||0|MAASS||||||||"SARS-CoV-2 (COVID-19)"|Antigen|97097-0|"SARS-CoV-2 Ag Upper resp Ql IA.rapid"|"Nasopharyngeal swab"|258500001|04/22/2022|Negative|260385009
99|4244|10D2214779||Armbrister|Bridgette||08/06/1963||"12472 Lake Underhill Road 147"|Orlando|FL|32828||Female|4077457637|"No Response"|0||0|0|0|0||0|Armbrister||||||||"SARS-CoV-2 (COVID-19)"|Antigen|97097-0|"SARS-CoV-2 Ag Upper resp Ql IA.rapid"|"Nasopharyngeal swab"|258500001|04/22/2022|Negative|260385009
100|4244|10D2214779||Farrell|Rosemarie||01/18/2022||"770 SE 2nd Ave"|"Deerfield Beach"|FL|33441||Female|5618592572|"No Response"|0||0|0|0|0||0|Farrell||||||||"SARS-CoV-2 (COVID-19)"|Antigen|97097-0|"SARS-CoV-2 Ag Upper resp Ql IA.rapid"|"Nasopharyngeal swab"|258500001|04/22/2022|Negative|260385009
101|4244|10D2214779||Clendennin|Joseph||01/30/1973||"5044 SW 122 ter"|"Cooper City"|FL|33330||Male|7868314897|"No Response"|1||0|0|0|0||0|Clendennin||||||||"SARS-CoV-2 (COVID-19)"|Antigen|97097-0|"SARS-CoV-2 Ag Upper resp Ql IA.rapid"|"Nasopharyngeal swab"|258500001|04/22/2022|Negative|260385009
102|4244|10D2214779||Appelbaum|Robert||04/03/1957||"804 E Windward Way"|Lantana|FL|33462||Male|9999999999|"No Response"|1||0|0|0|0||0|Appelbaum||||||||"SARS-CoV-2 (COVID-19)"|PCR|94500-6|"SARS-CoV-2 RNA Resp Ql NAA+probe"|"Nasopharyngeal swab"|258500001|04/22/2022|Negative|260385009
103|4244|10D2214779||Appelbaum|Robert||04/03/1957||"804 E Windward Way"|Lantana|FL|33462||Male|9999999999|"No Response"|1||0|0|0|0||0|Appelbaum||||||||"SARS-CoV-2 (COVID-19)"|PCR|94500-6|"SARS-CoV-2 RNA Resp Ql NAA+probe"|"Nasopharyngeal swab"|258500001|04/22/2022|Positive|10828004
104|4244|10D2214779||Cockshott|Gary||01/01/1970||"11600 Piping Plover Rd"|"Lake Worth"|FL|33449||Male|2049410122|"No Response"|1||0|0|0|0||0|Cockshott||||||||"SARS-CoV-2 (COVID-19)"|PCR|94500-6|"SARS-CoV-2 RNA Resp Ql NAA+probe"|"Nasopharyngeal swab"|258500001|04/22/2022|Negative|260385009
105|4244|10D2214779||Cockshott|Caryl||01/01/1970||"11600 Piping Plover Rd"|"Lake Worth"|FL|33449||Female|2049410122|"No Response"|1||0|0|0|0||0|Cockshott||||||||"SARS-CoV-2 (COVID-19)"|PCR|94500-6|"SARS-CoV-2 RNA Resp Ql NAA+probe"|"Nasopharyngeal swab"|258500001|04/22/2022|Negative|260385009
106|4244|10D2214779||Sanders|Sasha||12/02/1985||"913 South Stonewall Street"|"Rock Hill"|FL|29730||Female|4077502837|"No Response"|0||0|0|0|0||0|Sanders||||||||"SARS-CoV-2 (COVID-19)"|Antigen|97097-0|"SARS-CoV-2 Ag Upper resp Ql IA.rapid"|"Nasopharyngeal swab"|258500001|04/22/2022|Negative|260385009
107|4244|10D2214779||Campbell|Alice||02/14/1988||"14 Horatio Street, Apt 8D"|"New York"|FL|10014||Female|9999999999|"No Response"|0||0|1|0|0||0|Campbell||||||||"SARS-CoV-2 (COVID-19)"|Antigen|97097-0|"SARS-CoV-2 Ag Upper resp Ql IA.rapid"|"Nasopharyngeal swab"|258500001|04/22/2022|Negative|260385009
108|4244|10D2214779||"Osuna Iza"|"Bruno Francisco"||03/24/1980||"104 Bayberry cir"|Jupiter|FL|33458||Male|9999999999|"No Response"|0||0|0|0|0||0|"Osuna Iza"||||||||"SARS-CoV-2 (COVID-19)"|PCR|94500-6|"SARS-CoV-2 RNA Resp Ql NAA+probe"|"Nasopharyngeal swab"|258500001|04/22/2022|Negative|260385009
109|4244|10D2214779||RIBOUL|SHARMILA||03/12/1985||"16400 SW 137TH AVE APT 337"|MIAMI|FL|33177||Female|2797996124|"No Response"|0||0|1|0|0||0|RIBOUL||||||||"SARS-CoV-2 (COVID-19)"|Antigen|97097-0|"SARS-CoV-2 Ag Upper resp Ql IA.rapid"|"Nasopharyngeal swab"|258500001|04/22/2022|Negative|260385009
110|4244|10D2214779||RIBOUL|KARL||05/05/1974||"16400 SW 137TH AVE APT 337"|MIAMI|FL|33177||Male|9125311114|"No Response"|0||0|0|0|1||0|RIBOUL||||||||"SARS-CoV-2 (COVID-19)"|Antigen|97097-0|"SARS-CoV-2 Ag Upper resp Ql IA.rapid"|"Nasopharyngeal swab"|258500001|04/22/2022|Negative|260385009
111|4244|10D2214779||Saini|Santiago||12/11/2018||Unknown|Unknown|FL|99999||Male|9999999999|"No Response"|0||0|0|0|1||0|Saini||||||||"SARS-CoV-2 (COVID-19)"|Antigen|97097-0|"SARS-CoV-2 Ag Upper resp Ql IA.rapid"|"Nasopharyngeal swab"|258500001|04/22/2022|Negative|260385009
112|4244|10D2214779||Saini|Milagros||01/24/2017||Unknown|Unknown|FL|99999||Female|9999999999|"No Response"|0||0|0|0|1||0|Saini||||||||"SARS-CoV-2 (COVID-19)"|Antigen|97097-0|"SARS-CoV-2 Ag Upper resp Ql IA.rapid"|"Nasopharyngeal swab"|258500001|04/22/2022|Negative|260385009
113|4244|10D2214779||Pons|"Jesica Pamela"||09/14/1982||Unknown|Unknown|FL|99999||Female|9999999999|"No Response"|0||0|0|0|1||0|Pons||||||||"SARS-CoV-2 (COVID-19)"|Antigen|97097-0|"SARS-CoV-2 Ag Upper resp Ql IA.rapid"|"Nasopharyngeal swab"|258500001|04/22/2022|Negative|260385009
114|4244|10D2214779||Saini|Federico||04/25/1989||Unknown|Unknown|FL|99999||Male|9999999999|"No Response"|0||0|0|0|1||0|Saini||||||||"SARS-CoV-2 (COVID-19)"|Antigen|97097-0|"SARS-CoV-2 Ag Upper resp Ql IA.rapid"|"Nasopharyngeal swab"|258500001|04/22/2022|Negative|260385009
115|4244|10D2214779||Gantenbein|Talina||08/18/1998||Unknown|Unknown|FL|99999||Female|9999999999|"No Response"|1||0|0|0|0||0|Gantenbein||||||||"SARS-CoV-2 (COVID-19)"|Antigen|97097-0|"SARS-CoV-2 Ag Upper resp Ql IA.rapid"|"Nasopharyngeal swab"|258500001|04/22/2022|Negative|260385009
116|4244|10D2214779||Steiner|Desiree||08/09/1998||Unknown|Unknown|FL|99999||Female|7863962445|"No Response"|1||0|0|0|0||0|Steiner||||||||"SARS-CoV-2 (COVID-19)"|Antigen|97097-0|"SARS-CoV-2 Ag Upper resp Ql IA.rapid"|"Nasopharyngeal swab"|258500001|04/22/2022|Negative|260385009
117|4244|10D2214779||Smith|Daniel||04/25/1960||Unknown|Unknown|FL|99999||Male|2392223918|"No Response"|1||0|0|0|0||0|Smith||||||||"SARS-CoV-2 (COVID-19)"|Antigen|97097-0|"SARS-CoV-2 Ag Upper resp Ql IA.rapid"|"Nasopharyngeal swab"|258500001|04/22/2022|Negative|260385009
118|4244|10D2214779||Jenal|"Stephanie Regina"||03/09/1998||Unknown|Unknown|FL|99999||Female|7863962445|"No Response"|1||0|0|0|0||0|Jenal||||||||"SARS-CoV-2 (COVID-19)"|Antigen|97097-0|"SARS-CoV-2 Ag Upper resp Ql IA.rapid"|"Nasopharyngeal swab"|258500001|04/22/2022|Negative|260385009
119|4244|10D2214779||"Suca villarroel"|"Edward antonio"||04/24/1977||"International drive"|Unknown|FL|99999||Male|18327591493|"No Response"|0||0|0|0|0||0|"Suca villarroel"||||||||"SARS-CoV-2 (COVID-19)"|PCR|94500-6|"SARS-CoV-2 RNA Resp Ql NAA+probe"|"Nasopharyngeal swab"|258500001|04/22/2022|Negative|260385009
120|4244|10D2214779||Gonzalez|Melissa||11/14/1977||Unknown|Unknown|FL|99999||Female|7863962445|"No Response"|0||0|0|0|0||1|Gonzalez||||||||"SARS-CoV-2 (COVID-19)"|Antigen|97097-0|"SARS-CoV-2 Ag Upper resp Ql IA.rapid"|"Nasopharyngeal swab"|258500001|04/22/2022|Negative|260385009
121|4244|10D2214779||"Suca Zambrana"|Reinaldo||08/30/1949||Unknown|Unknown|FL|99999||Male|18327591493|"No Response"|0||0|0|0|0||1|"Suca Zambrana"||||||||"SARS-CoV-2 (COVID-19)"|PCR|94500-6|"SARS-CoV-2 RNA Resp Ql NAA+probe"|"Nasopharyngeal swab"|258500001|04/22/2022|Negative|260385009
122|4244|10D2214779||Blanco|Deysi||06/11/1991||"2031NE 14Th Ct"|Fortlauderdsle|FL|33304||Female|9999999999|"No Response"|0||0|0|0|0||0|Blanco||||||||"SARS-CoV-2 (COVID-19)"|Antigen|97097-0|"SARS-CoV-2 Ag Upper resp Ql IA.rapid"|"Nasopharyngeal swab"|258500001|04/22/2022|Negative|260385009
123|4244|10D2214779||Blanco|Deysi||06/11/1991||"2031NE 14Th Ct"|Fortlauderdsle|FL|33304||Female|9999999999|"No Response"|0||0|0|0|0||0|Blanco||||||||"SARS-CoV-2 (COVID-19)"|Antigen|97097-0|"SARS-CoV-2 Ag Upper resp Ql IA.rapid"|"Nasopharyngeal swab"|258500001|04/22/2022|Negative|260385009
124|4244|10D2214779||Williams|Gary||11/15/1974||"2321 Laguna Circle"|Miami|FL|33181||Male|5615319142|"No Response"|1||0|0|0|0||0|Williams||||||||"SARS-CoV-2 (COVID-19)"|Antigen|97097-0|"SARS-CoV-2 Ag Upper resp Ql IA.rapid"|"Nasopharyngeal swab"|258500001|04/22/2022|Negative|260385009
125|4244|10D2214779||Norberg|Morgan||07/26/1983||"2321 Laguna Cr"|Miami|FL|33181||Female|7746444296|"No Response"|1||0|0|0|0||0|Norberg||||||||"SARS-CoV-2 (COVID-19)"|Antigen|97097-0|"SARS-CoV-2 Ag Upper resp Ql IA.rapid"|"Nasopharyngeal swab"|258500001|04/22/2022|Negative|260385009
126|4244|10D2214779||Dame|Robert||01/05/1973||Unknown|Unknown|FL|99999||Male|6037182958|"No Response"|0||0|0|0|0||1|Dame||||||||"SARS-CoV-2 (COVID-19)"|PCR|94500-6|"SARS-CoV-2 RNA Resp Ql NAA+probe"|"Nasopharyngeal swab"|258500001|04/22/2022|Negative|260385009
127|4244|10D2214779||Jiman|Idijanto||01/16/1980||"8 coombs rd"|somersworth|FL|03878||Male|6038175873|"No Response"|0||0|1|0|0||0|Jiman||||||||"SARS-CoV-2 (COVID-19)"|Antigen|97097-0|"SARS-CoV-2 Ag Upper resp Ql IA.rapid"|"Nasopharyngeal swab"|258500001|04/22/2022|Negative|260385009
128|4244|10D2214779||Jiman|maya||11/26/1985||"8 coombs rd"|somersworth|FL|03878||Female|6038661541|"No Response"|0||0|1|0|0||0|Jiman||||||||"SARS-CoV-2 (COVID-19)"|Antigen|97097-0|"SARS-CoV-2 Ag Upper resp Ql IA.rapid"|"Nasopharyngeal swab"|258500001|04/22/2022|Negative|260385009
129|4244|10D2214779||Jiman|Paris||03/26/2016||"8 coombs rd"|somersworth|FL|03878||Male|16038175873|"No Response"|0||0|1|0|0||0|Jiman||||||||"SARS-CoV-2 (COVID-19)"|Antigen|97097-0|"SARS-CoV-2 Ag Upper resp Ql IA.rapid"|"Nasopharyngeal swab"|258500001|04/22/2022|Negative|260385009
130|4244|10D2214779||Rodriguez|Alexandra||06/11/1982||"450 Alton road"|Miami|FL|33139||Female|7912032108|"No Response"|1||0|0|0|0||0|Rodriguez||||||||"SARS-CoV-2 (COVID-19)"|Antigen|97097-0|"SARS-CoV-2 Ag Upper resp Ql IA.rapid"|"Nasopharyngeal swab"|258500001|04/22/2022|Negative|260385009
131|4244|10D2214779||Frantz|Amauri||08/28/1982||"450 Alton road"|Miami|FL|12345||Male|9999999999|"No Response"|1||0|0|0|0||0|Frantz||||||||"SARS-CoV-2 (COVID-19)"|Antigen|97097-0|"SARS-CoV-2 Ag Upper resp Ql IA.rapid"|"Nasopharyngeal swab"|258500001|04/22/2022|Negative|260385009
132|4244|10D2214779||Frantz|James||04/15/2012||"450 Alton road"|Miami|FL|12345||Male|9999999999|"No Response"|1||0|0|0|0||0|Frantz||||||||"SARS-CoV-2 (COVID-19)"|Antigen|97097-0|"SARS-CoV-2 Ag Upper resp Ql IA.rapid"|"Nasopharyngeal swab"|258500001|04/22/2022|Negative|260385009
133|4244|10D2214779||"Frantz Rodriguez"|Alexander||10/07/2014||"450 Alton road"|Miami|FL|12345||Male|7912032108|"No Response"|1||0|0|0|0||0|"Frantz Rodriguez"||||||||"SARS-CoV-2 (COVID-19)"|Antigen|97097-0|"SARS-CoV-2 Ag Upper resp Ql IA.rapid"|"Nasopharyngeal swab"|258500001|04/22/2022|Negative|260385009
134|4244|10D2214779||Rolle|Davian||12/31/2007||"10298 clubhouse turn road"|Lakeworth|FL|33449||Male|5615639255|"No Response"|0||0|0|0|0||0|Rolle||||||||"SARS-CoV-2 (COVID-19)"|Antigen|97097-0|"SARS-CoV-2 Ag Upper resp Ql IA.rapid"|"Nasopharyngeal swab"|258500001|04/22/2022|Negative|260385009
135|4244|10D2214779||Irwin|John||04/16/1942||"2501 North Atlantic blvd"|"Ft lauderdale"|FL|33305||Male|9542539415|"No Response"|1||0|0|0|0||0|Irwin||||||||"SARS-CoV-2 (COVID-19)"|Antigen|97097-0|"SARS-CoV-2 Ag Upper resp Ql IA.rapid"|"Nasopharyngeal swab"|258500001|04/22/2022|Negative|260385009
136|4244|10D2214779||Rolle|Arlene||01/01/1970||"10298 clubhouse turn road"|"Lake worth Florida"|FL|33449||Female|15615639255|"No Response"|0||0|0|0|0||0|Rolle||||||||"SARS-CoV-2 (COVID-19)"|Antigen|97097-0|"SARS-CoV-2 Ag Upper resp Ql IA.rapid"|"Nasopharyngeal swab"|258500001|04/22/2022|Negative|260385009
137|4244|10D2214779||Rolle|Aden||08/17/2010||"10298 clubhouse turn road"|"Lake worth"|FL|33449||Male|15615639255|"No Response"|0||0|0|0|0||0|Rolle||||||||"SARS-CoV-2 (COVID-19)"|Antigen|97097-0|"SARS-CoV-2 Ag Upper resp Ql IA.rapid"|"Nasopharyngeal swab"|258500001|04/22/2022|Negative|260385009
138|4244|10D2214779||Stancanelli|Emanuele||06/15/1991||"25162 Post Gardens Way"|"Boca Raton"|FL|33433||Male|5615902615|"No Response"|1||0|0|0|0||0|Stancanelli||||||||"SARS-CoV-2 (COVID-19)"|Antigen|97097-0|"SARS-CoV-2 Ag Upper resp Ql IA.rapid"|"Nasopharyngeal swab"|258500001|04/22/2022|Negative|260385009
139|4244|10D2214779||Lugo|Ahmed||11/03/1979||Unknown|Unknown|FL|99999||Male|7863962445|"No Response"|0||0|0|0|1||0|Lugo||||||||"SARS-CoV-2 (COVID-19)"|PCR|94500-6|"SARS-CoV-2 RNA Resp Ql NAA+probe"|"Nasopharyngeal swab"|258500001|04/22/2022|Negative|260385009
140|4244|10D2214779||Tropepe|Kimberly||02/21/1962||"1431 S Ocean Blvd Unit 17"|"Pompano Beach"|FL|33062||Female|9544106559|"No Response"|1||0|0|0|0||0|Tropepe||||||||"SARS-CoV-2 (COVID-19)"|PCR|94500-6|"SARS-CoV-2 RNA Resp Ql NAA+probe"|"Nasopharyngeal swab"|258500001|04/22/2022|Negative|260385009
141|4244|10D2214779||Archbold|Loida||06/17/1934||"1632 Neleen Dr"|Fortuna|FL|95540||Female|7074965667|"No Response"|1||0|0|0|0||0|Archbold||||||||"SARS-CoV-2 (COVID-19)"|Antigen|97097-0|"SARS-CoV-2 Ag Upper resp Ql IA.rapid"|"Nasopharyngeal swab"|258500001|04/22/2022|Negative|260385009
142|4244|10D2214779||Archbold|Orvil||01/28/1933||"1632 Neleen Dr"|Fortuna|FL|95540||Male|7074965667|"No Response"|1||0|0|0|0||0|Archbold||||||||"SARS-CoV-2 (COVID-19)"|Antigen|97097-0|"SARS-CoV-2 Ag Upper resp Ql IA.rapid"|"Nasopharyngeal swab"|258500001|04/22/2022|Negative|260385009
143|4244|10D2214779||Edberg|"Rikard Bertil"||12/13/1978||Unknown|Unknown|FL|99999||Male|+4746694816|"No Response"|0||0|0|0|0||1|Edberg||||||||"SARS-CoV-2 (COVID-19)"|Antigen|97097-0|"SARS-CoV-2 Ag Upper resp Ql IA.rapid"|"Nasopharyngeal swab"|258500001|04/22/2022|Negative|260385009
144|4244|10D2214779||Aschim|Monica||02/22/1980||Unknown|Unknown|FL|99999||Female|+4746694816|"No Response"|0||0|0|0|0||1|Aschim||||||||"SARS-CoV-2 (COVID-19)"|Antigen|97097-0|"SARS-CoV-2 Ag Upper resp Ql IA.rapid"|"Nasopharyngeal swab"|258500001|04/22/2022|Negative|260385009
145|4244|10D2214779||Sahiti|Ardit||01/12/1997||Unknown|Unknown|FL|99999||Male|9999999999|"No Response"|1||0|0|0|0||0|Sahiti||||||||"SARS-CoV-2 (COVID-19)"|Antigen|97097-0|"SARS-CoV-2 Ag Upper resp Ql IA.rapid"|"Nasopharyngeal swab"|258500001|04/22/2022|Negative|260385009
146|4244|10D2214779||Humphreys|Barbara||03/20/1949||"8850 NW 17th MNR"|"Coral Springs"|FL|33071||Female|9546294185|"No Response"|1||0|0|0|0||0|Humphreys||||||||"SARS-CoV-2 (COVID-19)"|Antigen|97097-0|"SARS-CoV-2 Ag Upper resp Ql IA.rapid"|"Nasopharyngeal swab"|258500001|04/22/2022|Negative|260385009
147|4244|10D2214779||Robertson|Rachel||06/22/1971||Unknown|Unknown|FL|99999||Female|9545572409|"No Response"|0||0|0|0|0||1|Robertson||||||||"SARS-CoV-2 (COVID-19)"|Antigen|97097-0|"SARS-CoV-2 Ag Upper resp Ql IA.rapid"|"Nasopharyngeal swab"|258500001|04/22/2022|Negative|260385009
148|4244|10D2214779||Urgo|Sean||11/11/1976||"9308 Belmart Rd"|Potomac|FL|20854||Male|9999999999|"No Response"|1||0|0|0|0||0|Urgo||||||||"SARS-CoV-2 (COVID-19)"|Antigen|97097-0|"SARS-CoV-2 Ag Upper resp Ql IA.rapid"|"Nasopharyngeal swab"|258500001|04/22/2022|Negative|260385009
149|4244|10D2214779||Field|Erin||01/08/2015||"1824 Sandy Park Trail"|Orlando|FL|34747||Female|7863962445|"No Response"|1||0|0|0|0||0|Field||||||||"SARS-CoV-2 (COVID-19)"|Antigen|97097-0|"SARS-CoV-2 Ag Upper resp Ql IA.rapid"|"Nasopharyngeal swab"|258500001|04/22/2022|Negative|260385009
150|4244|10D2214779||Makela|Pauli||02/13/1966||"15325 62nd PL N"|LOXAHATCHEE|FL|33470||Male|5616504121|"No Response"|1||0|0|0|0||0|Makela||||||||"SARS-CoV-2 (COVID-19)"|PCR|94500-6|"SARS-CoV-2 RNA Resp Ql NAA+probe"|"Nasopharyngeal swab"|258500001|04/22/2022|Negative|260385009
151|4244|10D2214779||Thorn|Stuart||03/20/1956||"2223 Rambler Lane"|Hixson|FL|37343||Male|7708233348|"No Response"|1||0|0|0|0||0|Thorn||||||||"SARS-CoV-2 (COVID-19)"|Antigen|97097-0|"SARS-CoV-2 Ag Upper resp Ql IA.rapid"|"Nasopharyngeal swab"|258500001|04/22/2022|Negative|260385009
152|4244|10D2214779||Tartaglia|Stephen||04/26/1961||"135 Sussex G"|"West Palm Beach"|FL|33417||Male|9174982349|"No Response"|1||0|0|0|0||0|Tartaglia||||||||"SARS-CoV-2 (COVID-19)"|PCR|94500-6|"SARS-CoV-2 RNA Resp Ql NAA+probe"|"Nasopharyngeal swab"|258500001|04/22/2022|Negative|260385009
