RecordID|FacilityID|CLIAID|PatientID|LastName|FirstName|MiddleName|DOB|SSN|StreetAddress|City|State|Zip|County|Gender|PhoneNumber|Ethnicity|RaceWhite|RaceBlack|RaceAmericanIndianAlaskanNative|RaceAsian|RaceNativeHawaiianOrOtherPacificIslander|RaceOther|RaceUnknown|RaceNoResponse|ProviderName|NPI|Pregnant|SchoolAssociation|SchoolName|MeetILIDefinition|PerformingLab|AccessionNumber|Pathogen|TestType|LOINC|LOINCShortName|SpecimenCollectionType|SpecimenSNOMED|SpecimenCollectedDate|Result|ResultSNOMED
1|4244|10D2214779||Hughes|Faye||08/26/1948||"2792 Nature View Road"|"Saint Cloud"|FL|34771||Female|4074628328|"No Response"|1||0|0|0|0||0|Hughes||||||||"SARS-CoV-2 (COVID-19)"|Antigen|97097-0|"SARS-CoV-2 Ag Upper resp Ql IA.rapid"|"Nasopharyngeal swab"|258500001|04/29/2022|Negative|260385009
2|4244|10D2214779||Hughes|James||10/30/1946||"2792 Nature View Road"|"Saint Cloud"|FL|34771||Male|4073423785|"No Response"|1||0|0|0|0||0|Hughes||||||||"SARS-CoV-2 (COVID-19)"|Antigen|97097-0|"SARS-CoV-2 Ag Upper resp Ql IA.rapid"|"Nasopharyngeal swab"|258500001|04/29/2022|Negative|260385009
3|4244|10D2214779||Hughes|James||10/30/1946||"2792 Nature View Road"|"St. cloud"|FL|34771||Male|4073423785|"No Response"|1||0|0|0|0||0|Hughes||||||||"SARS-CoV-2 (COVID-19)"|Antigen|97097-0|"SARS-CoV-2 Ag Upper resp Ql IA.rapid"|"Nasopharyngeal swab"|258500001|04/29/2022|Negative|260385009
4|4244|10D2214779||Hughes|Faye||08/26/1948||"2792 Nature View Road"|"Saint Cloud"|FL|34771||Female|4074628328|"No Response"|1||0|0|0|0||0|Hughes||||||||"SARS-CoV-2 (COVID-19)"|Antigen|97097-0|"SARS-CoV-2 Ag Upper resp Ql IA.rapid"|"Nasopharyngeal swab"|258500001|04/29/2022|Negative|260385009
5|4244|10D2214779||Ullrich|Mark||10/28/1992||"14501 Grove Resort Ave Winter Garden, FL 34787 United States"|Orlando|FL|34787||Male|4036606072|"No Response"|1||0|0|0|0||0|Ullrich||||||||"SARS-CoV-2 (COVID-19)"|Antigen|97097-0|"SARS-CoV-2 Ag Upper resp Ql IA.rapid"|"Nasopharyngeal swab"|258500001|04/29/2022|Negative|260385009
6|4244|10D2214779||Ullrich|Samantha||10/02/1994||"14501 Grove Resort Ave Winter Garden, FL 34787 United States"|Orlando|FL|34787||Female|4038635800|"No Response"|1||0|0|0|0||0|Ullrich||||||||"SARS-CoV-2 (COVID-19)"|Antigen|97097-0|"SARS-CoV-2 Ag Upper resp Ql IA.rapid"|"Nasopharyngeal swab"|258500001|04/29/2022|Negative|260385009
7|4244|10D2214779||Ullrich|Sharon||06/30/1960||"14501 Grove Resort Ave Winter Garden, FL 34787 United States"|Orlando|FL|34787||Female|4038624075|"No Response"|1||0|0|0|0||0|Ullrich||||||||"SARS-CoV-2 (COVID-19)"|Antigen|97097-0|"SARS-CoV-2 Ag Upper resp Ql IA.rapid"|"Nasopharyngeal swab"|258500001|04/29/2022|Negative|260385009
8|4244|10D2214779||Ullrich|Brian||07/05/1960||"14501 Grove Resort Ave Winter Garden, FL 34787 United States"|Orlando|FL|34787||Male|4036604825|"No Response"|1||0|0|0|0||0|Ullrich||||||||"SARS-CoV-2 (COVID-19)"|Antigen|97097-0|"SARS-CoV-2 Ag Upper resp Ql IA.rapid"|"Nasopharyngeal swab"|258500001|04/29/2022|Negative|260385009
9|4244|10D2214779||Ladove|Linda||01/22/1960||"2275 S Ocean Blvd, Apt 308S"|"Palm Beach"|FL|00000||Female|8312412751|"No Response"|1||0|0|0|0||0|Ladove||||||||"SARS-CoV-2 (COVID-19)"|Antigen|97097-0|"SARS-CoV-2 Ag Upper resp Ql IA.rapid"|"Nasopharyngeal swab"|258500001|04/29/2022|Negative|260385009
10|4244|10D2214779||Ladove|Larry||06/02/2039||"2275 S Ocean Blvd, Apt 308S"|"Palm Beach"|FL|33480||Female|3053323108|"No Response"|1||0|0|0|0||0|Ladove||||||||"SARS-CoV-2 (COVID-19)"|Antigen|97097-0|"SARS-CoV-2 Ag Upper resp Ql IA.rapid"|"Nasopharyngeal swab"|258500001|04/29/2022|Negative|260385009
11|4244|10D2214779||Martin|James||05/11/1937||"740 S Federal Hwy, apt 511"|"Pompano Beach FL"|FL|33062||Male|9545651581|"No Response"|1||0|0|0|0||0|Martin||||||||"SARS-CoV-2 (COVID-19)"|Antigen|97097-0|"SARS-CoV-2 Ag Upper resp Ql IA.rapid"|"Nasopharyngeal swab"|258500001|04/29/2022|Negative|260385009
12|4244|10D2214779||Anselmo|Pedro||12/12/1958||"4626 Ethans Glenn Ave"|Orlando|FL|32812||Male|14074978867|"No Response"|0||0|0|0|0||0|Anselmo||||||||"SARS-CoV-2 (COVID-19)"|PCR|94500-6|"SARS-CoV-2 RNA Resp Ql NAA+probe"|"Nasopharyngeal swab"|258500001|04/29/2022|Negative|260385009
13|4244|10D2214779||Rufino|Simone||05/24/1965||"4626 Ethans Glenn Ave"|Orlando|FL|32812||Female|4072568123|"No Response"|0||0|0|0|0||0|Rufino||||||||"SARS-CoV-2 (COVID-19)"|PCR|94500-6|"SARS-CoV-2 RNA Resp Ql NAA+probe"|"Nasopharyngeal swab"|258500001|04/29/2022|Negative|260385009
14|4244|10D2214779||Ladove|Linda||01/22/1960||"2275 S Ocean Blvd Apt 308S"|"Palm Beach"|FL|33480||Female|8312412751|"No Response"|1||0|0|0|0||0|Ladove||||||||"SARS-CoV-2 (COVID-19)"|Antigen|97097-0|"SARS-CoV-2 Ag Upper resp Ql IA.rapid"|"Nasopharyngeal swab"|258500001|04/29/2022|Negative|260385009
15|4244|10D2214779||Ladove|Larry||06/02/2039||"2275 S Ocean Blvd Apt 308S"|"Palm Beach"|FL|33480||Male|3053323108|"No Response"|1||0|0|0|0||0|Ladove||||||||"SARS-CoV-2 (COVID-19)"|Antigen|97097-0|"SARS-CoV-2 Ag Upper resp Ql IA.rapid"|"Nasopharyngeal swab"|258500001|04/29/2022|Negative|260385009
16|4244|10D2214779||Smith|Yvonne||05/23/1955||Unknown|Unknown|FL|99999||Female|6788968420|"No Response"|0||0|0|0|0||0|Smith||||||||"SARS-CoV-2 (COVID-19)"|Antigen|97097-0|"SARS-CoV-2 Ag Upper resp Ql IA.rapid"|"Nasopharyngeal swab"|258500001|04/29/2022|Negative|260385009
17|4244|10D2214779||Hall|Charlie||10/19/1946||Unknown|Unknown|FL|99999||Male|6787731866|"No Response"|0||0|0|0|0||0|Hall||||||||"SARS-CoV-2 (COVID-19)"|Antigen|97097-0|"SARS-CoV-2 Ag Upper resp Ql IA.rapid"|"Nasopharyngeal swab"|258500001|04/29/2022|Negative|260385009
18|4244|10D2214779||Steincamp|Andre||12/22/1977||Unknown|Unknown|FL|99999||Male|9999999999|"No Response"|1||0|0|0|0||0|Steincamp||||||||"SARS-CoV-2 (COVID-19)"|Antigen|97097-0|"SARS-CoV-2 Ag Upper resp Ql IA.rapid"|"Nasopharyngeal swab"|258500001|04/29/2022|Negative|260385009
19|4244|10D2214779||Lanze|Sandra||05/13/1980||Unknown|Unknown|FL|99999||Female|9999999999|"No Response"|1||0|0|0|0||0|Lanze||||||||"SARS-CoV-2 (COVID-19)"|Antigen|97097-0|"SARS-CoV-2 Ag Upper resp Ql IA.rapid"|"Nasopharyngeal swab"|258500001|04/29/2022|Negative|260385009
20|4244|10D2214779||Kent|Barbara||07/18/1939||"10148 Andover coach circle A2"|Wellington|FL|33449||Female|7272476341|"No Response"|1||0|0|0|0||0|Kent||||||||"SARS-CoV-2 (COVID-19)"|Antigen|97097-0|"SARS-CoV-2 Ag Upper resp Ql IA.rapid"|"Nasopharyngeal swab"|258500001|04/29/2022|Negative|260385009
21|4244|10D2214779||Martin|James||05/11/1937||"740 S. Federal Hwy., #511"|"Pompano Beach,FL"|FL|33062||Male|9545651581|"No Response"|1||0|0|0|0||0|Martin||||||||"SARS-CoV-2 (COVID-19)"|Antigen|97097-0|"SARS-CoV-2 Ag Upper resp Ql IA.rapid"|"Nasopharyngeal swab"|258500001|04/29/2022|Negative|260385009
22|4244|10D2214779||Becks|"Ethel K"||05/24/1952||"475 SW Namoit Place"|"Port Saint Lucie Florida"|FL|34953||Female|218/2605553|"No Response"|1||0|0|0|0||0|Becks||||||||"SARS-CoV-2 (COVID-19)"|Antigen|97097-0|"SARS-CoV-2 Ag Upper resp Ql IA.rapid"|"Nasopharyngeal swab"|258500001|04/29/2022|Negative|260385009
23|4244|10D2214779||Hall|Charlie||10/19/1946||"610 Rockdale Ct Nw"|Conyers|FL|30012||Male|6787731866|"No Response"|0||0|0|0|0||0|Hall||||||||"SARS-CoV-2 (COVID-19)"|Antigen|97097-0|"SARS-CoV-2 Ag Upper resp Ql IA.rapid"|"Nasopharyngeal swab"|258500001|04/29/2022|Negative|260385009
24|4244|10D2214779||Smith|Yvonne||05/23/1955||"610 Rockdale Ct NW"|Conyers|FL|30012||Female|6788968420|"No Response"|0||0|0|0|0||0|Smith||||||||"SARS-CoV-2 (COVID-19)"|Antigen|97097-0|"SARS-CoV-2 Ag Upper resp Ql IA.rapid"|"Nasopharyngeal swab"|258500001|04/29/2022|Negative|260385009
25|4244|10D2214779||Johnson|Jarod||06/07/2001||"3301 College Ave"|"Fort Lauderdale-Davie"|FL|33314||Male|7729854897|"No Response"|0||0|0|0|1||0|Johnson||||||||"SARS-CoV-2 (COVID-19)"|PCR|94500-6|"SARS-CoV-2 RNA Resp Ql NAA+probe"|"Nasopharyngeal swab"|258500001|04/29/2022|Negative|260385009
26|4244|10D2214779||Victor|Antonio||11/20/1989||"14651 NW 20th Street"|"Pembroke Pines"|FL|33026||Male|9643255966|"No Response"|0||0|0|0|0||0|Victor||||||||"SARS-CoV-2 (COVID-19)"|Antigen|97097-0|"SARS-CoV-2 Ag Upper resp Ql IA.rapid"|"Nasopharyngeal swab"|258500001|04/29/2022|Negative|260385009
27|4244|10D2214779||Ladove|Linda||01/22/1960||"2275 S Ocean Blvd, Apt 308S"|"Palm Beach"|FL|33480||Female|8312412751|"No Response"|1||0|0|0|0||0|Ladove||||||||"SARS-CoV-2 (COVID-19)"|Antigen|97097-0|"SARS-CoV-2 Ag Upper resp Ql IA.rapid"|"Nasopharyngeal swab"|258500001|04/29/2022|Negative|260385009
28|4244|10D2214779||Ladove|Larry||06/02/2039||"2275 S Ocean Blvd, Apt 308S"|"Palm Beach"|FL|33480||Male|3053323108|"No Response"|1||0|0|0|0||0|Ladove||||||||"SARS-CoV-2 (COVID-19)"|Antigen|97097-0|"SARS-CoV-2 Ag Upper resp Ql IA.rapid"|"Nasopharyngeal swab"|258500001|04/29/2022|Negative|260385009
29|4244|10D2214779||Wiley|Bessie||11/05/1967||"6007 Fairlawn Drive"|Orlando|FL|32809||Female|4072278012|"No Response"|0||0|0|0|0||0|Wiley||||||||"SARS-CoV-2 (COVID-19)"|Antigen|97097-0|"SARS-CoV-2 Ag Upper resp Ql IA.rapid"|"Nasopharyngeal swab"|258500001|04/29/2022|Negative|260385009
30|4244|10D2214779||Vazquez|"Raul Ramon"||11/20/1952||Unknown|Unknown|FL|99999||Male|3053008014|"No Response"|0||0|0|0|0||0|Vazquez||||||||"SARS-CoV-2 (COVID-19)"|Antigen|97097-0|"SARS-CoV-2 Ag Upper resp Ql IA.rapid"|"Nasopharyngeal swab"|258500001|04/29/2022|Negative|260385009
31|4244|10D2214779||Vazquez|"Raul Ramon"||11/20/1952||Unknown|Unknown|FL|99999||Male|3053008014|"No Response"|0||0|0|0|0||0|Vazquez||||||||"SARS-CoV-2 (COVID-19)"|Antigen|97097-0|"SARS-CoV-2 Ag Upper resp Ql IA.rapid"|"Nasopharyngeal swab"|258500001|04/29/2022|Negative|260385009
32|4244|10D2214779||Ladove|Linda||01/22/1960||"2275 S Ocean Blvd Apt 308S"|"Palm Beach"|FL|33480||Female|8312412751|"No Response"|1||0|0|0|0||0|Ladove||||||||"SARS-CoV-2 (COVID-19)"|Antigen|97097-0|"SARS-CoV-2 Ag Upper resp Ql IA.rapid"|"Nasopharyngeal swab"|258500001|04/29/2022|Negative|260385009
33|4244|10D2214779||Kent|Barbara||07/18/1939||"10148 Andover coach circle A2"|Wellington|FL|33449||Female|7272476341|"No Response"|1||0|0|0|0||0|Kent||||||||"SARS-CoV-2 (COVID-19)"|Antigen|97097-0|"SARS-CoV-2 Ag Upper resp Ql IA.rapid"|"Nasopharyngeal swab"|258500001|04/29/2022|Negative|260385009
34|4244|10D2214779||Martin|James||05/11/1937||"740 S. Federal Hwy, #511"|"Pompano Beach, FL"|FL|33062||Male|9545651581|"No Response"|1||0|0|0|0||0|Martin||||||||"SARS-CoV-2 (COVID-19)"|Antigen|97097-0|"SARS-CoV-2 Ag Upper resp Ql IA.rapid"|"Nasopharyngeal swab"|258500001|04/29/2022|Negative|260385009
35|4244|10D2214779||Becks|"Ethel K"||05/24/1952||"475 SW Namoit Place"|"Port Saint Lucie"|FL|34953||Female|218/2605553|"No Response"|1||0|0|0|0||0|Becks||||||||"SARS-CoV-2 (COVID-19)"|Antigen|97097-0|"SARS-CoV-2 Ag Upper resp Ql IA.rapid"|"Nasopharyngeal swab"|258500001|04/29/2022|Negative|260385009
36|4244|10D2214779||Ladove|Linda||01/22/1960||"2275 S Ocean Blvd apt 308S"|"Palm Beach"|FL|33480||Female|8312412751|"No Response"|1||0|0|0|0||0|Ladove||||||||"SARS-CoV-2 (COVID-19)"|Antigen|97097-0|"SARS-CoV-2 Ag Upper resp Ql IA.rapid"|"Nasopharyngeal swab"|258500001|04/29/2022|Negative|260385009
37|4244|10D2214779||Ladove|Larry||06/02/2039||"2275 S Ocean Blvd Apt 308S"|"Palm Beach"|FL|33480||Male|3053323108|"No Response"|1||0|0|0|0||0|Ladove||||||||"SARS-CoV-2 (COVID-19)"|Antigen|97097-0|"SARS-CoV-2 Ag Upper resp Ql IA.rapid"|"Nasopharyngeal swab"|258500001|04/29/2022|Negative|260385009
38|4244|10D2214779||Bethel|David||11/25/1988||Unknown|Unknown|FL|99999||Male|2423761440|"No Response"|1||0|0|0|0||0|Bethel||||||||"SARS-CoV-2 (COVID-19)"|Antigen|97097-0|"SARS-CoV-2 Ag Upper resp Ql IA.rapid"|"Nasopharyngeal swab"|258500001|04/29/2022|Negative|260385009
39|4244|10D2214779||Bethel|David||11/25/1988||"1535 South Perimeter RD"|"Fort Lauderdale"|FL|33309||Male|2423761440|"No Response"|1||0|0|0|0||0|Bethel||||||||"SARS-CoV-2 (COVID-19)"|Antigen|97097-0|"SARS-CoV-2 Ag Upper resp Ql IA.rapid"|"Nasopharyngeal swab"|258500001|04/29/2022|Negative|260385009
40|4244|10D2214779||Bravi|Massimo||01/01/1970||"12133 TAYLOR CT"|"WEST WINDSOR"|FL|08550||Male|9738731459|"No Response"|1||0|0|0|0||0|Bravi||||||||"SARS-CoV-2 (COVID-19)"|Antigen|97097-0|"SARS-CoV-2 Ag Upper resp Ql IA.rapid"|"Nasopharyngeal swab"|258500001|04/29/2022|Negative|260385009
41|4244|10D2214779||Maffioletti|"Maria Cristina Diniz"||12/28/1953||"1609 N Riverside dr apto 993"|"Pompano beach"|FL|33062||Female|9546548891|"No Response"|1||0|0|0|0||0|Maffioletti||||||||"SARS-CoV-2 (COVID-19)"|Antigen|97097-0|"SARS-CoV-2 Ag Upper resp Ql IA.rapid"|"Nasopharyngeal swab"|258500001|04/29/2022|Negative|260385009
42|4244|10D2214779||Ferdinand|Myrtle||09/23/1957||"981 Jamison Loop"|Kissimmee|FL|34744||Female|7863962445|"No Response"|0||0|0|0|0||0|Ferdinand||||||||"SARS-CoV-2 (COVID-19)"|Antigen|97097-0|"SARS-CoV-2 Ag Upper resp Ql IA.rapid"|"Nasopharyngeal swab"|258500001|04/29/2022|Negative|260385009
43|4244|10D2214779||Ferdinand|Dennis||01/01/1966||"981 Jamison Loop"|Kissimmee|FL|34744||Male|7863962445|"No Response"|0||0|0|0|0||0|Ferdinand||||||||"SARS-CoV-2 (COVID-19)"|Antigen|97097-0|"SARS-CoV-2 Ag Upper resp Ql IA.rapid"|"Nasopharyngeal swab"|258500001|04/29/2022|Negative|260385009
44|4244|10D2214779||Porter|Kristin||11/20/1990||"148, High Meadows Dr"|Florence|FL|81226||Female|7194296259|"No Response"|0||1|0|0|0||0|Porter||||||||"SARS-CoV-2 (COVID-19)"|PCR|94500-6|"SARS-CoV-2 RNA Resp Ql NAA+probe"|"Nasopharyngeal swab"|258500001|04/29/2022|Negative|260385009
45|4244|10D2214779||Becks|"Ricky J"||09/09/1953||"475 SW Namoit Place Port Saint Lucie Fl 34953"|"Port Saint Lucie"|FL|34953||Male|5612409776|"No Response"|1||0|0|0|0||0|Becks||||||||"SARS-CoV-2 (COVID-19)"|Antigen|97097-0|"SARS-CoV-2 Ag Upper resp Ql IA.rapid"|"Nasopharyngeal swab"|258500001|04/29/2022|Negative|260385009
46|4244|10D2214779||Becks|"Ethel K"||05/24/1952||"475 SW Namoit Place Port Saint Lucie Fl 34953"|"Port Saint Lucie"|FL|34953||Female|218/2605553|"No Response"|1||0|0|0|0||0|Becks||||||||"SARS-CoV-2 (COVID-19)"|Antigen|97097-0|"SARS-CoV-2 Ag Upper resp Ql IA.rapid"|"Nasopharyngeal swab"|258500001|04/29/2022|Negative|260385009
47|4244|10D2214779||Chaney|Jessica||09/20/1990||"4255 Crestdale Street"|"Palm Beach Gardens"|FL|33410||Female|5614002173|"No Response"|1||0|0|0|0||0|Chaney||||||||"SARS-CoV-2 (COVID-19)"|PCR|94500-6|"SARS-CoV-2 RNA Resp Ql NAA+probe"|"Nasopharyngeal swab"|258500001|04/29/2022|Negative|260385009
48|4244|10D2214779||Chaney|Jessica||09/20/1990||"4255 Crestdale Street"|"Palm Beach Gardens"|FL|33410||Female|5614002173|"No Response"|1||0|0|0|0||0|Chaney||||||||"SARS-CoV-2 (COVID-19)"|PCR|94500-6|"SARS-CoV-2 RNA Resp Ql NAA+probe"|"Nasopharyngeal swab"|258500001|04/29/2022|Negative|260385009
49|4244|10D2214779||Meyers|Greg||06/26/1988||"4255 Crestdale St"|"Palm Beach Gardens"|FL|33410||Male|9999999999|"No Response"|1||0|0|0|0||0|Meyers||||||||"SARS-CoV-2 (COVID-19)"|PCR|94500-6|"SARS-CoV-2 RNA Resp Ql NAA+probe"|"Nasopharyngeal swab"|258500001|04/29/2022|Negative|260385009
50|4244|10D2214779||Meyers|Greg||06/26/1988||"4255 Crestdale St"|"Palm Beach Gardens"|FL|33410||Male|9999999999|"No Response"|1||0|0|0|0||0|Meyers||||||||"SARS-CoV-2 (COVID-19)"|PCR|94500-6|"SARS-CoV-2 RNA Resp Ql NAA+probe"|"Nasopharyngeal swab"|258500001|04/29/2022|Negative|260385009
51|4244|10D2214779||Ross|"Sue A"||09/23/1952||"5626 Harding Street"|Hollywood|FL|33021||Female|9543033962|"No Response"|1||0|0|0|0||0|Ross||||||||"SARS-CoV-2 (COVID-19)"|PCR|94500-6|"SARS-CoV-2 RNA Resp Ql NAA+probe"|"Nasopharyngeal swab"|258500001|04/29/2022|Negative|260385009
52|4244|10D2214779||Dwyer|Judy||07/18/1956||"12139 West End"|NPB|FL|33408||Female|6103907669|"No Response"|1||0|0|0|0||0|Dwyer||||||||"SARS-CoV-2 (COVID-19)"|Antigen|97097-0|"SARS-CoV-2 Ag Upper resp Ql IA.rapid"|"Nasopharyngeal swab"|258500001|04/29/2022|Negative|260385009
53|4244|10D2214779||Sookdeo|Kristerbella||01/31/1991||N/a|N/a|FL|99999||Female|9999999999|"No Response"|0||0|0|0|1||0|Sookdeo||||||||"SARS-CoV-2 (COVID-19)"|Antigen|97097-0|"SARS-CoV-2 Ag Upper resp Ql IA.rapid"|"Nasopharyngeal swab"|258500001|04/29/2022|Negative|260385009
54|4244|10D2214779||Kent|Barbara||07/18/1939||"10148 Andover coach circle A2"|Wellington|FL|33449||Female|7272476341|"No Response"|1||0|0|0|0||0|Kent||||||||"SARS-CoV-2 (COVID-19)"|Antigen|97097-0|"SARS-CoV-2 Ag Upper resp Ql IA.rapid"|"Nasopharyngeal swab"|258500001|04/29/2022|Negative|260385009
55|4244|10D2214779||Dwyer|Robert||04/05/1954||"12139 West End"|NPB|FL|33408||Male|6103907669|"No Response"|1||0|0|0|0||0|Dwyer||||||||"SARS-CoV-2 (COVID-19)"|Antigen|97097-0|"SARS-CoV-2 Ag Upper resp Ql IA.rapid"|"Nasopharyngeal swab"|258500001|04/29/2022|Negative|260385009
56|4244|10D2214779||Ross|"Mark A"||10/23/1949||"5626 Harding Street"|Hollywood|FL|33021||Male|9545880271|"No Response"|1||0|0|0|0||0|Ross||||||||"SARS-CoV-2 (COVID-19)"|PCR|94500-6|"SARS-CoV-2 RNA Resp Ql NAA+probe"|"Nasopharyngeal swab"|258500001|04/29/2022|Negative|260385009
57|4244|10D2214779||Goode|Kevin||05/08/1988||Unknown|Unknown|FL|99999||Male|9999999999|"No Response"|1||0|0|0|0||0|Goode||||||||"SARS-CoV-2 (COVID-19)"|Antigen|97097-0|"SARS-CoV-2 Ag Upper resp Ql IA.rapid"|"Nasopharyngeal swab"|258500001|04/29/2022|Negative|260385009
58|4244|10D2214779||Victor|Antonio||11/20/1989||"14651 NW 20th Street"|"Pembroke Pines"|FL|33028||Male|9643255966|"No Response"|0||0|0|0|0||0|Victor||||||||"SARS-CoV-2 (COVID-19)"|Antigen|97097-0|"SARS-CoV-2 Ag Upper resp Ql IA.rapid"|"Nasopharyngeal swab"|258500001|04/29/2022|Negative|260385009
59|4244|10D2214779||"Vívian França Kalchgruber"|Vivian||11/19/1982||"4021 Nw 11 street"|Miami|FL|13326||Female|9999999999|"No Response"|0||0|0|0|0||0|"Vívian França Kalchgruber"||||||||"SARS-CoV-2 (COVID-19)"|Antigen|97097-0|"SARS-CoV-2 Ag Upper resp Ql IA.rapid"|"Nasopharyngeal swab"|258500001|04/29/2022|Negative|260385009
60|4244|10D2214779||Zádorvölgyi|Gabriella||08/03/1962||"Hotel Harrison 411 Washington Avenue, Miami Beach, 33139 U.S."|Miami|FL|33139||Female|9999999999|"No Response"|1||0|0|0|0||0|Zádorvölgyi||||||||"SARS-CoV-2 (COVID-19)"|Antigen|97097-0|"SARS-CoV-2 Ag Upper resp Ql IA.rapid"|"Nasopharyngeal swab"|258500001|04/29/2022|Negative|260385009
61|4244|10D2214779||Lipinski|Kurt||02/06/1974||"3791 Victoria Rd"|"West Palm Beach"|FL|33411||Male|5616442653|"No Response"|1||0|0|0|0||0|Lipinski||||||||"SARS-CoV-2 (COVID-19)"|Antigen|97097-0|"SARS-CoV-2 Ag Upper resp Ql IA.rapid"|"Nasopharyngeal swab"|258500001|04/29/2022|Negative|260385009
62|4244|10D2214779||Lipinski|Andrea||05/12/1970||"3791 Victoria Rd"|"West Palm Beach"|FL|33411||Female|5614100940|"No Response"|1||0|0|0|0||0|Lipinski||||||||"SARS-CoV-2 (COVID-19)"|Antigen|97097-0|"SARS-CoV-2 Ag Upper resp Ql IA.rapid"|"Nasopharyngeal swab"|258500001|04/29/2022|Negative|260385009
63|4244|10D2214779||Thornhill|Mechelle||09/23/1971||"636 W Oakland Park Blvd, Fort  Lauderdale"|Bridgetown|FL|99999||Female|12462457508|"No Response"|0||0|0|0|0||0|Thornhill||||||||"SARS-CoV-2 (COVID-19)"|Antigen|97097-0|"SARS-CoV-2 Ag Upper resp Ql IA.rapid"|"Nasopharyngeal swab"|258500001|04/29/2022|Negative|260385009
64|4244|10D2214779||Bravi|Massimo||01/01/1970||"12133 Taylor ct"|"West windsor"|FL|08550||Male|9738731459|"No Response"|1||0|0|0|0||0|Bravi||||||||"SARS-CoV-2 (COVID-19)"|Antigen|97097-0|"SARS-CoV-2 Ag Upper resp Ql IA.rapid"|"Nasopharyngeal swab"|258500001|04/29/2022|Negative|260385009
65|4244|10D2214779||Niles|Henderson||01/23/1965||"636 W Oakland  Park, Fort  Lauderdale"|Barbados|FL|99999||Male|12468279577|"No Response"|0||0|0|0|0||0|Niles||||||||"SARS-CoV-2 (COVID-19)"|Antigen|97097-0|"SARS-CoV-2 Ag Upper resp Ql IA.rapid"|"Nasopharyngeal swab"|258500001|04/29/2022|Negative|260385009
66|4244|10D2214779||Denny|George||07/11/1965||"636 W Oakland Park,  Fort Lauderdale"|Bridgetown|FL|99999||Male|12462565713|"No Response"|0||0|0|0|0||0|Denny||||||||"SARS-CoV-2 (COVID-19)"|Antigen|97097-0|"SARS-CoV-2 Ag Upper resp Ql IA.rapid"|"Nasopharyngeal swab"|258500001|04/29/2022|Negative|260385009
67|4244|10D2214779||"Dr Sík"|Sándor||02/24/1956||"Hotel Harrison 411 Washington Avenue, Miami Beach, 33139 U.S."|Miami|FL|33139||Male|9999999999|"No Response"|1||0|0|0|0||0|"Dr Sík"||||||||"SARS-CoV-2 (COVID-19)"|Antigen|97097-0|"SARS-CoV-2 Ag Upper resp Ql IA.rapid"|"Nasopharyngeal swab"|258500001|04/29/2022|Negative|260385009
68|4244|10D2214779||Maffioletti|"Maria Cristina Diniz"||12/28/1953||"1609 N Riverside dr apto 903"|"Pompano beach"|FL|33062||Female|9546548891|"No Response"|1||0|0|0|0||0|Maffioletti||||||||"SARS-CoV-2 (COVID-19)"|Antigen|97097-0|"SARS-CoV-2 Ag Upper resp Ql IA.rapid"|"Nasopharyngeal swab"|258500001|04/29/2022|Negative|260385009
69|4244|10D2214779||Hughes|James||10/30/1946||"2792 Nature View Road"|"Saint Cloud"|FL|34771||Male|4073423785|"No Response"|1||0|0|0|0||0|Hughes||||||||"SARS-CoV-2 (COVID-19)"|Antigen|97097-0|"SARS-CoV-2 Ag Upper resp Ql IA.rapid"|"Nasopharyngeal swab"|258500001|04/29/2022|Negative|260385009
70|4244|10D2214779||Ladove|Larry||06/02/2039||"2275 S Ocean Blvd Apt 308S"|"Palm Beach"|FL|33480||Male|3053323108|"No Response"|1||0|0|0|0||0|Ladove||||||||"SARS-CoV-2 (COVID-19)"|Antigen|97097-0|"SARS-CoV-2 Ag Upper resp Ql IA.rapid"|"Nasopharyngeal swab"|258500001|04/29/2022|Negative|260385009
71|4244|10D2214779||Stewart|Gemma||05/31/1982||Unknown|Unknown|FL|99999||Female|07930186483|"No Response"|1||0|0|0|0||0|Stewart||||||||"SARS-CoV-2 (COVID-19)"|Antigen|97097-0|"SARS-CoV-2 Ag Upper resp Ql IA.rapid"|"Nasopharyngeal swab"|258500001|04/29/2022|Negative|260385009
72|4244|10D2214779||Stewart|Graeme||05/11/1984||Unknown|Unknown|FL|99999||Male|07506698885|"No Response"|1||0|0|0|0||0|Stewart||||||||"SARS-CoV-2 (COVID-19)"|Antigen|97097-0|"SARS-CoV-2 Ag Upper resp Ql IA.rapid"|"Nasopharyngeal swab"|258500001|04/29/2022|Negative|260385009
73|4244|10D2214779||Hughes|Faye||08/26/1948||"2792 Nature View Road"|"Saint Cloud"|FL|34771||Female|4074628328|"No Response"|1||0|0|0|0||0|Hughes||||||||"SARS-CoV-2 (COVID-19)"|Antigen|97097-0|"SARS-CoV-2 Ag Upper resp Ql IA.rapid"|"Nasopharyngeal swab"|258500001|04/29/2022|Negative|260385009
74|4244|10D2214779||Brosseau|Michel||08/04/1954||Unknown|Unknown|FL|99999||Male|5149512483|"No Response"|1||0|0|0|0||0|Brosseau||||||||"SARS-CoV-2 (COVID-19)"|Antigen|97097-0|"SARS-CoV-2 Ag Upper resp Ql IA.rapid"|"Nasopharyngeal swab"|258500001|04/29/2022|Negative|260385009
75|4244|10D2214779||Blondin|Louise||07/20/1956||Unknown|Unknown|FL|99999||Female|5149424489|"No Response"|1||0|0|0|0||0|Blondin||||||||"SARS-CoV-2 (COVID-19)"|Antigen|97097-0|"SARS-CoV-2 Ag Upper resp Ql IA.rapid"|"Nasopharyngeal swab"|258500001|04/29/2022|Negative|260385009
76|4244|10D2214779||"VAN DER WOUDE"|ANKO||08/26/1954||"KIMPTON EPIC HOTEL ,270 BISCAYNE BOULEVARD WAY"|MIAMI|FL|33131||Male|9999999999|"No Response"|1||0|0|0|0||0|"VAN DER WOUDE"||||||||"SARS-CoV-2 (COVID-19)"|Antigen|97097-0|"SARS-CoV-2 Ag Upper resp Ql IA.rapid"|"Nasopharyngeal swab"|258500001|04/29/2022|Negative|260385009
77|4244|10D2214779||"WIJNGAARDE VAN DER WOUDE"|SHARON||05/29/1964||"KIMPTON EPIC HOTEL, 270 BISCAYNE BOULEVARD WAY"|MIAMI|FL|33131||Female|9999999999|"No Response"|0||0|0|0|0||0|"WIJNGAARDE VAN DER WOUDE"||||||||"SARS-CoV-2 (COVID-19)"|Antigen|97097-0|"SARS-CoV-2 Ag Upper resp Ql IA.rapid"|"Nasopharyngeal swab"|258500001|04/29/2022|Negative|260385009
78|4244|10D2214779||Johnson|Jarod||06/07/2001||"3301 College Ave"|"Fort Lauderdale-Davie"|FL|33314||Male|7729854897|"No Response"|0||0|0|0|1||0|Johnson||||||||"SARS-CoV-2 (COVID-19)"|PCR|94500-6|"SARS-CoV-2 RNA Resp Ql NAA+probe"|"Nasopharyngeal swab"|258500001|04/29/2022|Negative|260385009
79|4244|10D2214779||Hall|Charlie||10/19/1946||"610 Rockdale Ct NW"|Conyers|FL|30012||Male|6787731866|"No Response"|0||0|0|0|0||0|Hall||||||||"SARS-CoV-2 (COVID-19)"|Antigen|97097-0|"SARS-CoV-2 Ag Upper resp Ql IA.rapid"|"Nasopharyngeal swab"|258500001|04/29/2022|Negative|260385009
80|4244|10D2214779||SAYNES|"Maria Theresa"||10/06/1971||Unknown|Unknown|FL|99999||Female|2507145503|"No Response"|0||0|1|0|0||0|SAYNES||||||||"SARS-CoV-2 (COVID-19)"|Antigen|97097-0|"SARS-CoV-2 Ag Upper resp Ql IA.rapid"|"Nasopharyngeal swab"|258500001|04/29/2022|Negative|260385009
81|4244|10D2214779||SAYNES|"Maria Theresa"||10/06/1971||Unknown|Unknown|FL|99999||Female|2507145503|"No Response"|0||0|1|0|0||0|SAYNES||||||||"SARS-CoV-2 (COVID-19)"|Antigen|97097-0|"SARS-CoV-2 Ag Upper resp Ql IA.rapid"|"Nasopharyngeal swab"|258500001|04/29/2022|Negative|260385009
82|4244|10D2214779||Smith|Yvonne||05/23/1955||"610 Rockdale Ct NW"|Conyers|FL|30012||Female|6788968420|"No Response"|0||0|0|0|0||0|Smith||||||||"SARS-CoV-2 (COVID-19)"|Antigen|97097-0|"SARS-CoV-2 Ag Upper resp Ql IA.rapid"|"Nasopharyngeal swab"|258500001|04/29/2022|Negative|260385009
83|4244|10D2214779||Arkrot|"Marie Susanne"||02/24/1960||"2305 N Riverside Drive"|"Pompano Beach"|FL|33062||Female|7865015770|"No Response"|1||0|0|0|0||0|Arkrot||||||||"SARS-CoV-2 (COVID-19)"|Antigen|97097-0|"SARS-CoV-2 Ag Upper resp Ql IA.rapid"|"Nasopharyngeal swab"|258500001|04/29/2022|Negative|260385009
84|4244|10D2214779||Eriksson|"Roland Peter"||10/12/1962||"2305 N Riverside Drive"|"Pompano Beach"|FL|33062||Male|3056076745|"No Response"|1||0|0|0|0||0|Eriksson||||||||"SARS-CoV-2 (COVID-19)"|Antigen|97097-0|"SARS-CoV-2 Ag Upper resp Ql IA.rapid"|"Nasopharyngeal swab"|258500001|04/29/2022|Negative|260385009
85|4244|10D2214779||Hime|"Norman Victor Walter"||05/08/1955||"1200 Anastasia Eve"|Miami|FL|33134||Male|9999999999|"No Response"|1||0|0|0|0||0|Hime||||||||"SARS-CoV-2 (COVID-19)"|Antigen|97097-0|"SARS-CoV-2 Ag Upper resp Ql IA.rapid"|"Nasopharyngeal swab"|258500001|04/29/2022|Negative|260385009
86|4244|10D2214779||Hime|"Norman Victor Walter"||05/08/1955||"1200 Anastasia Eve"|Miami|FL|33134||Male|9999999999|"No Response"|1||0|0|0|0||0|Hime||||||||"SARS-CoV-2 (COVID-19)"|Antigen|97097-0|"SARS-CoV-2 Ag Upper resp Ql IA.rapid"|"Nasopharyngeal swab"|258500001|04/29/2022|Negative|260385009
87|4244|10D2214779||Silva|"Solange Maria de Castro Barbosa Cordeiro"||05/19/1950||"1200 Anastasia Ave"|Miami|FL|33134||Female|9999999999|"No Response"|1||0|0|0|0||0|Silva||||||||"SARS-CoV-2 (COVID-19)"|Antigen|97097-0|"SARS-CoV-2 Ag Upper resp Ql IA.rapid"|"Nasopharyngeal swab"|258500001|04/29/2022|Negative|260385009
88|4244|10D2214779||Hime|"Kenia Merheb Diniz"||04/09/1965||"1200 Anastasia Ave"|Miami|FL|33134||Female|9999999999|"No Response"|1||0|0|0|0||0|Hime||||||||"SARS-CoV-2 (COVID-19)"|Antigen|97097-0|"SARS-CoV-2 Ag Upper resp Ql IA.rapid"|"Nasopharyngeal swab"|258500001|04/29/2022|Negative|260385009
89|4244|10D2214779||Junior|"Ilmar Penna Marinho"||10/17/2022||"1200 Anastasia Ave"|Miami|FL|33134||Male|9999999999|"No Response"|1||0|0|0|0||0|Junior||||||||"SARS-CoV-2 (COVID-19)"|Antigen|97097-0|"SARS-CoV-2 Ag Upper resp Ql IA.rapid"|"Nasopharyngeal swab"|258500001|04/29/2022|Negative|260385009
90|4244|10D2214779||SAYNES|Melchor||01/06/1963||Unknown|Unknown|FL|99999||Male|3609276162|"No Response"|0||0|1|0|0||0|SAYNES||||||||"SARS-CoV-2 (COVID-19)"|Antigen|97097-0|"SARS-CoV-2 Ag Upper resp Ql IA.rapid"|"Nasopharyngeal swab"|258500001|04/29/2022|Negative|260385009
91|4244|10D2214779||Tobin|William||06/20/1959||"16738 Hidden Spring Drive"|Florida|FL|34714||Male|5066431925|"No Response"|1||0|0|0|0||0|Tobin||||||||"SARS-CoV-2 (COVID-19)"|Antigen|97097-0|"SARS-CoV-2 Ag Upper resp Ql IA.rapid"|"Nasopharyngeal swab"|258500001|04/29/2022|Negative|260385009
92|4244|10D2214779||Tobin|Carol||11/10/1963||"16738 Hidden Spring Drive"|Florida|FL|34714||Female|5066431925|"No Response"|1||0|0|0|0||0|Tobin||||||||"SARS-CoV-2 (COVID-19)"|Antigen|97097-0|"SARS-CoV-2 Ag Upper resp Ql IA.rapid"|"Nasopharyngeal swab"|258500001|04/29/2022|Negative|260385009
93|4244|10D2214779||Gionet|Michelle||04/24/1962||"16738 Hidden Spring Drive"|Florida|FL|34714||Female|5066430245|"No Response"|1||0|0|0|0||0|Gionet||||||||"SARS-CoV-2 (COVID-19)"|Antigen|97097-0|"SARS-CoV-2 Ag Upper resp Ql IA.rapid"|"Nasopharyngeal swab"|258500001|04/29/2022|Negative|260385009
94|4244|10D2214779||Tobin|Richard||12/01/1951||"16738 Hidden Spring Drive"|Florida|FL|34714||Male|5066430245|"No Response"|1||0|0|0|0||0|Tobin||||||||"SARS-CoV-2 (COVID-19)"|Antigen|97097-0|"SARS-CoV-2 Ag Upper resp Ql IA.rapid"|"Nasopharyngeal swab"|258500001|04/29/2022|Negative|260385009
95|4244|10D2214779||Ladove|Linda||01/22/1960||"2275 S Ocean Blvd"|"Palm Beach"|FL|33480||Female|8312412751|"No Response"|1||0|0|0|0||0|Ladove||||||||"SARS-CoV-2 (COVID-19)"|Antigen|97097-0|"SARS-CoV-2 Ag Upper resp Ql IA.rapid"|"Nasopharyngeal swab"|258500001|04/29/2022|Negative|260385009
96|4244|10D2214779||Felten|Rachel||10/24/1995||"68 Montgomery. Unit #2"|Boston|FL|02116||Female|9897987076|"No Response"|1||0|0|0|0||0|Felten||||||||"SARS-CoV-2 (COVID-19)"|Antigen|97097-0|"SARS-CoV-2 Ag Upper resp Ql IA.rapid"|"Nasopharyngeal swab"|258500001|04/29/2022|Negative|260385009
97|4244|10D2214779||Bishop|Gary||01/16/1964||"3170 Pinehurst"|Gladwin,mi|FL|48624||Male|9892740465|"No Response"|1||0|0|0|0||0|Bishop||||||||"SARS-CoV-2 (COVID-19)"|Antigen|97097-0|"SARS-CoV-2 Ag Upper resp Ql IA.rapid"|"Nasopharyngeal swab"|258500001|04/29/2022|Negative|260385009
98|4244|10D2214779||Bishop|Krystal||01/11/1961||"3170 Pinehurst"|"Gladwin, Mi."|FL|48624||Female|9892951764|"No Response"|1||0|0|0|0||0|Bishop||||||||"SARS-CoV-2 (COVID-19)"|Antigen|97097-0|"SARS-CoV-2 Ag Upper resp Ql IA.rapid"|"Nasopharyngeal swab"|258500001|04/29/2022|Negative|260385009
99|4244|10D2214779||Tobin|"Mary Kathleen"||07/08/1954||"16738 Hidden Spring Drive"|Florida|FL|99999||Female|5066430245|"No Response"|1||0|0|0|0||0|Tobin||||||||"SARS-CoV-2 (COVID-19)"|Antigen|97097-0|"SARS-CoV-2 Ag Upper resp Ql IA.rapid"|"Nasopharyngeal swab"|258500001|04/29/2022|Negative|260385009
100|4244|10D2214779||BULLION|EMELINDA||08/06/1977||"1023 COVE PALISADES DR"|"N.LAS VEGAS"|FL|89031||Female|7028302700|"No Response"|0||0|1|0|0||0|BULLION||||||||"SARS-CoV-2 (COVID-19)"|PCR|94500-6|"SARS-CoV-2 RNA Resp Ql NAA+probe"|"Nasopharyngeal swab"|258500001|04/29/2022|Negative|260385009
101|4244|10D2214779||Golding|Mary||04/18/1961||"16738 Hidden Spring Drive"|"Clermont, Florida"|FL|34714||Female|5066090149|"No Response"|1||0|0|0|0||0|Golding||||||||"SARS-CoV-2 (COVID-19)"|Antigen|97097-0|"SARS-CoV-2 Ag Upper resp Ql IA.rapid"|"Nasopharyngeal swab"|258500001|04/29/2022|Negative|260385009
102|4244|10D2214779||Martin|James||05/11/1937||"740 S, Federal Hwy, #511"|"Pompano Beach, FL"|FL|33062||Male|9545651581|"No Response"|1||0|0|0|0||0|Martin||||||||"SARS-CoV-2 (COVID-19)"|Antigen|97097-0|"SARS-CoV-2 Ag Upper resp Ql IA.rapid"|"Nasopharyngeal swab"|258500001|04/29/2022|Negative|260385009
103|4244|10D2214779||Gellermann|Norbert||02/16/1957||"7511 overlook dr"|"Lake worth"|FL|33467||Male|5612765188|"No Response"|1||0|0|0|0||0|Gellermann||||||||"SARS-CoV-2 (COVID-19)"|Antigen|97097-0|"SARS-CoV-2 Ag Upper resp Ql IA.rapid"|"Nasopharyngeal swab"|258500001|04/29/2022|Negative|260385009
104|4244|10D2214779||Garratt|Sarah||01/01/1970||"Hyatt Regency Miami 400 S, SE 2nd Ave"|Miami|FL|33131||Female|07702180375|"No Response"|1||0|0|0|0||0|Garratt||||||||"SARS-CoV-2 (COVID-19)"|Antigen|97097-0|"SARS-CoV-2 Ag Upper resp Ql IA.rapid"|"Nasopharyngeal swab"|258500001|04/29/2022|Negative|260385009
105|4244|10D2214779||Donovan|Stuart||01/01/1970||"Hyatt Regency Miami 400 S SE 2nd Ave"|Miami|FL|33131||Male|07939881062|"No Response"|1||0|0|0|0||0|Donovan||||||||"SARS-CoV-2 (COVID-19)"|Antigen|97097-0|"SARS-CoV-2 Ag Upper resp Ql IA.rapid"|"Nasopharyngeal swab"|258500001|04/29/2022|Negative|260385009
106|4244|10D2214779||Kinnear|David||12/12/1938||"3100 NE 48 St. Apt 414"|"Ft Lauderdale"|FL|33308||Male|9542909869|"No Response"|1||0|0|0|0||0|Kinnear||||||||"SARS-CoV-2 (COVID-19)"|Antigen|97097-0|"SARS-CoV-2 Ag Upper resp Ql IA.rapid"|"Nasopharyngeal swab"|258500001|04/29/2022|Negative|260385009
107|4244|10D2214779||Kinnear|Barbara||11/26/1939||"3100 NE 48 St. Apt 414"|"Ft Lauderdale"|FL|33308||Female|9542909869|"No Response"|1||0|0|0|0||0|Kinnear||||||||"SARS-CoV-2 (COVID-19)"|Antigen|97097-0|"SARS-CoV-2 Ag Upper resp Ql IA.rapid"|"Nasopharyngeal swab"|258500001|04/29/2022|Negative|260385009
108|4244|10D2214779||Vazquez|"Raul Ramon"||11/20/1952||"3931 nw 54 ct"|"coconut creeck"|FL|33073||Male|3053008014|"No Response"|0||0|0|0|0||0|Vazquez||||||||"SARS-CoV-2 (COVID-19)"|Antigen|97097-0|"SARS-CoV-2 Ag Upper resp Ql IA.rapid"|"Nasopharyngeal swab"|258500001|04/29/2022|Negative|260385009
109|4244|10D2214779||Vazquez|"Raul Ramon"||11/20/1952||"3931 nw 54 ct"|"coconut creeck"|FL|33073||Male|3053008014|"No Response"|0||0|0|0|0||0|Vazquez||||||||"SARS-CoV-2 (COVID-19)"|Antigen|97097-0|"SARS-CoV-2 Ag Upper resp Ql IA.rapid"|"Nasopharyngeal swab"|258500001|04/29/2022|Negative|260385009
110|4244|10D2214779||Mejia|Karin||11/08/1976||"6542 Brandywine Drive S"|Margate|FL|33063||Female|3479906365|"No Response"|0||0|0|0|0||0|Mejia||||||||"SARS-CoV-2 (COVID-19)"|Antigen|97097-0|"SARS-CoV-2 Ag Upper resp Ql IA.rapid"|"Nasopharyngeal swab"|258500001|04/29/2022|Negative|260385009
111|4244|10D2214779||"PAZ DE NOBOA"|ALFREDO||12/25/1960||"6542 Brandywine Drive S"|Margate|FL|33063||Male|7542549551|"No Response"|0||0|0|0|0||0|"PAZ DE NOBOA"||||||||"SARS-CoV-2 (COVID-19)"|Antigen|97097-0|"SARS-CoV-2 Ag Upper resp Ql IA.rapid"|"Nasopharyngeal swab"|258500001|04/29/2022|Negative|260385009
112|4244|10D2214779||Perez|Marcus||01/29/1997||"7343 W Sand Lake Rd"|Orlando|FL|32819||Male|4074430532|"No Response"|0||0|0|0|0||0|Perez||||||||"SARS-CoV-2 (COVID-19)"|Antigen|97097-0|"SARS-CoV-2 Ag Upper resp Ql IA.rapid"|"Nasopharyngeal swab"|258500001|04/29/2022|Negative|260385009
113|4244|10D2214779||Oldendorp|Laura||10/05/1996||"7343 W Sand Lake Rd"|Orlando|FL|32819||Female|4072560734|"No Response"|0||0|1|0|0||0|Oldendorp||||||||"SARS-CoV-2 (COVID-19)"|Antigen|97097-0|"SARS-CoV-2 Ag Upper resp Ql IA.rapid"|"Nasopharyngeal swab"|258500001|04/29/2022|Negative|260385009
114|4244|10D2214779||JESWANI|ANSH||04/14/2012||"8751 Suite Side de"|Orlando|FL|32836||Male|7215506152|"No Response"|0||0|1|0|0||0|JESWANI||||||||"SARS-CoV-2 (COVID-19)"|Antigen|97097-0|"SARS-CoV-2 Ag Upper resp Ql IA.rapid"|"Nasopharyngeal swab"|258500001|04/29/2022|Negative|260385009
115|4244|10D2214779||Steincamp|Andre||12/22/1977||Unknown|Unknown|FL|99999||Male|9999999999|"No Response"|1||0|0|0|0||0|Steincamp||||||||"SARS-CoV-2 (COVID-19)"|Antigen|97097-0|"SARS-CoV-2 Ag Upper resp Ql IA.rapid"|"Nasopharyngeal swab"|258500001|04/29/2022|Negative|260385009
116|4244|10D2214779||Lanze|Sandra||05/13/1980||Unknown|Unknown|FL|99999||Female|9999999999|"No Response"|1||0|0|0|0||0|Lanze||||||||"SARS-CoV-2 (COVID-19)"|Antigen|97097-0|"SARS-CoV-2 Ag Upper resp Ql IA.rapid"|"Nasopharyngeal swab"|258500001|04/29/2022|Negative|260385009
117|4244|10D2214779||Zapata|Miguel||02/11/1964||"20490 NW 7 Ave apt 10"|"Miami Garden"|FL|33169||Male|7864788277|"No Response"|0||0|0|0|0||0|Zapata||||||||"SARS-CoV-2 (COVID-19)"|Antigen|97097-0|"SARS-CoV-2 Ag Upper resp Ql IA.rapid"|"Nasopharyngeal swab"|258500001|04/29/2022|Negative|260385009
118|4244|10D2214779||Mendoza|Karol||08/26/1970||"20490 NW 7 ave apt 10"|"Miami Garden"|FL|33169||Female|7867147512|"No Response"|0||0|0|0|0||0|Mendoza||||||||"SARS-CoV-2 (COVID-19)"|Antigen|97097-0|"SARS-CoV-2 Ag Upper resp Ql IA.rapid"|"Nasopharyngeal swab"|258500001|04/29/2022|Negative|260385009
119|4244|10D2214779||Dama|Sara||10/27/1979||"1512 SW 19th"|"Fort Lauderale"|FL|33312||Female|3053606466|"No Response"|1||0|0|0|0||0|Dama||||||||"SARS-CoV-2 (COVID-19)"|Antigen|97097-0|"SARS-CoV-2 Ag Upper resp Ql IA.rapid"|"Nasopharyngeal swab"|258500001|04/29/2022|Negative|260385009
120|4244|10D2214779||Gonzalez|"Maria A"||02/05/1981||"12900 SW 82nd Avenue"|Miami|FL|33156||Female|7868657430|"No Response"|0||0|0|0|0||0|Gonzalez||||||||"SARS-CoV-2 (COVID-19)"|Antigen|97097-0|"SARS-CoV-2 Ag Upper resp Ql IA.rapid"|"Nasopharyngeal swab"|258500001|04/29/2022|Positive|10828004
121|4244|10D2214779||Boston|Kenneth||03/12/1980||"1740 E Clinton Drive"|"St. Cloud"|FL|34769||Male|4078371339|"No Response"|1||0|0|0|0||0|Boston||||||||"SARS-CoV-2 (COVID-19)"|Antigen|97097-0|"SARS-CoV-2 Ag Upper resp Ql IA.rapid"|"Nasopharyngeal swab"|258500001|04/29/2022|Negative|260385009
122|4244|10D2214779||Bartoo|Selene||01/20/1992||"741 Benoi drive"|Davenport|FL|33896||Female|3218050305|"No Response"|0||0|1|0|0||0|Bartoo||||||||"SARS-CoV-2 (COVID-19)"|Antigen|97097-0|"SARS-CoV-2 Ag Upper resp Ql IA.rapid"|"Nasopharyngeal swab"|258500001|04/29/2022|Negative|260385009
123|4244|10D2214779||Wiley|Bessie||11/05/1967||Unknown|Unknown|FL|99999|||4072278012|"No Response"|0||0|0|0|0||1|Wiley||||||||"SARS-CoV-2 (COVID-19)"|Antigen|97097-0|"SARS-CoV-2 Ag Upper resp Ql IA.rapid"|"Nasopharyngeal swab"|258500001|04/29/2022|Negative|260385009
124|4244|10D2214779||Bethel|David||11/25/1988||"1535 South perimeter rd"|"Fort Lauderdale"|FL|33309||Male|2423761440|"No Response"|1||0|0|0|0||0|Bethel||||||||"SARS-CoV-2 (COVID-19)"|Antigen|97097-0|"SARS-CoV-2 Ag Upper resp Ql IA.rapid"|"Nasopharyngeal swab"|258500001|04/29/2022|Negative|260385009
125|4244|10D2214779||Burger|Marc||01/01/1970||Unknown|Unknown|FL|99999||Male|7863962445|"No Response"|0||0|0|0|1||0|Burger||||||||"SARS-CoV-2 (COVID-19)"|Antigen|97097-0|"SARS-CoV-2 Ag Upper resp Ql IA.rapid"|"Nasopharyngeal swab"|258500001|04/29/2022|Negative|260385009
126|4244|10D2214779||Kuhn|Katharina||06/05/1987||Unknown|Unknown|FL|99999||Female|7863962445|"No Response"|0||0|0|0|1||0|Kuhn||||||||"SARS-CoV-2 (COVID-19)"|Antigen|97097-0|"SARS-CoV-2 Ag Upper resp Ql IA.rapid"|"Nasopharyngeal swab"|258500001|04/29/2022|Negative|260385009
127|4244|10D2214779||Habib|"Ramez Assaad"||07/13/1987||Unknown|Unknown|FL|99999||Male|4847824675|"No Response"|0||0|0|0|0||1|Habib||||||||"SARS-CoV-2 (COVID-19)"|Antigen|97097-0|"SARS-CoV-2 Ag Upper resp Ql IA.rapid"|"Nasopharyngeal swab"|258500001|04/29/2022|Negative|260385009
128|4244|10D2214779||Thames|"Richard Allen"||02/22/1980||Unknown|Unknown|FL|99999||Male|2102882116|"No Response"|0||0|0|0|0||1|Thames||||||||"SARS-CoV-2 (COVID-19)"|Antigen|97097-0|"SARS-CoV-2 Ag Upper resp Ql IA.rapid"|"Nasopharyngeal swab"|258500001|04/29/2022|Negative|260385009
129|4244|10D2214779||Alfio|Sessolo||06/05/1970||Unknown|Unknown|FL|99999||Male|9999999999|"No Response"|1||0|0|0|0||0|Alfio||||||||"SARS-CoV-2 (COVID-19)"|Antigen|97097-0|"SARS-CoV-2 Ag Upper resp Ql IA.rapid"|"Nasopharyngeal swab"|258500001|04/29/2022|Negative|260385009
130|4244|10D2214779||Junio|"Jean Jr"||12/01/1970||"3412 Aston Martin"|Sebring|FL|33872||Male|14038895628|"No Response"|0||0|1|0|0||0|Junio||||||||"SARS-CoV-2 (COVID-19)"|Antigen|97097-0|"SARS-CoV-2 Ag Upper resp Ql IA.rapid"|"Nasopharyngeal swab"|258500001|04/29/2022|Positive|10828004
131|4244|10D2214779||Marinova|Mariyana||12/01/1962||Unknown|Unknown|FL|99999||Female|9999999999|"No Response"|1||0|0|0|0||0|Marinova||||||||"SARS-CoV-2 (COVID-19)"|Antigen|97097-0|"SARS-CoV-2 Ag Upper resp Ql IA.rapid"|"Nasopharyngeal swab"|258500001|04/29/2022|Negative|260385009
132|4244|10D2214779||Anselmo|Pedro||12/12/1958||"4626 Ethans Glenn Ave"|Orlando|FL|32812||Male|14074978867|"No Response"|0||0|0|0|1||0|Anselmo||||||||"SARS-CoV-2 (COVID-19)"|PCR|94500-6|"SARS-CoV-2 RNA Resp Ql NAA+probe"|"Nasopharyngeal swab"|258500001|04/29/2022|Negative|260385009
133|4244|10D2214779||Rufino|Simone||05/24/1965||"4626 Ethans Glenn Ave."|Orlando|FL|32812||Female|4072568123|"No Response"|1||0|0|0|0||0|Rufino||||||||"SARS-CoV-2 (COVID-19)"|PCR|94500-6|"SARS-CoV-2 RNA Resp Ql NAA+probe"|"Nasopharyngeal swab"|258500001|04/29/2022|Negative|260385009
134|4244|10D2214779||"Do Monte Pereira"|Alexandre||11/16/1969||"1144 Harry Ave S"|"Lehigh Acres"|FL|33973||Male|2392950145|"No Response"|0||0|0|0|0||0|"Do Monte Pereira"||||||||"SARS-CoV-2 (COVID-19)"|Antigen|97097-0|"SARS-CoV-2 Ag Upper resp Ql IA.rapid"|"Nasopharyngeal swab"|258500001|04/29/2022|Negative|260385009
135|4244|10D2214779||Esquieres|Pauline||10/05/1999||"764, Dorsey Falls Street"|Henderson|FL|89011||Female|7028060129|"No Response"|0||0|1|0|0||0|Esquieres||||||||"SARS-CoV-2 (COVID-19)"|Antigen|97097-0|"SARS-CoV-2 Ag Upper resp Ql IA.rapid"|"Nasopharyngeal swab"|258500001|04/29/2022|Negative|260385009
136|4244|10D2214779||"Johnson Fullerton"|Shikara||02/05/1983||"5699 Banana Rd"|"West Palm beach"|FL|33413||Female|5614250041|"No Response"|0||0|0|0|0||0|"Johnson Fullerton"||||||||"SARS-CoV-2 (COVID-19)"|PCR|94500-6|"SARS-CoV-2 RNA Resp Ql NAA+probe"|"Nasopharyngeal swab"|258500001|04/29/2022|Negative|260385009
137|4244|10D2214779||Margrave|Kenneth||09/07/1949||Unknown|Unknown|FL|99999||Male|9018285290|"No Response"|0||0|0|0|0||1|Margrave||||||||"SARS-CoV-2 (COVID-19)"|Antigen|97097-0|"SARS-CoV-2 Ag Upper resp Ql IA.rapid"|"Nasopharyngeal swab"|258500001|04/29/2022|Negative|260385009
138|4244|10D2214779||Margrave|Joanne||08/20/1947||Unknown|Unknown|FL|99999||Female|9018285290|"No Response"|0||0|0|0|0||1|Margrave||||||||"SARS-CoV-2 (COVID-19)"|Antigen|97097-0|"SARS-CoV-2 Ag Upper resp Ql IA.rapid"|"Nasopharyngeal swab"|258500001|04/29/2022|Negative|260385009
139|4244|10D2214779||Perez|Ivan||05/08/1992||"22 Queen Valley CT"|"Las Vegas"|FL|89148||Male|7029275259|"No Response"|0||0|0|0|0||0|Perez||||||||"SARS-CoV-2 (COVID-19)"|Antigen|97097-0|"SARS-CoV-2 Ag Upper resp Ql IA.rapid"|"Nasopharyngeal swab"|258500001|04/29/2022|Negative|260385009
140|4244|10D2214779||Donaldson|Judith||03/27/1960||"219 Del Rio Drive"|"Lady Lake"|FL|32159||Female|9032412226|"No Response"|1||0|0|0|0||0|Donaldson||||||||"SARS-CoV-2 (COVID-19)"|Antigen|97097-0|"SARS-CoV-2 Ag Upper resp Ql IA.rapid"|"Nasopharyngeal swab"|258500001|04/29/2022|Negative|260385009
141|4244|10D2214779||Alcantar|Paul||09/29/1983||"11205 dormer way"|Orlando|FL|32837||Male|4075726035|"No Response"|0||0|0|0|0||0|Alcantar||||||||"SARS-CoV-2 (COVID-19)"|Antigen|97097-0|"SARS-CoV-2 Ag Upper resp Ql IA.rapid"|"Nasopharyngeal swab"|258500001|04/29/2022|Negative|260385009
142|4244|10D2214779||Donaldson|Paul||03/12/1950||"219 Del Rio Drive"|"Lady Lake"|FL|32159||Male|9032412226|"No Response"|1||0|0|0|0||0|Donaldson||||||||"SARS-CoV-2 (COVID-19)"|Antigen|97097-0|"SARS-CoV-2 Ag Upper resp Ql IA.rapid"|"Nasopharyngeal swab"|258500001|04/29/2022|Negative|260385009
143|4244|10D2214779||"MC Crary"|Peggy||04/13/1959||"108 Pelican Bay Drive"|"Santa Rosa Beach"|FL|32459||Female|9034524383|"No Response"|1||0|0|0|0||0|"MC Crary"||||||||"SARS-CoV-2 (COVID-19)"|Antigen|97097-0|"SARS-CoV-2 Ag Upper resp Ql IA.rapid"|"Nasopharyngeal swab"|258500001|04/29/2022|Negative|260385009
144|4244|10D2214779||McCrary|"Rex Michael"||06/12/1958||"108 Pelican Bay Drive"|"Santa Rosa Beach"|FL|32459||Male|9034524383|"No Response"|1||0|0|0|0||0|McCrary||||||||"SARS-CoV-2 (COVID-19)"|Antigen|97097-0|"SARS-CoV-2 Ag Upper resp Ql IA.rapid"|"Nasopharyngeal swab"|258500001|04/29/2022|Negative|260385009
145|4244|10D2214779||Pichard|Bernard||10/16/1957||Unknown|Unknown|FL|99999||Male|9999999999|"No Response"|1||0|0|0|0||0|Pichard||||||||"SARS-CoV-2 (COVID-19)"|Antigen|97097-0|"SARS-CoV-2 Ag Upper resp Ql IA.rapid"|"Nasopharyngeal swab"|258500001|04/29/2022|Negative|260385009
146|4244|10D2214779||Berthelot|"Chantal Martine"||02/02/1954||Unknown|Unknown|FL|99999||Female|7863962445|"No Response"|0||0|0|0|0||1|Berthelot||||||||"SARS-CoV-2 (COVID-19)"|Antigen|97097-0|"SARS-CoV-2 Ag Upper resp Ql IA.rapid"|"Nasopharyngeal swab"|258500001|04/29/2022|Negative|260385009
147|4244|10D2214779||Ullrich|Mark||10/28/1992||"14501 Grove Resort Ave"|Orlando|FL|34787||Male|4036606072|"No Response"|1||0|0|0|0||0|Ullrich||||||||"SARS-CoV-2 (COVID-19)"|Antigen|97097-0|"SARS-CoV-2 Ag Upper resp Ql IA.rapid"|"Nasopharyngeal swab"|258500001|04/29/2022|Negative|260385009
148|4244|10D2214779||Ullrich|Samantha||10/02/1994||"14501 Grove Resort Ave"|Orlando|FL|34787||Female|4038635800|"No Response"|1||0|0|0|0||0|Ullrich||||||||"SARS-CoV-2 (COVID-19)"|Antigen|97097-0|"SARS-CoV-2 Ag Upper resp Ql IA.rapid"|"Nasopharyngeal swab"|258500001|04/29/2022|Negative|260385009
149|4244|10D2214779||Ullrich|Sharon||06/30/1960||"14501 Grove Resort Ave"|Orlando|FL|34787||Female|4038624075|"No Response"|1||0|0|0|0||0|Ullrich||||||||"SARS-CoV-2 (COVID-19)"|Antigen|97097-0|"SARS-CoV-2 Ag Upper resp Ql IA.rapid"|"Nasopharyngeal swab"|258500001|04/29/2022|Negative|260385009
150|4244|10D2214779||Ullrich|Brian||07/05/1960||"14501 Grove Resort Ave"|Orlando|FL|34787||Male|4036604825|"No Response"|1||0|0|0|0||0|Ullrich||||||||"SARS-CoV-2 (COVID-19)"|Antigen|97097-0|"SARS-CoV-2 Ag Upper resp Ql IA.rapid"|"Nasopharyngeal swab"|258500001|04/29/2022|Negative|260385009
151|4244|10D2214779||Costa|Monika||01/24/1968||"5000 estate Enighed"|"St. John"|FL|00830||Female|9045107181|"No Response"|0||0|0|0|0||0|Costa||||||||"SARS-CoV-2 (COVID-19)"|Antigen|97097-0|"SARS-CoV-2 Ag Upper resp Ql IA.rapid"|"Nasopharyngeal swab"|258500001|04/29/2022|Negative|260385009
152|4244|10D2214779||Phillips|"Jazmin Marie"||05/03/1990||Unknown|Unknown|FL|99999||Female|9515812735|"No Response"|0||0|0|0|0||0|Phillips||||||||"SARS-CoV-2 (COVID-19)"|PCR|94500-6|"SARS-CoV-2 RNA Resp Ql NAA+probe"|"Nasopharyngeal swab"|258500001|04/29/2022|Negative|260385009
153|4244|10D2214779||Esquieres|Pauline||10/05/1999||Unknown|Unknown|FL|99999||Female|7028060129|"No Response"|0||0|0|0|0||1|Esquieres||||||||"SARS-CoV-2 (COVID-19)"|Antigen|97097-0|"SARS-CoV-2 Ag Upper resp Ql IA.rapid"|"Nasopharyngeal swab"|258500001|04/29/2022|Negative|260385009
154|4244|10D2214779||Hughes|Faye||08/26/1948||"2792 Nature View Road"|"Saint Cloud"|FL|34771||Female|4074628328|"No Response"|1||0|0|0|0||0|Hughes||||||||"SARS-CoV-2 (COVID-19)"|Antigen|97097-0|"SARS-CoV-2 Ag Upper resp Ql IA.rapid"|"Nasopharyngeal swab"|258500001|04/29/2022|Negative|260385009
155|4244|10D2214779||Hughes|James||10/30/1946||"2792 Nature View Road"|"Saint Cloud"|FL|34771||Male|4073423785|"No Response"|1||0|0|0|0||0|Hughes||||||||"SARS-CoV-2 (COVID-19)"|Antigen|97097-0|"SARS-CoV-2 Ag Upper resp Ql IA.rapid"|"Nasopharyngeal swab"|258500001|04/29/2022|Negative|260385009
156|4244|10D2214779||Victor|Antonio||11/20/1989||"4 Fulston Lane"|Freeport|FL|33315||Male|9643255966|"No Response"|0||0|0|0|0||0|Victor||||||||"SARS-CoV-2 (COVID-19)"|Antigen|97097-0|"SARS-CoV-2 Ag Upper resp Ql IA.rapid"|"Nasopharyngeal swab"|258500001|04/29/2022|Negative|260385009
157|4244|10D2214779||Ladove|Linda||01/22/1960||"2275 S Ocean Blvd Apt 308S"|"Palm Beach"|FL|33480||Female|8312412751|"No Response"|1||0|0|0|0||0|Ladove||||||||"SARS-CoV-2 (COVID-19)"|Antigen|97097-0|"SARS-CoV-2 Ag Upper resp Ql IA.rapid"|"Nasopharyngeal swab"|258500001|04/29/2022|Negative|260385009
158|4244|10D2214779||Hall|Charlie||10/19/1946||"610 Rockdale Ct NW"|Conyers|FL|30012||Male|6787731866|"No Response"|0||0|0|0|0||0|Hall||||||||"SARS-CoV-2 (COVID-19)"|Antigen|97097-0|"SARS-CoV-2 Ag Upper resp Ql IA.rapid"|"Nasopharyngeal swab"|258500001|04/29/2022|Negative|260385009
159|4244|10D2214779||Smith|Yvonne||05/23/1955||"610 Rockdale Ct NW"|Conyers|FL|30012||Female|6788968420|"No Response"|0||0|0|0|0||0|Smith||||||||"SARS-CoV-2 (COVID-19)"|Antigen|97097-0|"SARS-CoV-2 Ag Upper resp Ql IA.rapid"|"Nasopharyngeal swab"|258500001|04/29/2022|Negative|260385009
