RecordID|FacilityID|CLIAID|PatientID|LastName|FirstName|MiddleName|DOB|SSN|StreetAddress|City|State|Zip|County|Gender|PhoneNumber|Ethnicity|RaceWhite|RaceBlack|RaceAmericanIndianAlaskanNative|RaceAsian|RaceNativeHawaiianOrOtherPacificIslander|RaceOther|RaceUnknown|RaceNoResponse|ProviderName|NPI|Pregnant|SchoolAssociation|SchoolName|MeetILIDefinition|PerformingLab|AccessionNumber|Pathogen|TestType|LOINC|LOINCShortName|SpecimenCollectionType|SpecimenSNOMED|SpecimenCollectedDate|Result|ResultSNOMED
1|4244|10D2214779||Rampersaud|Dian||11/30/1982||"8521 NW 138th Ter"|"Miami Lakes"|FL|33016||Female|8436052770|"No Response"|0||0|0|0|1||0|Rampersaud||||||||"SARS-CoV-2 (COVID-19)"|Antigen|97097-0|"SARS-CoV-2 Ag Upper resp Ql IA.rapid"|"Nasopharyngeal swab"|258500001|04/08/2022|Negative|260385009
2|4244|10D2214779||kiriaze|caroline||06/25/1992||Unknown|Unknown|FL|33314||Female|7863962445|"No Response"|1||0|0|0|0||0|kiriaze||||||||"SARS-CoV-2 (COVID-19)"|Antigen|97097-0|"SARS-CoV-2 Ag Upper resp Ql IA.rapid"|"Nasopharyngeal swab"|258500001|04/08/2022|Negative|260385009
3|4244|10D2214779||Telfair|Kim||12/26/1957||"14423 Boudin Ct"|Manor|FL|78653||Female|5129448473|"No Response"|0||0|0|0|0||0|Telfair||||||||"SARS-CoV-2 (COVID-19)"|Antigen|97097-0|"SARS-CoV-2 Ag Upper resp Ql IA.rapid"|"Nasopharyngeal swab"|258500001|04/08/2022|Negative|260385009
4|4244|10D2214779||Telfair|Wayne||01/31/1953||"14423 Boudin Ct"|Manor|FL|78653||Male|2107182198|"No Response"|0||0|0|0|0||0|Telfair||||||||"SARS-CoV-2 (COVID-19)"|Antigen|97097-0|"SARS-CoV-2 Ag Upper resp Ql IA.rapid"|"Nasopharyngeal swab"|258500001|04/08/2022|Negative|260385009
5|4244|10D2214779||Rampersaud|Dian||11/30/1982||"8521 NW 138th Ter"|"Miami Lakes"|FL|33016||Female|8436052770|"No Response"|0||0|0|0|1||0|Rampersaud||||||||"SARS-CoV-2 (COVID-19)"|Antigen|97097-0|"SARS-CoV-2 Ag Upper resp Ql IA.rapid"|"Nasopharyngeal swab"|258500001|04/08/2022|Negative|260385009
6|4244|10D2214779||Montano|Danny||09/24/1949||"4128 W Palm Aire Dr"|"Pompano Beach"|FL|33069||Male|9549932365|"No Response"|0||0|0|0|1||0|Montano||||||||"SARS-CoV-2 (COVID-19)"|Antigen|97097-0|"SARS-CoV-2 Ag Upper resp Ql IA.rapid"|"Nasopharyngeal swab"|258500001|04/08/2022|Negative|260385009
7|4244|10D2214779||"Enright II"|Dennis||01/19/1971||"60 ford avenue"|oneonta|FL|13820||Male|7747662039|"No Response"|1||0|0|0|0||0|"Enright II"||||||||"SARS-CoV-2 (COVID-19)"|Antigen|97097-0|"SARS-CoV-2 Ag Upper resp Ql IA.rapid"|"Nasopharyngeal swab"|258500001|04/07/2022|Negative|260385009
8|4244|10D2214779||kiriaze|caroline||06/25/1992||"Heaney avenue"|Orlando|FL|32782||Female|7863962445|"No Response"|1||0|0|0|0||0|kiriaze||||||||"SARS-CoV-2 (COVID-19)"|Antigen|97097-0|"SARS-CoV-2 Ag Upper resp Ql IA.rapid"|"Nasopharyngeal swab"|258500001|04/08/2022|Negative|260385009
9|4244|10D2214779||Coughlan|Gerard||05/14/1957||"7389 Universal blvd"|Orlando|FL|32819||Male|9999999999|"No Response"|1||0|0|0|0||0|Coughlan||||||||"SARS-CoV-2 (COVID-19)"|Antigen|97097-0|"SARS-CoV-2 Ag Upper resp Ql IA.rapid"|"Nasopharyngeal swab"|258500001|04/08/2022|Negative|260385009
10|4244|10D2214779||Harder|Brenton||05/23/1963||"411 N New River E, Apt 3702"|"Ft Lauderdale"|FL|33301||Male|9294230428|"No Response"|1||0|0|0|0||0|Harder||||||||"SARS-CoV-2 (COVID-19)"|Antigen|97097-0|"SARS-CoV-2 Ag Upper resp Ql IA.rapid"|"Nasopharyngeal swab"|258500001|04/08/2022|Negative|260385009
11|4244|10D2214779||Harder|Brenton||05/23/1963||"411 N New River E, Apt 3702"|"Ft Lauderdale"|FL|33301||Male|9294230428|"No Response"|1||0|0|0|0||0|Harder||||||||"SARS-CoV-2 (COVID-19)"|Antigen|97097-0|"SARS-CoV-2 Ag Upper resp Ql IA.rapid"|"Nasopharyngeal swab"|258500001|04/08/2022|Negative|260385009
12|4244|10D2214779||Palou|Juliana||08/01/1977||"411 N New River E, Apt 3702"|"Ft Lauderdale"|FL|33301||Female|6466915418|"No Response"|0||0|0|0|0||0|Palou||||||||"SARS-CoV-2 (COVID-19)"|Antigen|97097-0|"SARS-CoV-2 Ag Upper resp Ql IA.rapid"|"Nasopharyngeal swab"|258500001|04/08/2022|Negative|260385009
13|4244|10D2214779||Palou|Juliana||08/01/1977||"411, N New River Drive"|"Fort Lauderdale"|FL|33301||Female|6466915418|"No Response"|0||0|0|0|0||0|Palou||||||||"SARS-CoV-2 (COVID-19)"|Antigen|97097-0|"SARS-CoV-2 Ag Upper resp Ql IA.rapid"|"Nasopharyngeal swab"|258500001|04/08/2022|Negative|260385009
14|4244|10D2214779||Poulsen|Jan||12/18/1972||Unknown|Unknown|FL|99999||Male|+4531124567|"No Response"|1||0|0|0|0||0|Poulsen||||||||"SARS-CoV-2 (COVID-19)"|Antigen|97097-0|"SARS-CoV-2 Ag Upper resp Ql IA.rapid"|"Nasopharyngeal swab"|258500001|04/08/2022|Negative|260385009
15|4244|10D2214779||Harder|Brenton||05/23/1963||"411 N New River Dr E, Apt 3702"|"Ft Lauderdale"|FL|33301||Male|9294230428|"No Response"|1||0|0|0|0||0|Harder||||||||"SARS-CoV-2 (COVID-19)"|Antigen|97097-0|"SARS-CoV-2 Ag Upper resp Ql IA.rapid"|"Nasopharyngeal swab"|258500001|04/08/2022|Negative|260385009
16|4244|10D2214779||Cervenka|Justine||07/21/1972||Unknown|Orlando|FL|32801||Female|9999999999|"No Response"|1||0|0|0|0||0|Cervenka||||||||"SARS-CoV-2 (COVID-19)"|Antigen|97097-0|"SARS-CoV-2 Ag Upper resp Ql IA.rapid"|"Nasopharyngeal swab"|258500001|04/08/2022|Negative|260385009
17|4244|10D2214779||Corbett|Mark||12/01/1963||"3333 NE 32nd Avenue"|"Ft. Lauderdale"|FL|33308||Male|4165781088|"No Response"|1||0|0|0|0||0|Corbett||||||||"SARS-CoV-2 (COVID-19)"|Antigen|97097-0|"SARS-CoV-2 Ag Upper resp Ql IA.rapid"|"Nasopharyngeal swab"|258500001|04/08/2022|Negative|260385009
18|4244|10D2214779||Schnurr|Andrew||05/21/1962||"3333 NE 32nd Avenue"|"Ft. Lauderdale"|FL|33308||Male|9999999999|"No Response"|1||0|0|0|0||0|Schnurr||||||||"SARS-CoV-2 (COVID-19)"|Antigen|97097-0|"SARS-CoV-2 Ag Upper resp Ql IA.rapid"|"Nasopharyngeal swab"|258500001|04/08/2022|Negative|260385009
19|4244|10D2214779||Goodman|Christine||01/01/1970||"270 colonial lane"|"Palm Beach"|FL|33480||Female|5618277302|"No Response"|1||0|0|0|0||0|Goodman||||||||"SARS-CoV-2 (COVID-19)"|PCR|94500-6|"SARS-CoV-2 RNA Resp Ql NAA+probe"|"Nasopharyngeal swab"|258500001|04/08/2022|Positive|10828004
20|4244|10D2214779||Bross|Sharon||10/04/1943||"8202 Quail Meadow Trace"|"West Palm Beach"|FL|33412||Female|5613298150|"No Response"|1||0|0|0|0||0|Bross||||||||"SARS-CoV-2 (COVID-19)"|Antigen|97097-0|"SARS-CoV-2 Ag Upper resp Ql IA.rapid"|"Nasopharyngeal swab"|258500001|04/08/2022|Negative|260385009
21|4244|10D2214779||Rampersaud|Dian||11/30/1982||"8521 NW 138th Ter Unit 1805"|"Miami Lakes"|FL|33016||Female|8436052770|"No Response"|0||0|0|0|1||0|Rampersaud||||||||"SARS-CoV-2 (COVID-19)"|Antigen|97097-0|"SARS-CoV-2 Ag Upper resp Ql IA.rapid"|"Nasopharyngeal swab"|258500001|04/08/2022|Negative|260385009
22|4244|10D2214779||kiriaze|caroline||06/25/1992||Unknown|Unknown|FL|99999||Female|7863962445|"No Response"|1||0|0|0|0||0|kiriaze||||||||"SARS-CoV-2 (COVID-19)"|Antigen|97097-0|"SARS-CoV-2 Ag Upper resp Ql IA.rapid"|"Nasopharyngeal swab"|258500001|04/08/2022|Negative|260385009
23|4244|10D2214779||Sands|Gary||05/30/1990||Unknown|Unknown|FL|99999||Male|2424248208|"No Response"|1||0|0|0|0||0|Sands||||||||"SARS-CoV-2 (COVID-19)"|Antigen|97097-0|"SARS-CoV-2 Ag Upper resp Ql IA.rapid"|"Nasopharyngeal swab"|258500001|04/08/2022|Negative|260385009
24|4244|10D2214779||Bethel|David||11/25/1988||Unknown|Unknown|FL|99999||Male|2423761440|"No Response"|1||0|0|0|0||0|Bethel||||||||"SARS-CoV-2 (COVID-19)"|Antigen|97097-0|"SARS-CoV-2 Ag Upper resp Ql IA.rapid"|"Nasopharyngeal swab"|258500001|04/08/2022|Negative|260385009
25|4244|10D2214779||Palou|Juliana||08/01/1977||"411, N New River Drive"|"Fort Lauderdale"|FL|33301||Female|6466915418|"No Response"|0||0|0|0|0||0|Palou||||||||"SARS-CoV-2 (COVID-19)"|Antigen|97097-0|"SARS-CoV-2 Ag Upper resp Ql IA.rapid"|"Nasopharyngeal swab"|258500001|04/08/2022|Negative|260385009
26|4244|10D2214779||Jeune|"Georges Cherry"||03/20/1976||Unknown|Unknown|FL|99999||Male|7542600904|"No Response"|0||0|0|0|1||0|Jeune||||||||"SARS-CoV-2 (COVID-19)"|Antigen|97097-0|"SARS-CoV-2 Ag Upper resp Ql IA.rapid"|"Nasopharyngeal swab"|258500001|04/08/2022|Negative|260385009
27|4244|10D2214779||Cervenka|Justine||07/21/1972||"125 E Pine St. Unit 1315"|Orlando|FL|32801||Female|9999999999|"No Response"|1||0|0|0|0||0|Cervenka||||||||"SARS-CoV-2 (COVID-19)"|Antigen|97097-0|"SARS-CoV-2 Ag Upper resp Ql IA.rapid"|"Nasopharyngeal swab"|258500001|04/08/2022|Negative|260385009
28|4244|10D2214779||Bross|Sharon||10/04/1943||"8202 QUAIL MEADOW TRACE"|"WEST PALM BEACH"|FL|33412||Female|5613298150|"No Response"|1||0|0|0|0||0|Bross||||||||"SARS-CoV-2 (COVID-19)"|Antigen|97097-0|"SARS-CoV-2 Ag Upper resp Ql IA.rapid"|"Nasopharyngeal swab"|258500001|04/08/2022|Negative|260385009
29|4244|10D2214779||"De Leon"|Alexander||07/07/1960||"5381 Lindero Pl"|"Las Vegas"|FL|89119||Male|7023340410|"No Response"|0||0|1|0|0||0|"De Leon"||||||||"SARS-CoV-2 (COVID-19)"|Antigen|97097-0|"SARS-CoV-2 Ag Upper resp Ql IA.rapid"|"Nasopharyngeal swab"|258500001|04/08/2022|Negative|260385009
30|4244|10D2214779||"De Leon"|Julita||06/19/1958||"5381 Lindero Pl"|"Las Vegas"|FL|89119||Female|7023340410|"No Response"|0||0|1|0|0||0|"De Leon"||||||||"SARS-CoV-2 (COVID-19)"|Antigen|97097-0|"SARS-CoV-2 Ag Upper resp Ql IA.rapid"|"Nasopharyngeal swab"|258500001|04/08/2022|Negative|260385009
31|4244|10D2214779||Kang|Jayoung||11/02/1978||Unknown|Unknown|FL|99999||Female|01092863274|"No Response"|0||0|1|0|0||0|Kang||||||||"SARS-CoV-2 (COVID-19)"|PCR|94500-6|"SARS-CoV-2 RNA Resp Ql NAA+probe"|"Nasopharyngeal swab"|258500001|04/08/2022|Positive|10828004
32|4244|10D2214779||"Enright II"|Dennis||01/19/1971||"1305 Morgan Stanley Avenue Apartment 434"|"Winter Park"|FL|32789||Female|7747662039|"No Response"|1||0|0|0|0||0|"Enright II"||||||||"SARS-CoV-2 (COVID-19)"|Antigen|97097-0|"SARS-CoV-2 Ag Upper resp Ql IA.rapid"|"Nasopharyngeal swab"|258500001|04/07/2022|Negative|260385009
33|4244|10D2214779||donohoo|joseph||10/14/1975||"7 water island"|"st thomas"|FL|00802||Male|3405138246|"No Response"|1||0|0|0|0||0|donohoo||||||||"SARS-CoV-2 (COVID-19)"|Antigen|97097-0|"SARS-CoV-2 Ag Upper resp Ql IA.rapid"|"Nasopharyngeal swab"|258500001|04/08/2022|Negative|260385009
34|4244|10D2214779||Donohoo|April||10/03/1979||"7 water island"|"st thomas"|FL|00802||Female|3406430758|"No Response"|1||0|0|0|0||0|Donohoo||||||||"SARS-CoV-2 (COVID-19)"|Antigen|97097-0|"SARS-CoV-2 Ag Upper resp Ql IA.rapid"|"Nasopharyngeal swab"|258500001|04/08/2022|Negative|260385009
35|4244|10D2214779||Canet|Matias||03/27/1993||"8300 Jamaican Court"|Orlando|FL|32819||Male|9999999999|"No Response"|1||0|0|0|0||0|Canet||||||||"SARS-CoV-2 (COVID-19)"|Antigen|97097-0|"SARS-CoV-2 Ag Upper resp Ql IA.rapid"|"Nasopharyngeal swab"|258500001|04/08/2022|Negative|260385009
36|4244|10D2214779||Vinassa|Paula||07/02/1995||"8300 jamaican court"|Orlando|FL|32819||Female|9999999999|"No Response"|1||0|0|0|0||0|Vinassa||||||||"SARS-CoV-2 (COVID-19)"|Antigen|97097-0|"SARS-CoV-2 Ag Upper resp Ql IA.rapid"|"Nasopharyngeal swab"|258500001|04/08/2022|Negative|260385009
37|4244|10D2214779||Lewis|Shasmin||06/28/1982||"3048 n 25th st"|Philadelphia|FL|19132||Female|2678862441|"No Response"|0||0|0|0|0||0|Lewis||||||||"SARS-CoV-2 (COVID-19)"|Antigen|97097-0|"SARS-CoV-2 Ag Upper resp Ql IA.rapid"|"Nasopharyngeal swab"|258500001|04/08/2022|Negative|260385009
38|4244|10D2214779||Gayle|Garfield||09/30/1987||"605 Nw 17th Ave"|"Pompano Beach"|FL|33069||Male|9547069010|"No Response"|0||0|0|0|0||0|Gayle||||||||"SARS-CoV-2 (COVID-19)"|Antigen|97097-0|"SARS-CoV-2 Ag Upper resp Ql IA.rapid"|"Nasopharyngeal swab"|258500001|04/08/2022|Negative|260385009
39|4244|10D2214779||pothireddy|dheera||03/28/1986||"1953 kateland ct"|Apex|FL|27502||Female|8155088517|"No Response"|0||0|1|0|0||0|pothireddy||||||||"SARS-CoV-2 (COVID-19)"|Antigen|97097-0|"SARS-CoV-2 Ag Upper resp Ql IA.rapid"|"Nasopharyngeal swab"|258500001|04/08/2022|Negative|260385009
40|4244|10D2214779||Coughlan|Gerard||05/14/1957||"605 North Riverside Drive 19, Pompano Beach"|"Ft Lauderdale"|FL|33062||Male|9999999999|"No Response"|1||0|0|0|0||0|Coughlan||||||||"SARS-CoV-2 (COVID-19)"|Antigen|97097-0|"SARS-CoV-2 Ag Upper resp Ql IA.rapid"|"Nasopharyngeal swab"|258500001|04/08/2022|Negative|260385009
41|4244|10D2214779||Coughlan|Elaine||04/13/1955||"605 North Riverside Drive 19, Pompano Beach"|"Ft Lauderdale"|FL|33062||Female|9999999999|"No Response"|1||0|0|0|0||0|Coughlan||||||||"SARS-CoV-2 (COVID-19)"|Antigen|97097-0|"SARS-CoV-2 Ag Upper resp Ql IA.rapid"|"Nasopharyngeal swab"|258500001|04/08/2022|Negative|260385009
42|4244|10D2214779||Booth|Robbie||01/10/1975||Unknown|Unknown|FL|99999||Male|8155292814|"No Response"|1||0|0|0|0||0|Booth||||||||"SARS-CoV-2 (COVID-19)"|Antigen|97097-0|"SARS-CoV-2 Ag Upper resp Ql IA.rapid"|"Nasopharyngeal swab"|258500001|04/08/2022|Negative|260385009
43|4244|10D2214779||Issa|Alan||09/03/1992||"23778 skyline"|"Mission viejo"|FL|92692||Male|5522443755|"No Response"|1||0|0|0|0||0|Issa||||||||"SARS-CoV-2 (COVID-19)"|Antigen|97097-0|"SARS-CoV-2 Ag Upper resp Ql IA.rapid"|"Nasopharyngeal swab"|258500001|04/08/2022|Negative|260385009
44|4244|10D2214779||Hauser|Karen||09/26/1994||"23778 Skyline"|"Mission viejo"|FL|92692||Female|5548117726|"No Response"|1||0|0|0|0||0|Hauser||||||||"SARS-CoV-2 (COVID-19)"|Antigen|97097-0|"SARS-CoV-2 Ag Upper resp Ql IA.rapid"|"Nasopharyngeal swab"|258500001|04/08/2022|Negative|260385009
45|4244|10D2214779||Harvey|Francis||10/29/1942||"8202 Quail Meadow Trace"|"West Palm Beach"|FL|33412||Male|2016474303|"No Response"|1||0|0|0|0||0|Harvey||||||||"SARS-CoV-2 (COVID-19)"|Antigen|97097-0|"SARS-CoV-2 Ag Upper resp Ql IA.rapid"|"Nasopharyngeal swab"|258500001|04/08/2022|Negative|260385009
46|4244|10D2214779||Kettle|Thomas||04/13/1983||"5621 Major Boulevard"|Orlando|FL|32819||Male|9999999999|"No Response"|1||0|0|0|0||0|Kettle||||||||"SARS-CoV-2 (COVID-19)"|Antigen|97097-0|"SARS-CoV-2 Ag Upper resp Ql IA.rapid"|"Nasopharyngeal swab"|258500001|04/08/2022|Negative|260385009
47|4244|10D2214779||Kettle|Jessica||10/09/1984||"5621 Major Boulevard"|Orlando|FL|32819||Female|9999999999|"No Response"|1||0|0|0|0||0|Kettle||||||||"SARS-CoV-2 (COVID-19)"|Antigen|97097-0|"SARS-CoV-2 Ag Upper resp Ql IA.rapid"|"Nasopharyngeal swab"|258500001|04/08/2022|Negative|260385009
48|4244|10D2214779||"Martella Neto"|Carmo||04/16/1967||"43 S Powerline Road - 444"|"Pompano Beach"|FL|33069||Male|9999999999|"No Response"|0||0|0|0|0||0|"Martella Neto"||||||||"SARS-CoV-2 (COVID-19)"|Antigen|97097-0|"SARS-CoV-2 Ag Upper resp Ql IA.rapid"|"Nasopharyngeal swab"|258500001|04/08/2022|Negative|260385009
49|4244|10D2214779||Bross|Sharon||10/04/1943||"8202 Quail Meadow Trace"|"West Palm Beach"|FL|33412||Female|5613298150|"No Response"|1||0|0|0|0||0|Bross||||||||"SARS-CoV-2 (COVID-19)"|Antigen|97097-0|"SARS-CoV-2 Ag Upper resp Ql IA.rapid"|"Nasopharyngeal swab"|258500001|04/08/2022|Negative|260385009
50|4244|10D2214779||Montano|Danny||09/24/1949||"4128 W Palm Aire Dr"|"Pompano Beach"|FL|33069||Male|9549932365|"No Response"|0||0|0|0|1||0|Montano||||||||"SARS-CoV-2 (COVID-19)"|Antigen|97097-0|"SARS-CoV-2 Ag Upper resp Ql IA.rapid"|"Nasopharyngeal swab"|258500001|04/08/2022|Negative|260385009
51|4244|10D2214779||O’Hara|Joanne||12/02/1974||Unknown|Unknown|FL|99999||Female|07709932423|"No Response"|1||0|0|0|0||0|O’Hara||||||||"SARS-CoV-2 (COVID-19)"|Antigen|97097-0|"SARS-CoV-2 Ag Upper resp Ql IA.rapid"|"Nasopharyngeal swab"|258500001|04/08/2022|Negative|260385009
52|4244|10D2214779||O’Hara|Kevan||04/08/1961||Unknown|Unknown|FL|99999||Male|07709932423|"No Response"|1||0|0|0|0||0|O’Hara||||||||"SARS-CoV-2 (COVID-19)"|Antigen|97097-0|"SARS-CoV-2 Ag Upper resp Ql IA.rapid"|"Nasopharyngeal swab"|258500001|04/08/2022|Negative|260385009
53|4244|10D2214779||O’Hara|Kevan||04/08/1961||Unknown|Unknown|FL|99999||Male|07709932423|"No Response"|1||0|0|0|0||0|O’Hara||||||||"SARS-CoV-2 (COVID-19)"|Antigen|97097-0|"SARS-CoV-2 Ag Upper resp Ql IA.rapid"|"Nasopharyngeal swab"|258500001|04/08/2022|Negative|260385009
54|4244|10D2214779||Jones|Chris||10/20/1965||"1763 Tilling Way"|"Stone Mountain"|FL|30087||Male|4046179345|"No Response"|1||0|0|0|0||0|Jones||||||||"SARS-CoV-2 (COVID-19)"|Antigen|97097-0|"SARS-CoV-2 Ag Upper resp Ql IA.rapid"|"Nasopharyngeal swab"|258500001|04/08/2022|Negative|260385009
55|4244|10D2214779||Coombs|Kelly||12/17/1969||Unknown|Unknown|FL|99999||Female|7096831288|"No Response"|1||0|0|0|0||0|Coombs||||||||"SARS-CoV-2 (COVID-19)"|Antigen|97097-0|"SARS-CoV-2 Ag Upper resp Ql IA.rapid"|"Nasopharyngeal swab"|258500001|04/08/2022|Negative|260385009
56|4244|10D2214779||Coombs|Ricky||04/23/1965||Unknown|Unknown|FL|99999||Male|7096831288|"No Response"|1||0|0|0|0||0|Coombs||||||||"SARS-CoV-2 (COVID-19)"|Antigen|97097-0|"SARS-CoV-2 Ag Upper resp Ql IA.rapid"|"Nasopharyngeal swab"|258500001|04/08/2022|Negative|260385009
57|4244|10D2214779||Coombs|Kaleigh||06/20/2007||Unknown|Unknown|FL|99999||Female|7096831288|"No Response"|1||0|0|0|0||0|Coombs||||||||"SARS-CoV-2 (COVID-19)"|Antigen|97097-0|"SARS-CoV-2 Ag Upper resp Ql IA.rapid"|"Nasopharyngeal swab"|258500001|04/08/2022|Negative|260385009
58|4244|10D2214779||Hutcheson|Jason||11/23/1971||"1763 Tilling Way"|"Stone Mountain"|FL|30087||Male|4048690161|"No Response"|1||0|0|0|0||0|Hutcheson||||||||"SARS-CoV-2 (COVID-19)"|Antigen|97097-0|"SARS-CoV-2 Ag Upper resp Ql IA.rapid"|"Nasopharyngeal swab"|258500001|04/08/2022|Negative|260385009
59|4244|10D2214779||Grigor|"James Renton"||12/11/1982||"1 Hotel South Beach, 2341 Collins Ave, Miami Beach, FL 33139"|Miami|FL|33139||Male|+6421820548|"No Response"|1||0|0|0|0||0|Grigor||||||||"SARS-CoV-2 (COVID-19)"|Antigen|97097-0|"SARS-CoV-2 Ag Upper resp Ql IA.rapid"|"Nasopharyngeal swab"|258500001|04/08/2022|Negative|260385009
60|4244|10D2214779||Corbett|Mark||12/01/1963||"3333 NE 32nd Avenue"|"Ft. Lauderdale"|FL|33308||Male|4165781088|"No Response"|1||0|0|0|0||0|Corbett||||||||"SARS-CoV-2 (COVID-19)"|Antigen|97097-0|"SARS-CoV-2 Ag Upper resp Ql IA.rapid"|"Nasopharyngeal swab"|258500001|04/08/2022|Negative|260385009
61|4244|10D2214779||Austin|Lynda||04/10/1950||"4944 w Orlo Bronson memorial highway"|Kissimmee|FL|34746||Female|9999999999|"No Response"|1||0|0|0|0||0|Austin||||||||"SARS-CoV-2 (COVID-19)"|Antigen|97097-0|"SARS-CoV-2 Ag Upper resp Ql IA.rapid"|"Nasopharyngeal swab"|258500001|04/08/2022|Negative|260385009
62|4244|10D2214779||Telfair|Wayne||01/31/1953||"14423 Boudin Court"|Manor|FL|78653||Male|2107182198|"No Response"|0||0|0|0|0||0|Telfair||||||||"SARS-CoV-2 (COVID-19)"|Antigen|97097-0|"SARS-CoV-2 Ag Upper resp Ql IA.rapid"|"Nasopharyngeal swab"|258500001|04/08/2022|Negative|260385009
63|4244|10D2214779||Telfair|Kim||12/26/1957||"14423 Boudin Court"|Manor|FL|78653||Female|5129448473|"No Response"|0||0|0|0|0||0|Telfair||||||||"SARS-CoV-2 (COVID-19)"|Antigen|97097-0|"SARS-CoV-2 Ag Upper resp Ql IA.rapid"|"Nasopharyngeal swab"|258500001|04/08/2022|Negative|260385009
64|4244|10D2214779||Rampersaud|Dian||11/30/1982||"8521 NW 138th Ter Unit 1805"|"Miami Lakes"|FL|33016||Female|8436052770|"No Response"|0||0|0|0|1||0|Rampersaud||||||||"SARS-CoV-2 (COVID-19)"|Antigen|97097-0|"SARS-CoV-2 Ag Upper resp Ql IA.rapid"|"Nasopharyngeal swab"|258500001|04/08/2022|Negative|260385009
65|4244|10D2214779||"De Leon"|Alexander||07/07/1960||"5381 Lindero Pl"|"Las Vegas NV"|FL|89119||Male|7023340410|"No Response"|0||0|1|0|0||0|"De Leon"||||||||"SARS-CoV-2 (COVID-19)"|Antigen|97097-0|"SARS-CoV-2 Ag Upper resp Ql IA.rapid"|"Nasopharyngeal swab"|258500001|04/08/2022|Negative|260385009
66|4244|10D2214779||"De Leon"|Julita||06/19/1958||"5381 Lindero Pl"|"Las Vegas NV"|FL|89119||Female|7023340410|"No Response"|0||0|1|0|0||0|"De Leon"||||||||"SARS-CoV-2 (COVID-19)"|Antigen|97097-0|"SARS-CoV-2 Ag Upper resp Ql IA.rapid"|"Nasopharyngeal swab"|258500001|04/08/2022|Negative|260385009
67|4244|10D2214779||"Sarmento Parrinha"|Carla||07/08/1975||"6565 Collins Ave"|"Miami Beach"|FL|33141||Female|9999999999|"No Response"|1||0|0|0|0||0|"Sarmento Parrinha"||||||||"SARS-CoV-2 (COVID-19)"|Antigen|97097-0|"SARS-CoV-2 Ag Upper resp Ql IA.rapid"|"Nasopharyngeal swab"|258500001|04/08/2022|Negative|260385009
68|4244|10D2214779||Parrinha|Hugo||03/10/1975||"6565 Collins Ave"|"Miami Beach"|FL|33141||Male|9999999999|"No Response"|1||0|0|0|0||0|Parrinha||||||||"SARS-CoV-2 (COVID-19)"|Antigen|97097-0|"SARS-CoV-2 Ag Upper resp Ql IA.rapid"|"Nasopharyngeal swab"|258500001|04/08/2022|Negative|260385009
69|4244|10D2214779||"Sarmento Costa"|"Maria Isabel"||10/20/2005||"6565 Collins Ave"|"Miami Beach"|FL|33141||Female|9999999999|"No Response"|1||0|0|0|0||0|"Sarmento Costa"||||||||"SARS-CoV-2 (COVID-19)"|Antigen|97097-0|"SARS-CoV-2 Ag Upper resp Ql IA.rapid"|"Nasopharyngeal swab"|258500001|04/08/2022|Negative|260385009
70|4244|10D2214779||Burke|Andres||10/03/1988||"5000 Ave of the Stars, Kissimmee, FL 34746"|Kissimmee|FL|34746||Male|7863962445|"No Response"|0||0|0|0|0||0|Burke||||||||"SARS-CoV-2 (COVID-19)"|Antigen|97097-0|"SARS-CoV-2 Ag Upper resp Ql IA.rapid"|"Nasopharyngeal swab"|258500001|04/15/2022|Negative|260385009
71|4244|10D2214779||Harder|Brenton||05/23/1963||"411 N New River Dr E Apt 3702"|"Ft Lauderdsale"|FL|33301||Male|9294230428|"No Response"|1||0|0|0|0||0|Harder||||||||"SARS-CoV-2 (COVID-19)"|Antigen|97097-0|"SARS-CoV-2 Ag Upper resp Ql IA.rapid"|"Nasopharyngeal swab"|258500001|04/08/2022|Negative|260385009
72|4244|10D2214779||Palou|Juliana||08/01/1977||"411 N New River Dr E Apt 3702"|"Ft Lauderdale"|FL|33301||Female|6466915418|"No Response"|0||0|0|0|0||0|Palou||||||||"SARS-CoV-2 (COVID-19)"|Antigen|97097-0|"SARS-CoV-2 Ag Upper resp Ql IA.rapid"|"Nasopharyngeal swab"|258500001|04/08/2022|Negative|260385009
73|4244|10D2214779||Ramdass|Siewnarine||07/04/1955||"2731 NW 26th ST."|"Fort lauderdale"|FL|33311||Male|9547736037|"No Response"|0||0|0|0|1||0|Ramdass||||||||"SARS-CoV-2 (COVID-19)"|Antigen|97097-0|"SARS-CoV-2 Ag Upper resp Ql IA.rapid"|"Nasopharyngeal swab"|258500001|04/08/2022|Negative|260385009
74|4244|10D2214779||Nero|Donna||04/29/1964||"11 Ocean Place"|"Highland Beach"|FL|33487||Female|5615689598|"No Response"|1||0|0|0|0||0|Nero||||||||"SARS-CoV-2 (COVID-19)"|PCR|94500-6|"SARS-CoV-2 RNA Resp Ql NAA+probe"|"Nasopharyngeal swab"|258500001|04/08/2022|Negative|260385009
75|4244|10D2214779||Randle|Destiny||02/04/2001||"8939 Snowtrack Ave"|"Las Vegas"|FL|89149||Female|3097507205|"No Response"|0||0|0|0|0||0|Randle||||||||"SARS-CoV-2 (COVID-19)"|PCR|94500-6|"SARS-CoV-2 RNA Resp Ql NAA+probe"|"Nasopharyngeal swab"|258500001|04/08/2022|Negative|260385009
76|4244|10D2214779||Randle|Destiny||02/04/2001||"8939 Snowtrack Ave"|"Las Vegas"|FL|89149||Female|3097507205|"No Response"|0||0|0|0|0||0|Randle||||||||"SARS-CoV-2 (COVID-19)"|PCR|94500-6|"SARS-CoV-2 RNA Resp Ql NAA+probe"|"Nasopharyngeal swab"|258500001|04/08/2022|Negative|260385009
77|4244|10D2214779||Fellay|Melanie||08/20/1992||"2555 16th St , 511"|Denver|FL|80211||Female|3034759018|"No Response"|1||0|0|0|0||0|Fellay||||||||"SARS-CoV-2 (COVID-19)"|Antigen|97097-0|"SARS-CoV-2 Ag Upper resp Ql IA.rapid"|"Nasopharyngeal swab"|258500001|04/08/2022|Negative|260385009
78|4244|10D2214779||Jensen|"Klaus Moeller"||06/29/1968||"9777 S Las Vegas Blvd"|"Las Vegas"|FL|89183||Male|+4553643730|"No Response"|1||0|0|0|0||0|Jensen||||||||"SARS-CoV-2 (COVID-19)"|Antigen|97097-0|"SARS-CoV-2 Ag Upper resp Ql IA.rapid"|"Nasopharyngeal swab"|258500001|04/08/2022|Negative|260385009
79|4244|10D2214779||"Birk jensen"|Betina||06/16/1967||"9777 S Las Vegas blvd,"|"Las Vegas"|FL|89183||Female|+4529921234|"No Response"|1||0|0|0|0||0|"Birk jensen"||||||||"SARS-CoV-2 (COVID-19)"|Antigen|97097-0|"SARS-CoV-2 Ag Upper resp Ql IA.rapid"|"Nasopharyngeal swab"|258500001|04/08/2022|Negative|260385009
80|4244|10D2214779||Jensen|"Jette Anhalt"||03/10/1968||"9777 S Las Vegas Blvd"|"Las Vegas"|FL|89183||Female|+4553643730|"No Response"|1||0|0|0|0||0|Jensen||||||||"SARS-CoV-2 (COVID-19)"|Antigen|97097-0|"SARS-CoV-2 Ag Upper resp Ql IA.rapid"|"Nasopharyngeal swab"|258500001|04/08/2022|Negative|260385009
81|4244|10D2214779||Poulsen|Jan||12/18/1972||"9777 S Las Vegas blvd"|"Las vegas"|FL|89183||Male|+4531124567|"No Response"|1||0|0|0|0||0|Poulsen||||||||"SARS-CoV-2 (COVID-19)"|Antigen|97097-0|"SARS-CoV-2 Ag Upper resp Ql IA.rapid"|"Nasopharyngeal swab"|258500001|04/08/2022|Negative|260385009
82|4244|10D2214779||Cervenka|Justine||07/21/1972||"125 E Pine St Unit 1315"|Orlando|FL|32801||Female|9999999999|"No Response"|1||0|0|0|0||0|Cervenka||||||||"SARS-CoV-2 (COVID-19)"|Antigen|97097-0|"SARS-CoV-2 Ag Upper resp Ql IA.rapid"|"Nasopharyngeal swab"|258500001|04/08/2022|Negative|260385009
83|4244|10D2214779||Tsimaras|Christopher||04/09/1085||"2600 Hilola Street, Miami, FL, USA"|Miami|FL|33133||Male|6046536043|"No Response"|1||0|0|0|0||0|Tsimaras||||||||"SARS-CoV-2 (COVID-19)"|Antigen|97097-0|"SARS-CoV-2 Ag Upper resp Ql IA.rapid"|"Nasopharyngeal swab"|258500001|04/08/2022|Negative|260385009
84|4244|10D2214779||Tsimara|Jenalee||01/11/1987||"2600 Hilola Street, Miami, FL, USA"|Miami|FL|33133||Female|7789905954|"No Response"|1||0|0|0|0||0|Tsimara||||||||"SARS-CoV-2 (COVID-19)"|Antigen|97097-0|"SARS-CoV-2 Ag Upper resp Ql IA.rapid"|"Nasopharyngeal swab"|258500001|04/08/2022|Negative|260385009
85|4244|10D2214779||Demeter|Csaba||08/29/1989||"Blue Lagoon Drive"|Miami|FL|05101||Male|9999999999|"No Response"|1||0|0|0|0||0|Demeter||||||||"SARS-CoV-2 (COVID-19)"|Antigen|97097-0|"SARS-CoV-2 Ag Upper resp Ql IA.rapid"|"Nasopharyngeal swab"|258500001|04/08/2022|Negative|260385009
86|4244|10D2214779||Kaubek|"Orsolya Andrea"||12/21/1987||"Blue Lagoon Drive"|Miami|FL|05101||Female|9999999999|"No Response"|1||0|0|0|0||0|Kaubek||||||||"SARS-CoV-2 (COVID-19)"|Antigen|97097-0|"SARS-CoV-2 Ag Upper resp Ql IA.rapid"|"Nasopharyngeal swab"|258500001|04/08/2022|Negative|260385009
87|4244|10D2214779||Mcgrath|Michael||11/14/1968||Unknown|Unknown|FL|99999|||5613469610|"No Response"|0||0|0|0|0||1|Mcgrath||||||||"SARS-CoV-2 (COVID-19)"|PCR|94500-6|"SARS-CoV-2 RNA Resp Ql NAA+probe"|"Nasopharyngeal swab"|258500001|04/08/2022|Negative|260385009
88|4244|10D2214779||kiriaze|caroline||06/25/1992||Unknown|Unknown|FL|99999||Female|7863962445|"No Response"|1||0|0|0|0||0|kiriaze||||||||"SARS-CoV-2 (COVID-19)"|Antigen|97097-0|"SARS-CoV-2 Ag Upper resp Ql IA.rapid"|"Nasopharyngeal swab"|258500001|04/08/2022|Negative|260385009
89|4244|10D2214779||Sands|Gary||05/30/1990||Unknown|Unknown|FL|99999||Male|2424248208|"No Response"|1||0|0|0|0||0|Sands||||||||"SARS-CoV-2 (COVID-19)"|Antigen|97097-0|"SARS-CoV-2 Ag Upper resp Ql IA.rapid"|"Nasopharyngeal swab"|258500001|04/08/2022|Negative|260385009
90|4244|10D2214779||Thomas|Zadeea||04/05/1988||"155 e Godfrey ave aptO303"|Philadelphia|FL|19120||Female|9999999999|"No Response"|0||0|0|0|0||0|Thomas||||||||"SARS-CoV-2 (COVID-19)"|Antigen|97097-0|"SARS-CoV-2 Ag Upper resp Ql IA.rapid"|"Nasopharyngeal swab"|258500001|04/08/2022|Negative|260385009
91|4244|10D2214779||Cotton|Derrick||07/03/1988||"6061 wister street"|Philadelphia|FL|19138||Male|4455292555|"No Response"|0||0|0|0|0||0|Cotton||||||||"SARS-CoV-2 (COVID-19)"|Antigen|97097-0|"SARS-CoV-2 Ag Upper resp Ql IA.rapid"|"Nasopharyngeal swab"|258500001|04/08/2022|Negative|260385009
92|4244|10D2214779||Cotton|Derrick||07/03/1988||"6061 wister street"|Philadelphia|FL|19138||Male|4455292555|"No Response"|0||0|0|0|0||0|Cotton||||||||"SARS-CoV-2 (COVID-19)"|Antigen|97097-0|"SARS-CoV-2 Ag Upper resp Ql IA.rapid"|"Nasopharyngeal swab"|258500001|04/08/2022|Negative|260385009
93|4244|10D2214779||Saffold|Garrett||05/31/2000||Unknown|Unknown|FL|99999||Male|3364834895|"No Response"|1||0|0|0|0||0|Saffold||||||||"SARS-CoV-2 (COVID-19)"|Antigen|97097-0|"SARS-CoV-2 Ag Upper resp Ql IA.rapid"|"Nasopharyngeal swab"|258500001|04/08/2022|Negative|260385009
94|4244|10D2214779||Kang|Jayoung||11/02/1978||Unknown|Unknown|FL|99999||Female|01092863274|"No Response"|0||0|1|0|0||0|Kang||||||||"SARS-CoV-2 (COVID-19)"|PCR|94500-6|"SARS-CoV-2 RNA Resp Ql NAA+probe"|"Nasopharyngeal swab"|258500001|04/08/2022|Positive|10828004
95|4244|10D2214779||Bjerke|"Mina Mathilde"||11/25/1995||Unknown|Unknown|FL|99999||Female|+4791573722|"No Response"|1||0|0|0|0||0|Bjerke||||||||"SARS-CoV-2 (COVID-19)"|Antigen|97097-0|"SARS-CoV-2 Ag Upper resp Ql IA.rapid"|"Nasopharyngeal swab"|258500001|04/08/2022|Negative|260385009
96|4244|10D2214779||Kallestad|"Ole Christian"||12/11/1989||Unknown|Unknown|FL|99999||Male|+4747256760|"No Response"|1||0|0|0|0||0|Kallestad||||||||"SARS-CoV-2 (COVID-19)"|Antigen|97097-0|"SARS-CoV-2 Ag Upper resp Ql IA.rapid"|"Nasopharyngeal swab"|258500001|04/08/2022|Negative|260385009
97|4244|10D2214779||Cho|Bumhee||12/08/1974||Unknown|Unknown|FL|99999||Male|01041732835|"No Response"|0||0|1|0|0||0|Cho||||||||"SARS-CoV-2 (COVID-19)"|PCR|94500-6|"SARS-CoV-2 RNA Resp Ql NAA+probe"|"Nasopharyngeal swab"|258500001|04/08/2022|Negative|260385009
98|4244|10D2214779||"Fernandez De Miguel"|Ricardo||07/22/1959||Unknown|Unknown|FL|99999||Male|9999999999|"No Response"|0||0|0|0|0||0|"Fernandez De Miguel"||||||||"SARS-CoV-2 (COVID-19)"|Antigen|97097-0|"SARS-CoV-2 Ag Upper resp Ql IA.rapid"|"Nasopharyngeal swab"|258500001|04/08/2022|Negative|260385009
99|4244|10D2214779||Cho|Yongjun||03/28/2014||Unknown|Unknown|FL|99999||Male|01092863274|"No Response"|0||0|1|0|0||0|Cho||||||||"SARS-CoV-2 (COVID-19)"|PCR|94500-6|"SARS-CoV-2 RNA Resp Ql NAA+probe"|"Nasopharyngeal swab"|258500001|04/08/2022|Negative|260385009
100|4244|10D2214779||"Escalante Bourillon"|"Fabiola Maria Loreto"||09/30/1961||Unknown|Unknown|FL|99999||Female|9999999999|"No Response"|0||0|0|0|0||1|"Escalante Bourillon"||||||||"SARS-CoV-2 (COVID-19)"|Antigen|97097-0|"SARS-CoV-2 Ag Upper resp Ql IA.rapid"|"Nasopharyngeal swab"|258500001|04/08/2022|Negative|260385009
101|4244|10D2214779||Goodman|Christine||01/01/1970||"270 Colonial Lane"|"Palm Beach"|FL|33480||Female|5618277302|"No Response"|1||0|0|0|0||0|Goodman||||||||"SARS-CoV-2 (COVID-19)"|PCR|94500-6|"SARS-CoV-2 RNA Resp Ql NAA+probe"|"Nasopharyngeal swab"|258500001|04/08/2022|Positive|10828004
102|4244|10D2214779||Barrows|Roy||05/07/1953||"5070 n state road 7"|"Fort lauderdale"|FL|33319||Male|9999999999|"No Response"|1||0|0|0|0||0|Barrows||||||||"SARS-CoV-2 (COVID-19)"|Antigen|97097-0|"SARS-CoV-2 Ag Upper resp Ql IA.rapid"|"Nasopharyngeal swab"|258500001|04/08/2022|Negative|260385009
103|4244|10D2214779||Goodman|Oliver||01/01/1970||"270 Colonial Lane"|"Palm Beach"|FL|33480||Male|5618277302|"No Response"|1||0|0|0|0||0|Goodman||||||||"SARS-CoV-2 (COVID-19)"|Antigen|97097-0|"SARS-CoV-2 Ag Upper resp Ql IA.rapid"|"Nasopharyngeal swab"|258500001|04/08/2022|Negative|260385009
104|4244|10D2214779||"Solano Chavez"|Rebeca||08/06/1963||Unknown|Unknown|FL|99999||Female|9999999999|"No Response"|0||0|0|0|0||0|"Solano Chavez"||||||||"SARS-CoV-2 (COVID-19)"|Antigen|97097-0|"SARS-CoV-2 Ag Upper resp Ql IA.rapid"|"Nasopharyngeal swab"|258500001|04/08/2022|Negative|260385009
105|4244|10D2214779||Shenaman|"jaimie Teanne"||01/10/1964||Unknown|laueier|FL|98281||Female|5096906931|"No Response"|0||0|0|0|1||0|Shenaman||||||||"SARS-CoV-2 (COVID-19)"|Antigen|97097-0|"SARS-CoV-2 Ag Upper resp Ql IA.rapid"|"Nasopharyngeal swab"|258500001|04/08/2022|Negative|260385009
106|4244|10D2214779||"Alvarez Elizalde"|Maite||05/30/1986||Unknown|Unknown|FL|99999||Female|9999999999|"No Response"|0||0|0|0|0||0|"Alvarez Elizalde"||||||||"SARS-CoV-2 (COVID-19)"|Antigen|97097-0|"SARS-CoV-2 Ag Upper resp Ql IA.rapid"|"Nasopharyngeal swab"|258500001|04/08/2022|Negative|260385009
107|4244|10D2214779||"Fernandez Escalante"|Paola||09/09/1988||Unknown|Unknown|FL|99999||Female|9999999999|"No Response"|0||0|0|0|0||0|"Fernandez Escalante"||||||||"SARS-CoV-2 (COVID-19)"|Antigen|97097-0|"SARS-CoV-2 Ag Upper resp Ql IA.rapid"|"Nasopharyngeal swab"|258500001|04/08/2022|Negative|260385009
108|4244|10D2214779||Shenaman|"Michael George"||07/12/1951||Unknown|laurier|FL|99146||Male|3607396207|"No Response"|0||0|0|0|1||0|Shenaman||||||||"SARS-CoV-2 (COVID-19)"|Antigen|97097-0|"SARS-CoV-2 Ag Upper resp Ql IA.rapid"|"Nasopharyngeal swab"|258500001|04/08/2022|Negative|260385009
109|4244|10D2214779||Lizna|Alena||04/12/1951||"5070 n state road 7"|"Fort lauderdale"|FL|33319||Female|6047868953|"No Response"|1||0|0|0|0||0|Lizna||||||||"SARS-CoV-2 (COVID-19)"|Antigen|97097-0|"SARS-CoV-2 Ag Upper resp Ql IA.rapid"|"Nasopharyngeal swab"|258500001|04/08/2022|Negative|260385009
110|4244|10D2214779||Feller|Gregory||12/20/1967||"1577 Deerfield Road"|"Water Mill"|FL|11976||Male|9172093072|"No Response"|1||0|0|0|0||0|Feller||||||||"SARS-CoV-2 (COVID-19)"|Antigen|97097-0|"SARS-CoV-2 Ag Upper resp Ql IA.rapid"|"Nasopharyngeal swab"|258500001|04/08/2022|Negative|260385009
111|4244|10D2214779||"Martinez Domingo"|Gema||07/27/1990||Unknown|Unknown|FL|99999||Female|2405067343|"No Response"|0||0|0|0|1||0|"Martinez Domingo"||||||||"SARS-CoV-2 (COVID-19)"|Antigen|97097-0|"SARS-CoV-2 Ag Upper resp Ql IA.rapid"|"Nasopharyngeal swab"|258500001|04/08/2022|Negative|260385009
112|4244|10D2214779||Howard|"charles James"||05/05/1957||Unknown|Unknown|FL|99999||Male|2405067343|"No Response"|0||0|0|0|1||0|Howard||||||||"SARS-CoV-2 (COVID-19)"|Antigen|97097-0|"SARS-CoV-2 Ag Upper resp Ql IA.rapid"|"Nasopharyngeal swab"|258500001|04/08/2022|Negative|260385009
113|4244|10D2214779||Leroux|Logan||04/05/2013||Unknown|Unknown|FL|99999||Male|9059266696|"No Response"|1||0|0|0|0||0|Leroux||||||||"SARS-CoV-2 (COVID-19)"|Antigen|97097-0|"SARS-CoV-2 Ag Upper resp Ql IA.rapid"|"Nasopharyngeal swab"|258500001|04/08/2022|Negative|260385009
114|4244|10D2214779||"Soria Castro"|Miguel||03/05/1987||Unknown|Unknown|FL|99999||Male|2405067343|"No Response"|0||0|0|0|1||0|"Soria Castro"||||||||"SARS-CoV-2 (COVID-19)"|Antigen|97097-0|"SARS-CoV-2 Ag Upper resp Ql IA.rapid"|"Nasopharyngeal swab"|258500001|04/08/2022|Negative|260385009
115|4244|10D2214779||Douglas|Henry||02/01/2017||"Floridays resort"|Orlando|FL|32821||Male|16472801013|"No Response"|1||0|0|0|0||0|Douglas||||||||"SARS-CoV-2 (COVID-19)"|Antigen|97097-0|"SARS-CoV-2 Ag Upper resp Ql IA.rapid"|"Nasopharyngeal swab"|258500001|04/08/2022|Negative|260385009
116|4244|10D2214779||Avnit|Tal||02/18/2010||Unknown|Unknown|FL|99999||Male|7863962445|"No Response"|0||0|0|0|0||1|Avnit||||||||"SARS-CoV-2 (COVID-19)"|Antigen|97097-0|"SARS-CoV-2 Ag Upper resp Ql IA.rapid"|"Nasopharyngeal swab"|258500001|04/08/2022|Negative|260385009
117|4244|10D2214779||Douglas|Adalyn||01/20/2015||"Floridays resort"|Orlando|FL|32821||Female|6472801013|"No Response"|1||0|0|0|0||0|Douglas||||||||"SARS-CoV-2 (COVID-19)"|Antigen|97097-0|"SARS-CoV-2 Ag Upper resp Ql IA.rapid"|"Nasopharyngeal swab"|258500001|04/08/2022|Negative|260385009
118|4244|10D2214779||Avnit|Gull||07/16/2006||Unknown|Unknown|FL|99999||Male|7863962445|"No Response"|0||0|0|0|0||1|Avnit||||||||"SARS-CoV-2 (COVID-19)"|Antigen|97097-0|"SARS-CoV-2 Ag Upper resp Ql IA.rapid"|"Nasopharyngeal swab"|258500001|04/08/2022|Negative|260385009
119|4244|10D2214779||Avnit|Ben||03/13/1998||Unknown|Unknown|FL|99999||Male|7863962445|"No Response"|0||0|0|0|0||1|Avnit||||||||"SARS-CoV-2 (COVID-19)"|Antigen|97097-0|"SARS-CoV-2 Ag Upper resp Ql IA.rapid"|"Nasopharyngeal swab"|258500001|04/08/2022|Negative|260385009
120|4244|10D2214779||Avnit|Bar||06/20/2001||Unknown|Unknown|FL|99999||Female|7863962445|"No Response"|0||0|0|0|0||1|Avnit||||||||"SARS-CoV-2 (COVID-19)"|Antigen|97097-0|"SARS-CoV-2 Ag Upper resp Ql IA.rapid"|"Nasopharyngeal swab"|258500001|04/08/2022|Negative|260385009
121|4244|10D2214779||Mamo|"Maor Avivit"||04/08/1997||Unknown|Unknown|FL|99999||Female|7863962445|"No Response"|0||0|0|0|0||1|Mamo||||||||"SARS-CoV-2 (COVID-19)"|Antigen|97097-0|"SARS-CoV-2 Ag Upper resp Ql IA.rapid"|"Nasopharyngeal swab"|258500001|04/08/2022|Negative|260385009
122|4244|10D2214779||Mamo|"Matar Fraji"||01/20/1999||Unknown|Unknown|FL|99999||Male|7863962445|"No Response"|0||0|0|0|0||1|Mamo||||||||"SARS-CoV-2 (COVID-19)"|Antigen|97097-0|"SARS-CoV-2 Ag Upper resp Ql IA.rapid"|"Nasopharyngeal swab"|258500001|04/08/2022|Negative|260385009
123|4244|10D2214779||Mamo|"Meron Michael"||07/24/2007||Unknown|Unknown|FL|99999||Male|7863962445|"No Response"|0||0|0|0|0||1|Mamo||||||||"SARS-CoV-2 (COVID-19)"|Antigen|97097-0|"SARS-CoV-2 Ag Upper resp Ql IA.rapid"|"Nasopharyngeal swab"|258500001|04/08/2022|Negative|260385009
124|4244|10D2214779||Mamo|Michal||09/12/1973||Unknown|Unknown|FL|99999||Female|7863962445|"No Response"|0||0|0|0|0||1|Mamo||||||||"SARS-CoV-2 (COVID-19)"|Antigen|97097-0|"SARS-CoV-2 Ag Upper resp Ql IA.rapid"|"Nasopharyngeal swab"|258500001|04/08/2022|Negative|260385009
125|4244|10D2214779||Mamo|Meir||12/15/1966||Unknown|Unknown|FL|99999||Male|7863962445|"No Response"|0||0|0|0|0||1|Mamo||||||||"SARS-CoV-2 (COVID-19)"|Antigen|97097-0|"SARS-CoV-2 Ag Upper resp Ql IA.rapid"|"Nasopharyngeal swab"|258500001|04/08/2022|Negative|260385009
126|4244|10D2214779||Mamo|"Morag Moshe"||09/23/2003||Unknown|Unknown|FL|99999||Male|7863962445|"No Response"|0||0|0|0|0||1|Mamo||||||||"SARS-CoV-2 (COVID-19)"|Antigen|97097-0|"SARS-CoV-2 Ag Upper resp Ql IA.rapid"|"Nasopharyngeal swab"|258500001|04/08/2022|Negative|260385009
127|4244|10D2214779||Schnurr|Andrew||05/21/1962||"3333 NE 32nd Avenue"|"Ft. Lauderdale"|FL|33308||Male|9999999999|"No Response"|1||0|0|0|0||0|Schnurr||||||||"SARS-CoV-2 (COVID-19)"|Antigen|97097-0|"SARS-CoV-2 Ag Upper resp Ql IA.rapid"|"Nasopharyngeal swab"|258500001|04/08/2022|Negative|260385009
128|4244|10D2214779||Bethel|David||11/25/1988||"1535 South Perimeter RD"|"Fort Lauderdale"|FL|33309||Male|2423761440|"No Response"|1||0|0|0|0||0|Bethel||||||||"SARS-CoV-2 (COVID-19)"|Antigen|97097-0|"SARS-CoV-2 Ag Upper resp Ql IA.rapid"|"Nasopharyngeal swab"|258500001|04/08/2022|Negative|260385009
129|4244|10D2214779||"A Dailey"|Lynne||09/11/1954||"12 Oxford Rd"|Vassalboro|FL|04989||Female|2073142173|"No Response"|1||0|0|0|0||0|"A Dailey"||||||||"SARS-CoV-2 (COVID-19)"|Antigen|97097-0|"SARS-CoV-2 Ag Upper resp Ql IA.rapid"|"Nasopharyngeal swab"|258500001|04/08/2022|Negative|260385009
130|4244|10D2214779||"Freire Carneiro"|Thalita||07/03/1992||"17851 Lake Azure Way"|"Boca Raton"|FL|33496||Female|9999999999|"No Response"|0||0|0|0|0||0|"Freire Carneiro"||||||||"SARS-CoV-2 (COVID-19)"|Antigen|97097-0|"SARS-CoV-2 Ag Upper resp Ql IA.rapid"|"Nasopharyngeal swab"|258500001|04/08/2022|Negative|260385009
131|4244|10D2214779||"Lucena Junior"|Gaudencio||08/06/1983||"17851 Lake Azure Way"|"Boca raton"|FL|33496||Male|9999999999|"No Response"|0||0|0|0|0||0|"Lucena Junior"||||||||"SARS-CoV-2 (COVID-19)"|Antigen|97097-0|"SARS-CoV-2 Ag Upper resp Ql IA.rapid"|"Nasopharyngeal swab"|258500001|04/08/2022|Negative|260385009
132|4244|10D2214779||Araya|Manuel||01/16/1972||"80 East Harmon Av NV 89109 (Hilton Elara)"|"Las Vegas"|FL|99999||Male|9999999999|"No Response"|0||0|0|0|0||0|Araya||||||||"SARS-CoV-2 (COVID-19)"|PCR|94500-6|"SARS-CoV-2 RNA Resp Ql NAA+probe"|"Nasopharyngeal swab"|258500001|04/08/2022|Negative|260385009
133|4244|10D2214779||Daniel-Selvaratnam|Dileeni||12/27/1975||"SLS Lux Hotel"|Miami|FL|33131||Female|9999999999|"No Response"|0||0|0|0|1||0|Daniel-Selvaratnam||||||||"SARS-CoV-2 (COVID-19)"|Antigen|97097-0|"SARS-CoV-2 Ag Upper resp Ql IA.rapid"|"Nasopharyngeal swab"|258500001|04/08/2022|Negative|260385009
134|4244|10D2214779||"Isasi Olmedo"|"Bertha Bibiana"||12/02/1995||"2670 White Mountain highway"|"North Conway"|FL|03860||Female|6033078409|"No Response"|0||0|0|0|0||0|"Isasi Olmedo"||||||||"SARS-CoV-2 (COVID-19)"|Antigen|97097-0|"SARS-CoV-2 Ag Upper resp Ql IA.rapid"|"Nasopharyngeal swab"|258500001|04/08/2022|Negative|260385009
135|4244|10D2214779||"Fernandez escalante"|"Ricardo antonio"||12/18/1986||Unknown|"Mexico city"|FL|01030||Male|5510428488|"No Response"|1||0|0|0|0||0|"Fernandez escalante"||||||||"SARS-CoV-2 (COVID-19)"|Antigen|97097-0|"SARS-CoV-2 Ag Upper resp Ql IA.rapid"|"Nasopharyngeal swab"|258500001|04/08/2022|Negative|260385009
136|4244|10D2214779||"Muñoz  Garces"|Manuel||12/05/1986||Unknown|Unknown|FL|99999||Male|9999999999|"No Response"|0||0|0|0|0||0|"Muñoz  Garces"||||||||"SARS-CoV-2 (COVID-19)"|Antigen|97097-0|"SARS-CoV-2 Ag Upper resp Ql IA.rapid"|"Nasopharyngeal swab"|258500001|04/08/2022|Negative|260385009
137|4244|10D2214779||Gaddarkhan|"Roland Jean"||12/28/1966||Unknown|Unknown|FL|99999||Male|9999999999|"No Response"|0||0|0|0|0||1|Gaddarkhan||||||||"SARS-CoV-2 (COVID-19)"|Antigen|97097-0|"SARS-CoV-2 Ag Upper resp Ql IA.rapid"|"Nasopharyngeal swab"|258500001|04/08/2022|Negative|260385009
138|4244|10D2214779||Gaddarkhann|"Melissa Nathalie"||08/30/1992||Unknown|Unknown|FL|99999||Female|9999999999|"No Response"|0||0|0|0|0||1|Gaddarkhann||||||||"SARS-CoV-2 (COVID-19)"|Antigen|97097-0|"SARS-CoV-2 Ag Upper resp Ql IA.rapid"|"Nasopharyngeal swab"|258500001|04/08/2022|Negative|260385009
139|4244|10D2214779||Armougon|"Amandine Julie"||11/19/2001||Unknown|Unknown|FL|99999||Female|9999999999|"No Response"|0||0|0|0|0||1|Armougon||||||||"SARS-CoV-2 (COVID-19)"|Antigen|97097-0|"SARS-CoV-2 Ag Upper resp Ql IA.rapid"|"Nasopharyngeal swab"|258500001|04/08/2022|Negative|260385009
140|4244|10D2214779||Armougon|"Amandine Julie"||11/19/2001||Unknown|Unknown|FL|99999||Female|9999999999|"No Response"|0||0|0|0|0||1|Armougon||||||||"SARS-CoV-2 (COVID-19)"|Antigen|97097-0|"SARS-CoV-2 Ag Upper resp Ql IA.rapid"|"Nasopharyngeal swab"|258500001|04/08/2022|Negative|260385009
141|4244|10D2214779||"Fernandez Escalante"|Regina||04/28/1992||Unknown|Unknown|FL|99999||Female|7863962445|"No Response"|0||0|0|0|0||1|"Fernandez Escalante"||||||||"SARS-CoV-2 (COVID-19)"|Antigen|97097-0|"SARS-CoV-2 Ag Upper resp Ql IA.rapid"|"Nasopharyngeal swab"|258500001|04/08/2022|Negative|260385009
142|4244|10D2214779||"Gonzalez Noriega"|Sergio||03/18/1992||Unknown|Unknown|FL|99999||Male|7863962445|"No Response"|0||0|0|0|0||1|"Gonzalez Noriega"||||||||"SARS-CoV-2 (COVID-19)"|Antigen|97097-0|"SARS-CoV-2 Ag Upper resp Ql IA.rapid"|"Nasopharyngeal swab"|258500001|04/08/2022|Negative|260385009
143|4244|10D2214779||Mcsheehy|Shane||05/26/1976||Unknown|Unknown|FL|99999||Male|7604683613|"No Response"|0||0|0|0|1||0|Mcsheehy||||||||"SARS-CoV-2 (COVID-19)"|Antigen|97097-0|"SARS-CoV-2 Ag Upper resp Ql IA.rapid"|"Nasopharyngeal swab"|258500001|04/08/2022|Negative|260385009
144|4244|10D2214779||Mcsheehy|Shane||05/26/1976||Unknown|Unknown|FL|99999||Male|7604683613|"No Response"|0||0|0|0|1||0|Mcsheehy||||||||"SARS-CoV-2 (COVID-19)"|PCR|94500-6|"SARS-CoV-2 RNA Resp Ql NAA+probe"|"Nasopharyngeal swab"|258500001|04/08/2022|Negative|260385009
145|4244|10D2214779||"Burgos Juárez"|Carlos||07/13/1974||"7110 S. Kirckman Rd"|"Orlando FL"|FL|32819||Male|9999999999|"No Response"|0||0|0|0|0||0|"Burgos Juárez"||||||||"SARS-CoV-2 (COVID-19)"|Antigen|97097-0|"SARS-CoV-2 Ag Upper resp Ql IA.rapid"|"Nasopharyngeal swab"|258500001|04/08/2022|Negative|260385009
146|4244|10D2214779||Williams|Emmanuelle||09/14/1980||Unknown|Unknown|FL|99999||Female|2026074905|"No Response"|0||0|0|0|0||0|Williams||||||||"SARS-CoV-2 (COVID-19)"|Antigen|97097-0|"SARS-CoV-2 Ag Upper resp Ql IA.rapid"|"Nasopharyngeal swab"|258500001|04/08/2022|Negative|260385009
147|4244|10D2214779||"Burgos Juárez"|Alondra||10/10/2016||"7110 S. Kirkman Road"|"Orlando FL"|FL|32819||Female|9999999999|"No Response"|0||0|0|0|0||0|"Burgos Juárez"||||||||"SARS-CoV-2 (COVID-19)"|Antigen|97097-0|"SARS-CoV-2 Ag Upper resp Ql IA.rapid"|"Nasopharyngeal swab"|258500001|04/08/2022|Negative|260385009
148|4244|10D2214779||"Delgado Bello"|"Enrique Luis"||06/12/1974||"7110 S. Kirkman Road"|"Orlando FL"|FL|32819||Male|9999999999|"No Response"|0||0|0|0|0||0|"Delgado Bello"||||||||"SARS-CoV-2 (COVID-19)"|Antigen|97097-0|"SARS-CoV-2 Ag Upper resp Ql IA.rapid"|"Nasopharyngeal swab"|258500001|04/08/2022|Negative|260385009
149|4244|10D2214779||Mcclanahan|"Wiliam Clinton"||12/27/1960||Unknown|Unknown|FL|99999||Male|9999999999|"No Response"|0||0|0|0|0||1|Mcclanahan||||||||"SARS-CoV-2 (COVID-19)"|Antigen|97097-0|"SARS-CoV-2 Ag Upper resp Ql IA.rapid"|"Nasopharyngeal swab"|258500001|04/08/2022|Negative|260385009
150|4244|10D2214779||"Mc Clanahan"|"Joanne Denise"||12/03/1961||Unknown|Unknown|FL|99999||Female|9162165375|"No Response"|0||0|0|0|0||1|"Mc Clanahan"||||||||"SARS-CoV-2 (COVID-19)"|Antigen|97097-0|"SARS-CoV-2 Ag Upper resp Ql IA.rapid"|"Nasopharyngeal swab"|258500001|04/08/2022|Negative|260385009
151|4244|10D2214779||Kononen|"Veera Fanny Anneli"||10/06/1998||Unknown|Unknown|FL|99999||Female|9999999999|"No Response"|0||0|0|0|0||1|Kononen||||||||"SARS-CoV-2 (COVID-19)"|Antigen|97097-0|"SARS-CoV-2 Ag Upper resp Ql IA.rapid"|"Nasopharyngeal swab"|258500001|04/08/2022|Negative|260385009
152|4244|10D2214779||Suominen|"Mikael harri elmeri"||02/09/1998||Unknown|Unknown|FL|99999||Male|9999999999|"No Response"|0||0|0|0|0||1|Suominen||||||||"SARS-CoV-2 (COVID-19)"|Antigen|97097-0|"SARS-CoV-2 Ag Upper resp Ql IA.rapid"|"Nasopharyngeal swab"|258500001|04/08/2022|Negative|260385009
153|4244|10D2214779||Swaby-Samuels|Maureen||04/08/1959||"3613 Pelock Dr"|Apopka|FL|32703||Female|8046159270|"No Response"|0||0|0|0|0||0|Swaby-Samuels||||||||"SARS-CoV-2 (COVID-19)"|Antigen|97097-0|"SARS-CoV-2 Ag Upper resp Ql IA.rapid"|"Nasopharyngeal swab"|258500001|04/08/2022|Negative|260385009
154|4244|10D2214779||"Saint germain"|Taina||06/23/2002||Unknown|Unknown|FL|99999||Female|3219882067|"No Response"|0||0|0|0|0||1|"Saint germain"||||||||"SARS-CoV-2 (COVID-19)"|Antigen|97097-0|"SARS-CoV-2 Ag Upper resp Ql IA.rapid"|"Nasopharyngeal swab"|258500001|04/08/2022|Negative|260385009
155|4244|10D2214779||Canet|Matias||03/27/1993||"8300 Jamaican Court"|Orlando|FL|32819||Male|9999999999|"No Response"|1||0|0|0|0||0|Canet||||||||"SARS-CoV-2 (COVID-19)"|Antigen|97097-0|"SARS-CoV-2 Ag Upper resp Ql IA.rapid"|"Nasopharyngeal swab"|258500001|04/08/2022|Negative|260385009
156|4244|10D2214779||Vinassa|Paula||07/02/1995||"8300 jamaican court"|Orlando|FL|32819||Female|9999999999|"No Response"|1||0|0|0|0||0|Vinassa||||||||"SARS-CoV-2 (COVID-19)"|Antigen|97097-0|"SARS-CoV-2 Ag Upper resp Ql IA.rapid"|"Nasopharyngeal swab"|258500001|04/08/2022|Negative|260385009
157|4244|10D2214779||Ramdass|Siewnarine||07/04/1955||"2731 nw 27 street"|"Fort lauderdale"|FL|33311||Male|9547736037|"No Response"|0||0|0|0|1||0|Ramdass||||||||"SARS-CoV-2 (COVID-19)"|Antigen|97097-0|"SARS-CoV-2 Ag Upper resp Ql IA.rapid"|"Nasopharyngeal swab"|258500001|04/08/2022|Negative|260385009
158|4244|10D2214779||Kettle|Thomas||04/13/1983||"960 Collins Avenue"|"Miami Beach"|FL|33139||Male|9999999999|"No Response"|1||0|0|0|0||0|Kettle||||||||"SARS-CoV-2 (COVID-19)"|Antigen|97097-0|"SARS-CoV-2 Ag Upper resp Ql IA.rapid"|"Nasopharyngeal swab"|258500001|04/08/2022|Negative|260385009
159|4244|10D2214779||Kettle|Jessica||10/09/1984||"960 Collins Avenue"|"Miami Beach"|FL|33139||Female|9999999999|"No Response"|1||0|0|0|0||0|Kettle||||||||"SARS-CoV-2 (COVID-19)"|Antigen|97097-0|"SARS-CoV-2 Ag Upper resp Ql IA.rapid"|"Nasopharyngeal swab"|258500001|04/08/2022|Negative|260385009
160|4244|10D2214779||Bethel|David||11/25/1988||"1535 South perimeter rd"|"Fort Lauderdale"|FL|33309||Male|2423761440|"No Response"|1||0|0|0|0||0|Bethel||||||||"SARS-CoV-2 (COVID-19)"|Antigen|97097-0|"SARS-CoV-2 Ag Upper resp Ql IA.rapid"|"Nasopharyngeal swab"|258500001|04/08/2022|Negative|260385009
