RecordID|FacilityID|CLIAID|PatientID|LastName|FirstName|MiddleName|DOB|SSN|StreetAddress|City|State|Zip|County|Gender|PhoneNumber|Ethnicity|RaceWhite|RaceBlack|RaceAmericanIndianAlaskanNative|RaceAsian|RaceNativeHawaiianOrOtherPacificIslander|RaceOther|RaceUnknown|RaceNoResponse|ProviderName|NPI|Pregnant|SchoolAssociation|SchoolName|MeetILIDefinition|PerformingLab|AccessionNumber|Pathogen|TestType|LOINC|LOINCShortName|SpecimenCollectionType|SpecimenSNOMED|SpecimenCollectedDate|Result|ResultSNOMED
1|4244|10D2214779||Carbone|Patrick||01/01/1970||Unknown|"8432 pine cay"|FL|33411||Male|4166786447|"No Response"|1||0|0|0|0||0|Carbone||||||||"SARS-CoV-2 (COVID-19)"|Antigen|97097-0|"SARS-CoV-2 Ag Upper resp Ql IA.rapid"|"Nasopharyngeal swab"|258500001|04/20/2022|Negative|260385009
2|4244|10D2214779||Carbone|Vanda||01/01/1970||"8432 pine cay"|"West Palm Beach"|FL|33411||Female|4166786447|"No Response"|1||0|0|0|0||0|Carbone||||||||"SARS-CoV-2 (COVID-19)"|Antigen|97097-0|"SARS-CoV-2 Ag Upper resp Ql IA.rapid"|"Nasopharyngeal swab"|258500001|04/20/2022|Negative|260385009
3|4244|10D2214779||Carbone|Vanda||01/01/1970||"8432 pine cay"|"West palm beach"|FL|33411||Female|4166786447|"No Response"|1||0|0|0|0||0|Carbone||||||||"SARS-CoV-2 (COVID-19)"|Antigen|97097-0|"SARS-CoV-2 Ag Upper resp Ql IA.rapid"|"Nasopharyngeal swab"|258500001|04/20/2022|Negative|260385009
4|4244|10D2214779||Bonet|Nelson||07/06/1964||"5007 Cavelletti Rd"|"Lake Worth"|FL|33467||Male|7869708062|"No Response"|0||0|0|0|1||0|Bonet||||||||"SARS-CoV-2 (COVID-19)"|PCR|94500-6|"SARS-CoV-2 RNA Resp Ql NAA+probe"|"Nasopharyngeal swab"|258500001|04/20/2022|Negative|260385009
5|4244|10D2214779||Bonet|Maria||11/16/1958||"5007 Cavelletti Rd"|"Lake Worth"|FL|33467||Female|5614039643|"No Response"|0||0|0|0|1||0|Bonet||||||||"SARS-CoV-2 (COVID-19)"|PCR|94500-6|"SARS-CoV-2 RNA Resp Ql NAA+probe"|"Nasopharyngeal swab"|258500001|04/20/2022|Negative|260385009
6|4244|10D2214779||Carbone|Patrick||01/01/1970||"8432 pine cay"|"West palm beach"|FL|33411||Male|4166786447|"No Response"|1||0|0|0|0||0|Carbone||||||||"SARS-CoV-2 (COVID-19)"|Antigen|97097-0|"SARS-CoV-2 Ag Upper resp Ql IA.rapid"|"Nasopharyngeal swab"|258500001|04/20/2022|Negative|260385009
7|4244|10D2214779||Carbone|Vanda||01/01/1970||"8432 pine cay"|"West palm beach"|FL|33411||Female|4166786447|"No Response"|1||0|0|0|0||0|Carbone||||||||"SARS-CoV-2 (COVID-19)"|Antigen|97097-0|"SARS-CoV-2 Ag Upper resp Ql IA.rapid"|"Nasopharyngeal swab"|258500001|04/20/2022|Negative|260385009
8|4244|10D2214779||Koprowski|James||01/16/1985||"244 sw lake forest way"|"Port Saint Lucie"|FL|34986||Male|7166289493|"No Response"|1||0|0|0|0||0|Koprowski||||||||"SARS-CoV-2 (COVID-19)"|Antigen|97097-0|"SARS-CoV-2 Ag Upper resp Ql IA.rapid"|"Nasopharyngeal swab"|258500001|04/20/2022|Negative|260385009
9|4244|10D2214779||Noel-Newton|Pauline||06/14/1970||"4021 Venetian Bay Dr. Apt 107"|Kissimmee|FL|34741||Female|4079079253|"No Response"|0||0|0|0|0||0|Noel-Newton||||||||"SARS-CoV-2 (COVID-19)"|Antigen|97097-0|"SARS-CoV-2 Ag Upper resp Ql IA.rapid"|"Nasopharyngeal swab"|258500001|04/20/2022|Negative|260385009
10|4244|10D2214779||Newton|Hayden||06/17/1965||"4021 Venetian Bay Dr. , Apt. 107"|Kissimmee|FL|34741||Male|4079079253|"No Response"|0||0|0|0|0||0|Newton||||||||"SARS-CoV-2 (COVID-19)"|Antigen|97097-0|"SARS-CoV-2 Ag Upper resp Ql IA.rapid"|"Nasopharyngeal swab"|258500001|04/20/2022|Negative|260385009
11|4244|10D2214779||Kappel-Czocher|Kelly||03/21/1974||"3300 NW 65 Street"|"Fort Lauderdale"|FL|33309||Female|9542349729|"No Response"|1||0|0|0|0||0|Kappel-Czocher||||||||"SARS-CoV-2 (COVID-19)"|Antigen|97097-0|"SARS-CoV-2 Ag Upper resp Ql IA.rapid"|"Nasopharyngeal swab"|258500001|04/20/2022|Negative|260385009
12|4244|10D2214779||Rietema|Phillip||06/03/1981||"20396 Fallingwater Circle"|"Frankfort, IL"|FL|60423||Male|6166331997|"No Response"|1||0|0|0|0||0|Rietema||||||||"SARS-CoV-2 (COVID-19)"|Antigen|97097-0|"SARS-CoV-2 Ag Upper resp Ql IA.rapid"|"Nasopharyngeal swab"|258500001|04/20/2022|Negative|260385009
13|4244|10D2214779||Rietema|Kristen||05/20/1982||"20396 Fallingwater Circle"|"Frankfort, IL"|FL|60423||Female|6166331997|"No Response"|1||0|0|0|0||0|Rietema||||||||"SARS-CoV-2 (COVID-19)"|Antigen|97097-0|"SARS-CoV-2 Ag Upper resp Ql IA.rapid"|"Nasopharyngeal swab"|258500001|04/20/2022|Negative|260385009
14|4244|10D2214779||Rietema|Katherine||12/20/2012||"20396 Fallingwater Circle"|"Frankfort, IL"|FL|60423||Female|6166331997|"No Response"|1||0|0|0|0||0|Rietema||||||||"SARS-CoV-2 (COVID-19)"|Antigen|97097-0|"SARS-CoV-2 Ag Upper resp Ql IA.rapid"|"Nasopharyngeal swab"|258500001|04/20/2022|Negative|260385009
15|4244|10D2214779||Rietema|Grace||05/10/2014||"20396 Fallingwater Circle"|"Frankfort, IL"|FL|60423||Female|6166331997|"No Response"|1||0|0|0|0||0|Rietema||||||||"SARS-CoV-2 (COVID-19)"|Antigen|97097-0|"SARS-CoV-2 Ag Upper resp Ql IA.rapid"|"Nasopharyngeal swab"|258500001|04/20/2022|Negative|260385009
16|4244|10D2214779||Rietema|Rachel||05/20/2016||"20396 Fallingwater Circle"|"Frankfort, IL"|FL|60423||Female|6166331997|"No Response"|1||0|0|0|0||0|Rietema||||||||"SARS-CoV-2 (COVID-19)"|Antigen|97097-0|"SARS-CoV-2 Ag Upper resp Ql IA.rapid"|"Nasopharyngeal swab"|258500001|04/20/2022|Negative|260385009
17|4244|10D2214779||Perdomo|Iris||02/07/1981||"976 s Kirkman rd"|Orlando|FL|32811||Female|4079553404|"No Response"|0||0|0|0|0||0|Perdomo||||||||"SARS-CoV-2 (COVID-19)"|Antigen|97097-0|"SARS-CoV-2 Ag Upper resp Ql IA.rapid"|"Nasopharyngeal swab"|258500001|04/20/2022|Negative|260385009
18|4244|10D2214779||Perdomo|Elvin||04/12/1982||"973 s Kirkman rd"|Orlando|FL|32811||Male|4079553404|"No Response"|0||0|0|0|0||0|Perdomo||||||||"SARS-CoV-2 (COVID-19)"|Antigen|97097-0|"SARS-CoV-2 Ag Upper resp Ql IA.rapid"|"Nasopharyngeal swab"|258500001|04/20/2022|Negative|260385009
19|4244|10D2214779||Almeida|Sara||10/25/1997||Unknown|Unknown|FL|99999||Female|7863962445|"No Response"|0||0|0|0|1||0|Almeida||||||||"SARS-CoV-2 (COVID-19)"|Antigen|97097-0|"SARS-CoV-2 Ag Upper resp Ql IA.rapid"|"Nasopharyngeal swab"|258500001|04/20/2022|Negative|260385009
20|4244|10D2214779||Lopez|Lindsay||04/14/1977||"191 Commodore Dr"|Jupiter|FL|33477||Female|3453230414|"No Response"|1||0|0|0|0||0|Lopez||||||||"SARS-CoV-2 (COVID-19)"|Antigen|97097-0|"SARS-CoV-2 Ag Upper resp Ql IA.rapid"|"Nasopharyngeal swab"|258500001|04/20/2022|Negative|260385009
21|4244|10D2214779||Koprowski|James||01/16/1985||"244 SW Lake Forest Way"|"Port Saint Lucie"|FL|34986||Male|7166289493|"No Response"|1||0|0|0|0||0|Koprowski||||||||"SARS-CoV-2 (COVID-19)"|Antigen|97097-0|"SARS-CoV-2 Ag Upper resp Ql IA.rapid"|"Nasopharyngeal swab"|258500001|04/20/2022|Negative|260385009
22|4244|10D2214779||Koprowski|James||01/16/1985||"244 SW Lake Forest Way"|"Port Saint Lucie"|FL|34986||Male|7166289493|"No Response"|1||0|0|0|0||0|Koprowski||||||||"SARS-CoV-2 (COVID-19)"|Antigen|97097-0|"SARS-CoV-2 Ag Upper resp Ql IA.rapid"|"Nasopharyngeal swab"|258500001|04/20/2022|Negative|260385009
23|4244|10D2214779||Moorman|Eric||07/11/1983||Unknown|Unknown|FL|99999||Male|7863962445|"No Response"|0||0|0|0|1||0|Moorman||||||||"SARS-CoV-2 (COVID-19)"|Antigen|97097-0|"SARS-CoV-2 Ag Upper resp Ql IA.rapid"|"Nasopharyngeal swab"|258500001|04/20/2022|Negative|260385009
24|4244|10D2214779||Moorman|Eric||07/11/1983||Unknown|Unknown|FL|99999||Male|7863962445|"No Response"|0||0|0|0|1||0|Moorman||||||||"SARS-CoV-2 (COVID-19)"|Antigen|97097-0|"SARS-CoV-2 Ag Upper resp Ql IA.rapid"|"Nasopharyngeal swab"|258500001|04/20/2022|Negative|260385009
25|4244|10D2214779||Kennedy|Erika||03/19/1981||"1045 Main St"|Hingham|FL|02043||Female|7818123296|"No Response"|1||0|0|0|0||0|Kennedy||||||||"SARS-CoV-2 (COVID-19)"|PCR|94500-6|"SARS-CoV-2 RNA Resp Ql NAA+probe"|"Nasopharyngeal swab"|258500001|04/19/2022|Negative|260385009
26|4244|10D2214779||Kennedy|Sean||01/29/1981||"1045 Main St"|Hingham|FL|02043||Male|7818123296|"No Response"|1||0|0|0|0||0|Kennedy||||||||"SARS-CoV-2 (COVID-19)"|PCR|94500-6|"SARS-CoV-2 RNA Resp Ql NAA+probe"|"Nasopharyngeal swab"|258500001|04/19/2022|Negative|260385009
27|4244|10D2214779||Ramsingh|Robert||08/19/1980||"625 Main Street"|Windermere|FL|34786||Male|7866080747|"No Response"|0||0|0|0|1||0|Ramsingh||||||||"SARS-CoV-2 (COVID-19)"|Antigen|97097-0|"SARS-CoV-2 Ag Upper resp Ql IA.rapid"|"Nasopharyngeal swab"|258500001|04/20/2022|Negative|260385009
28|4244|10D2214779||Orsi|Frank||06/14/1960||"6000 Island Blvd. suite 1205"|Aventura|FL|33160||Male|8472266774|"No Response"|1||0|0|0|0||0|Orsi||||||||"SARS-CoV-2 (COVID-19)"|Antigen|97097-0|"SARS-CoV-2 Ag Upper resp Ql IA.rapid"|"Nasopharyngeal swab"|258500001|04/20/2022|Negative|260385009
29|4244|10D2214779||Carbone|Patrick||01/01/1970||Unknown|Unknown|FL|99999||Male|4166786447|"No Response"|1||0|0|0|0||0|Carbone||||||||"SARS-CoV-2 (COVID-19)"|Antigen|97097-0|"SARS-CoV-2 Ag Upper resp Ql IA.rapid"|"Nasopharyngeal swab"|258500001|04/20/2022|Negative|260385009
30|4244|10D2214779||Carbone|Vanda||01/01/1970||Unknown|Unknown|FL|99999||Female|4166786447|"No Response"|1||0|0|0|0||0|Carbone||||||||"SARS-CoV-2 (COVID-19)"|Antigen|97097-0|"SARS-CoV-2 Ag Upper resp Ql IA.rapid"|"Nasopharyngeal swab"|258500001|04/20/2022|Negative|260385009
31|4244|10D2214779||Ivankovich|Steven||02/14/1970||"791 Crandon Boulevard"|Miami|FL|33149||Male|9999999999|"No Response"|1||0|0|0|0||0|Ivankovich||||||||"SARS-CoV-2 (COVID-19)"|Antigen|97097-0|"SARS-CoV-2 Ag Upper resp Ql IA.rapid"|"Nasopharyngeal swab"|258500001|04/20/2022|Negative|260385009
32|4244|10D2214779||"Von der Fecht"|Thorveig||09/28/2003||"6428 W Sample Rd"|"Coral Springs"|FL|33067||Male|5613446621|"No Response"|1||0|0|0|0||0|"Von der Fecht"||||||||"SARS-CoV-2 (COVID-19)"|Antigen|97097-0|"SARS-CoV-2 Ag Upper resp Ql IA.rapid"|"Nasopharyngeal swab"|258500001|04/20/2022|Negative|260385009
33|4244|10D2214779||Wiechmann|Jakob||03/22/2004||"6428 W Sample Road"|"Coral Springs"|FL|33067||Male|5613346621|"No Response"|1||0|0|0|0||0|Wiechmann||||||||"SARS-CoV-2 (COVID-19)"|Antigen|97097-0|"SARS-CoV-2 Ag Upper resp Ql IA.rapid"|"Nasopharyngeal swab"|258500001|04/20/2022|Negative|260385009
34|4244|10D2214779||Wurtenberger|"Angela Sue"||08/18/1978||"4446 Silversmith Lane"|Independence|FL|41051||Female|8598022770|"No Response"|1||0|0|0|0||0|Wurtenberger||||||||"SARS-CoV-2 (COVID-19)"|Antigen|97097-0|"SARS-CoV-2 Ag Upper resp Ql IA.rapid"|"Nasopharyngeal swab"|258500001|04/20/2022|Negative|260385009
35|4244|10D2214779||Carvalho|Michael||10/20/1984||"8004 forest blvd"|"North lauderdale"|FL|33068||Male|9999999999|"No Response"|0||0|0|0|1||0|Carvalho||||||||"SARS-CoV-2 (COVID-19)"|Antigen|97097-0|"SARS-CoV-2 Ag Upper resp Ql IA.rapid"|"Nasopharyngeal swab"|258500001|04/20/2022|Negative|260385009
36|4244|10D2214779||Cesari|Gianmaria||09/10/1975||"100 S. Pointe drive #2302"|"Miami beach"|FL|33139||Male|9173275944|"No Response"|1||0|0|0|0||0|Cesari||||||||"SARS-CoV-2 (COVID-19)"|Antigen|97097-0|"SARS-CoV-2 Ag Upper resp Ql IA.rapid"|"Nasopharyngeal swab"|258500001|04/20/2022|Negative|260385009
37|4244|10D2214779||Fiori|Chiara||09/30/1974||"100 S. Pointe deive #2302"|"Miami Beach"|FL|33139||Female|9173275944|"No Response"|1||0|0|0|0||0|Fiori||||||||"SARS-CoV-2 (COVID-19)"|Antigen|97097-0|"SARS-CoV-2 Ag Upper resp Ql IA.rapid"|"Nasopharyngeal swab"|258500001|04/20/2022|Negative|260385009
38|4244|10D2214779||Cesari|Giacomo||11/18/2011||"100 S. Pointe drive #2302"|"Miami beach"|FL|33139||Male|9173275944|"No Response"|1||0|0|0|0||0|Cesari||||||||"SARS-CoV-2 (COVID-19)"|Antigen|97097-0|"SARS-CoV-2 Ag Upper resp Ql IA.rapid"|"Nasopharyngeal swab"|258500001|04/20/2022|Negative|260385009
39|4244|10D2214779||Cesari|Giorgi||08/05/2015||"100 s. Pointe drive #2302"|"Miami beach"|FL|33139||Male|9173275944|"No Response"|1||0|0|0|0||0|Cesari||||||||"SARS-CoV-2 (COVID-19)"|Antigen|97097-0|"SARS-CoV-2 Ag Upper resp Ql IA.rapid"|"Nasopharyngeal swab"|258500001|04/20/2022|Negative|260385009
40|4244|10D2214779||Saviola|Camillo||04/23/1974||"Loews Hotel Miami Beach"|Mantova|FL|46100||Male|9999999999|"No Response"|1||0|0|0|0||0|Saviola||||||||"SARS-CoV-2 (COVID-19)"|Antigen|97097-0|"SARS-CoV-2 Ag Upper resp Ql IA.rapid"|"Nasopharyngeal swab"|258500001|04/20/2022|Negative|260385009
41|4244|10D2214779||Saviola|Agata||03/28/2013||"Loews Hotel Miami Beach"|Milan|FL|20121||Male|9999999999|"No Response"|1||0|0|0|0||0|Saviola||||||||"SARS-CoV-2 (COVID-19)"|Antigen|97097-0|"SARS-CoV-2 Ag Upper resp Ql IA.rapid"|"Nasopharyngeal swab"|258500001|04/20/2022|Negative|260385009
42|4244|10D2214779||Saviola|Mariasofia||10/08/2010||"Loews Hotel Miami Beach"|Milan|FL|20121||Female|9999999999|"No Response"|1||0|0|0|0||0|Saviola||||||||"SARS-CoV-2 (COVID-19)"|Antigen|97097-0|"SARS-CoV-2 Ag Upper resp Ql IA.rapid"|"Nasopharyngeal swab"|258500001|04/20/2022|Negative|260385009
43|4244|10D2214779||Benetti|Sue||12/15/1976||"Loews Hotel Miami Beach"|Milan|FL|20121||Female|7863962445|"No Response"|1||0|0|0|0||0|Benetti||||||||"SARS-CoV-2 (COVID-19)"|Antigen|97097-0|"SARS-CoV-2 Ag Upper resp Ql IA.rapid"|"Nasopharyngeal swab"|258500001|04/20/2022|Negative|260385009
44|4244|10D2214779||Maccarrone|Gianfranco||01/01/1970||"50 S. Pointe Drive"|Miami|FL|33139||Male|9999999999|"No Response"|0||0|0|0|0||0|Maccarrone||||||||"SARS-CoV-2 (COVID-19)"|Antigen|97097-0|"SARS-CoV-2 Ag Upper resp Ql IA.rapid"|"Nasopharyngeal swab"|258500001|04/20/2022|Negative|260385009
45|4244|10D2214779||"van Glaanen Weygel"|Gregory||02/01/1972||"520 SE 5th Ave"|"Fort Lauderdale"|FL|33301||Male|9999999999|"No Response"|0||0|0|0|1||0|"van Glaanen Weygel"||||||||"SARS-CoV-2 (COVID-19)"|Antigen|97097-0|"SARS-CoV-2 Ag Upper resp Ql IA.rapid"|"Nasopharyngeal swab"|258500001|04/20/2022|Negative|260385009
46|4244|10D2214779||Koprowski|James||01/16/1985||"244 SW lake forest way"|"Port Saint Lucie"|FL|34986||Male|7166289493|"No Response"|1||0|0|0|0||0|Koprowski||||||||"SARS-CoV-2 (COVID-19)"|Antigen|97097-0|"SARS-CoV-2 Ag Upper resp Ql IA.rapid"|"Nasopharyngeal swab"|258500001|04/20/2022|Negative|260385009
47|4244|10D2214779||Saddler|Bryan||09/28/1987||"1416 Huddersfield Drive"|Smyrna|FL|37167||Male|6157677863|"No Response"|1||0|0|0|0||0|Saddler||||||||"SARS-CoV-2 (COVID-19)"|Antigen|97097-0|"SARS-CoV-2 Ag Upper resp Ql IA.rapid"|"Nasopharyngeal swab"|258500001|04/20/2022|Negative|260385009
48|4244|10D2214779||Saddler|Sara||11/28/1983||"1416 Huddersfield Drive"|Smyrna|FL|37167||Female|7314337099|"No Response"|1||0|0|0|0||0|Saddler||||||||"SARS-CoV-2 (COVID-19)"|Antigen|97097-0|"SARS-CoV-2 Ag Upper resp Ql IA.rapid"|"Nasopharyngeal swab"|258500001|04/20/2022|Negative|260385009
49|4244|10D2214779||Marx|Donald||01/29/1965||"2933 Seaboard Road"|"Virginia Beach"|FL|23456||Male|7575138095|"No Response"|1||0|0|0|0||0|Marx||||||||"SARS-CoV-2 (COVID-19)"|Antigen|97097-0|"SARS-CoV-2 Ag Upper resp Ql IA.rapid"|"Nasopharyngeal swab"|258500001|04/20/2022|Negative|260385009
50|4244|10D2214779||Maccarrone|Leonardo||01/01/1970||"50 S. Point Drive"|Miami|FL|33139||Male|9999999999|"No Response"|0||0|0|0|0||0|Maccarrone||||||||"SARS-CoV-2 (COVID-19)"|Antigen|97097-0|"SARS-CoV-2 Ag Upper resp Ql IA.rapid"|"Nasopharyngeal swab"|258500001|04/20/2022|Negative|260385009
51|4244|10D2214779||Corradi|Cristiana||01/01/1970||"50 S. Point Drive"|Miami|FL|33139||Female|9999999999|"No Response"|0||0|0|0|0||0|Corradi||||||||"SARS-CoV-2 (COVID-19)"|Antigen|97097-0|"SARS-CoV-2 Ag Upper resp Ql IA.rapid"|"Nasopharyngeal swab"|258500001|04/20/2022|Negative|260385009
52|4244|10D2214779||Lopez|Navy||12/31/2014||"191 Commodore Dr"|Jupiter|FL|33477||Female|3453230414|"No Response"|1||0|0|0|0||0|Lopez||||||||"SARS-CoV-2 (COVID-19)"|Antigen|97097-0|"SARS-CoV-2 Ag Upper resp Ql IA.rapid"|"Nasopharyngeal swab"|258500001|04/20/2022|Negative|260385009
53|4244|10D2214779||Lopez|Lindsay||04/14/1977||"191 Commodore Dr"|Jupiter|FL|33477||Female|3453230414|"No Response"|1||0|0|0|0||0|Lopez||||||||"SARS-CoV-2 (COVID-19)"|Antigen|97097-0|"SARS-CoV-2 Ag Upper resp Ql IA.rapid"|"Nasopharyngeal swab"|258500001|04/20/2022|Negative|260385009
54|4244|10D2214779||Lopez|Dixie||04/21/2017||"191 Commodore Dr"|Jupiter|FL|33477||Female|9999999999|"No Response"|1||0|0|0|0||0|Lopez||||||||"SARS-CoV-2 (COVID-19)"|Antigen|97097-0|"SARS-CoV-2 Ag Upper resp Ql IA.rapid"|"Nasopharyngeal swab"|258500001|04/20/2022|Negative|260385009
55|4244|10D2214779||Lopez|Dane||05/21/2019||"191 Commodore Dr"|Jupiter|FL|33477||Male|3453230414|"No Response"|1||0|0|0|0||0|Lopez||||||||"SARS-CoV-2 (COVID-19)"|Antigen|97097-0|"SARS-CoV-2 Ag Upper resp Ql IA.rapid"|"Nasopharyngeal swab"|258500001|04/20/2022|Negative|260385009
56|4244|10D2214779||Hashemi|Amir||01/07/1960||"29227 55th AVE S"|Auburn|FL|98001||Male|2536705178|"No Response"|1||0|0|0|0||0|Hashemi||||||||"SARS-CoV-2 (COVID-19)"|Antigen|97097-0|"SARS-CoV-2 Ag Upper resp Ql IA.rapid"|"Nasopharyngeal swab"|258500001|04/20/2022|Negative|260385009
57|4244|10D2214779||Hashemi|Susan||01/16/1960||"29227 55th AVE S"|Auburn|FL|98001||Female|2533349076|"No Response"|1||0|0|0|0||0|Hashemi||||||||"SARS-CoV-2 (COVID-19)"|Antigen|97097-0|"SARS-CoV-2 Ag Upper resp Ql IA.rapid"|"Nasopharyngeal swab"|258500001|04/20/2022|Negative|260385009
58|4244|10D2214779||Newton|Hayden||06/17/1965||"4021 Venetian Bay Dr, Apt 107"|Kissimmee|FL|34741||Male|4079079253|"No Response"|0||0|0|0|0||0|Newton||||||||"SARS-CoV-2 (COVID-19)"|Antigen|97097-0|"SARS-CoV-2 Ag Upper resp Ql IA.rapid"|"Nasopharyngeal swab"|258500001|04/20/2022|Negative|260385009
59|4244|10D2214779||Noel-Newton|Pauline||06/14/1970||"4021 Venetian Bay Dr, Apt 107"|Kissimmee|FL|34741||Female|4079079253|"No Response"|0||0|0|0|0||0|Noel-Newton||||||||"SARS-CoV-2 (COVID-19)"|Antigen|97097-0|"SARS-CoV-2 Ag Upper resp Ql IA.rapid"|"Nasopharyngeal swab"|258500001|04/20/2022|Negative|260385009
60|4244|10D2214779||Izzo|Lila||10/01/1978||"2341 Collins Ave"|"Miami Beach"|FL|33139||Female|9999999999|"No Response"|1||0|0|0|0||0|Izzo||||||||"SARS-CoV-2 (COVID-19)"|Antigen|97097-0|"SARS-CoV-2 Ag Upper resp Ql IA.rapid"|"Nasopharyngeal swab"|258500001|04/20/2022|Negative|260385009
61|4244|10D2214779||Izzo|Mario||06/10/1970||"2341 Collins Ave"|"Miami Beach"|FL|33139||Male|9999999999|"No Response"|1||0|0|0|0||0|Izzo||||||||"SARS-CoV-2 (COVID-19)"|Antigen|97097-0|"SARS-CoV-2 Ag Upper resp Ql IA.rapid"|"Nasopharyngeal swab"|258500001|04/20/2022|Negative|260385009
62|4244|10D2214779||Izzo|Romeo||07/06/2011||"2341 Collins Ave"|"Miami Beach"|FL|33139||Male|9999999999|"No Response"|1||0|0|0|0||0|Izzo||||||||"SARS-CoV-2 (COVID-19)"|Antigen|97097-0|"SARS-CoV-2 Ag Upper resp Ql IA.rapid"|"Nasopharyngeal swab"|258500001|04/20/2022|Negative|260385009
63|4244|10D2214779||Izzo|Gabriele||03/03/2015||"2341 Collins Ave"|"Miami Beach"|FL|33139||Male|9999999999|"No Response"|1||0|0|0|0||0|Izzo||||||||"SARS-CoV-2 (COVID-19)"|Antigen|97097-0|"SARS-CoV-2 Ag Upper resp Ql IA.rapid"|"Nasopharyngeal swab"|258500001|04/20/2022|Negative|260385009
64|4244|10D2214779||Maxilom|"Maria Luisa"||01/22/1975||"2693 Vikings Cove Ln"|"Las Vegas"|FL|89117||Female|9999999999|"No Response"|0||0|1|0|0||0|Maxilom||||||||"SARS-CoV-2 (COVID-19)"|PCR|94500-6|"SARS-CoV-2 RNA Resp Ql NAA+probe"|"Nasopharyngeal swab"|258500001|04/20/2022|Negative|260385009
65|4244|10D2214779||Santos|Nelma||12/20/1954||"631 Woods Landing Drive"|Minneola|FL|34715||Female|7863962445|"No Response"|0||0|0|0|0||0|Santos||||||||"SARS-CoV-2 (COVID-19)"|Antigen|97097-0|"SARS-CoV-2 Ag Upper resp Ql IA.rapid"|"Nasopharyngeal swab"|258500001|04/20/2022|Negative|260385009
66|4244|10D2214779||Van|Thanh||12/03/1974||"4320 camrose ln"|"West palm beach"|FL|33417||Male|9548055550|"No Response"|0||0|1|0|0||0|Van||||||||"SARS-CoV-2 (COVID-19)"|Antigen|97097-0|"SARS-CoV-2 Ag Upper resp Ql IA.rapid"|"Nasopharyngeal swab"|258500001|04/20/2022|Negative|260385009
67|4244|10D2214779||Van|Kha||06/10/1978||"4320 camrose ln"|"West palm beach"|FL|33417||Female|9548055550|"No Response"|0||0|1|0|0||0|Van||||||||"SARS-CoV-2 (COVID-19)"|Antigen|97097-0|"SARS-CoV-2 Ag Upper resp Ql IA.rapid"|"Nasopharyngeal swab"|258500001|04/20/2022|Negative|260385009
68|4244|10D2214779||Almeida|Sara||10/25/1997||Unknown|Unknown|FL|99999||Female|7863962445|"No Response"|0||0|0|0|1||0|Almeida||||||||"SARS-CoV-2 (COVID-19)"|Antigen|97097-0|"SARS-CoV-2 Ag Upper resp Ql IA.rapid"|"Nasopharyngeal swab"|258500001|04/20/2022|Negative|260385009
69|4244|10D2214779||Perdomo|Elvin||04/12/1982||"973 s kirkman rd  41"|Orlando|FL|32811||Male|4079553404|"No Response"|0||0|0|0|0||0|Perdomo||||||||"SARS-CoV-2 (COVID-19)"|Antigen|97097-0|"SARS-CoV-2 Ag Upper resp Ql IA.rapid"|"Nasopharyngeal swab"|258500001|04/20/2022|Negative|260385009
70|4244|10D2214779||Perdomo|Iris||02/07/1981||"973 s kirkman rd"|Orlando|FL|32812||Female|4079553404|"No Response"|0||0|0|0|0||0|Perdomo||||||||"SARS-CoV-2 (COVID-19)"|Antigen|97097-0|"SARS-CoV-2 Ag Upper resp Ql IA.rapid"|"Nasopharyngeal swab"|258500001|04/20/2022|Negative|260385009
71|4244|10D2214779||Leslie|Jaron||07/16/1979||"7600 Sandy Ridge Drive, Building A, Unit #104"|Kissimmee|FL|34747||Male|3459228207|"No Response"|0||0|0|0|1||0|Leslie||||||||"SARS-CoV-2 (COVID-19)"|Antigen|97097-0|"SARS-CoV-2 Ag Upper resp Ql IA.rapid"|"Nasopharyngeal swab"|258500001|04/20/2022|Negative|260385009
72|4244|10D2214779||Bodden|Melissa||09/22/1977||"7600 Sandy Ridge Drive, Building A, Unit #104"|Kissimmee|FL|34747||Female|3459228207|"No Response"|1||0|0|0|0||0|Bodden||||||||"SARS-CoV-2 (COVID-19)"|Antigen|97097-0|"SARS-CoV-2 Ag Upper resp Ql IA.rapid"|"Nasopharyngeal swab"|258500001|04/20/2022|Negative|260385009
73|4244|10D2214779||Leslie|Destyn||10/22/2004||"7600 Sandy Ridge Drive, Building A, Unit #104"|Kissimmee|FL|34747||Male|3459228207|"No Response"|0||0|0|0|1||0|Leslie||||||||"SARS-CoV-2 (COVID-19)"|Antigen|97097-0|"SARS-CoV-2 Ag Upper resp Ql IA.rapid"|"Nasopharyngeal swab"|258500001|04/20/2022|Negative|260385009
74|4244|10D2214779||Bodden|Alyssa||04/07/2004||"7600 Sandy Ridge Drive, Building A, Unit #104"|Kissimmee|FL|34747||Female|3459228207|"No Response"|0||0|0|0|1||0|Bodden||||||||"SARS-CoV-2 (COVID-19)"|Antigen|97097-0|"SARS-CoV-2 Ag Upper resp Ql IA.rapid"|"Nasopharyngeal swab"|258500001|04/20/2022|Negative|260385009
75|4244|10D2214779||Kappel-Czocher|Kelly||03/21/1974||"3300 NW 65 Street"|"Fort Lauderdale"|FL|33309||Female|9542349729|"No Response"|1||0|0|0|0||0|Kappel-Czocher||||||||"SARS-CoV-2 (COVID-19)"|Antigen|97097-0|"SARS-CoV-2 Ag Upper resp Ql IA.rapid"|"Nasopharyngeal swab"|258500001|04/20/2022|Negative|260385009
76|4244|10D2214779||Vanicek|"William Joe"||10/03/1939||Unknown|Unknown|FL|99999||Male|8178051018|"No Response"|0||0|0|0|0||1|Vanicek||||||||"SARS-CoV-2 (COVID-19)"|Antigen|97097-0|"SARS-CoV-2 Ag Upper resp Ql IA.rapid"|"Nasopharyngeal swab"|258500001|04/20/2022|Negative|260385009
77|4244|10D2214779||Siegel|"Ricky S"||06/22/1957||"6750 Congress Ave #610"|"Boca Raton"|FL|33487||Male|5613020599|"No Response"|1||0|0|0|0||0|Siegel||||||||"SARS-CoV-2 (COVID-19)"|Antigen|97097-0|"SARS-CoV-2 Ag Upper resp Ql IA.rapid"|"Nasopharyngeal swab"|258500001|04/20/2022|Negative|260385009
78|4244|10D2214779||Ulvert|Marcelo||01/17/1971||"1100 West Ave"|"Miami Beach"|FL|33139||Male|9999999999|"No Response"|1||0|0|0|0||0|Ulvert||||||||"SARS-CoV-2 (COVID-19)"|Antigen|97097-0|"SARS-CoV-2 Ag Upper resp Ql IA.rapid"|"Nasopharyngeal swab"|258500001|04/20/2022|Negative|260385009
79|4244|10D2214779||Loneragan|Amy||04/07/1973||"1100 West Avenue"|Miami|FL|33113||Female|9999999999|"No Response"|1||0|0|0|0||0|Loneragan||||||||"SARS-CoV-2 (COVID-19)"|Antigen|97097-0|"SARS-CoV-2 Ag Upper resp Ql IA.rapid"|"Nasopharyngeal swab"|258500001|04/20/2022|Negative|260385009
80|4244|10D2214779||"Zonari Larsen"|Oliver||11/04/1996||Unknown|Unknown|FL|99999||Male|3058330813|"No Response"|1||0|0|0|0||0|"Zonari Larsen"||||||||"SARS-CoV-2 (COVID-19)"|Antigen|97097-0|"SARS-CoV-2 Ag Upper resp Ql IA.rapid"|"Nasopharyngeal swab"|258500001|04/20/2022|Negative|260385009
81|4244|10D2214779||Brumond|Jeannette||08/15/1974||"8312 sw Marin drive"|Stuart|FL|34997||Female|9175193602|"No Response"|0||0|0|0|0||0|Brumond||||||||"SARS-CoV-2 (COVID-19)"|Antigen|97097-0|"SARS-CoV-2 Ag Upper resp Ql IA.rapid"|"Nasopharyngeal swab"|258500001|04/20/2022|Negative|260385009
82|4244|10D2214779||Brumond|Jeannette||08/15/1974||"8312 sw Marin drive"|Stuart|FL|34997||Female|9175193602|"No Response"|0||0|0|0|0||0|Brumond||||||||"SARS-CoV-2 (COVID-19)"|Antigen|97097-0|"SARS-CoV-2 Ag Upper resp Ql IA.rapid"|"Nasopharyngeal swab"|258500001|04/20/2022|Negative|260385009
83|4244|10D2214779||Russell|Faith||09/18/2005||"146 rutland blvd."|"west palm beach"|FL|33405||Female|9548123913|"No Response"|1||0|0|0|0||0|Russell||||||||"SARS-CoV-2 (COVID-19)"|Antigen|97097-0|"SARS-CoV-2 Ag Upper resp Ql IA.rapid"|"Nasopharyngeal swab"|258500001|04/20/2022|Negative|260385009
84|4244|10D2214779||"MC NEIL"|GREGORY||08/26/1980||"111 SE 9TH CT"|"POMPANO BEACH"|FL|33060||Male|3056883527|"No Response"|1||0|0|0|0||0|"MC NEIL"||||||||"SARS-CoV-2 (COVID-19)"|Antigen|97097-0|"SARS-CoV-2 Ag Upper resp Ql IA.rapid"|"Nasopharyngeal swab"|258500001|04/20/2022|Negative|260385009
85|4244|10D2214779||Maharaj|Samdaye||04/02/1936||"146 Colly Way"|"North Lauderdale"|FL|33068||Female|9546488201|"No Response"|0||0|0|0|1||0|Maharaj||||||||"SARS-CoV-2 (COVID-19)"|Antigen|97097-0|"SARS-CoV-2 Ag Upper resp Ql IA.rapid"|"Nasopharyngeal swab"|258500001|04/20/2022|Negative|260385009
86|4244|10D2214779||Menda|Milan||08/03/2014||Unknown|Unknown|FL|99999||Male|5144491721|"No Response"|0||0|0|0|0||1|Menda||||||||"SARS-CoV-2 (COVID-19)"|Antigen|97097-0|"SARS-CoV-2 Ag Upper resp Ql IA.rapid"|"Nasopharyngeal swab"|258500001|04/20/2022|Negative|260385009
87|4244|10D2214779||Rivera|Fahren||09/20/1992||"2025 Common way"|Orlando|FL|32814||Female|4074913560|"No Response"|1||0|0|0|0||0|Rivera||||||||"SARS-CoV-2 (COVID-19)"|PCR|94500-6|"SARS-CoV-2 RNA Resp Ql NAA+probe"|"Nasopharyngeal swab"|258500001|04/20/2022|Negative|260385009
88|4244|10D2214779||Rentfrow|Kathryn||06/19/1990||Unknown|Unknown|FL|99999||Female|4077385076|"No Response"|1||0|0|0|0||0|Rentfrow||||||||"SARS-CoV-2 (COVID-19)"|Antigen|97097-0|"SARS-CoV-2 Ag Upper resp Ql IA.rapid"|"Nasopharyngeal swab"|258500001|04/20/2022|Negative|260385009
89|4244|10D2214779||Gonzalez|Katherine||12/21/1983||Unknown|Unknown|FL|99999||Female|7863962445|"No Response"|0||0|0|0|1||0|Gonzalez||||||||"SARS-CoV-2 (COVID-19)"|PCR|94500-6|"SARS-CoV-2 RNA Resp Ql NAA+probe"|"Nasopharyngeal swab"|258500001|04/20/2022|Negative|260385009
90|4244|10D2214779||Zlatanoff|Beatriz||09/09/1970||"651 NE 6th Ave"|"Boynton Beach"|FL|33435||Female|9544964995|"No Response"|0||0|0|0|0||0|Zlatanoff||||||||"SARS-CoV-2 (COVID-19)"|Antigen|97097-0|"SARS-CoV-2 Ag Upper resp Ql IA.rapid"|"Nasopharyngeal swab"|258500001|04/20/2022|Negative|260385009
91|4244|10D2214779||Thomas|Joel||01/06/1981||"2025 Common way"|Orlando|FL|32814||Male|4074913560|"No Response"|1||0|0|0|0||0|Thomas||||||||"SARS-CoV-2 (COVID-19)"|PCR|94500-6|"SARS-CoV-2 RNA Resp Ql NAA+probe"|"Nasopharyngeal swab"|258500001|04/20/2022|Negative|260385009
92|4244|10D2214779||Reifer|Shenelle||02/08/1994||"4301 NW 18th st"|Lauderhill|FL|33020||Female|17865197024|"No Response"|0||0|0|0|0||0|Reifer||||||||"SARS-CoV-2 (COVID-19)"|Antigen|97097-0|"SARS-CoV-2 Ag Upper resp Ql IA.rapid"|"Nasopharyngeal swab"|258500001|04/20/2022|Negative|260385009
93|4244|10D2214779||Bonet|Maria||11/16/1958||"5007 CAVELLETTI RD"|"LAKE WORTH"|FL|33467||Female|5614039643|"No Response"|0||0|0|0|0||0|Bonet||||||||"SARS-CoV-2 (COVID-19)"|PCR|94500-6|"SARS-CoV-2 RNA Resp Ql NAA+probe"|"Nasopharyngeal swab"|258500001|04/20/2022|Negative|260385009
94|4244|10D2214779||Bonet|Nelson||07/06/1964||"5007 Cavelletti Rd"|"Lake Worth"|FL|33467||Male|7869708062|"No Response"|0||0|0|0|0||0|Bonet||||||||"SARS-CoV-2 (COVID-19)"|PCR|94500-6|"SARS-CoV-2 RNA Resp Ql NAA+probe"|"Nasopharyngeal swab"|258500001|04/20/2022|Negative|260385009
95|4244|10D2214779||Davis|Kaley||10/25/1993||"135 Mi Rancho Road"|Davenport|FL|33837||Female|7138708465|"No Response"|1||0|0|0|0||0|Davis||||||||"SARS-CoV-2 (COVID-19)"|Antigen|97097-0|"SARS-CoV-2 Ag Upper resp Ql IA.rapid"|"Nasopharyngeal swab"|258500001|04/20/2022|Negative|260385009
96|4244|10D2214779||Chaiton|"Jonathan Allan"||02/27/1957||"1641 W beaver St"|Jacksonville|FL|32209||Male|9548507126|"No Response"|1||0|0|0|0||0|Chaiton||||||||"SARS-CoV-2 (COVID-19)"|Antigen|97097-0|"SARS-CoV-2 Ag Upper resp Ql IA.rapid"|"Nasopharyngeal swab"|258500001|04/20/2022|Negative|260385009
97|4244|10D2214779||Moorman|Eric||07/11/1983||Unknown|Unknown|FL|99999||Male|7863962445|"No Response"|0||0|0|0|1||0|Moorman||||||||"SARS-CoV-2 (COVID-19)"|Antigen|97097-0|"SARS-CoV-2 Ag Upper resp Ql IA.rapid"|"Nasopharyngeal swab"|258500001|04/20/2022|Negative|260385009
98|4244|10D2214779||Miller|Samantha||10/27/1995||"5905 International Drive"|Orlando|FL|33162||Female|2428157298|"No Response"|0||0|0|0|0||0|Miller||||||||"SARS-CoV-2 (COVID-19)"|Antigen|97097-0|"SARS-CoV-2 Ag Upper resp Ql IA.rapid"|"Nasopharyngeal swab"|258500001|04/20/2022|Positive|10828004
99|4244|10D2214779||Rietema|Phillip||06/03/1981||"20396 Fallingwater Circle"|Frankfort|FL|60423||Male|6166331997|"No Response"|1||0|0|0|0||0|Rietema||||||||"SARS-CoV-2 (COVID-19)"|Antigen|97097-0|"SARS-CoV-2 Ag Upper resp Ql IA.rapid"|"Nasopharyngeal swab"|258500001|04/20/2022|Negative|260385009
100|4244|10D2214779||Rietema|Kristen||05/20/1982||"20396 Fallingwater Circle"|Frankfort|FL|60423||Female|6166331997|"No Response"|1||0|0|0|0||0|Rietema||||||||"SARS-CoV-2 (COVID-19)"|Antigen|97097-0|"SARS-CoV-2 Ag Upper resp Ql IA.rapid"|"Nasopharyngeal swab"|258500001|04/20/2022|Negative|260385009
101|4244|10D2214779||Rietema|Katherine||12/20/2012||"20396 Fallingwater Circle"|Frankfort|FL|60423||Female|6166331997|"No Response"|1||0|0|0|0||0|Rietema||||||||"SARS-CoV-2 (COVID-19)"|Antigen|97097-0|"SARS-CoV-2 Ag Upper resp Ql IA.rapid"|"Nasopharyngeal swab"|258500001|04/20/2022|Negative|260385009
102|4244|10D2214779||Rietema|Grace||05/10/2014||"20396 Fallingwater Circle"|Frankfort|FL|60423||Female|6166331997|"No Response"|1||0|0|0|0||0|Rietema||||||||"SARS-CoV-2 (COVID-19)"|Antigen|97097-0|"SARS-CoV-2 Ag Upper resp Ql IA.rapid"|"Nasopharyngeal swab"|258500001|04/20/2022|Negative|260385009
103|4244|10D2214779||Rietema|Rachel||05/20/2016||"20396 Fallingwater Circle"|Frankfort|FL|60423||Female|6166331997|"No Response"|1||0|0|0|0||0|Rietema||||||||"SARS-CoV-2 (COVID-19)"|Antigen|97097-0|"SARS-CoV-2 Ag Upper resp Ql IA.rapid"|"Nasopharyngeal swab"|258500001|04/20/2022|Negative|260385009
104|4244|10D2214779||"Rietema Jr"|Phillip||07/23/2018||"20396 Fallingwater Circle"|Frankfort|FL|60423||Male|6166331997|"No Response"|1||0|0|0|0||0|"Rietema Jr"||||||||"SARS-CoV-2 (COVID-19)"|Antigen|97097-0|"SARS-CoV-2 Ag Upper resp Ql IA.rapid"|"Nasopharyngeal swab"|258500001|04/20/2022|Negative|260385009
105|4244|10D2214779||"Bonillas Lizarraga"|"Alfonso Arturo"||01/04/1980||"1741 N 56th Ave"|Hollywood|FL|33021||Male|5203672544|"No Response"|0||0|0|0|0||0|"Bonillas Lizarraga"||||||||"SARS-CoV-2 (COVID-19)"|Antigen|97097-0|"SARS-CoV-2 Ag Upper resp Ql IA.rapid"|"Nasopharyngeal swab"|258500001|04/20/2022|Negative|260385009
106|4244|10D2214779||Parra|Luz||02/08/1957||"20823 concord green drive w boca ratón fl 33433"|"Boca raton"|FL|33433||Female|5618431636|"No Response"|0||0|0|0|0||0|Parra||||||||"SARS-CoV-2 (COVID-19)"|Antigen|97097-0|"SARS-CoV-2 Ag Upper resp Ql IA.rapid"|"Nasopharyngeal swab"|258500001|04/20/2022|Negative|260385009
107|4244|10D2214779||"Casallas Corredor"|"Ana Lucia"||01/10/1963||Unknown|Unknown|FL|99999||Female|7863962445|"No Response"|0||0|0|0|0||1|"Casallas Corredor"||||||||"SARS-CoV-2 (COVID-19)"|Antigen|97097-0|"SARS-CoV-2 Ag Upper resp Ql IA.rapid"|"Nasopharyngeal swab"|258500001|04/20/2022|Negative|260385009
108|4244|10D2214779||Moorman|Eric||07/11/1983||Unknown|Unknown|FL|99999||Male|7863962445|"No Response"|0||0|0|0|1||0|Moorman||||||||"SARS-CoV-2 (COVID-19)"|Antigen|97097-0|"SARS-CoV-2 Ag Upper resp Ql IA.rapid"|"Nasopharyngeal swab"|258500001|04/20/2022|Negative|260385009
109|4244|10D2214779||Cesari|Gianmaria||09/10/1975||"100 s pointe dr"|"Miami Beach"|FL|33139||Male|9173275944|"No Response"|1||0|0|0|0||0|Cesari||||||||"SARS-CoV-2 (COVID-19)"|Antigen|97097-0|"SARS-CoV-2 Ag Upper resp Ql IA.rapid"|"Nasopharyngeal swab"|258500001|04/20/2022|Negative|260385009
110|4244|10D2214779||Cesari|Giacomo||11/18/2011||Unknown|Unknown|FL|99999||Male|9173275944|"No Response"|1||0|0|0|0||0|Cesari||||||||"SARS-CoV-2 (COVID-19)"|Antigen|97097-0|"SARS-CoV-2 Ag Upper resp Ql IA.rapid"|"Nasopharyngeal swab"|258500001|04/20/2022|Negative|260385009
111|4244|10D2214779||Fiori|Chiara||09/30/1974||Unknown|Unknown|FL|99999||Female|9173275944|"No Response"|1||0|0|0|0||0|Fiori||||||||"SARS-CoV-2 (COVID-19)"|Antigen|97097-0|"SARS-CoV-2 Ag Upper resp Ql IA.rapid"|"Nasopharyngeal swab"|258500001|04/20/2022|Negative|260385009
112|4244|10D2214779||Orsi|Frank||06/14/1960||Unknown|Unknown|FL|99999||Male|8472266774|"No Response"|0||0|0|0|1||0|Orsi||||||||"SARS-CoV-2 (COVID-19)"|Antigen|97097-0|"SARS-CoV-2 Ag Upper resp Ql IA.rapid"|"Nasopharyngeal swab"|258500001|04/20/2022|Negative|260385009
113|4244|10D2214779||Almeida|Sara||10/25/1997||Unknown|Unknown|FL|99999||Female|7863962445|"No Response"|0||0|0|0|1||0|Almeida||||||||"SARS-CoV-2 (COVID-19)"|Antigen|97097-0|"SARS-CoV-2 Ag Upper resp Ql IA.rapid"|"Nasopharyngeal swab"|258500001|04/20/2022|Negative|260385009
114|4244|10D2214779||Carbone|Patrick||01/01/1970||"8432 Pine Cay"|"WEST PALM BEACH"|FL|33411||Male|4166786447|"No Response"|1||0|0|0|0||0|Carbone||||||||"SARS-CoV-2 (COVID-19)"|Antigen|97097-0|"SARS-CoV-2 Ag Upper resp Ql IA.rapid"|"Nasopharyngeal swab"|258500001|04/20/2022|Negative|260385009
115|4244|10D2214779||Carbone|Vanda||01/01/1970||"8432 PINE CAY"|"WEST PALM BEACH"|FL|33411||Female|4166786447|"No Response"|1||0|0|0|0||0|Carbone||||||||"SARS-CoV-2 (COVID-19)"|Antigen|97097-0|"SARS-CoV-2 Ag Upper resp Ql IA.rapid"|"Nasopharyngeal swab"|258500001|04/20/2022|Negative|260385009
116|4244|10D2214779||Koprowski|James||01/16/1985||"244 SW Lake Forest Way"|"Port Saint Lucie"|FL|34986||Male|7166289493|"No Response"|1||0|0|0|0||0|Koprowski||||||||"SARS-CoV-2 (COVID-19)"|Antigen|97097-0|"SARS-CoV-2 Ag Upper resp Ql IA.rapid"|"Nasopharyngeal swab"|258500001|04/20/2022|Negative|260385009
117|4244|10D2214779||Almeida|Sara||10/25/1997||Unknown|Unknown|FL|99999||Female|7863962445|"No Response"|0||0|0|0|1||0|Almeida||||||||"SARS-CoV-2 (COVID-19)"|Antigen|97097-0|"SARS-CoV-2 Ag Upper resp Ql IA.rapid"|"Nasopharyngeal swab"|258500001|04/20/2022|Negative|260385009
