RecordID|FacilityID|CLIAID|PatientID|LastName|FirstName|MiddleName|DOB|SSN|StreetAddress|City|State|Zip|County|Gender|PhoneNumber|Ethnicity|RaceWhite|RaceBlack|RaceAmericanIndianAlaskanNative|RaceAsian|RaceNativeHawaiianOrOtherPacificIslander|RaceOther|RaceUnknown|RaceNoResponse|ProviderName|NPI|Pregnant|SchoolAssociation|SchoolName|MeetILIDefinition|PerformingLab|AccessionNumber|Pathogen|TestType|LOINC|LOINCShortName|SpecimenCollectionType|SpecimenSNOMED|SpecimenCollectedDate|Result|ResultSNOMED
1|4244|10D2214779||Mandel|Robert||01/23/1951||"17875 Collins ave"|"Sunny Isles"|FL|33160||Male|6472239440|"No Response"|1||0|0|0|0||0|Mandel||||||||"SARS-CoV-2 (COVID-19)"|PCR|94500-6|"SARS-CoV-2 RNA Resp Ql NAA+probe"|"Nasopharyngeal swab"|258500001|04/05/2022|Positive|10828004
2|4244|10D2214779||Ali|Shania||04/18/1998||"1118 Genesee Street, Rochester"|"New York"|FL|14611||Female|9999999999|"No Response"|0||0|0|0|1||0|Ali||||||||"SARS-CoV-2 (COVID-19)"|PCR|94500-6|"SARS-CoV-2 RNA Resp Ql NAA+probe"|"Nasopharyngeal swab"|258500001|04/05/2022|Negative|260385009
3|4244|10D2214779||Ali|Curtis||06/23/1964||"Hilton Blue Lagoon"|Miami|FL|33126||Male|9999999999|"No Response"|0||0|0|0|1||0|Ali||||||||"SARS-CoV-2 (COVID-19)"|PCR|94500-6|"SARS-CoV-2 RNA Resp Ql NAA+probe"|"Nasopharyngeal swab"|258500001|04/05/2022|Negative|260385009
4|4244|10D2214779||Ali|Curtis||06/23/1964||"Hilton Blue Lagoon"|Miami|FL|33126||Male|9999999999|"No Response"|0||0|0|0|1||0|Ali||||||||"SARS-CoV-2 (COVID-19)"|PCR|94500-6|"SARS-CoV-2 RNA Resp Ql NAA+probe"|"Nasopharyngeal swab"|258500001|04/05/2022|Negative|260385009
5|4244|10D2214779||Lovejoy|Eleanora||01/01/1970||"6367 Robinson St"|Jupiter|FL|33458||Female|9999999999|"No Response"|1||0|0|0|0||0|Lovejoy||||||||"SARS-CoV-2 (COVID-19)"|Antigen|97097-0|"SARS-CoV-2 Ag Upper resp Ql IA.rapid"|"Nasopharyngeal swab"|258500001|04/05/2022|Positive|10828004
6|4244|10D2214779||Ali|Curtis||06/23/1964||"Hilton Blue Lagoon, 5101 Blue Lagoon Dr."|Miami|FL|33126||Male|9999999999|"No Response"|0||0|0|0|1||0|Ali||||||||"SARS-CoV-2 (COVID-19)"|PCR|94500-6|"SARS-CoV-2 RNA Resp Ql NAA+probe"|"Nasopharyngeal swab"|258500001|04/05/2022|Negative|260385009
7|4244|10D2214779||Ali|Curtis||06/23/1964||"Hilton Blue Lagoon, 5101 Blue Lagoon Dr."|Miami|FL|33126||Male|9999999999|"No Response"|0||0|0|0|1||0|Ali||||||||"SARS-CoV-2 (COVID-19)"|PCR|94500-6|"SARS-CoV-2 RNA Resp Ql NAA+probe"|"Nasopharyngeal swab"|258500001|04/05/2022|Negative|260385009
8|4244|10D2214779||Mandel|Robert||01/23/1951||"17875 Collins ave"|"Sunny isles"|FL|33160||Male|6472239440|"No Response"|1||0|0|0|0||0|Mandel||||||||"SARS-CoV-2 (COVID-19)"|PCR|94500-6|"SARS-CoV-2 RNA Resp Ql NAA+probe"|"Nasopharyngeal swab"|258500001|04/05/2022|Positive|10828004
9|4244|10D2214779||"Ste Marie"|Katherine||09/29/1991||"1825 Collins Avenue, Miami Beach"|"Miami Beach"|FL|33139||Female|6476405186|"No Response"|1||0|0|0|0||0|"Ste Marie"||||||||"SARS-CoV-2 (COVID-19)"|Antigen|97097-0|"SARS-CoV-2 Ag Upper resp Ql IA.rapid"|"Nasopharyngeal swab"|258500001|04/05/2022|Negative|260385009
10|4244|10D2214779||"Ste Marie"|Katherine||09/29/1991||"1825 Collins Avenue, Miami Beach"|"Miami Beach"|FL|33139||Female|6476405186|"No Response"|1||0|0|0|0||0|"Ste Marie"||||||||"SARS-CoV-2 (COVID-19)"|Antigen|97097-0|"SARS-CoV-2 Ag Upper resp Ql IA.rapid"|"Nasopharyngeal swab"|258500001|04/05/2022|Negative|260385009
11|4244|10D2214779||Renda|Joseph||11/26/1985||"1825 Collins Avenue"|"Miami Beach"|FL|33139||Male|5149281285|"No Response"|1||0|0|0|0||0|Renda||||||||"SARS-CoV-2 (COVID-19)"|Antigen|97097-0|"SARS-CoV-2 Ag Upper resp Ql IA.rapid"|"Nasopharyngeal swab"|258500001|04/05/2022|Negative|260385009
12|4244|10D2214779||Renda|Joseph||11/26/1985||"1825 Collins Avenue"|"Miami Beach"|FL|33139||Male|5149281285|"No Response"|1||0|0|0|0||0|Renda||||||||"SARS-CoV-2 (COVID-19)"|Antigen|97097-0|"SARS-CoV-2 Ag Upper resp Ql IA.rapid"|"Nasopharyngeal swab"|258500001|04/05/2022|Negative|260385009
13|4244|10D2214779||Lovejoy|Eleanora||01/01/1970||"6367 Robinson St"|"Un Jupiter"|FL|33458||Female|9999999999|"No Response"|1||0|0|0|0||0|Lovejoy||||||||"SARS-CoV-2 (COVID-19)"|Antigen|97097-0|"SARS-CoV-2 Ag Upper resp Ql IA.rapid"|"Nasopharyngeal swab"|258500001|04/05/2022|Positive|10828004
14|4244|10D2214779||Evelyn|David||07/29/1992||"125 S State Rd 7, Suite 104-359"|Wellington|FL|33414||Male|2462800024|"No Response"|1||0|0|0|0||0|Evelyn||||||||"SARS-CoV-2 (COVID-19)"|Antigen|97097-0|"SARS-CoV-2 Ag Upper resp Ql IA.rapid"|"Nasopharyngeal swab"|258500001|04/05/2022|Negative|260385009
15|4244|10D2214779||Evelyn|Allan||11/08/1961||"125 S State Rd 7, Suite 104-359"|Wellington|FL|33414||Male|2462800025|"No Response"|1||0|0|0|0||0|Evelyn||||||||"SARS-CoV-2 (COVID-19)"|Antigen|97097-0|"SARS-CoV-2 Ag Upper resp Ql IA.rapid"|"Nasopharyngeal swab"|258500001|04/05/2022|Negative|260385009
16|4244|10D2214779||Evelyn|Kayla||11/08/2005||"125 S State Road 7"|Wellington|FL|33414||Female|2462800025|"No Response"|1||0|0|0|0||0|Evelyn||||||||"SARS-CoV-2 (COVID-19)"|Antigen|97097-0|"SARS-CoV-2 Ag Upper resp Ql IA.rapid"|"Nasopharyngeal swab"|258500001|04/05/2022|Negative|260385009
17|4244|10D2214779||Gittens|Marissa||12/23/1996||"125 S State Road 7"|Wellington|FL|33414||Female|2462331451|"No Response"|1||0|0|0|0||0|Gittens||||||||"SARS-CoV-2 (COVID-19)"|Antigen|97097-0|"SARS-CoV-2 Ag Upper resp Ql IA.rapid"|"Nasopharyngeal swab"|258500001|04/05/2022|Negative|260385009
18|4244|10D2214779||Ali|Curtis||06/23/1964||"Hilton Miami airport Blue Lagoon, 5101 Blue Lagoon Drive"|Miami|FL|33126||Male|9999999999|"No Response"|0||0|0|0|1||0|Ali||||||||"SARS-CoV-2 (COVID-19)"|PCR|94500-6|"SARS-CoV-2 RNA Resp Ql NAA+probe"|"Nasopharyngeal swab"|258500001|04/05/2022|Negative|260385009
19|4244|10D2214779||Ali|Curtis||06/23/1964||"Hilton Miami airport Blue Lagoon, 5101 Blue Lagoon Drive"|Miami|FL|33126||Male|9999999999|"No Response"|0||0|0|0|1||0|Ali||||||||"SARS-CoV-2 (COVID-19)"|PCR|94500-6|"SARS-CoV-2 RNA Resp Ql NAA+probe"|"Nasopharyngeal swab"|258500001|04/05/2022|Negative|260385009
20|4244|10D2214779||Ali|Shania||04/18/1998||"1118 Genesee Street, Rochester"|"New York"|FL|14611||Female|9999999999|"No Response"|0||0|0|0|1||0|Ali||||||||"SARS-CoV-2 (COVID-19)"|PCR|94500-6|"SARS-CoV-2 RNA Resp Ql NAA+probe"|"Nasopharyngeal swab"|258500001|04/05/2022|Negative|260385009
21|4244|10D2214779||SCOTT-PARKER|ARDEN||06/13/2011||Unknown|Unknown|FL|99999||Female|5195211159|"No Response"|1||0|0|0|0||0|SCOTT-PARKER||||||||"SARS-CoV-2 (COVID-19)"|Antigen|97097-0|"SARS-CoV-2 Ag Upper resp Ql IA.rapid"|"Nasopharyngeal swab"|258500001|04/05/2022|Negative|260385009
22|4244|10D2214779||Mandel|Robert||01/23/1951||"17875 Collins avenue"|"Sunny isles"|FL|33160||Male|6472239440|"No Response"|1||0|0|0|0||0|Mandel||||||||"SARS-CoV-2 (COVID-19)"|PCR|94500-6|"SARS-CoV-2 RNA Resp Ql NAA+probe"|"Nasopharyngeal swab"|258500001|04/05/2022|Positive|10828004
23|4244|10D2214779||Patterson|Greta||02/02/1982||"7330 ocean terrace"|"Miami beach"|FL|33141||Female|3053043728|"No Response"|1||0|0|0|0||0|Patterson||||||||"SARS-CoV-2 (COVID-19)"|Antigen|97097-0|"SARS-CoV-2 Ag Upper resp Ql IA.rapid"|"Nasopharyngeal swab"|258500001|04/05/2022|Negative|260385009
24|4244|10D2214779||"Rios Cedeno"|"Jesus Ramon"||06/29/1971||"7330 ocean terrace"|"Miami beach"|FL|33141||Male|3053043728|"No Response"|0||0|0|0|0||0|"Rios Cedeno"||||||||"SARS-CoV-2 (COVID-19)"|Antigen|97097-0|"SARS-CoV-2 Ag Upper resp Ql IA.rapid"|"Nasopharyngeal swab"|258500001|04/05/2022|Negative|260385009
25|4244|10D2214779||Yongjun|Cho||03/28/2022||Unknown|Unknown|FL|99999||Male|01041732835|"No Response"|0||0|1|0|0||0|Yongjun||||||||"SARS-CoV-2 (COVID-19)"|PCR|94500-6|"SARS-CoV-2 RNA Resp Ql NAA+probe"|"Nasopharyngeal swab"|258500001|04/05/2022|Negative|260385009
26|4244|10D2214779||Brown|Jerrica||11/14/1990||"3411 north farm road 47"|"Ash grove"|FL|65604||Female|4176890062|"No Response"|1||0|0|0|0||0|Brown||||||||"SARS-CoV-2 (COVID-19)"|Antigen|97097-0|"SARS-CoV-2 Ag Upper resp Ql IA.rapid"|"Nasopharyngeal swab"|258500001|04/05/2022|Negative|260385009
27|4244|10D2214779||Brown|Jayze||12/21/2015||"3411 north farm road 47"|"Ash grove"|FL|65604||Male|4176890062|"No Response"|1||0|0|0|0||0|Brown||||||||"SARS-CoV-2 (COVID-19)"|Antigen|97097-0|"SARS-CoV-2 Ag Upper resp Ql IA.rapid"|"Nasopharyngeal swab"|258500001|04/05/2022|Negative|260385009
28|4244|10D2214779||"Brown III"|Jerald||08/10/1990||"3411 N Farm Road 47"|"Ash Grove"|FL|65604||Male|4178443775|"No Response"|1||0|0|0|0||0|"Brown III"||||||||"SARS-CoV-2 (COVID-19)"|Antigen|97097-0|"SARS-CoV-2 Ag Upper resp Ql IA.rapid"|"Nasopharyngeal swab"|258500001|04/05/2022|Negative|260385009
29|4244|10D2214779||"Brown IV"|Jerald||08/10/2012||"3411 N Farm Road 47"|"Ash Grove"|FL|65604||Male|4178443775|"No Response"|1||0|0|0|0||0|"Brown IV"||||||||"SARS-CoV-2 (COVID-19)"|Antigen|97097-0|"SARS-CoV-2 Ag Upper resp Ql IA.rapid"|"Nasopharyngeal swab"|258500001|04/05/2022|Negative|260385009
30|4244|10D2214779||Heath|Peter||05/15/1976||"Marriott Countyard"|"Miami Beach"|FL|33113||Male|9999999999|"No Response"|1||0|0|0|0||0|Heath||||||||"SARS-CoV-2 (COVID-19)"|PCR|94500-6|"SARS-CoV-2 RNA Resp Ql NAA+probe"|"Nasopharyngeal swab"|258500001|04/05/2022|Negative|260385009
31|4244|10D2214779||"Cervetto Lozano"|Alberto||11/15/1955||Unknown|"2217 Palma Vista Ave"|FL|89169||Male|7023391691|"No Response"|0||0|0|0|0||0|"Cervetto Lozano"||||||||"SARS-CoV-2 (COVID-19)"|PCR|94500-6|"SARS-CoV-2 RNA Resp Ql NAA+probe"|"Nasopharyngeal swab"|258500001|04/05/2022|Negative|260385009
32|4244|10D2214779||Callender|"Cheryl Noella"||12/25/1958||"2510 Cypress Island Cr"|Wellington|FL|33414||Female|7863962445|"No Response"|0||0|0|0|0||0|Callender||||||||"SARS-CoV-2 (COVID-19)"|Antigen|97097-0|"SARS-CoV-2 Ag Upper resp Ql IA.rapid"|"Nasopharyngeal swab"|258500001|04/05/2022|Negative|260385009
33|4244|10D2214779||"Cervetto Tamayo"|"Yussi Manuel"||10/03/1983||"2217 Palma Vista Ave"|"Las Vegas"|FL|89169||Male|7026751526|"No Response"|0||0|0|0|0||0|"Cervetto Tamayo"||||||||"SARS-CoV-2 (COVID-19)"|PCR|94500-6|"SARS-CoV-2 RNA Resp Ql NAA+probe"|"Nasopharyngeal swab"|258500001|04/05/2022|Negative|260385009
34|4244|10D2214779||PERL|"STEPHEN C"||01/11/1942||"108 D PALM POINT CIAR"|PBG|FL|33418||Male|3125933002|"No Response"|1||0|0|0|0||0|PERL||||||||"SARS-CoV-2 (COVID-19)"|PCR|94500-6|"SARS-CoV-2 RNA Resp Ql NAA+probe"|"Nasopharyngeal swab"|258500001|04/05/2022|Negative|260385009
35|4244|10D2214779||"Palma Lanza"|"Percy Miguel"||03/29/1998||"541 Nw 153rd st"|Miami|FL|33169||Male|3057804553|"No Response"|0||0|0|0|0||0|"Palma Lanza"||||||||"SARS-CoV-2 (COVID-19)"|Antigen|97097-0|"SARS-CoV-2 Ag Upper resp Ql IA.rapid"|"Nasopharyngeal swab"|258500001|04/05/2022|Negative|260385009
36|4244|10D2214779||"Palma Lanza"|"Percy Miguel"||03/29/1998||"541 Nw 153rd st"|Miami|FL|33169||Male|3057804553|"No Response"|0||0|0|0|0||0|"Palma Lanza"||||||||"SARS-CoV-2 (COVID-19)"|Antigen|97097-0|"SARS-CoV-2 Ag Upper resp Ql IA.rapid"|"Nasopharyngeal swab"|258500001|04/05/2022|Negative|260385009
37|4244|10D2214779||PERL|"ELYSE ASSAEL"||01/14/1943||"108 D PALM POINT CR"|PBG|FL|33418||Female|3125933001|"No Response"|1||0|0|0|0||0|PERL||||||||"SARS-CoV-2 (COVID-19)"|PCR|94500-6|"SARS-CoV-2 RNA Resp Ql NAA+probe"|"Nasopharyngeal swab"|258500001|04/05/2022|Negative|260385009
