RecordID|FacilityID|CLIAID|PatientID|LastName|FirstName|MiddleName|DOB|SSN|StreetAddress|City|State|Zip|County|Gender|PhoneNumber|Ethnicity|RaceWhite|RaceBlack|RaceAmericanIndianAlaskanNative|RaceAsian|RaceNativeHawaiianOrOtherPacificIslander|RaceOther|RaceUnknown|RaceNoResponse|ProviderName|NPI|Pregnant|SchoolAssociation|SchoolName|MeetILIDefinition|PerformingLab|AccessionNumber|Pathogen|TestType|LOINC|LOINCShortName|SpecimenCollectionType|SpecimenSNOMED|SpecimenCollectedDate|Result|ResultSNOMED
1|4244|10D2214779||Schlotthauer|Caton||05/12/1987||"2200 NW 2nd Ave"|"Wilton Manors"|FL|33311||Male|2173418705|"No Response"|1||0|0|0|0||0|Schlotthauer||||||||"SARS-CoV-2 (COVID-19)"|Antigen|97097-0|"SARS-CoV-2 Ag Upper resp Ql IA.rapid"|"Nasopharyngeal swab"|258500001|04/15/2022|Negative|260385009
2|4244|10D2214779||Schlotthauer|Caton||05/12/1987||"2200 NW 2nd Ave"|"Wilton Manors"|FL|33311||Male|2173418705|"No Response"|1||0|0|0|0||0|Schlotthauer||||||||"SARS-CoV-2 (COVID-19)"|Antigen|97097-0|"SARS-CoV-2 Ag Upper resp Ql IA.rapid"|"Nasopharyngeal swab"|258500001|04/15/2022|Negative|260385009
3|4244|10D2214779||Sloley|Naydia||06/29/1993||"9043 Vineyard Lake Drive"|Plantation|FL|33324||Female|7865209673|"No Response"|0||0|0|0|0||0|Sloley||||||||"SARS-CoV-2 (COVID-19)"|Antigen|97097-0|"SARS-CoV-2 Ag Upper resp Ql IA.rapid"|"Nasopharyngeal swab"|258500001|04/15/2022|Negative|260385009
4|4244|10D2214779||Brooks|Edward||07/15/1979||"527 Beaumont Circle"|"West Chester"|FL|19380||Male|4843653711|"No Response"|1||0|0|0|0||0|Brooks||||||||"SARS-CoV-2 (COVID-19)"|Antigen|97097-0|"SARS-CoV-2 Ag Upper resp Ql IA.rapid"|"Nasopharyngeal swab"|258500001|04/15/2022|Negative|260385009
5|4244|10D2214779||shine|paul||01/01/1970||"4600 N Ocean Blvd"|"Riviera Beach"|FL|33404||Male|5613988300|"No Response"|1||0|0|0|0||0|shine||||||||"SARS-CoV-2 (COVID-19)"|Antigen|97097-0|"SARS-CoV-2 Ag Upper resp Ql IA.rapid"|"Nasopharyngeal swab"|258500001|04/15/2022|Negative|260385009
6|4244|10D2214779||Sloley|Naydia||06/29/1993||"9043 Vineyard Lake Drive"|Plantation|FL|33324||Female|7865209673|"No Response"|0||0|0|0|0||0|Sloley||||||||"SARS-CoV-2 (COVID-19)"|Antigen|97097-0|"SARS-CoV-2 Ag Upper resp Ql IA.rapid"|"Nasopharyngeal swab"|258500001|04/15/2022|Negative|260385009
7|4244|10D2214779||Brooks|Edward||07/15/1979||"527 Beaumont Circle"|"West Chester"|FL|19380||Male|4843653711|"No Response"|1||0|0|0|0||0|Brooks||||||||"SARS-CoV-2 (COVID-19)"|Antigen|97097-0|"SARS-CoV-2 Ag Upper resp Ql IA.rapid"|"Nasopharyngeal swab"|258500001|04/15/2022|Negative|260385009
8|4244|10D2214779||Brooks|Edward||07/15/1979||"527 Beaumont Circle"|"West Chester"|FL|19380||Male|4843653711|"No Response"|1||0|0|0|0||0|Brooks||||||||"SARS-CoV-2 (COVID-19)"|Antigen|97097-0|"SARS-CoV-2 Ag Upper resp Ql IA.rapid"|"Nasopharyngeal swab"|258500001|04/15/2022|Negative|260385009
9|4244|10D2214779||Schwartz|John||11/23/1951||"448 SW Sundance Trail"|"Port t. Lucie"|FL|34953||Male|2486721611|"No Response"|1||0|0|0|0||0|Schwartz||||||||"SARS-CoV-2 (COVID-19)"|Antigen|97097-0|"SARS-CoV-2 Ag Upper resp Ql IA.rapid"|"Nasopharyngeal swab"|258500001|04/15/2022|Negative|260385009
10|4244|10D2214779||Leigh|Christine||11/24/1946||"2910 Paddington Way"|Kissimmee|FL|34747||Female|9999999999|"No Response"|1||0|0|0|0||0|Leigh||||||||"SARS-CoV-2 (COVID-19)"|Antigen|97097-0|"SARS-CoV-2 Ag Upper resp Ql IA.rapid"|"Nasopharyngeal swab"|258500001|12/06/2021|Negative|260385009
11|4244|10D2214779||Leigh|Christine||11/24/1946||"2910 Paddington Way"|Kissimmee|FL|34747||Female|9999999999|"No Response"|1||0|0|0|0||0|Leigh||||||||"SARS-CoV-2 (COVID-19)"|Antigen|97097-0|"SARS-CoV-2 Ag Upper resp Ql IA.rapid"|"Nasopharyngeal swab"|258500001|12/06/2021|Negative|260385009
12|4244|10D2214779||Coyle|Yiorgo||05/29/1987||"200 summerbay blvd"|Orlando|FL|99999||Male|9999999999|"No Response"|1||0|0|0|0||0|Coyle||||||||"SARS-CoV-2 (COVID-19)"|Antigen|97097-0|"SARS-CoV-2 Ag Upper resp Ql IA.rapid"|"Nasopharyngeal swab"|258500001|12/17/2021|Negative|260385009
13|4244|10D2214779||Sloley|Naydia||06/29/1993||"9043 Vineyard Lake Drive"|Plantation|FL|33324||Female|7865209673|"No Response"|0||0|0|0|0||0|Sloley||||||||"SARS-CoV-2 (COVID-19)"|Antigen|97097-0|"SARS-CoV-2 Ag Upper resp Ql IA.rapid"|"Nasopharyngeal swab"|258500001|04/15/2022|Negative|260385009
14|4244|10D2214779||Wyatt-Brown|Debra||01/01/1970||"801 S Miami Ave Unit 2204"|Miami|FL|33130||Female|5512088484|"No Response"|0||0|0|0|0||0|Wyatt-Brown||||||||"SARS-CoV-2 (COVID-19)"|Antigen|97097-0|"SARS-CoV-2 Ag Upper resp Ql IA.rapid"|"Nasopharyngeal swab"|258500001|04/15/2022|Negative|260385009
15|4244|10D2214779||Sloley|Naydia||06/29/1993||"9043 Vineyard Lake Drive"|Plantation|FL|33324||Female|7865209673|"No Response"|0||0|0|0|0||0|Sloley||||||||"SARS-CoV-2 (COVID-19)"|Antigen|97097-0|"SARS-CoV-2 Ag Upper resp Ql IA.rapid"|"Nasopharyngeal swab"|258500001|04/15/2022|Negative|260385009
16|4244|10D2214779||shine|paul||01/01/1970||"4600 N Ocean"|"Riviera Beach"|FL|33404||Male|5613988300|"No Response"|1||0|0|0|0||0|shine||||||||"SARS-CoV-2 (COVID-19)"|Antigen|97097-0|"SARS-CoV-2 Ag Upper resp Ql IA.rapid"|"Nasopharyngeal swab"|258500001|04/15/2022|Negative|260385009
17|4244|10D2214779||Waterstone|Sherrie||01/25/1959||"448 SW Sundance TRL"|"Port St. Lucie"|FL|34953||Female|2486721611|"No Response"|1||0|0|0|0||0|Waterstone||||||||"SARS-CoV-2 (COVID-19)"|Antigen|97097-0|"SARS-CoV-2 Ag Upper resp Ql IA.rapid"|"Nasopharyngeal swab"|258500001|04/15/2022|Negative|260385009
18|4244|10D2214779||Schwartz|John||11/23/1951||"448 SW Sundance TRL"|"Port St. Lucie"|FL|34953||Male|2486721611|"No Response"|1||0|0|0|0||0|Schwartz||||||||"SARS-CoV-2 (COVID-19)"|Antigen|97097-0|"SARS-CoV-2 Ag Upper resp Ql IA.rapid"|"Nasopharyngeal swab"|258500001|04/15/2022|Negative|260385009
19|4244|10D2214779||shine|paul||01/01/1970||"4600 N Ocean Dr"|"Riviera Beach"|FL|33408||Male|5613988300|"No Response"|1||0|0|0|0||0|shine||||||||"SARS-CoV-2 (COVID-19)"|Antigen|97097-0|"SARS-CoV-2 Ag Upper resp Ql IA.rapid"|"Nasopharyngeal swab"|258500001|04/15/2022|Negative|260385009
20|4244|10D2214779||Vierk|Isabel||12/28/1949||"11561 SW 84 Ave RD"|Ocala|FL|34481||Female|3525124400|"No Response"|0||0|0|0|0||0|Vierk||||||||"SARS-CoV-2 (COVID-19)"|Antigen|97097-0|"SARS-CoV-2 Ag Upper resp Ql IA.rapid"|"Nasopharyngeal swab"|258500001|04/15/2022|Negative|260385009
21|4244|10D2214779||Woodhead|David||07/26/1963||"1701 S Flagler Dr Apt 202"|"West Palm Beach"|FL|33401||Male|5613885623|"No Response"|1||0|0|0|0||0|Woodhead||||||||"SARS-CoV-2 (COVID-19)"|Antigen|97097-0|"SARS-CoV-2 Ag Upper resp Ql IA.rapid"|"Nasopharyngeal swab"|258500001|04/15/2022|Negative|260385009
22|4244|10D2214779||Roznowski|Bruce||03/13/1949||"1701 South Flagler Drive Apt 203"|"West Palm Beach"|FL|33401||Male|5614464549|"No Response"|1||0|0|0|0||0|Roznowski||||||||"SARS-CoV-2 (COVID-19)"|Antigen|97097-0|"SARS-CoV-2 Ag Upper resp Ql IA.rapid"|"Nasopharyngeal swab"|258500001|04/15/2022|Negative|260385009
23|4244|10D2214779||Sloley|Naydia||06/29/1993||"9043 Vineyard Lake Drive"|Plantation|FL|33324||Female|7865209673|"No Response"|0||0|0|0|0||0|Sloley||||||||"SARS-CoV-2 (COVID-19)"|Antigen|97097-0|"SARS-CoV-2 Ag Upper resp Ql IA.rapid"|"Nasopharyngeal swab"|258500001|04/15/2022|Negative|260385009
24|4244|10D2214779||Woodhead|David||07/26/1963||"1701 S Flagler Drive Apt 202"|"West Palm Beach"|FL|33401||Male|5613885623|"No Response"|1||0|0|0|0||0|Woodhead||||||||"SARS-CoV-2 (COVID-19)"|Antigen|97097-0|"SARS-CoV-2 Ag Upper resp Ql IA.rapid"|"Nasopharyngeal swab"|258500001|04/15/2022|Negative|260385009
25|4244|10D2214779||Roznowski|Bruce||03/13/1949||"1701 South Flagler Drive Apt 202"|"West Palm Beach"|FL|33401||Male|5614464549|"No Response"|1||0|0|0|0||0|Roznowski||||||||"SARS-CoV-2 (COVID-19)"|Antigen|97097-0|"SARS-CoV-2 Ag Upper resp Ql IA.rapid"|"Nasopharyngeal swab"|258500001|04/15/2022|Negative|260385009
26|4244|10D2214779||"Van Wart"|Dean||01/01/1970||"1905 W Blue Heron"|"Riviera Beach"|FL|33404||Male|5614126540|"No Response"|1||0|0|0|0||0|"Van Wart"||||||||"SARS-CoV-2 (COVID-19)"|Antigen|97097-0|"SARS-CoV-2 Ag Upper resp Ql IA.rapid"|"Nasopharyngeal swab"|258500001|04/15/2022|Negative|260385009
27|4244|10D2214779||Brooks|Edward||07/15/1979||"527 Beaumont Circle"|"West Chester"|FL|19380||Male|4843653711|"No Response"|1||0|0|0|0||0|Brooks||||||||"SARS-CoV-2 (COVID-19)"|Antigen|97097-0|"SARS-CoV-2 Ag Upper resp Ql IA.rapid"|"Nasopharyngeal swab"|258500001|04/15/2022|Negative|260385009
28|4244|10D2214779||Bednar|Doris||09/12/1944||"3510 Oaks Way, #303"|"Pompano Beach"|FL|33069||Female|9546578271|"No Response"|1||0|0|0|0||0|Bednar||||||||"SARS-CoV-2 (COVID-19)"|Antigen|97097-0|"SARS-CoV-2 Ag Upper resp Ql IA.rapid"|"Nasopharyngeal swab"|258500001|04/15/2022|Negative|260385009
29|4244|10D2214779||Roznowski|Bruce||03/13/1949||"1701 South Flagler Drive, Apt 202"|"West Palm Beach"|FL|33401||Male|5614464549|"No Response"|1||0|0|0|0||0|Roznowski||||||||"SARS-CoV-2 (COVID-19)"|Antigen|97097-0|"SARS-CoV-2 Ag Upper resp Ql IA.rapid"|"Nasopharyngeal swab"|258500001|04/15/2022|Negative|260385009
30|4244|10D2214779||Woodhead|David||07/26/1963||"1701 south Flagler dr apt 202"|"West Palm Beach"|FL|33401||Male|5613885623|"No Response"|1||0|0|0|0||0|Woodhead||||||||"SARS-CoV-2 (COVID-19)"|Antigen|97097-0|"SARS-CoV-2 Ag Upper resp Ql IA.rapid"|"Nasopharyngeal swab"|258500001|04/15/2022|Negative|260385009
31|4244|10D2214779||Schlotthauer|Caton||05/12/1987||"2200 NW 2nd ave"|"Ft lauderdale"|FL|33311||Male|2173418705|"No Response"|1||0|0|0|0||0|Schlotthauer||||||||"SARS-CoV-2 (COVID-19)"|Antigen|97097-0|"SARS-CoV-2 Ag Upper resp Ql IA.rapid"|"Nasopharyngeal swab"|258500001|04/15/2022|Negative|260385009
32|4244|10D2214779||"Van Wart"|Dean||01/01/1970||"255 Evernia St"|"West Palm Beach"|FL|33401||Male|5614126540|"No Response"|1||0|0|0|0||0|"Van Wart"||||||||"SARS-CoV-2 (COVID-19)"|Antigen|97097-0|"SARS-CoV-2 Ag Upper resp Ql IA.rapid"|"Nasopharyngeal swab"|258500001|04/15/2022|Negative|260385009
33|4244|10D2214779||"Van Wart"|Dean||01/01/1970||"1905 W Blue Heron Blvd"|"Riviera Beach"|FL|33419||Male|5614126540|"No Response"|1||0|0|0|0||0|"Van Wart"||||||||"SARS-CoV-2 (COVID-19)"|Antigen|97097-0|"SARS-CoV-2 Ag Upper resp Ql IA.rapid"|"Nasopharyngeal swab"|258500001|04/15/2022|Negative|260385009
34|4244|10D2214779||Rao|Aaron||06/26/2019||"16001 Collins Avenue - Apt 3103"|"Sunny Isles Beach"|FL|33160||Male|9999999999|"No Response"|0||0|0|0|0||0|Rao||||||||"SARS-CoV-2 (COVID-19)"|Antigen|97097-0|"SARS-CoV-2 Ag Upper resp Ql IA.rapid"|"Nasopharyngeal swab"|258500001|04/15/2022|Positive|10828004
35|4244|10D2214779||"Van Wart"|Dean||01/01/1970||"1905 W Blue Heron Blvd"|"Riviera Beach"|FL|33419||Male|5614126540|"No Response"|1||0|0|0|0||0|"Van Wart"||||||||"SARS-CoV-2 (COVID-19)"|Antigen|97097-0|"SARS-CoV-2 Ag Upper resp Ql IA.rapid"|"Nasopharyngeal swab"|258500001|04/15/2022|Negative|260385009
36|4244|10D2214779||Rao|Aaron||06/26/2019||"19600 NE 19th Avenue"|"North Miami Beach"|FL|33139||Male|9999999999|"No Response"|0||0|0|0|0||0|Rao||||||||"SARS-CoV-2 (COVID-19)"|Antigen|97097-0|"SARS-CoV-2 Ag Upper resp Ql IA.rapid"|"Nasopharyngeal swab"|258500001|04/15/2022|Positive|10828004
37|4244|10D2214779||Fakla|Daniel||09/07/1972||"2389, E Venice Ave #145"|Venice|FL|34292||Male|6104175016|"No Response"|1||0|0|0|0||0|Fakla||||||||"SARS-CoV-2 (COVID-19)"|Antigen|97097-0|"SARS-CoV-2 Ag Upper resp Ql IA.rapid"|"Nasopharyngeal swab"|258500001|04/15/2022|Negative|260385009
38|4244|10D2214779||Barrow|Sonny||07/23/2009||Unknown|Unknown|FL|99999||Male|9999999999|"No Response"|1||0|0|0|0||0|Barrow||||||||"SARS-CoV-2 (COVID-19)"|PCR|94500-6|"SARS-CoV-2 RNA Resp Ql NAA+probe"|"Nasopharyngeal swab"|258500001|04/15/2022|Negative|260385009
39|4244|10D2214779||Barrow|Ruby||03/02/2013||Unknown|Unknown|FL|99999||Female|9999999999|"No Response"|1||0|0|0|0||0|Barrow||||||||"SARS-CoV-2 (COVID-19)"|PCR|94500-6|"SARS-CoV-2 RNA Resp Ql NAA+probe"|"Nasopharyngeal swab"|258500001|04/15/2022|Negative|260385009
40|4244|10D2214779||Barrow|Lottie||12/23/2015||Unknown|Unknown|FL|99999||Female|9999999999|"No Response"|1||0|0|0|0||0|Barrow||||||||"SARS-CoV-2 (COVID-19)"|PCR|94500-6|"SARS-CoV-2 RNA Resp Ql NAA+probe"|"Nasopharyngeal swab"|258500001|04/15/2022|Negative|260385009
41|4244|10D2214779||Franco|Alexandra||03/07/1970||"2701 yacht club blvd"|"fort lauderdale"|FL|33304||Female|9172040163|"No Response"|1||0|0|0|0||0|Franco||||||||"SARS-CoV-2 (COVID-19)"|Antigen|97097-0|"SARS-CoV-2 Ag Upper resp Ql IA.rapid"|"Nasopharyngeal swab"|258500001|04/15/2022|Negative|260385009
42|4244|10D2214779||Mah|"Jun Xiang"||07/23/1988||"The Grand Doubletree, Condo#3344, 1717 North Bayshore Drive"|Miami|FL|33132||Male|9544108364|"No Response"|0||0|1|0|0||0|Mah||||||||"SARS-CoV-2 (COVID-19)"|PCR|94500-6|"SARS-CoV-2 RNA Resp Ql NAA+probe"|"Nasopharyngeal swab"|258500001|04/14/2022|Negative|260385009
43|4244|10D2214779||Shannon|Megan||03/26/1987||"Avanti International Resort, 8738 International Drive"|Orlando|FL|32819||Female|0857029886|"No Response"|1||0|0|0|0||0|Shannon||||||||"SARS-CoV-2 (COVID-19)"|Antigen|97097-0|"SARS-CoV-2 Ag Upper resp Ql IA.rapid"|"Nasopharyngeal swab"|258500001|04/15/2022|Negative|260385009
44|4244|10D2214779||Partner|Matthew||03/20/1991||Unknown|Unknown|FL|99999||Male|7863962445|"No Response"|1||0|0|0|0||0|Partner||||||||"SARS-CoV-2 (COVID-19)"|Antigen|97097-0|"SARS-CoV-2 Ag Upper resp Ql IA.rapid"|"Nasopharyngeal swab"|258500001|04/15/2022|Negative|260385009
45|4244|10D2214779||Whelan|Amy||10/10/1998||Unknown|Unknown|FL|99999||Female|7863962445|"No Response"|1||0|0|0|0||0|Whelan||||||||"SARS-CoV-2 (COVID-19)"|Antigen|97097-0|"SARS-CoV-2 Ag Upper resp Ql IA.rapid"|"Nasopharyngeal swab"|258500001|04/15/2022|Negative|260385009
46|4244|10D2214779||Sherlock|"Christine-Ann Nella"||09/27/1963||"7738 Sanibel Drive"|Tamarac|FL|33321||Female|9548020066|"No Response"|0||0|0|0|1||0|Sherlock||||||||"SARS-CoV-2 (COVID-19)"|Antigen|97097-0|"SARS-CoV-2 Ag Upper resp Ql IA.rapid"|"Nasopharyngeal swab"|258500001|04/15/2022|Negative|260385009
47|4244|10D2214779||Laskowski|Marek||06/30/1973||"Avanti International Resort"|Orlando|FL|32819||Male|9999999999|"No Response"|1||0|0|0|0||0|Laskowski||||||||"SARS-CoV-2 (COVID-19)"|Antigen|97097-0|"SARS-CoV-2 Ag Upper resp Ql IA.rapid"|"Nasopharyngeal swab"|258500001|04/15/2022|Negative|260385009
48|4244|10D2214779||Laskowski|Marie||01/10/1978||"Avanti International Resort"|Orlando|FL|32819||Female|9999999999|"No Response"|1||0|0|0|0||0|Laskowski||||||||"SARS-CoV-2 (COVID-19)"|Antigen|97097-0|"SARS-CoV-2 Ag Upper resp Ql IA.rapid"|"Nasopharyngeal swab"|258500001|04/15/2022|Negative|260385009
49|4244|10D2214779||"Van Wart"|Dean||01/01/1970||"1905 W Blue Heron Blvd"|"Riviera Beach"|FL|33419||Male|5614126540|"No Response"|1||0|0|0|0||0|"Van Wart"||||||||"SARS-CoV-2 (COVID-19)"|Antigen|97097-0|"SARS-CoV-2 Ag Upper resp Ql IA.rapid"|"Nasopharyngeal swab"|258500001|04/15/2022|Negative|260385009
50|4244|10D2214779||"Carvajal Marin"|Valeria||04/12/2007||"545 Coconut Circle"|Weston|FL|33326||Female|9543055130|"No Response"|0||0|0|0|0||0|"Carvajal Marin"||||||||"SARS-CoV-2 (COVID-19)"|Antigen|97097-0|"SARS-CoV-2 Ag Upper resp Ql IA.rapid"|"Nasopharyngeal swab"|258500001|04/15/2022|Negative|260385009
51|4244|10D2214779||Shannon|Philip||07/20/1987||"Avanti International Resort, International Drive"|Orlando|FL|32819||Male|0857029886|"No Response"|1||0|0|0|0||0|Shannon||||||||"SARS-CoV-2 (COVID-19)"|Antigen|97097-0|"SARS-CoV-2 Ag Upper resp Ql IA.rapid"|"Nasopharyngeal swab"|258500001|04/15/2022|Negative|260385009
52|4244|10D2214779||Epps|Diontre||07/01/1994||Unknown|Unknown|FL|99999||Male|3528724333|"No Response"|0||0|0|0|0||0|Epps||||||||"SARS-CoV-2 (COVID-19)"|Antigen|97097-0|"SARS-CoV-2 Ag Upper resp Ql IA.rapid"|"Nasopharyngeal swab"|258500001|04/15/2022|Negative|260385009
53|4244|10D2214779||Epps|Diontre||07/01/1994||Unknown|Unknown|FL|99999||Male|3528724333|"No Response"|0||0|0|0|0||0|Epps||||||||"SARS-CoV-2 (COVID-19)"|PCR|94500-6|"SARS-CoV-2 RNA Resp Ql NAA+probe"|"Nasopharyngeal swab"|258500001|04/15/2022|Negative|260385009
54|4244|10D2214779||JAMES|CHELSEA||01/05/1995||Unknown|Unknown|FL|99999||Female|3524416845|"No Response"|0||0|0|0|0||0|JAMES||||||||"SARS-CoV-2 (COVID-19)"|Antigen|97097-0|"SARS-CoV-2 Ag Upper resp Ql IA.rapid"|"Nasopharyngeal swab"|258500001|04/15/2022|Negative|260385009
55|4244|10D2214779||"Sanchez Rodriguez"|Stephanie||04/15/1994||"611 autumn stream drive"|Auburndale|FL|33823||Female|4079693751|"No Response"|0||0|0|0|0||0|"Sanchez Rodriguez"||||||||"SARS-CoV-2 (COVID-19)"|Antigen|97097-0|"SARS-CoV-2 Ag Upper resp Ql IA.rapid"|"Nasopharyngeal swab"|258500001|04/15/2022|Negative|260385009
56|4244|10D2214779||Leon|Marvin||10/05/1993||"611 autumn stream drive"|Auburndale|FL|33823||Male|3059347183|"No Response"|0||0|0|0|0||0|Leon||||||||"SARS-CoV-2 (COVID-19)"|Antigen|97097-0|"SARS-CoV-2 Ag Upper resp Ql IA.rapid"|"Nasopharyngeal swab"|258500001|04/15/2022|Negative|260385009
57|4244|10D2214779||camacho|christian||01/09/1999||"906 woodsong way"|clermont|FL|34714||Male|8639699520|"No Response"|0||0|0|0|0||0|camacho||||||||"SARS-CoV-2 (COVID-19)"|Antigen|97097-0|"SARS-CoV-2 Ag Upper resp Ql IA.rapid"|"Nasopharyngeal swab"|258500001|04/15/2022|Negative|260385009
58|4244|10D2214779||Camacho|Enrique||05/07/1993||"105 Somerset Way"|Davenport|FL|33837||Male|3522723451|"No Response"|1||0|0|0|0||0|Camacho||||||||"SARS-CoV-2 (COVID-19)"|PCR|94500-6|"SARS-CoV-2 RNA Resp Ql NAA+probe"|"Nasopharyngeal swab"|258500001|04/15/2022|Negative|260385009
59|4244|10D2214779||Curry|Kenute||05/29/1990||"3545 SW quail meadow trail"|"Palm City"|FL|34990||Male|9999999999|"No Response"|0||0|0|0|1||0|Curry||||||||"SARS-CoV-2 (COVID-19)"|Antigen|97097-0|"SARS-CoV-2 Ag Upper resp Ql IA.rapid"|"Nasopharyngeal swab"|258500001|04/15/2022|Negative|260385009
60|4244|10D2214779||Jennette|Lili-May||02/05/2004||"2910 Paddington Way"|Kissimmee|FL|34747||Female|9999999999|"No Response"|1||0|0|0|0||0|Jennette||||||||"SARS-CoV-2 (COVID-19)"|Antigen|97097-0|"SARS-CoV-2 Ag Upper resp Ql IA.rapid"|"Nasopharyngeal swab"|258500001|04/15/2022|Negative|260385009
61|4244|10D2214779||Leigh|Christine||11/24/1946||"2910 Paddington Way"|Kissimmee|FL|34747||Female|9999999999|"No Response"|1||0|0|0|0||0|Leigh||||||||"SARS-CoV-2 (COVID-19)"|Antigen|97097-0|"SARS-CoV-2 Ag Upper resp Ql IA.rapid"|"Nasopharyngeal swab"|258500001|12/06/2021|Negative|260385009
62|4244|10D2214779||Spicer|Ellie-Louise||05/13/2004||"2910 Paddington Way"|Kissimmee|FL|34747||Female|9999999999|"No Response"|1||0|0|0|0||0|Spicer||||||||"SARS-CoV-2 (COVID-19)"|Antigen|97097-0|"SARS-CoV-2 Ag Upper resp Ql IA.rapid"|"Nasopharyngeal swab"|258500001|04/15/2022|Negative|260385009
63|4244|10D2214779||"Spicer Leigh"|Isabella||12/12/2008||"2910 Paddington Way"|Kissimmee|FL|34747||Female|9999999999|"No Response"|1||0|0|0|0||0|"Spicer Leigh"||||||||"SARS-CoV-2 (COVID-19)"|Antigen|97097-0|"SARS-CoV-2 Ag Upper resp Ql IA.rapid"|"Nasopharyngeal swab"|258500001|04/15/2022|Negative|260385009
64|4244|10D2214779||"Spicer Leigh"|Lorraine||12/26/1970||"2910 Paddington Way"|Kissimmee|FL|34747||Female|9999999999|"No Response"|1||0|0|0|0||0|"Spicer Leigh"||||||||"SARS-CoV-2 (COVID-19)"|Antigen|97097-0|"SARS-CoV-2 Ag Upper resp Ql IA.rapid"|"Nasopharyngeal swab"|258500001|04/15/2022|Negative|260385009
65|4244|10D2214779||Leigh|Rodney||10/19/1944||"2910 Paddington Way"|Kissimmee|FL|34747||Male|9999999999|"No Response"|1||0|0|0|0||0|Leigh||||||||"SARS-CoV-2 (COVID-19)"|Antigen|97097-0|"SARS-CoV-2 Ag Upper resp Ql IA.rapid"|"Nasopharyngeal swab"|258500001|04/15/2022|Negative|260385009
66|4244|10D2214779||Leigh|Darren||01/09/1968||"2910 Paddington Way"|Kissimmee|FL|34747||Male|9999999999|"No Response"|1||0|0|0|0||0|Leigh||||||||"SARS-CoV-2 (COVID-19)"|Antigen|97097-0|"SARS-CoV-2 Ag Upper resp Ql IA.rapid"|"Nasopharyngeal swab"|258500001|04/15/2022|Negative|260385009
67|4244|10D2214779||Gruhlke|Dennis||07/24/1945||"176 River Edge Way NE"|Fridley|FL|55432||Male|7632429135|"No Response"|1||0|0|0|0||0|Gruhlke||||||||"SARS-CoV-2 (COVID-19)"|Antigen|97097-0|"SARS-CoV-2 Ag Upper resp Ql IA.rapid"|"Nasopharyngeal swab"|258500001|04/15/2022|Negative|260385009
68|4244|10D2214779||Ogden|Lewis||06/17/2009||"8953 Zurich Lane"|Orlando|FL|34747||Male|9999999999|"No Response"|1||0|0|0|0||0|Ogden||||||||"SARS-CoV-2 (COVID-19)"|Antigen|97097-0|"SARS-CoV-2 Ag Upper resp Ql IA.rapid"|"Nasopharyngeal swab"|258500001|04/15/2022|Negative|260385009
69|4244|10D2214779||Thompson|Alisha||02/17/1987||"8953 Zurich Lane"|Orlando|FL|34747||Female|9999999999|"No Response"|1||0|0|0|0||0|Thompson||||||||"SARS-CoV-2 (COVID-19)"|Antigen|97097-0|"SARS-CoV-2 Ag Upper resp Ql IA.rapid"|"Nasopharyngeal swab"|258500001|04/15/2022|Negative|260385009
70|4244|10D2214779||Ogden|Thomas||09/24/1987||"8953 Zurich Lane"|Orlando|FL|34747||Male|9999999999|"No Response"|1||0|0|0|0||0|Ogden||||||||"SARS-CoV-2 (COVID-19)"|Antigen|97097-0|"SARS-CoV-2 Ag Upper resp Ql IA.rapid"|"Nasopharyngeal swab"|258500001|04/15/2022|Negative|260385009
71|4244|10D2214779||Franco|Alexandra||03/07/1970||"2701 yacht club blvd"|"fort lauderdale"|FL|33304||Female|9172040163|"No Response"|1||0|0|0|0||0|Franco||||||||"SARS-CoV-2 (COVID-19)"|Antigen|97097-0|"SARS-CoV-2 Ag Upper resp Ql IA.rapid"|"Nasopharyngeal swab"|258500001|04/15/2022|Negative|260385009
72|4244|10D2214779||Gilpert|Carmen||01/01/1970||Unknown|Unknown|FL|99999||Female|14423204489|"No Response"|1||0|0|0|0||0|Gilpert||||||||"SARS-CoV-2 (COVID-19)"|Antigen|97097-0|"SARS-CoV-2 Ag Upper resp Ql IA.rapid"|"Nasopharyngeal swab"|258500001|04/15/2022|Negative|260385009
73|4244|10D2214779||Gilpert|Peter||06/28/1971||Unknown|Unknown|FL|99999||Male|4423203455|"No Response"|1||0|0|0|0||0|Gilpert||||||||"SARS-CoV-2 (COVID-19)"|Antigen|97097-0|"SARS-CoV-2 Ag Upper resp Ql IA.rapid"|"Nasopharyngeal swab"|258500001|04/15/2022|Negative|260385009
74|4244|10D2214779||Allen|Lorna||10/28/1958||"1690 Collins Avenue, Miami Beach, 33139"|Miami|FL|33139||Female|9999999999|"No Response"|1||0|0|0|0||0|Allen||||||||"SARS-CoV-2 (COVID-19)"|Antigen|97097-0|"SARS-CoV-2 Ag Upper resp Ql IA.rapid"|"Nasopharyngeal swab"|258500001|04/15/2022|Negative|260385009
75|4244|10D2214779||Challoner|Kimberley||07/25/1987||"Rosen inn 7600 international drive"|Orlando|FL|32819||Female|07984916417|"No Response"|1||0|0|0|0||0|Challoner||||||||"SARS-CoV-2 (COVID-19)"|Antigen|97097-0|"SARS-CoV-2 Ag Upper resp Ql IA.rapid"|"Nasopharyngeal swab"|258500001|04/15/2022|Negative|260385009
76|4244|10D2214779||Corrin|"Gavin Thomas"||05/29/1986||"Rosen inn 7600 international drive"|Orlando|FL|32819||Male|07716641486|"No Response"|1||0|0|0|0||0|Corrin||||||||"SARS-CoV-2 (COVID-19)"|Antigen|97097-0|"SARS-CoV-2 Ag Upper resp Ql IA.rapid"|"Nasopharyngeal swab"|258500001|04/15/2022|Negative|260385009
77|4244|10D2214779||Challoner|Kim||06/10/1959||"Rosen inn 7600 international drive"|Orlando|FL|32819||Female|07847261881|"No Response"|1||0|0|0|0||0|Challoner||||||||"SARS-CoV-2 (COVID-19)"|Antigen|97097-0|"SARS-CoV-2 Ag Upper resp Ql IA.rapid"|"Nasopharyngeal swab"|258500001|04/15/2022|Negative|260385009
78|4244|10D2214779||Unger|Inna||01/16/1971||"15 Tameling Road"|"East Rockaway"|FL|11518||Female|9178927227|"No Response"|1||0|0|0|0||0|Unger||||||||"SARS-CoV-2 (COVID-19)"|Antigen|97097-0|"SARS-CoV-2 Ag Upper resp Ql IA.rapid"|"Nasopharyngeal swab"|258500001|04/15/2022|Negative|260385009
79|4244|10D2214779||Hildmann|Sigrid||10/14/1953||"408NJ Street"|"Lake Worth FL"|FL|33460||Female|18604885973|"No Response"|1||0|0|0|0||0|Hildmann||||||||"SARS-CoV-2 (COVID-19)"|Antigen|97097-0|"SARS-CoV-2 Ag Upper resp Ql IA.rapid"|"Nasopharyngeal swab"|258500001|04/15/2022|Negative|260385009
80|4244|10D2214779||Harvey|Pamela||04/10/1959||"1690 Collins Avenue, miamia Beach"|Miami|FL|33139||Female|9999999999|"No Response"|1||0|0|0|0||0|Harvey||||||||"SARS-CoV-2 (COVID-19)"|Antigen|97097-0|"SARS-CoV-2 Ag Upper resp Ql IA.rapid"|"Nasopharyngeal swab"|258500001|04/15/2022|Negative|260385009
81|4244|10D2214779||Unger|Shawn||03/08/2009||"15 Tameling Road"|"East Rockaway"|FL|11518||Female|9178927227|"No Response"|1||0|0|0|0||0|Unger||||||||"SARS-CoV-2 (COVID-19)"|Antigen|97097-0|"SARS-CoV-2 Ag Upper resp Ql IA.rapid"|"Nasopharyngeal swab"|258500001|04/15/2022|Negative|260385009
82|4244|10D2214779||Hildmann|"Franz Anton"||08/11/1941||"408 N J Street"|"Lake Worth FL"|FL|33460||Male|18604885973|"No Response"|1||0|0|0|0||0|Hildmann||||||||"SARS-CoV-2 (COVID-19)"|Antigen|97097-0|"SARS-CoV-2 Ag Upper resp Ql IA.rapid"|"Nasopharyngeal swab"|258500001|04/15/2022|Negative|260385009
83|4244|10D2214779||Godfrey|Barbara||01/01/1970||"1690 Collins Avenue, Miami Beach"|Miami|FL|33139||Female|9999999999|"No Response"|1||0|0|0|0||0|Godfrey||||||||"SARS-CoV-2 (COVID-19)"|Antigen|97097-0|"SARS-CoV-2 Ag Upper resp Ql IA.rapid"|"Nasopharyngeal swab"|258500001|04/15/2022|Negative|260385009
84|4244|10D2214779||Unger|Steven||06/26/1969||"15 Tameling Road"|"East Rockaway"|FL|11518||Male|9178434999|"No Response"|1||0|0|0|0||0|Unger||||||||"SARS-CoV-2 (COVID-19)"|Antigen|97097-0|"SARS-CoV-2 Ag Upper resp Ql IA.rapid"|"Nasopharyngeal swab"|258500001|04/15/2022|Negative|260385009
85|4244|10D2214779||Kotzer|Diane||09/30/1958||"1409 se 1st street,"|"Ft lauderdale"|FL|33301||Female|7863962445|"No Response"|1||0|0|0|0||0|Kotzer||||||||"SARS-CoV-2 (COVID-19)"|Antigen|97097-0|"SARS-CoV-2 Ag Upper resp Ql IA.rapid"|"Nasopharyngeal swab"|258500001|04/15/2022|Negative|260385009
86|4244|10D2214779||"Van Hemert"|"Robert Huibert"||10/27/1958||"4221 North Ocean Boulevard"|"Fort Lauderdale"|FL|33307||Male|9999999999|"No Response"|1||0|0|0|0||0|"Van Hemert"||||||||"SARS-CoV-2 (COVID-19)"|Antigen|97097-0|"SARS-CoV-2 Ag Upper resp Ql IA.rapid"|"Nasopharyngeal swab"|258500001|04/15/2022|Negative|260385009
87|4244|10D2214779||Blokland|"Ingrid Mahanna"||05/30/1955||"4221 North Ocean Boulevard"|"Fort Lauderdale"|FL|33308||Female|9999999999|"No Response"|1||0|0|0|0||0|Blokland||||||||"SARS-CoV-2 (COVID-19)"|Antigen|97097-0|"SARS-CoV-2 Ag Upper resp Ql IA.rapid"|"Nasopharyngeal swab"|258500001|04/15/2022|Negative|260385009
88|4244|10D2214779||Parl|Heinrich||01/05/1945||"401 SW 4th Ave"|"Fort Lauderdale"|FL|33315||Male|9548048493|"No Response"|1||0|0|0|0||0|Parl||||||||"SARS-CoV-2 (COVID-19)"|Antigen|97097-0|"SARS-CoV-2 Ag Upper resp Ql IA.rapid"|"Nasopharyngeal swab"|258500001|04/15/2022|Negative|260385009
89|4244|10D2214779||Coughlin|Kelly||11/23/1978||"350 SE 2nd St., #1450"|"Fort Lauderdale"|FL|33301||Female|9542949135|"No Response"|1||0|0|0|0||0|Coughlin||||||||"SARS-CoV-2 (COVID-19)"|Antigen|97097-0|"SARS-CoV-2 Ag Upper resp Ql IA.rapid"|"Nasopharyngeal swab"|258500001|04/15/2022|Negative|260385009
90|4244|10D2214779||Grabowski|Richard||08/27/1977||"350 SE 2nd St., #1450"|"Fort Lauderdale"|FL|33301||Male|9546812697|"No Response"|1||0|0|0|0||0|Grabowski||||||||"SARS-CoV-2 (COVID-19)"|Antigen|97097-0|"SARS-CoV-2 Ag Upper resp Ql IA.rapid"|"Nasopharyngeal swab"|258500001|04/15/2022|Negative|260385009
91|4244|10D2214779||Firth|Brian||11/25/1977||"2600 ne 14th ave"|Pompano|FL|33064||Male|9548549348|"No Response"|1||0|0|0|0||0|Firth||||||||"SARS-CoV-2 (COVID-19)"|Antigen|97097-0|"SARS-CoV-2 Ag Upper resp Ql IA.rapid"|"Nasopharyngeal swab"|258500001|04/15/2022|Negative|260385009
92|4244|10D2214779||Hansen|Per||01/23/1966||"801 Collins Avenue"|"Miami Beach"|FL|33139||Male|+4551514384|"No Response"|1||0|0|0|0||0|Hansen||||||||"SARS-CoV-2 (COVID-19)"|Antigen|97097-0|"SARS-CoV-2 Ag Upper resp Ql IA.rapid"|"Nasopharyngeal swab"|258500001|04/15/2022|Negative|260385009
93|4244|10D2214779||Hansen|"Janni Christine Ranum"||05/02/1966||"801 Collins Avenue"|"Miami Bech"|FL|33139||Female|+4560897087|"No Response"|1||0|0|0|0||0|Hansen||||||||"SARS-CoV-2 (COVID-19)"|Antigen|97097-0|"SARS-CoV-2 Ag Upper resp Ql IA.rapid"|"Nasopharyngeal swab"|258500001|04/15/2022|Negative|260385009
94|4244|10D2214779||Reusser|Phyllis||06/16/1946||"4559 Aldersgate Dr"|Carmel|FL|46033||Female|3177643524|"No Response"|1||0|0|0|0||0|Reusser||||||||"SARS-CoV-2 (COVID-19)"|Antigen|97097-0|"SARS-CoV-2 Ag Upper resp Ql IA.rapid"|"Nasopharyngeal swab"|258500001|04/15/2022|Negative|260385009
95|4244|10D2214779||Reusser|David||01/16/1947||"4559 Aldersgate Dr."|Carmel|FL|46034||Male|9999999999|"No Response"|1||0|0|0|0||0|Reusser||||||||"SARS-CoV-2 (COVID-19)"|Antigen|97097-0|"SARS-CoV-2 Ag Upper resp Ql IA.rapid"|"Nasopharyngeal swab"|258500001|04/15/2022|Negative|260385009
96|4244|10D2214779||Bailey|Tracey||05/17/1964||"Sahara Hotel"|"Las Vegas"|FL|99999||Female|7930343778|"No Response"|1||0|0|0|0||0|Bailey||||||||"SARS-CoV-2 (COVID-19)"|Antigen|97097-0|"SARS-CoV-2 Ag Upper resp Ql IA.rapid"|"Nasopharyngeal swab"|258500001|04/15/2022|Negative|260385009
97|4244|10D2214779||Bailey|Michael||03/24/1953||"Sahara Hotel"|"Las Vegas"|FL|99999||Male|7930343778|"No Response"|1||0|0|0|0||0|Bailey||||||||"SARS-CoV-2 (COVID-19)"|Antigen|97097-0|"SARS-CoV-2 Ag Upper resp Ql IA.rapid"|"Nasopharyngeal swab"|258500001|04/15/2022|Negative|260385009
98|4244|10D2214779||Grant|Christine||01/12/1970||"685 Waterside Dr."|Hypoluxo|FL|33462||Female|4385253283|"No Response"|1||0|0|0|0||0|Grant||||||||"SARS-CoV-2 (COVID-19)"|Antigen|97097-0|"SARS-CoV-2 Ag Upper resp Ql IA.rapid"|"Nasopharyngeal swab"|258500001|04/15/2022|Negative|260385009
99|4244|10D2214779||Boggiali|Daniela||10/31/1977||Unknown|Unknown|FL|99999||Female|9999999999|"No Response"|1||0|0|0|0||0|Boggiali||||||||"SARS-CoV-2 (COVID-19)"|Antigen|97097-0|"SARS-CoV-2 Ag Upper resp Ql IA.rapid"|"Nasopharyngeal swab"|258500001|04/15/2022|Negative|260385009
100|4244|10D2214779||Maruca|Alessandra||05/11/1979||Unknown|Unknown|FL|99999||Female|9999999999|"No Response"|1||0|0|0|0||0|Maruca||||||||"SARS-CoV-2 (COVID-19)"|Antigen|97097-0|"SARS-CoV-2 Ag Upper resp Ql IA.rapid"|"Nasopharyngeal swab"|258500001|04/15/2022|Negative|260385009
101|4244|10D2214779||Dillon|Sherry||01/31/1973||"73 Carriage Place"|Clinton|FL|37716||Female|8656171821|"No Response"|1||0|0|0|0||0|Dillon||||||||"SARS-CoV-2 (COVID-19)"|Antigen|97097-0|"SARS-CoV-2 Ag Upper resp Ql IA.rapid"|"Nasopharyngeal swab"|258500001|04/15/2022|Negative|260385009
102|4244|10D2214779||Wyatt-Brown|Debra||01/01/1970||"801 S Miami Ave Unit 2204"|Miami|FL|33130||Female|5512088484|"No Response"|0||0|0|0|1||0|Wyatt-Brown||||||||"SARS-CoV-2 (COVID-19)"|Antigen|97097-0|"SARS-CoV-2 Ag Upper resp Ql IA.rapid"|"Nasopharyngeal swab"|258500001|04/15/2022|Negative|260385009
103|4244|10D2214779||Barrow|Sonny||07/23/2009||Unknown|Unknown|FL|99999||Male|9999999999|"No Response"|1||0|0|0|0||0|Barrow||||||||"SARS-CoV-2 (COVID-19)"|PCR|94500-6|"SARS-CoV-2 RNA Resp Ql NAA+probe"|"Nasopharyngeal swab"|258500001|04/15/2022|Negative|260385009
104|4244|10D2214779||Barrow|Ruby||03/02/2013||Unknown|Unknown|FL|99999||Female|9999999999|"No Response"|1||0|0|0|0||0|Barrow||||||||"SARS-CoV-2 (COVID-19)"|PCR|94500-6|"SARS-CoV-2 RNA Resp Ql NAA+probe"|"Nasopharyngeal swab"|258500001|04/15/2022|Negative|260385009
105|4244|10D2214779||Barrow|Lottie||12/23/2015||Unknown|Unknown|FL|99999||Female|9999999999|"No Response"|1||0|0|0|0||0|Barrow||||||||"SARS-CoV-2 (COVID-19)"|PCR|94500-6|"SARS-CoV-2 RNA Resp Ql NAA+probe"|"Nasopharyngeal swab"|258500001|04/15/2022|Negative|260385009
106|4244|10D2214779||Brown|David||01/01/1970||"801 S Miami Ave Unit 2204"|Miami|FL|33130||Male|5512085742|"No Response"|0||0|0|0|1||0|Brown||||||||"SARS-CoV-2 (COVID-19)"|Antigen|97097-0|"SARS-CoV-2 Ag Upper resp Ql IA.rapid"|"Nasopharyngeal swab"|258500001|04/15/2022|Negative|260385009
107|4244|10D2214779||Brown|Tyler||01/01/1970||"801 S Miami Ave Unit 2204"|Miami|FL|33130||Male|5512088486|"No Response"|0||0|0|0|1||0|Brown||||||||"SARS-CoV-2 (COVID-19)"|Antigen|97097-0|"SARS-CoV-2 Ag Upper resp Ql IA.rapid"|"Nasopharyngeal swab"|258500001|04/15/2022|Negative|260385009
108|4244|10D2214779||Fakla|Daniel||09/07/1972||"135 Tiffany Lane"|Lehighton|FL|18235||Male|6104175016|"No Response"|1||0|0|0|0||0|Fakla||||||||"SARS-CoV-2 (COVID-19)"|Antigen|97097-0|"SARS-CoV-2 Ag Upper resp Ql IA.rapid"|"Nasopharyngeal swab"|258500001|04/15/2022|Negative|260385009
109|4244|10D2214779||Roznowski|Bruce||03/13/1949||"1701 South Flagler Drive Apt 202"|"West Palm Beach"|FL|33401||Male|5614464549|"No Response"|1||0|0|0|0||0|Roznowski||||||||"SARS-CoV-2 (COVID-19)"|Antigen|97097-0|"SARS-CoV-2 Ag Upper resp Ql IA.rapid"|"Nasopharyngeal swab"|258500001|04/15/2022|Negative|260385009
110|4244|10D2214779||Cooke|Carmen||04/08/1945||"11713 68th Street N"|"West Palm Beach"|FL|33412||Female|7185644824|"No Response"|0||0|0|0|0||0|Cooke||||||||"SARS-CoV-2 (COVID-19)"|Antigen|97097-0|"SARS-CoV-2 Ag Upper resp Ql IA.rapid"|"Nasopharyngeal swab"|258500001|04/15/2022|Negative|260385009
111|4244|10D2214779||Woodhead|David||07/26/1963||"1701 S Flagler Dr apt 202"|"West Palm Beach"|FL|33401||Male|5613885623|"No Response"|1||0|0|0|0||0|Woodhead||||||||"SARS-CoV-2 (COVID-19)"|Antigen|97097-0|"SARS-CoV-2 Ag Upper resp Ql IA.rapid"|"Nasopharyngeal swab"|258500001|04/15/2022|Negative|260385009
112|4244|10D2214779||Knowles|Christopher||02/08/1948||"222 NE 23 Ave #2"|"Pompano Beach"|FL|33062||Male|7027827733|"No Response"|1||0|0|0|0||0|Knowles||||||||"SARS-CoV-2 (COVID-19)"|Antigen|97097-0|"SARS-CoV-2 Ag Upper resp Ql IA.rapid"|"Nasopharyngeal swab"|258500001|04/15/2022|Negative|260385009
113|4244|10D2214779||Vierk|Kenneth||04/13/1948||"11561 SW 84 Ave Rd"|Ocala|FL|34481||Male|3525124400|"No Response"|1||0|0|0|0||0|Vierk||||||||"SARS-CoV-2 (COVID-19)"|Antigen|97097-0|"SARS-CoV-2 Ag Upper resp Ql IA.rapid"|"Nasopharyngeal swab"|258500001|04/15/2022|Negative|260385009
114|4244|10D2214779||Culmer|Vivian||07/13/1967||"209 Anglers Drive South"|Marathon|FL|33050||Female|3054817562|"No Response"|1||0|0|0|0||0|Culmer||||||||"SARS-CoV-2 (COVID-19)"|Antigen|97097-0|"SARS-CoV-2 Ag Upper resp Ql IA.rapid"|"Nasopharyngeal swab"|258500001|04/15/2022|Negative|260385009
115|4244|10D2214779||Culmer|Eugene||09/13/1967||"209 Anglers Drive South"|Marathon|FL|33050||Male|3054817556|"No Response"|1||0|0|0|0||0|Culmer||||||||"SARS-CoV-2 (COVID-19)"|Antigen|97097-0|"SARS-CoV-2 Ag Upper resp Ql IA.rapid"|"Nasopharyngeal swab"|258500001|04/15/2022|Negative|260385009
116|4244|10D2214779||Vierk|Isabel||12/28/1949||"11561 SW 84 Ave Rd"|Ocala|FL|34481||Female|3525124400|"No Response"|0||0|0|0|0||0|Vierk||||||||"SARS-CoV-2 (COVID-19)"|Antigen|97097-0|"SARS-CoV-2 Ag Upper resp Ql IA.rapid"|"Nasopharyngeal swab"|258500001|04/15/2022|Negative|260385009
117|4244|10D2214779||Waterstone|Sherrie||01/25/1959||"448 SW Sundance Dr."|"Port St. Lucie"|FL|34953||Female|2486721611|"No Response"|1||0|0|0|0||0|Waterstone||||||||"SARS-CoV-2 (COVID-19)"|Antigen|97097-0|"SARS-CoV-2 Ag Upper resp Ql IA.rapid"|"Nasopharyngeal swab"|258500001|04/15/2022|Negative|260385009
118|4244|10D2214779||Biasiol|Maddalena||12/07/1990||Unknown|Unknown|FL|99999||Female|7863962445|"No Response"|1||0|0|0|0||0|Biasiol||||||||"SARS-CoV-2 (COVID-19)"|Antigen|97097-0|"SARS-CoV-2 Ag Upper resp Ql IA.rapid"|"Nasopharyngeal swab"|258500001|04/15/2022|Negative|260385009
119|4244|10D2214779||Stallings-Parduhn|"Mary LuAnn"||01/06/1964||Unknown|Unknown|FL|99999||Female|7087049013|"No Response"|1||0|0|0|0||0|Stallings-Parduhn||||||||"SARS-CoV-2 (COVID-19)"|Antigen|97097-0|"SARS-CoV-2 Ag Upper resp Ql IA.rapid"|"Nasopharyngeal swab"|258500001|04/15/2022|Negative|260385009
120|4244|10D2214779||Gautreau|Jacqueline||04/08/1964||Unknown|Unknown|FL|99999||Female|9196219352|"No Response"|1||0|0|0|0||0|Gautreau||||||||"SARS-CoV-2 (COVID-19)"|Antigen|97097-0|"SARS-CoV-2 Ag Upper resp Ql IA.rapid"|"Nasopharyngeal swab"|258500001|04/15/2022|Negative|260385009
121|4244|10D2214779||Schwartz|John||11/23/1951||"448 SW Sundance Trl."|"Port St. Lucie"|FL|34953||Male|2486721611|"No Response"|1||0|0|0|0||0|Schwartz||||||||"SARS-CoV-2 (COVID-19)"|Antigen|97097-0|"SARS-CoV-2 Ag Upper resp Ql IA.rapid"|"Nasopharyngeal swab"|258500001|04/15/2022|Negative|260385009
122|4244|10D2214779||Verdin|Jesus||05/13/1996||Unknown|Unknown|FL|99999||Male|3213058014|"No Response"|0||0|0|0|0||0|Verdin||||||||"SARS-CoV-2 (COVID-19)"|Antigen|97097-0|"SARS-CoV-2 Ag Upper resp Ql IA.rapid"|"Nasopharyngeal swab"|258500001|04/15/2022|Negative|260385009
123|4244|10D2214779||Allison|Thomas||02/10/1951||"5467 Tananger RD"|Blaine|FL|98230||Male|2535093925|"No Response"|1||0|0|0|0||0|Allison||||||||"SARS-CoV-2 (COVID-19)"|Antigen|97097-0|"SARS-CoV-2 Ag Upper resp Ql IA.rapid"|"Nasopharyngeal swab"|258500001|04/15/2022|Negative|260385009
124|4244|10D2214779||Allison|Carol||10/27/1953||"5467 Tananger RD"|Blaine|FL|98230||Female|2535093740|"No Response"|1||0|0|0|0||0|Allison||||||||"SARS-CoV-2 (COVID-19)"|Antigen|97097-0|"SARS-CoV-2 Ag Upper resp Ql IA.rapid"|"Nasopharyngeal swab"|258500001|04/15/2022|Negative|260385009
125|4244|10D2214779||"Cabrera Salazar"|"Ana Sofia"||05/23/2017||"3902 Kirk Road lake worth"|"West palm beach"|FL|33461||Female|7863962445|"No Response"|0||0|0|0|0||0|"Cabrera Salazar"||||||||"SARS-CoV-2 (COVID-19)"|Antigen|97097-0|"SARS-CoV-2 Ag Upper resp Ql IA.rapid"|"Nasopharyngeal swab"|258500001|04/15/2022|Negative|260385009
126|4244|10D2214779||Bednar|Doris||09/12/1944||"3510 Oaks Way, #303"|"Pompano Beach"|FL|33069||Female|9546578271|"No Response"|1||0|0|0|0||0|Bednar||||||||"SARS-CoV-2 (COVID-19)"|Antigen|97097-0|"SARS-CoV-2 Ag Upper resp Ql IA.rapid"|"Nasopharyngeal swab"|258500001|04/15/2022|Negative|260385009
127|4244|10D2214779||Sapienza|Rhonda||03/08/1944||"1186 E. 900 S., #33"|"St George"|FL|84790||Female|8019385106|"No Response"|1||0|0|0|0||0|Sapienza||||||||"SARS-CoV-2 (COVID-19)"|Antigen|97097-0|"SARS-CoV-2 Ag Upper resp Ql IA.rapid"|"Nasopharyngeal swab"|258500001|04/15/2022|Negative|260385009
128|4244|10D2214779||Sapienza|Joseph||08/30/1944||"1186 E. 900 S., #33"|"St George"|FL|84790||Male|8019385106|"No Response"|1||0|0|0|0||0|Sapienza||||||||"SARS-CoV-2 (COVID-19)"|Antigen|97097-0|"SARS-CoV-2 Ag Upper resp Ql IA.rapid"|"Nasopharyngeal swab"|258500001|04/08/2022|Negative|260385009
129|4244|10D2214779||Drummond|"Elizabeth Ann"||01/01/1970||"Hilton Hotel grand biscayne bay"|Miami|FL|33132||Female|07831768577|"No Response"|1||0|0|0|0||0|Drummond||||||||"SARS-CoV-2 (COVID-19)"|Antigen|97097-0|"SARS-CoV-2 Ag Upper resp Ql IA.rapid"|"Nasopharyngeal swab"|258500001|04/15/2022|Negative|260385009
130|4244|10D2214779||Drummond|Bruce||01/01/1970||"Hilton Hotel grand biscayne bay"|Miami|FL|33132||Male|07789500680|"No Response"|1||0|0|0|0||0|Drummond||||||||"SARS-CoV-2 (COVID-19)"|Antigen|97097-0|"SARS-CoV-2 Ag Upper resp Ql IA.rapid"|"Nasopharyngeal swab"|258500001|04/15/2022|Negative|260385009
131|4244|10D2214779||Gross|Richard||01/04/1948||"15631 Skyline Ave NW"|"Prior Lake"|FL|55372||Male|6124907653|"No Response"|1||0|0|0|0||0|Gross||||||||"SARS-CoV-2 (COVID-19)"|Antigen|97097-0|"SARS-CoV-2 Ag Upper resp Ql IA.rapid"|"Nasopharyngeal swab"|258500001|04/15/2022|Negative|260385009
132|4244|10D2214779||Gross|Linda||10/23/1948||"15631 Skyline Ave NW"|"Prior Lake"|FL|55372||Female|6124907653|"No Response"|1||0|0|0|0||0|Gross||||||||"SARS-CoV-2 (COVID-19)"|Antigen|97097-0|"SARS-CoV-2 Ag Upper resp Ql IA.rapid"|"Nasopharyngeal swab"|258500001|04/15/2022|Negative|260385009
133|4244|10D2214779||Collins|Casey||01/20/1969||"24652 Calusa Blvd."|Eustis|FL|32736||Male|9548016123|"No Response"|1||0|0|0|0||0|Collins||||||||"SARS-CoV-2 (COVID-19)"|Antigen|97097-0|"SARS-CoV-2 Ag Upper resp Ql IA.rapid"|"Nasopharyngeal swab"|258500001|04/15/2022|Negative|260385009
134|4244|10D2214779||Toomey|Isla||03/05/2015||"4060 Galt Ocean Dr"|"Fort Lauderdale"|FL|33308||Female|5199399683|"No Response"|1||0|0|0|0||0|Toomey||||||||"SARS-CoV-2 (COVID-19)"|Antigen|97097-0|"SARS-CoV-2 Ag Upper resp Ql IA.rapid"|"Nasopharyngeal swab"|258500001|04/15/2022|Negative|260385009
135|4244|10D2214779||Davini|Giorgia||09/30/1988||Unknown|Unknown|FL|99999||Female|9999999999|"No Response"|1||0|0|0|0||0|Davini||||||||"SARS-CoV-2 (COVID-19)"|Antigen|97097-0|"SARS-CoV-2 Ag Upper resp Ql IA.rapid"|"Nasopharyngeal swab"|258500001|04/15/2022|Negative|260385009
136|4244|10D2214779||Maninchedda|Chiara||01/24/1989||Unknown|Unknown|FL|99999||Female|9999999999|"No Response"|1||0|0|0|0||0|Maninchedda||||||||"SARS-CoV-2 (COVID-19)"|Antigen|97097-0|"SARS-CoV-2 Ag Upper resp Ql IA.rapid"|"Nasopharyngeal swab"|258500001|04/15/2022|Negative|260385009
137|4244|10D2214779||"Sapno- Fabila"|Lorelei||05/07/1982||"Westgate Resort and Casino"|"Las Vegas"|FL|89109||Female|5163048350|"No Response"|0||0|1|0|0||0|"Sapno- Fabila"||||||||"SARS-CoV-2 (COVID-19)"|Antigen|97097-0|"SARS-CoV-2 Ag Upper resp Ql IA.rapid"|"Nasopharyngeal swab"|258500001|04/15/2022|Negative|260385009
138|4244|10D2214779||Sapno|"Kristine Joy"||09/22/1989||"Westgate Resort and Casino"|"Las Vegas"|FL|89109||Female|5163048350|"No Response"|0||0|1|0|0||0|Sapno||||||||"SARS-CoV-2 (COVID-19)"|Antigen|97097-0|"SARS-CoV-2 Ag Upper resp Ql IA.rapid"|"Nasopharyngeal swab"|258500001|04/15/2022|Negative|260385009
139|4244|10D2214779||Guerra|"Eduardo Alfredo"||08/19/1979||"9038sw 97ave apto 4, Miami Fl 33176"|Guatemala|FL|20001||Male|7864914745|"No Response"|0||0|0|0|0||0|Guerra||||||||"SARS-CoV-2 (COVID-19)"|Antigen|97097-0|"SARS-CoV-2 Ag Upper resp Ql IA.rapid"|"Nasopharyngeal swab"|258500001|04/15/2022|Negative|260385009
140|4244|10D2214779||Marin|Karen||08/01/1984||"9038 sw 97ave apto 4 Miami Fl 33176"|Guatemala|FL|20001||Female|7864914745|"No Response"|0||0|0|0|0||0|Marin||||||||"SARS-CoV-2 (COVID-19)"|Antigen|97097-0|"SARS-CoV-2 Ag Upper resp Ql IA.rapid"|"Nasopharyngeal swab"|258500001|04/15/2022|Negative|260385009
141|4244|10D2214779||Guerra|"Eduardo Andres"||05/04/2006||"9038sw 97ave apto 4 Miami Fl 33176"|Guatemala|FL|20001||Male|7864914745|"No Response"|0||0|0|0|0||0|Guerra||||||||"SARS-CoV-2 (COVID-19)"|Antigen|97097-0|"SARS-CoV-2 Ag Upper resp Ql IA.rapid"|"Nasopharyngeal swab"|258500001|04/15/2022|Negative|260385009
142|4244|10D2214779||Guerra|Diego||01/06/2010||"9038 sw 97 ave apto 4 Miami Fl 33176"|Guatemala|FL|20001||Male|7864914745|"No Response"|0||0|0|0|0||0|Guerra||||||||"SARS-CoV-2 (COVID-19)"|Antigen|97097-0|"SARS-CoV-2 Ag Upper resp Ql IA.rapid"|"Nasopharyngeal swab"|258500001|04/15/2022|Negative|260385009
143|4244|10D2214779||Guerra|Mateo||06/28/2018||"9038sw 97 ave apto 4 Miami Fl 33176"|Guatemala|FL|20001||Male|7864914745|"No Response"|0||0|0|0|0||0|Guerra||||||||"SARS-CoV-2 (COVID-19)"|Antigen|97097-0|"SARS-CoV-2 Ag Upper resp Ql IA.rapid"|"Nasopharyngeal swab"|258500001|04/15/2022|Negative|260385009
144|4244|10D2214779||shine|paul||01/01/1970||Unknown|"riviera Beach"|FL|33408||Male|5613988300|"No Response"|1||0|0|0|0||0|shine||||||||"SARS-CoV-2 (COVID-19)"|Antigen|97097-0|"SARS-CoV-2 Ag Upper resp Ql IA.rapid"|"Nasopharyngeal swab"|258500001|04/15/2022|Negative|260385009
145|4244|10D2214779||Extance|David||02/26/1970||"Sea Beach Plaza , 3081 Harbar Drive"|"Ft Lauderdale"|FL|33316||Male|9999999999|"No Response"|1||0|0|0|0||0|Extance||||||||"SARS-CoV-2 (COVID-19)"|Antigen|97097-0|"SARS-CoV-2 Ag Upper resp Ql IA.rapid"|"Nasopharyngeal swab"|258500001|04/15/2022|Negative|260385009
146|4244|10D2214779||Donaldson|Sarah||10/09/1966||"Sea Beach Plaza, 3081 Harbor Drive"|"Fort Lauderdale"|FL|33316||Female|9999999999|"No Response"|1||0|0|0|0||0|Donaldson||||||||"SARS-CoV-2 (COVID-19)"|Antigen|97097-0|"SARS-CoV-2 Ag Upper resp Ql IA.rapid"|"Nasopharyngeal swab"|258500001|04/15/2022|Negative|260385009
147|4244|10D2214779||Sloley|Naydia||06/29/1993||"9043 Vineyard Lake Drive"|Plantation|FL|33324||Female|7865209673|"No Response"|0||0|0|0|0||0|Sloley||||||||"SARS-CoV-2 (COVID-19)"|Antigen|97097-0|"SARS-CoV-2 Ag Upper resp Ql IA.rapid"|"Nasopharyngeal swab"|258500001|04/15/2022|Negative|260385009
148|4244|10D2214779||Turley|Sarah||09/11/1971||"3030 bayshore drive"|"Fort lauderdale"|FL|33304||Female|07941151636|"No Response"|1||0|0|0|0||0|Turley||||||||"SARS-CoV-2 (COVID-19)"|Antigen|97097-0|"SARS-CoV-2 Ag Upper resp Ql IA.rapid"|"Nasopharyngeal swab"|258500001|04/15/2022|Negative|260385009
149|4244|10D2214779||Turley|Gregory||02/26/1970||"3030 bayshore drive"|"Fort Lauderdale"|FL|33304||Male|07941546336|"No Response"|1||0|0|0|0||0|Turley||||||||"SARS-CoV-2 (COVID-19)"|Antigen|97097-0|"SARS-CoV-2 Ag Upper resp Ql IA.rapid"|"Nasopharyngeal swab"|258500001|04/15/2022|Negative|260385009
150|4244|10D2214779||Deleon|Jordan||04/13/1981||"7775 Southampton Ter. 407J"|Tamarac|FL|33321||Female|6463152593|"No Response"|0||0|0|0|1||0|Deleon||||||||"SARS-CoV-2 (COVID-19)"|Antigen|97097-0|"SARS-CoV-2 Ag Upper resp Ql IA.rapid"|"Nasopharyngeal swab"|258500001|04/15/2022|Negative|260385009
151|4244|10D2214779||Kaltenborn|Claudia||09/02/1965||Unknown|Unknown|FL|99999||Female|7863962445|"No Response"|1||0|0|0|0||0|Kaltenborn||||||||"SARS-CoV-2 (COVID-19)"|Antigen|97097-0|"SARS-CoV-2 Ag Upper resp Ql IA.rapid"|"Nasopharyngeal swab"|258500001|04/15/2022|Negative|260385009
152|4244|10D2214779||Kaltenborn|Joerg||03/27/1966||Unknown|Unknown|FL|99999||Male|7863962445|"No Response"|1||0|0|0|0||0|Kaltenborn||||||||"SARS-CoV-2 (COVID-19)"|Antigen|97097-0|"SARS-CoV-2 Ag Upper resp Ql IA.rapid"|"Nasopharyngeal swab"|258500001|04/15/2022|Negative|260385009
153|4244|10D2214779||Hemmings|Julissa||01/15/1988||"12338 Washington Street"|"Pembroke Pines"|FL|33025||Female|9542582367|"No Response"|0||0|0|0|0||0|Hemmings||||||||"SARS-CoV-2 (COVID-19)"|Antigen|97097-0|"SARS-CoV-2 Ag Upper resp Ql IA.rapid"|"Nasopharyngeal swab"|258500001|04/15/2022|Negative|260385009
154|4244|10D2214779||"Browan - Oerding"|"Anna Christina Akalpita"||04/23/1974||Unknown|Unknown|FL|99999||Female|15625136707|"No Response"|0||0|0|0|0||1|"Browan - Oerding"||||||||"SARS-CoV-2 (COVID-19)"|Antigen|97097-0|"SARS-CoV-2 Ag Upper resp Ql IA.rapid"|"Nasopharyngeal swab"|258500001|04/15/2022|Negative|260385009
155|4244|10D2214779||Fevrius|"Marie Mirlene"||02/20/1963||"184 SW 5th Ct"|"Deerfield Beach"|FL|33441||Female|9546081113|"No Response"|0||0|0|0|0||0|Fevrius||||||||"SARS-CoV-2 (COVID-19)"|Antigen|97097-0|"SARS-CoV-2 Ag Upper resp Ql IA.rapid"|"Nasopharyngeal swab"|258500001|04/15/2022|Negative|260385009
156|4244|10D2214779||Howard|Valencia||01/09/1968||"2513 fort dr"|Suitland|FL|99999||Female|2026157027|"No Response"|0||0|0|0|0||0|Howard||||||||"SARS-CoV-2 (COVID-19)"|Antigen|97097-0|"SARS-CoV-2 Ag Upper resp Ql IA.rapid"|"Nasopharyngeal swab"|258500001|04/15/2022|Negative|260385009
157|4244|10D2214779||Linares|Bernard||10/19/1977||Unknown|Unknown|FL|99999||Male|9999999999|"No Response"|1||0|0|0|0||0|Linares||||||||"SARS-CoV-2 (COVID-19)"|Antigen|97097-0|"SARS-CoV-2 Ag Upper resp Ql IA.rapid"|"Nasopharyngeal swab"|258500001|04/15/2022|Negative|260385009
158|4244|10D2214779||"Gonzalez Chaparro"|"Maria Isabel"||12/09/1991||Unknown|Unknown|FL|99999||Female|7863962445|"No Response"|0||0|0|0|0||0|"Gonzalez Chaparro"||||||||"SARS-CoV-2 (COVID-19)"|Antigen|97097-0|"SARS-CoV-2 Ag Upper resp Ql IA.rapid"|"Nasopharyngeal swab"|258500001|04/15/2022|Negative|260385009
159|4244|10D2214779||Bright|"Winsome Haliscon"||02/23/1944||Unknown|Unknown|FL|99999||Female|9548617015|"No Response"|0||0|0|0|0||1|Bright||||||||"SARS-CoV-2 (COVID-19)"|Antigen|97097-0|"SARS-CoV-2 Ag Upper resp Ql IA.rapid"|"Nasopharyngeal swab"|258500001|04/15/2022|Negative|260385009
160|4244|10D2214779||Lefeber|Friso||06/04/1976||Unknown|Unknown|FL|99999||Male|2428179322|"No Response"|1||0|0|0|0||0|Lefeber||||||||"SARS-CoV-2 (COVID-19)"|Antigen|97097-0|"SARS-CoV-2 Ag Upper resp Ql IA.rapid"|"Nasopharyngeal swab"|258500001|04/15/2022|Negative|260385009
161|4244|10D2214779||LEFEBER|ALEXANDRA||01/01/1970||Unknown|Unknown|FL|99999||Female|9999999999|"No Response"|1||0|0|0|0||0|LEFEBER||||||||"SARS-CoV-2 (COVID-19)"|Antigen|97097-0|"SARS-CoV-2 Ag Upper resp Ql IA.rapid"|"Nasopharyngeal swab"|258500001|04/15/2022|Negative|260385009
162|4244|10D2214779||Lefeber|Frederik||06/22/2011||Unknown|Unknown|FL|99999||Male|2428179322|"No Response"|1||0|0|0|0||0|Lefeber||||||||"SARS-CoV-2 (COVID-19)"|Antigen|97097-0|"SARS-CoV-2 Ag Upper resp Ql IA.rapid"|"Nasopharyngeal swab"|258500001|04/15/2022|Negative|260385009
163|4244|10D2214779||KORTHALS|LAURENCE||11/15/1977||Unknown|Unknown|FL|99999||Female|9999999999|"No Response"|1||0|0|0|0||0|KORTHALS||||||||"SARS-CoV-2 (COVID-19)"|Antigen|97097-0|"SARS-CoV-2 Ag Upper resp Ql IA.rapid"|"Nasopharyngeal swab"|258500001|04/15/2022|Negative|260385009
164|4244|10D2214779||Grana|Jose||03/18/1969||"1107 Duncan circle #101"|"Palm Beach Gardens"|FL|33418||Male|8598780625|"No Response"|1||0|0|0|0||0|Grana||||||||"SARS-CoV-2 (COVID-19)"|PCR|94500-6|"SARS-CoV-2 RNA Resp Ql NAA+probe"|"Nasopharyngeal swab"|258500001|04/15/2022|Negative|260385009
165|4244|10D2214779||Vesanto|Susanna||07/30/1997||Unknown|Tampere|FL|33560||Female|9999999999|"No Response"|1||0|0|0|0||0|Vesanto||||||||"SARS-CoV-2 (COVID-19)"|Antigen|97097-0|"SARS-CoV-2 Ag Upper resp Ql IA.rapid"|"Nasopharyngeal swab"|258500001|04/15/2022|Negative|260385009
166|4244|10D2214779||Kahi|Anni||02/11/2001||Unknown|Unknown|FL|99999||Female|9999999999|"No Response"|1||0|0|0|0||0|Kahi||||||||"SARS-CoV-2 (COVID-19)"|Antigen|97097-0|"SARS-CoV-2 Ag Upper resp Ql IA.rapid"|"Nasopharyngeal swab"|258500001|04/15/2022|Negative|260385009
167|4244|10D2214779||Vesanto|Jani||08/05/1999||Unknown|Unknown|FL|99999||Male|9999999999|"No Response"|1||0|0|0|0||0|Vesanto||||||||"SARS-CoV-2 (COVID-19)"|Antigen|97097-0|"SARS-CoV-2 Ag Upper resp Ql IA.rapid"|"Nasopharyngeal swab"|258500001|04/15/2022|Negative|260385009
168|4244|10D2214779||Vesanto|Jari||09/04/1964||Unknown|Tampere|FL|33560||Male|9999999999|"No Response"|1||0|0|0|0||0|Vesanto||||||||"SARS-CoV-2 (COVID-19)"|Antigen|97097-0|"SARS-CoV-2 Ag Upper resp Ql IA.rapid"|"Nasopharyngeal swab"|258500001|04/15/2022|Negative|260385009
169|4244|10D2214779||Vesanto|Kirsi||01/01/1969||Unknown|Unknown|FL|99999||Female|9999999999|"No Response"|1||0|0|0|0||0|Vesanto||||||||"SARS-CoV-2 (COVID-19)"|Antigen|97097-0|"SARS-CoV-2 Ag Upper resp Ql IA.rapid"|"Nasopharyngeal swab"|258500001|04/15/2022|Negative|260385009
170|4244|10D2214779||"Carpenito Rodriguez"|"Luigi Francesco"||04/09/1999||Unknown|Unknown|FL|99999||Male|3218885135|"No Response"|0||0|0|0|0||1|"Carpenito Rodriguez"||||||||"SARS-CoV-2 (COVID-19)"|Antigen|97097-0|"SARS-CoV-2 Ag Upper resp Ql IA.rapid"|"Nasopharyngeal swab"|258500001|04/15/2022|Negative|260385009
171|4244|10D2214779||Luciano|Giada||10/30/1995||Unknown|Unknown|FL|99999||Female|3218887766|"No Response"|1||0|0|0|0||0|Luciano||||||||"SARS-CoV-2 (COVID-19)"|Antigen|97097-0|"SARS-CoV-2 Ag Upper resp Ql IA.rapid"|"Nasopharyngeal swab"|258500001|04/15/2022|Negative|260385009
172|4244|10D2214779||Luciano|Giada||10/30/1995||Unknown|Unknown|FL|99999||Female|3218887766|"No Response"|1||0|0|0|0||0|Luciano||||||||"SARS-CoV-2 (COVID-19)"|Antigen|97097-0|"SARS-CoV-2 Ag Upper resp Ql IA.rapid"|"Nasopharyngeal swab"|258500001|04/15/2022|Negative|260385009
173|4244|10D2214779||NANDA|Michael||09/04/1967||"25010 prado de los pajaros"|calabasas|FL|91302||Male|7147887192|"No Response"|0||0|0|0|1||0|NANDA||||||||"SARS-CoV-2 (COVID-19)"|Antigen|97097-0|"SARS-CoV-2 Ag Upper resp Ql IA.rapid"|"Nasopharyngeal swab"|258500001|04/15/2022|Negative|260385009
174|4244|10D2214779||"Ballesteros Gomez"|"Mario Martin"||08/03/1992||Unknown|Unknown|FL|99999||Male|5512390284|"No Response"|0||0|0|0|0||0|"Ballesteros Gomez"||||||||"SARS-CoV-2 (COVID-19)"|Antigen|97097-0|"SARS-CoV-2 Ag Upper resp Ql IA.rapid"|"Nasopharyngeal swab"|258500001|04/15/2022|Negative|260385009
175|4244|10D2214779||Rao|Aaron||06/26/2019||"19600 NE 19th Avenue"|"North Miami Beach"|FL|33179||Male|9999999999|"No Response"|0||0|0|0|0||0|Rao||||||||"SARS-CoV-2 (COVID-19)"|Antigen|97097-0|"SARS-CoV-2 Ag Upper resp Ql IA.rapid"|"Nasopharyngeal swab"|258500001|04/15/2022|Positive|10828004
176|4244|10D2214779||nanda|lia||01/28/1973||"25010 prado de los pajaros"|calabasas|FL|91302||Female|8185154576|"No Response"|1||0|0|0|0||0|nanda||||||||"SARS-CoV-2 (COVID-19)"|Antigen|97097-0|"SARS-CoV-2 Ag Upper resp Ql IA.rapid"|"Nasopharyngeal swab"|258500001|04/15/2022|Negative|260385009
177|4244|10D2214779||Nanda|Tara||04/26/2009||"25010 prado de los pajaros"|calabasas|FL|91302||Female|7147887192|"No Response"|0||0|0|0|1||0|Nanda||||||||"SARS-CoV-2 (COVID-19)"|Antigen|97097-0|"SARS-CoV-2 Ag Upper resp Ql IA.rapid"|"Nasopharyngeal swab"|258500001|04/15/2022|Negative|260385009
178|4244|10D2214779||Nanda|Tara||04/26/2009||"25010 prado de los pajaros"|calabasas|FL|91302||Female|7147887192|"No Response"|0||0|0|0|1||0|Nanda||||||||"SARS-CoV-2 (COVID-19)"|Antigen|97097-0|"SARS-CoV-2 Ag Upper resp Ql IA.rapid"|"Nasopharyngeal swab"|258500001|04/15/2022|Negative|260385009
179|4244|10D2214779||Rose|Channah||01/01/1970||"2246 Nw Irving"|Portland|FL|97210||Female|7863962445|"No Response"|1||0|0|0|0||0|Rose||||||||"SARS-CoV-2 (COVID-19)"|Antigen|97097-0|"SARS-CoV-2 Ag Upper resp Ql IA.rapid"|"Nasopharyngeal swab"|258500001|04/15/2022|Negative|260385009
180|4244|10D2214779||Rose|Rafael||01/01/1970||Unknown|Unknown|FL|99999||Male|7863962445|"No Response"|1||0|0|0|0||0|Rose||||||||"SARS-CoV-2 (COVID-19)"|Antigen|97097-0|"SARS-CoV-2 Ag Upper resp Ql IA.rapid"|"Nasopharyngeal swab"|258500001|04/15/2022|Negative|260385009
181|4244|10D2214779||Rose|Joshua||03/01/1970||"2246 nw Irving"|Portland|FL|97210||Male|9176962604|"No Response"|0||0|0|0|1||0|Rose||||||||"SARS-CoV-2 (COVID-19)"|Antigen|97097-0|"SARS-CoV-2 Ag Upper resp Ql IA.rapid"|"Nasopharyngeal swab"|258500001|04/15/2022|Negative|260385009
182|4244|10D2214779||Zijnen|Theia-Lune||12/04/1991||"Rosen Centre Hotel"|Orlando|FL|09840||Female|+5994165722|"No Response"|1||0|0|0|0||0|Zijnen||||||||"SARS-CoV-2 (COVID-19)"|Antigen|97097-0|"SARS-CoV-2 Ag Upper resp Ql IA.rapid"|"Nasopharyngeal swab"|258500001|04/15/2022|Negative|260385009
183|4244|10D2214779||Matthew|Saskia||12/19/1983||"9840 International Drive"|Orlando|FL|32819||Female|7215238726|"No Response"|0||0|0|0|0||0|Matthew||||||||"SARS-CoV-2 (COVID-19)"|Antigen|97097-0|"SARS-CoV-2 Ag Upper resp Ql IA.rapid"|"Nasopharyngeal swab"|258500001|04/15/2022|Negative|260385009
184|4244|10D2214779||Rose|Akiva||06/28/2010||"2246 NW Irving st"|Portland|FL|97210||Male|9176962604|"No Response"|0||0|0|0|1||0|Rose||||||||"SARS-CoV-2 (COVID-19)"|Antigen|97097-0|"SARS-CoV-2 Ag Upper resp Ql IA.rapid"|"Nasopharyngeal swab"|258500001|04/15/2022|Negative|260385009
185|4244|10D2214779||Fant|Brianna||09/09/2008||"26832 provence dr"|calabasas|FL|91302||Female|8183243483|"No Response"|1||0|0|0|0||0|Fant||||||||"SARS-CoV-2 (COVID-19)"|Antigen|97097-0|"SARS-CoV-2 Ag Upper resp Ql IA.rapid"|"Nasopharyngeal swab"|258500001|04/15/2022|Negative|260385009
186|4244|10D2214779||Zagers|Robert||01/01/1970||"9840 international drive"|Orlando|FL|32819||Male|7863962445|"No Response"|1||0|0|0|0||0|Zagers||||||||"SARS-CoV-2 (COVID-19)"|Antigen|97097-0|"SARS-CoV-2 Ag Upper resp Ql IA.rapid"|"Nasopharyngeal swab"|258500001|04/15/2022|Negative|260385009
187|4244|10D2214779||Rose|Eliav||02/14/2008||Unknown|Unknown|FL|99999||Male|9176962604|"No Response"|1||0|0|0|0||0|Rose||||||||"SARS-CoV-2 (COVID-19)"|Antigen|97097-0|"SARS-CoV-2 Ag Upper resp Ql IA.rapid"|"Nasopharyngeal swab"|258500001|04/15/2022|Negative|260385009
188|4244|10D2214779||Blair|Sheldon||01/01/1970||"9840 international drive"|Orlando|FL|32819||Male|7863962445|"No Response"|0||0|0|0|0||0|Blair||||||||"SARS-CoV-2 (COVID-19)"|Antigen|97097-0|"SARS-CoV-2 Ag Upper resp Ql IA.rapid"|"Nasopharyngeal swab"|258500001|04/15/2022|Negative|260385009
189|4244|10D2214779||Hassell|Lisa||10/26/1974||"9840 international drive"|Orlando|FL|32819||Female|7863962445|"No Response"|1||0|0|0|0||0|Hassell||||||||"SARS-CoV-2 (COVID-19)"|Antigen|97097-0|"SARS-CoV-2 Ag Upper resp Ql IA.rapid"|"Nasopharyngeal swab"|258500001|04/15/2022|Negative|260385009
190|4244|10D2214779||Foushee|Isabella||10/04/2015||"6915 River Gate Court"|"Oak Ridge"|FL|27310||Female|2529161613|"No Response"|0||0|0|0|0||0|Foushee||||||||"SARS-CoV-2 (COVID-19)"|Antigen|97097-0|"SARS-CoV-2 Ag Upper resp Ql IA.rapid"|"Nasopharyngeal swab"|258500001|04/15/2022|Negative|260385009
191|4244|10D2214779||Gordillo|Ricardo||10/24/1976||Unknown|Unknown|FL|99999||Male|7863962445|"No Response"|0||0|0|0|0||1|Gordillo||||||||"SARS-CoV-2 (COVID-19)"|Antigen|97097-0|"SARS-CoV-2 Ag Upper resp Ql IA.rapid"|"Nasopharyngeal swab"|258500001|04/15/2022|Negative|260385009
192|4244|10D2214779||Schlotthauer|Caton||05/12/1987||"2200 NW 2nd ave"|"Ft lauderdale"|FL|33311||Male|2173418705|"No Response"|1||0|0|0|0||0|Schlotthauer||||||||"SARS-CoV-2 (COVID-19)"|Antigen|97097-0|"SARS-CoV-2 Ag Upper resp Ql IA.rapid"|"Nasopharyngeal swab"|258500001|04/15/2022|Negative|260385009
193|4244|10D2214779||Ogden|"Ava May"||11/05/2009||"8935 Zurich lane"|Kissimmee|FL|34747||Female|9999999999|"No Response"|1||0|0|0|0||0|Ogden||||||||"SARS-CoV-2 (COVID-19)"|PCR|94500-6|"SARS-CoV-2 RNA Resp Ql NAA+probe"|"Nasopharyngeal swab"|258500001|04/15/2022|Negative|260385009
194|4244|10D2214779||Ogden|Darcie||07/30/2018||"8935 Zurich Lane"|Kissimmee|FL|03474||Female|9999999999|"No Response"|1||0|0|0|0||0|Ogden||||||||"SARS-CoV-2 (COVID-19)"|PCR|94500-6|"SARS-CoV-2 RNA Resp Ql NAA+probe"|"Nasopharyngeal swab"|258500001|04/15/2022|Negative|260385009
195|4244|10D2214779||Brooks|Edward||07/15/1979||"527 Beaumont Circle"|"West Chester"|FL|19380||Male|4843653711|"No Response"|1||0|0|0|0||0|Brooks||||||||"SARS-CoV-2 (COVID-19)"|Antigen|97097-0|"SARS-CoV-2 Ag Upper resp Ql IA.rapid"|"Nasopharyngeal swab"|258500001|04/15/2022|Negative|260385009
196|4244|10D2214779||Lackey|Brian||12/28/1975||"1502 Wyoming Street"|"San Antonio"|FL|78203||Male|2102748954|"No Response"|1||0|0|0|0||0|Lackey||||||||"SARS-CoV-2 (COVID-19)"|Antigen|97097-0|"SARS-CoV-2 Ag Upper resp Ql IA.rapid"|"Nasopharyngeal swab"|258500001|04/15/2022|Negative|260385009
197|4244|10D2214779||Holder|Rhonda||04/04/1968||"414 Holder Rd"|Dubach|FL|71235||Female|3165190545|"No Response"|1||0|0|0|0||0|Holder||||||||"SARS-CoV-2 (COVID-19)"|Antigen|97097-0|"SARS-CoV-2 Ag Upper resp Ql IA.rapid"|"Nasopharyngeal swab"|258500001|04/15/2022|Negative|260385009
198|4244|10D2214779||Coyle|"Sophia Aura"||03/31/2012||Unknown|Unknown|FL|99999||Female|2424257489|"No Response"|0||0|0|0|0||1|Coyle||||||||"SARS-CoV-2 (COVID-19)"|Antigen|97097-0|"SARS-CoV-2 Ag Upper resp Ql IA.rapid"|"Nasopharyngeal swab"|258500001|04/15/2022|Negative|260385009
199|4244|10D2214779||COYLE|YIORGO||05/29/1987||"2975 Arabian Knights blvd"|Kissimmee|FL|99999||Male|9999999999|"No Response"|1||0|0|0|0||0|COYLE||||||||"SARS-CoV-2 (COVID-19)"|Antigen|97097-0|"SARS-CoV-2 Ag Upper resp Ql IA.rapid"|"Nasopharyngeal swab"|258500001|04/15/2022|Negative|260385009
200|4244|10D2214779||"Aldana Lopez"|"Ana Victoria"||03/19/2010||"8715 NW 3RD CT Plantation"|"Fort Lauderdale"|FL|33324||Female|9999999999|"No Response"|0||0|0|0|0||0|"Aldana Lopez"||||||||"SARS-CoV-2 (COVID-19)"|Antigen|97097-0|"SARS-CoV-2 Ag Upper resp Ql IA.rapid"|"Nasopharyngeal swab"|258500001|04/15/2022|Negative|260385009
201|4244|10D2214779||Lackey|Milton||08/24/1944||"221 Bienville Drive"|Gretna|FL|70056||Male|2102748954|"No Response"|1||0|0|0|0||0|Lackey||||||||"SARS-CoV-2 (COVID-19)"|Antigen|97097-0|"SARS-CoV-2 Ag Upper resp Ql IA.rapid"|"Nasopharyngeal swab"|258500001|04/15/2022|Negative|260385009
202|4244|10D2214779||Coyle|"Daniella Angelina"||11/24/2013||Unknown|Unknown|FL|99999||Female|2424257489|"No Response"|0||0|0|0|0||1|Coyle||||||||"SARS-CoV-2 (COVID-19)"|Antigen|97097-0|"SARS-CoV-2 Ag Upper resp Ql IA.rapid"|"Nasopharyngeal swab"|258500001|04/15/2022|Negative|260385009
203|4244|10D2214779||Mohamed|Tanya||07/31/1983||"2975 Arabian Knights blvd"|Kissimmee|FL|99999||Female|9999999999|"No Response"|0||0|0|0|1||0|Mohamed||||||||"SARS-CoV-2 (COVID-19)"|Antigen|97097-0|"SARS-CoV-2 Ag Upper resp Ql IA.rapid"|"Nasopharyngeal swab"|258500001|04/15/2022|Negative|260385009
204|4244|10D2214779||Schiavone|Enrica||10/05/1975||Unknown|Unknown|FL|99999||Female|9999999999|"No Response"|1||0|0|0|0||0|Schiavone||||||||"SARS-CoV-2 (COVID-19)"|Antigen|97097-0|"SARS-CoV-2 Ag Upper resp Ql IA.rapid"|"Nasopharyngeal swab"|258500001|04/15/2022|Negative|260385009
205|4244|10D2214779||Schiavone|Enrica||10/05/1975||Unknown|Unknown|FL|99999||Female|9999999999|"No Response"|1||0|0|0|0||0|Schiavone||||||||"SARS-CoV-2 (COVID-19)"|Antigen|97097-0|"SARS-CoV-2 Ag Upper resp Ql IA.rapid"|"Nasopharyngeal swab"|258500001|04/15/2022|Negative|260385009
206|4244|10D2214779||Lewis|Lisa||10/08/1969||"15 Audubon Road"|Wellesley|FL|02481||Female|5087409270|"No Response"|1||0|0|0|0||0|Lewis||||||||"SARS-CoV-2 (COVID-19)"|Antigen|97097-0|"SARS-CoV-2 Ag Upper resp Ql IA.rapid"|"Nasopharyngeal swab"|258500001|04/15/2022|Negative|260385009
207|4244|10D2214779||Morris-Jones|Sharon||04/14/1957||"428 Aztec Blvd"|Margate|FL|33068||Female|7202896032|"No Response"|0||0|0|0|0||0|Morris-Jones||||||||"SARS-CoV-2 (COVID-19)"|Antigen|97097-0|"SARS-CoV-2 Ag Upper resp Ql IA.rapid"|"Nasopharyngeal swab"|258500001|04/15/2022|Negative|260385009
208|4244|10D2214779||Shofner|"Nilsa Maria"||02/07/1941||Unknown|Unknown|FL|99999||Female|9547139956|"No Response"|0||0|0|0|0||1|Shofner||||||||"SARS-CoV-2 (COVID-19)"|PCR|94500-6|"SARS-CoV-2 RNA Resp Ql NAA+probe"|"Nasopharyngeal swab"|258500001|04/15/2022|Negative|260385009
209|4244|10D2214779||Morris|Keva||04/17/1976||"4146 Perth St."|Denver|FL|80249||Female|7209753122|"No Response"|0||0|0|0|1||0|Morris||||||||"SARS-CoV-2 (COVID-19)"|Antigen|97097-0|"SARS-CoV-2 Ag Upper resp Ql IA.rapid"|"Nasopharyngeal swab"|258500001|04/15/2022|Negative|260385009
210|4244|10D2214779||O’Toole|Karen||06/26/1944||"46 Briarwood Drive"|Westwood|FL|02090||Female|7812580139|"No Response"|1||0|0|0|0||0|O’Toole||||||||"SARS-CoV-2 (COVID-19)"|Antigen|97097-0|"SARS-CoV-2 Ag Upper resp Ql IA.rapid"|"Nasopharyngeal swab"|258500001|04/15/2022|Negative|260385009
211|4244|10D2214779||O’Toole|Karen||06/26/1944||"46 Briarwood Drive"|Westwood|FL|02090||Female|7812580139|"No Response"|1||0|0|0|0||0|O’Toole||||||||"SARS-CoV-2 (COVID-19)"|Antigen|97097-0|"SARS-CoV-2 Ag Upper resp Ql IA.rapid"|"Nasopharyngeal swab"|258500001|04/15/2022|Negative|260385009
212|4244|10D2214779||O’Toole|John||12/24/1943||"46 Briarwood Drive"|Westwood|FL|02090||Male|7812580138|"No Response"|1||0|0|0|0||0|O’Toole||||||||"SARS-CoV-2 (COVID-19)"|Antigen|97097-0|"SARS-CoV-2 Ag Upper resp Ql IA.rapid"|"Nasopharyngeal swab"|258500001|04/15/2022|Negative|260385009
213|4244|10D2214779||salib|sylvia||06/22/1973||Unknown|Unknown|FL|99999||Female|6132626258|"No Response"|1||0|0|0|0||0|salib||||||||"SARS-CoV-2 (COVID-19)"|Antigen|97097-0|"SARS-CoV-2 Ag Upper resp Ql IA.rapid"|"Nasopharyngeal swab"|258500001|04/15/2022|Negative|260385009
214|4244|10D2214779||"dominguez flores"|NORAH||05/05/1987||"1401 NW 103rd St Pinewood miami"|Miami|FL|33147||Female|9999999999|"No Response"|1||0|0|0|0||0|"dominguez flores"||||||||"SARS-CoV-2 (COVID-19)"|PCR|94500-6|"SARS-CoV-2 RNA Resp Ql NAA+probe"|"Nasopharyngeal swab"|258500001|04/15/2022|Positive|10828004
215|4244|10D2214779||Brown|"Carter Hall"||12/19/1997||Unknown|Unknown|FL|99999||Male|5125675760|"No Response"|0||0|0|0|0||1|Brown||||||||"SARS-CoV-2 (COVID-19)"|PCR|94500-6|"SARS-CoV-2 RNA Resp Ql NAA+probe"|"Nasopharyngeal swab"|258500001|04/15/2022|Negative|260385009
216|4244|10D2214779||Burke|Delisha||09/23/1983||Unknown|Unknown|FL|99999||Female|3402013369|"No Response"|0||0|0|0|0||0|Burke||||||||"SARS-CoV-2 (COVID-19)"|Antigen|97097-0|"SARS-CoV-2 Ag Upper resp Ql IA.rapid"|"Nasopharyngeal swab"|258500001|04/15/2022|Negative|260385009
217|4244|10D2214779||King|Gayle||05/04/1971||"1120 west State Road 84"|"Fort lauderdale"|FL|33315||Female|2434335145|"No Response"|0||0|0|0|1||0|King||||||||"SARS-CoV-2 (COVID-19)"|Antigen|97097-0|"SARS-CoV-2 Ag Upper resp Ql IA.rapid"|"Nasopharyngeal swab"|258500001|04/15/2022|Negative|260385009
218|4244|10D2214779||Schmiegelow|Delima||01/01/1970||Unknown|Unknown|FL|99999||Female|3402013369|"No Response"|0||0|0|0|0||0|Schmiegelow||||||||"SARS-CoV-2 (COVID-19)"|Antigen|97097-0|"SARS-CoV-2 Ag Upper resp Ql IA.rapid"|"Nasopharyngeal swab"|258500001|04/15/2022|Negative|260385009
219|4244|10D2214779||Herman|Dneia||01/01/1970||Unknown|Unknown|FL|99999||Female|3402013369|"No Response"|0||0|0|0|0||0|Herman||||||||"SARS-CoV-2 (COVID-19)"|Antigen|97097-0|"SARS-CoV-2 Ag Upper resp Ql IA.rapid"|"Nasopharyngeal swab"|258500001|04/15/2022|Negative|260385009
220|4244|10D2214779||Burke|Kylani||01/01/1970||Unknown|Unknown|FL|99999||Male|3402013369|"No Response"|0||0|0|0|0||0|Burke||||||||"SARS-CoV-2 (COVID-19)"|Antigen|97097-0|"SARS-CoV-2 Ag Upper resp Ql IA.rapid"|"Nasopharyngeal swab"|258500001|04/15/2022|Negative|260385009
221|4244|10D2214779||"Pey pla"|Regina||10/20/1986||"MARION DRIVE"|FORTLAUDERDALE|FL|33316||Female|9999999999|"No Response"|0||0|0|0|0||0|"Pey pla"||||||||"SARS-CoV-2 (COVID-19)"|Antigen|97097-0|"SARS-CoV-2 Ag Upper resp Ql IA.rapid"|"Nasopharyngeal swab"|258500001|04/15/2022|Negative|260385009
222|4244|10D2214779||Avrakhova|Ksenia||10/25/1994||"254 Pleasant St."|"Oak Park"|FL|60302||Female|9999999999|"No Response"|1||0|0|0|0||0|Avrakhova||||||||"SARS-CoV-2 (COVID-19)"|Antigen|97097-0|"SARS-CoV-2 Ag Upper resp Ql IA.rapid"|"Nasopharyngeal swab"|258500001|04/15/2022|Negative|260385009
223|4244|10D2214779||Kostin|Roman||01/01/1970||Unknown|Unknown|FL|99999||Male|6308739926|"No Response"|1||0|0|0|0||0|Kostin||||||||"SARS-CoV-2 (COVID-19)"|Antigen|97097-0|"SARS-CoV-2 Ag Upper resp Ql IA.rapid"|"Nasopharyngeal swab"|258500001|04/15/2022|Negative|260385009
224|4244|10D2214779||Blanc|Carole||01/17/1994||Unknown|Unknown|FL|99999||Female|9999999999|"No Response"|1||0|0|0|0||0|Blanc||||||||"SARS-CoV-2 (COVID-19)"|Antigen|97097-0|"SARS-CoV-2 Ag Upper resp Ql IA.rapid"|"Nasopharyngeal swab"|258500001|04/15/2022|Negative|260385009
225|4244|10D2214779||Malone|"James Joseph"||10/26/1978||Unknown|Unknown|FL|99999||Male|7863962445|"No Response"|0||0|0|0|0||1|Malone||||||||"SARS-CoV-2 (COVID-19)"|Antigen|97097-0|"SARS-CoV-2 Ag Upper resp Ql IA.rapid"|"Nasopharyngeal swab"|258500001|04/15/2022|Negative|260385009
226|4244|10D2214779||Malone|"Liam Michael"||05/28/2009||Unknown|Unknown|FL|99999||Male|7863962445|"No Response"|0||0|0|0|0||1|Malone||||||||"SARS-CoV-2 (COVID-19)"|Antigen|97097-0|"SARS-CoV-2 Ag Upper resp Ql IA.rapid"|"Nasopharyngeal swab"|258500001|04/15/2022|Negative|260385009
227|4244|10D2214779||Mahabir|"Rohan A"||01/24/1972||Unknown|Unknown|FL|99999||Male|9542457681|"No Response"|0||0|0|0|0||1|Mahabir||||||||"SARS-CoV-2 (COVID-19)"|Antigen|97097-0|"SARS-CoV-2 Ag Upper resp Ql IA.rapid"|"Nasopharyngeal swab"|258500001|04/15/2022|Negative|260385009
228|4244|10D2214779||Malone|"Megan Holly"||10/05/2003||Unknown|Unknown|FL|99999||Female|7863962445|"No Response"|0||0|0|0|0||1|Malone||||||||"SARS-CoV-2 (COVID-19)"|Antigen|97097-0|"SARS-CoV-2 Ag Upper resp Ql IA.rapid"|"Nasopharyngeal swab"|258500001|04/15/2022|Negative|260385009
229|4244|10D2214779||Malone|"Emma Louise"||04/27/1979||Unknown|Unknown|FL|99999||Female|7863962445|"No Response"|0||0|0|0|0||1|Malone||||||||"SARS-CoV-2 (COVID-19)"|Antigen|97097-0|"SARS-CoV-2 Ag Upper resp Ql IA.rapid"|"Nasopharyngeal swab"|258500001|04/15/2022|Negative|260385009
230|4244|10D2214779||Jackson|"Sandra Jean"||12/02/1953||Unknown|Unknown|FL|99999||Female|7863962445|"No Response"|0||0|0|0|0||1|Jackson||||||||"SARS-CoV-2 (COVID-19)"|Antigen|97097-0|"SARS-CoV-2 Ag Upper resp Ql IA.rapid"|"Nasopharyngeal swab"|258500001|04/15/2022|Negative|260385009
231|4244|10D2214779||Jackson|"Barry William"||03/15/1950||Unknown|Unknown|FL|99999||Male|7863962445|"No Response"|0||0|0|0|0||1|Jackson||||||||"SARS-CoV-2 (COVID-19)"|Antigen|97097-0|"SARS-CoV-2 Ag Upper resp Ql IA.rapid"|"Nasopharyngeal swab"|258500001|04/15/2022|Negative|260385009
232|4244|10D2214779||Mattison|James||03/09/1977||"1 Ridgewood rd"|"South Lyme"|FL|06376||Male|8602872551|"No Response"|1||0|0|0|0||0|Mattison||||||||"SARS-CoV-2 (COVID-19)"|PCR|94500-6|"SARS-CoV-2 RNA Resp Ql NAA+probe"|"Nasopharyngeal swab"|258500001|04/15/2022|Negative|260385009
233|4244|10D2214779||Unseld|Sarah||05/20/1980||"4111 s ocean dr"|Hollywood|FL|33019||Female|9999999999|"No Response"|1||0|0|0|0||0|Unseld||||||||"SARS-CoV-2 (COVID-19)"|Antigen|97097-0|"SARS-CoV-2 Ag Upper resp Ql IA.rapid"|"Nasopharyngeal swab"|258500001|04/15/2022|Negative|260385009
234|4244|10D2214779||Mills|Robert||10/08/1971||"3852 sabal dr"|Oviedo|FL|32765||Male|4074096866|"No Response"|1||0|0|0|0||0|Mills||||||||"SARS-CoV-2 (COVID-19)"|Antigen|97097-0|"SARS-CoV-2 Ag Upper resp Ql IA.rapid"|"Nasopharyngeal swab"|258500001|04/15/2022|Negative|260385009
235|4244|10D2214779||Karagianis|"Nicholas Robert"||09/06/2014||Unknown|Toronto|FL|99999||Male|7863962445|"No Response"|1||0|0|0|0||0|Karagianis||||||||"SARS-CoV-2 (COVID-19)"|Antigen|97097-0|"SARS-CoV-2 Ag Upper resp Ql IA.rapid"|"Nasopharyngeal swab"|258500001|04/15/2022|Negative|260385009
236|4244|10D2214779||Najimul|Md||10/15/1990||"1482 silver leaf dr"|Lakeland|FL|33813||Male|9999999999|"No Response"|0||0|1|0|0||0|Najimul||||||||"SARS-CoV-2 (COVID-19)"|PCR|94500-6|"SARS-CoV-2 RNA Resp Ql NAA+probe"|"Nasopharyngeal swab"|258500001|04/15/2022|Negative|260385009
237|4244|10D2214779||Rao|Aaron||06/26/2019||"19600 NE 19th Avenue"|"North Miami Beach, FL"|FL|33179||Male|9999999999|"No Response"|0||0|0|0|0||0|Rao||||||||"SARS-CoV-2 (COVID-19)"|Antigen|97097-0|"SARS-CoV-2 Ag Upper resp Ql IA.rapid"|"Nasopharyngeal swab"|258500001|04/15/2022|Positive|10828004
238|4244|10D2214779||Collins|Casey||01/20/1969||"24652 Calusa Blvd."|Eustis|FL|32736||Male|9548016123|"No Response"|1||0|0|0|0||0|Collins||||||||"SARS-CoV-2 (COVID-19)"|Antigen|97097-0|"SARS-CoV-2 Ag Upper resp Ql IA.rapid"|"Nasopharyngeal swab"|258500001|04/15/2022|Negative|260385009
239|4244|10D2214779||Schlotthauer|Caton||05/12/1987||"2200 NW 2nd Ave"|"Ft Lauderdale"|FL|33311||Male|2173418705|"No Response"|1||0|0|0|0||0|Schlotthauer||||||||"SARS-CoV-2 (COVID-19)"|Antigen|97097-0|"SARS-CoV-2 Ag Upper resp Ql IA.rapid"|"Nasopharyngeal swab"|258500001|04/15/2022|Negative|260385009
240|4244|10D2214779||Schlotthauer|Caton||05/12/1987||"2200 NW 2nd ave"|"Ft lauderdale"|FL|33311||Male|2173418705|"No Response"|1||0|0|0|0||0|Schlotthauer||||||||"SARS-CoV-2 (COVID-19)"|Antigen|97097-0|"SARS-CoV-2 Ag Upper resp Ql IA.rapid"|"Nasopharyngeal swab"|258500001|04/15/2022|Negative|260385009
241|4244|10D2214779||Waterstone|Sherrie||01/25/1959||"448 SW Sundance Trail"|"Port St. Lucie"|FL|34953||Female|2486721611|"No Response"|1||0|0|0|0||0|Waterstone||||||||"SARS-CoV-2 (COVID-19)"|Antigen|97097-0|"SARS-CoV-2 Ag Upper resp Ql IA.rapid"|"Nasopharyngeal swab"|258500001|04/15/2022|Negative|260385009
242|4244|10D2214779||Schwartz|John||11/23/1951||"448 SW Sundance Trail"|"Port St. Lucie"|FL|34953||Male|2486721611|"No Response"|1||0|0|0|0||0|Schwartz||||||||"SARS-CoV-2 (COVID-19)"|Antigen|97097-0|"SARS-CoV-2 Ag Upper resp Ql IA.rapid"|"Nasopharyngeal swab"|258500001|04/15/2022|Negative|260385009
243|4244|10D2214779||Schlotthauer|Caton||05/12/1987||"2200 NW 2nd ave"|"Ft lauderdale"|FL|33311||Male|2173418705|"No Response"|1||0|0|0|0||0|Schlotthauer||||||||"SARS-CoV-2 (COVID-19)"|Antigen|97097-0|"SARS-CoV-2 Ag Upper resp Ql IA.rapid"|"Nasopharyngeal swab"|258500001|04/15/2022|Negative|260385009
244|4244|10D2214779||Collins|Casey||01/20/1969||"24652 Calusa Blvd."|Eustis|FL|32736||Male|9548016123|"No Response"|1||0|0|0|0||0|Collins||||||||"SARS-CoV-2 (COVID-19)"|Antigen|97097-0|"SARS-CoV-2 Ag Upper resp Ql IA.rapid"|"Nasopharyngeal swab"|258500001|04/15/2022|Negative|260385009
