RecordID|FacilityID|CLIAID|PatientID|LastName|FirstName|MiddleName|DOB|SSN|StreetAddress|City|State|Zip|County|Gender|PhoneNumber|Ethnicity|RaceWhite|RaceBlack|RaceAmericanIndianAlaskanNative|RaceAsian|RaceNativeHawaiianOrOtherPacificIslander|RaceOther|RaceUnknown|RaceNoResponse|ProviderName|NPI|Pregnant|SchoolAssociation|SchoolName|MeetILIDefinition|PerformingLab|AccessionNumber|Pathogen|TestType|LOINC|LOINCShortName|SpecimenCollectionType|SpecimenSNOMED|SpecimenCollectedDate|Result|ResultSNOMED
1|4244|10D2214779||McDavid|Michael||02/23/1964||"54 , Cross Pond Rd"|"Pound Ridge"|FL|10576||Male|3055422951|"No Response"|0||0|0|0|1||0|McDavid||||||||"SARS-CoV-2 (COVID-19)"|PCR|94500-6|"SARS-CoV-2 RNA Resp Ql NAA+probe"|"Nasopharyngeal swab"|258500001|04/18/2022|Negative|260385009
2|4244|10D2214779||McDavid|Michael||02/23/1964||"54 Cross Pond Road"|"Pound Ridge"|FL|10576||Male|3055422951|"No Response"|0||0|0|0|1||0|McDavid||||||||"SARS-CoV-2 (COVID-19)"|PCR|94500-6|"SARS-CoV-2 RNA Resp Ql NAA+probe"|"Nasopharyngeal swab"|258500001|04/18/2022|Negative|260385009
3|4244|10D2214779||McDavid|Michael||02/23/1964||Unknown|Unknown|FL|99999||Male|3055422951|"No Response"|0||0|0|0|1||0|McDavid||||||||"SARS-CoV-2 (COVID-19)"|PCR|94500-6|"SARS-CoV-2 RNA Resp Ql NAA+probe"|"Nasopharyngeal swab"|258500001|04/18/2022|Negative|260385009
4|4244|10D2214779||Rezende|Andre||01/14/1975||Unknown|Unknown|FL|99999||Male|9999999999|"No Response"|0||0|0|0|0||0|Rezende||||||||"SARS-CoV-2 (COVID-19)"|Antigen|97097-0|"SARS-CoV-2 Ag Upper resp Ql IA.rapid"|"Nasopharyngeal swab"|258500001|04/18/2022|Negative|260385009
5|4244|10D2214779||Rezende|Andre||01/14/1975||Unknown|Unknown|FL|99999||Male|9999999999|"No Response"|0||0|0|0|0||0|Rezende||||||||"SARS-CoV-2 (COVID-19)"|Antigen|97097-0|"SARS-CoV-2 Ag Upper resp Ql IA.rapid"|"Nasopharyngeal swab"|258500001|04/18/2022|Negative|260385009
6|4244|10D2214779||Desai|Jagannath||07/12/1979||Unknown|Unknown|FL|99999||Male|7863962445|"No Response"|0||0|0|0|1||0|Desai||||||||"SARS-CoV-2 (COVID-19)"|PCR|94500-6|"SARS-CoV-2 RNA Resp Ql NAA+probe"|"Nasopharyngeal swab"|258500001|04/18/2022|Negative|260385009
7|4244|10D2214779||Desai|Jagannath||07/12/1979||Unknown|Unknown|FL|99999||Male|7863962445|"No Response"|0||0|0|0|1||0|Desai||||||||"SARS-CoV-2 (COVID-19)"|PCR|94500-6|"SARS-CoV-2 RNA Resp Ql NAA+probe"|"Nasopharyngeal swab"|258500001|04/18/2022|Negative|260385009
8|4244|10D2214779||Paquette|Andrew||04/23/1981||"129 old meadow way"|"Palm Beach Gardens"|FL|33418||Male|2144996603|"No Response"|1||0|0|0|0||0|Paquette||||||||"SARS-CoV-2 (COVID-19)"|Antigen|97097-0|"SARS-CoV-2 Ag Upper resp Ql IA.rapid"|"Nasopharyngeal swab"|258500001|04/18/2022|Negative|260385009
9|4244|10D2214779||Wells|Soraya||09/28/2009||"11543 Yukon St. NW"|"Coon Rapids"|FL|55433||Female|2423765306|"No Response"|0||0|0|0|1||0|Wells||||||||"SARS-CoV-2 (COVID-19)"|PCR|94500-6|"SARS-CoV-2 RNA Resp Ql NAA+probe"|"Nasopharyngeal swab"|258500001|04/18/2022|Negative|260385009
10|4244|10D2214779||Rezende|Andre||01/14/1975||"Avenida Beira Mar 2270"|Fortaleza|FL|60165||Male|9999999999|"No Response"|0||0|0|0|0||0|Rezende||||||||"SARS-CoV-2 (COVID-19)"|Antigen|97097-0|"SARS-CoV-2 Ag Upper resp Ql IA.rapid"|"Nasopharyngeal swab"|258500001|04/18/2022|Negative|260385009
11|4244|10D2214779||Garcia|Maikol||01/22/1998||"341 ponte vedra rd"|"Palm Springs"|FL|33461||Male|5617135916|"No Response"|0||0|0|0|0||0|Garcia||||||||"SARS-CoV-2 (COVID-19)"|Antigen|97097-0|"SARS-CoV-2 Ag Upper resp Ql IA.rapid"|"Nasopharyngeal swab"|258500001|04/18/2022|Negative|260385009
12|4244|10D2214779||UBIERA|AURA||08/06/1966||"87 STOCKHOLM STREET"|BROOKLYN|FL|11217||Female|7187445783|"No Response"|0||0|0|0|0||0|UBIERA||||||||"SARS-CoV-2 (COVID-19)"|PCR|94500-6|"SARS-CoV-2 RNA Resp Ql NAA+probe"|"Nasopharyngeal swab"|258500001|04/18/2022|Negative|260385009
13|4244|10D2214779||Ghaderi|Amir||10/29/1970||Unknown|Unknown|FL|99999||Male|+4793651639|"No Response"|0||0|1|0|0||0|Ghaderi||||||||"SARS-CoV-2 (COVID-19)"|Antigen|97097-0|"SARS-CoV-2 Ag Upper resp Ql IA.rapid"|"Nasopharyngeal swab"|258500001|04/18/2022|Negative|260385009
14|4244|10D2214779||Ghaderi|Amir||10/29/1970||Unknown|Unknown|FL|99999||Male|+4793651639|"No Response"|0||0|1|0|0||0|Ghaderi||||||||"SARS-CoV-2 (COVID-19)"|Antigen|97097-0|"SARS-CoV-2 Ag Upper resp Ql IA.rapid"|"Nasopharyngeal swab"|258500001|04/18/2022|Negative|260385009
15|4244|10D2214779||"Sarachu Rovira"|"Antonio Maria"||08/19/1959||Unknown|Unknown|FL|99999||Male|9999999999|"No Response"|0||0|0|0|0||1|"Sarachu Rovira"||||||||"SARS-CoV-2 (COVID-19)"|Antigen|97097-0|"SARS-CoV-2 Ag Upper resp Ql IA.rapid"|"Nasopharyngeal swab"|258500001|04/18/2022|Negative|260385009
16|4244|10D2214779||Amow|"Karena M"||11/10/1962||"1775 Bonnaventure Blvd"|Westin|FL|33326||Female|7685377564|"No Response"|0||0|0|0|1||0|Amow||||||||"SARS-CoV-2 (COVID-19)"|Antigen|97097-0|"SARS-CoV-2 Ag Upper resp Ql IA.rapid"|"Nasopharyngeal swab"|258500001|04/18/2022|Negative|260385009
17|4244|10D2214779||Amow|"Karena M"||11/10/1962||"1775 Bonnaventure Blvd"|Westin|FL|33326||Female|7685377564|"No Response"|0||0|0|0|1||0|Amow||||||||"SARS-CoV-2 (COVID-19)"|Antigen|97097-0|"SARS-CoV-2 Ag Upper resp Ql IA.rapid"|"Nasopharyngeal swab"|258500001|04/18/2022|Negative|260385009
18|4244|10D2214779||McDavid|Michael||02/23/1964||Unknown|Unknown|FL|99999||Male|3055422951|"No Response"|0||0|0|0|1||0|McDavid||||||||"SARS-CoV-2 (COVID-19)"|PCR|94500-6|"SARS-CoV-2 RNA Resp Ql NAA+probe"|"Nasopharyngeal swab"|258500001|04/18/2022|Negative|260385009
