RecordID|FacilityID|CLIAID|PatientID|LastName|FirstName|MiddleName|DOB|SSN|StreetAddress|City|State|Zip|County|Gender|PhoneNumber|Ethnicity|RaceWhite|RaceBlack|RaceAmericanIndianAlaskanNative|RaceAsian|RaceNativeHawaiianOrOtherPacificIslander|RaceOther|RaceUnknown|RaceNoResponse|ProviderName|NPI|Pregnant|SchoolAssociation|SchoolName|MeetILIDefinition|PerformingLab|AccessionNumber|Pathogen|TestType|LOINC|LOINCShortName|SpecimenCollectionType|SpecimenSNOMED|SpecimenCollectedDate|Result|ResultSNOMED
1|4244|10D2214779||Loukas|Claire||01/04/1977||"9065 Dundee Drive"|"Lake Worth"|FL|33467||Female|5615435206|"No Response"|1||0|0|0|0||0|Loukas||||||||"SARS-CoV-2 (COVID-19)"|PCR|94500-6|"SARS-CoV-2 RNA Resp Ql NAA+probe"|"Nasopharyngeal swab"|258500001|04/13/2022|Negative|260385009
2|4244|10D2214779||Blum|Margaret||08/21/1951||"1800 NE 40TH CT APT 201"|"Pompano Beach"|FL|33064||Female|6127497896|"No Response"|1||0|0|0|0||0|Blum||||||||"SARS-CoV-2 (COVID-19)"|Antigen|97097-0|"SARS-CoV-2 Ag Upper resp Ql IA.rapid"|"Nasopharyngeal swab"|258500001|04/13/2022|Negative|260385009
3|4244|10D2214779||Mills|Prince||03/11/1955||"8961 Randal Park Blvd"|Orlando|FL|32832||Male|3143652790|"No Response"|0||0|0|0|0||0|Mills||||||||"SARS-CoV-2 (COVID-19)"|Antigen|97097-0|"SARS-CoV-2 Ag Upper resp Ql IA.rapid"|"Nasopharyngeal swab"|258500001|04/13/2022|Negative|260385009
4|4244|10D2214779||Schedlbauer|Martin||08/30/1966||"8457 CocoPlum Sound Ln"|"Royal Palm Beach"|FL|33411||Male|9783985328|"No Response"|1||0|0|0|0||0|Schedlbauer||||||||"SARS-CoV-2 (COVID-19)"|Antigen|97097-0|"SARS-CoV-2 Ag Upper resp Ql IA.rapid"|"Nasopharyngeal swab"|258500001|04/13/2022|Negative|260385009
5|4244|10D2214779||Sanders|Robert||08/06/1949||"2155 Camden Loop"|Davenport|FL|33837||Male|8635125669|"No Response"|1||0|0|0|0||0|Sanders||||||||"SARS-CoV-2 (COVID-19)"|Antigen|97097-0|"SARS-CoV-2 Ag Upper resp Ql IA.rapid"|"Nasopharyngeal swab"|258500001|04/13/2022|Negative|260385009
6|4244|10D2214779||Sanders|Diane||05/31/1951||"2155 Camden Loop"|Davenport|FL|33837||Female|8635125660|"No Response"|1||0|0|0|0||0|Sanders||||||||"SARS-CoV-2 (COVID-19)"|Antigen|97097-0|"SARS-CoV-2 Ag Upper resp Ql IA.rapid"|"Nasopharyngeal swab"|258500001|04/13/2022|Negative|260385009
7|4244|10D2214779||Mills|Prince||03/11/1955||"8961 Randal Park Blvd"|Orlando|FL|32832||Male|3143652790|"No Response"|0||0|0|0|0||0|Mills||||||||"SARS-CoV-2 (COVID-19)"|Antigen|97097-0|"SARS-CoV-2 Ag Upper resp Ql IA.rapid"|"Nasopharyngeal swab"|258500001|04/13/2022|Negative|260385009
8|4244|10D2214779||Rohrig|Lindsey||03/31/1981||"801 South Olive Ave , Apt 1511"|"West Palm Beach"|FL|33401||Female|2026697041|"No Response"|1||0|0|0|0||0|Rohrig||||||||"SARS-CoV-2 (COVID-19)"|Antigen|97097-0|"SARS-CoV-2 Ag Upper resp Ql IA.rapid"|"Nasopharyngeal swab"|258500001|04/13/2022|Negative|260385009
9|4244|10D2214779||Boucher|Elizabeth||02/27/1997||"11225 47th road north"|"West palm beach"|FL|33411||Female|7863962445|"No Response"|1||0|0|0|0||0|Boucher||||||||"SARS-CoV-2 (COVID-19)"|Antigen|97097-0|"SARS-CoV-2 Ag Upper resp Ql IA.rapid"|"Nasopharyngeal swab"|258500001|04/13/2022|Negative|260385009
10|4244|10D2214779||Ramdhan|Alister||12/29/1991||Unknown|"San Fernando"|FL|00000||Male|8639936551|"No Response"|0||0|0|0|1||0|Ramdhan||||||||"SARS-CoV-2 (COVID-19)"|Antigen|97097-0|"SARS-CoV-2 Ag Upper resp Ql IA.rapid"|"Nasopharyngeal swab"|258500001|04/13/2022|Negative|260385009
11|4244|10D2214779||Ramdhan|Alister||12/29/1991||Unknown|"San Fernando"|FL|00000||Male|8639936551|"No Response"|0||0|0|0|1||0|Ramdhan||||||||"SARS-CoV-2 (COVID-19)"|Antigen|97097-0|"SARS-CoV-2 Ag Upper resp Ql IA.rapid"|"Nasopharyngeal swab"|258500001|04/13/2022|Negative|260385009
12|4244|10D2214779||Rohrig|Lindsey||03/31/1981||"801 South Olive Ave apt. 1511"|"West Palm Beach"|FL|33401||Female|2026697041|"No Response"|1||0|0|0|0||0|Rohrig||||||||"SARS-CoV-2 (COVID-19)"|Antigen|97097-0|"SARS-CoV-2 Ag Upper resp Ql IA.rapid"|"Nasopharyngeal swab"|258500001|04/13/2022|Negative|260385009
13|4244|10D2214779||Mills|Prince||03/11/1955||"8961 Randal Park Blvd"|Orlando|FL|32832||Male|3143652790|"No Response"|0||0|0|0|0||0|Mills||||||||"SARS-CoV-2 (COVID-19)"|Antigen|97097-0|"SARS-CoV-2 Ag Upper resp Ql IA.rapid"|"Nasopharyngeal swab"|258500001|04/13/2022|Negative|260385009
14|4244|10D2214779||Mulchan|Gary||07/19/1964||"9382 mustard leaf dr"|Orlando|FL|32827||Male|5162500676|"No Response"|0||0|1|0|0||0|Mulchan||||||||"SARS-CoV-2 (COVID-19)"|Antigen|97097-0|"SARS-CoV-2 Ag Upper resp Ql IA.rapid"|"Nasopharyngeal swab"|258500001|04/13/2022|Negative|260385009
15|4244|10D2214779||"Al Ibrahim"|Khalid||07/23/1973||"7425 Gathering Court"|Reunion|FL|34747||Male|4079890027|"No Response"|1||0|0|0|0||0|"Al Ibrahim"||||||||"SARS-CoV-2 (COVID-19)"|PCR|94500-6|"SARS-CoV-2 RNA Resp Ql NAA+probe"|"Nasopharyngeal swab"|258500001|04/12/2022|Negative|260385009
16|4244|10D2214779||Bartholomeus|Phreadalienne||05/27/1993||Unknown|"Willemstad, Curacao"|FL|99999||Female|9999999999|"No Response"|0||0|0|0|1||0|Bartholomeus||||||||"SARS-CoV-2 (COVID-19)"|Antigen|97097-0|"SARS-CoV-2 Ag Upper resp Ql IA.rapid"|"Nasopharyngeal swab"|258500001|04/13/2022|Negative|260385009
17|4244|10D2214779||Joliste|Francois||03/22/1971||"908 NW 79 St apt4"|Miami|FL|33150||Male|7864452533|"No Response"|0||0|0|0|0||0|Joliste||||||||"SARS-CoV-2 (COVID-19)"|Antigen|97097-0|"SARS-CoV-2 Ag Upper resp Ql IA.rapid"|"Nasopharyngeal swab"|258500001|04/13/2022|Negative|260385009
18|4244|10D2214779||Mills|Prince||03/11/1955||"8961 Randal Park Blvd"|Orlando|FL|32832||Male|3143652790|"No Response"|0||0|0|0|0||0|Mills||||||||"SARS-CoV-2 (COVID-19)"|Antigen|97097-0|"SARS-CoV-2 Ag Upper resp Ql IA.rapid"|"Nasopharyngeal swab"|258500001|04/13/2022|Negative|260385009
19|4244|10D2214779||Bowie|"Kathleen Patricia"||09/08/1975||"7720 BETA CIR"|"WEST PALM BEACH"|FL|33406||Female|5617135656|"No Response"|1||0|0|0|0||0|Bowie||||||||"SARS-CoV-2 (COVID-19)"|PCR|94500-6|"SARS-CoV-2 RNA Resp Ql NAA+probe"|"Nasopharyngeal swab"|258500001|04/13/2022|Negative|260385009
20|4244|10D2214779||Sivagnanam|Lyn||01/27/1954||"4832 Esedra Court # 308"|"Lake Worth"|FL|33467||Female|8023458519|"No Response"|1||0|0|0|0||0|Sivagnanam||||||||"SARS-CoV-2 (COVID-19)"|Antigen|97097-0|"SARS-CoV-2 Ag Upper resp Ql IA.rapid"|"Nasopharyngeal swab"|258500001|04/13/2022|Negative|260385009
21|4244|10D2214779||Mould|Emily||08/01/2013||"Disney Port Orleans Riverside Hotel, 1251 Riverside Drive"|"Lake Buena Vista"|FL|32830||Female|9999999999|"No Response"|1||0|0|0|0||0|Mould||||||||"SARS-CoV-2 (COVID-19)"|Antigen|97097-0|"SARS-CoV-2 Ag Upper resp Ql IA.rapid"|"Nasopharyngeal swab"|258500001|04/13/2022|Negative|260385009
22|4244|10D2214779||Mould|Olivia||04/16/2016||"Disney Port Orleans Riverside Hotel, 1251 Riverside Drive"|"Lake Buena Vista"|FL|32830||Female|9999999999|"No Response"|1||0|0|0|0||0|Mould||||||||"SARS-CoV-2 (COVID-19)"|Antigen|97097-0|"SARS-CoV-2 Ag Upper resp Ql IA.rapid"|"Nasopharyngeal swab"|258500001|04/13/2022|Negative|260385009
23|4244|10D2214779||Schedlbauer|Martin||08/30/1966||"7750 Okeechobee Blvd, Apt 4-590"|"West Palm Beach"|FL|33411||Male|9783985328|"No Response"|1||0|0|0|0||0|Schedlbauer||||||||"SARS-CoV-2 (COVID-19)"|Antigen|97097-0|"SARS-CoV-2 Ag Upper resp Ql IA.rapid"|"Nasopharyngeal swab"|258500001|04/13/2022|Negative|260385009
24|4244|10D2214779||Loukas|Claire||01/04/1977||"9065 Dundee Drive"|"Lake Worth"|FL|33467||Female|5615435206|"No Response"|1||0|0|0|0||0|Loukas||||||||"SARS-CoV-2 (COVID-19)"|PCR|94500-6|"SARS-CoV-2 RNA Resp Ql NAA+probe"|"Nasopharyngeal swab"|258500001|04/13/2022|Negative|260385009
25|4244|10D2214779||Williams|Martin||11/29/1957||"938 Lake Berkly Drive"|Kissimmee|FL|34746||Male|9999999999|"No Response"|1||0|0|0|0||0|Williams||||||||"SARS-CoV-2 (COVID-19)"|Antigen|97097-0|"SARS-CoV-2 Ag Upper resp Ql IA.rapid"|"Nasopharyngeal swab"|258500001|04/13/2022|Negative|260385009
26|4244|10D2214779||Williams|Patricia||09/21/1961||"938 Lake Berkly Drive"|Kissimmee|FL|34746||Female|9999999999|"No Response"|1||0|0|0|0||0|Williams||||||||"SARS-CoV-2 (COVID-19)"|Antigen|97097-0|"SARS-CoV-2 Ag Upper resp Ql IA.rapid"|"Nasopharyngeal swab"|258500001|04/13/2022|Negative|260385009
27|4244|10D2214779||Hofmeyer|Charlotte||02/21/1940||"1331 NE 27 Way"|"Pompano Beach"|FL|33062||Female|7862394459|"No Response"|1||0|0|0|0||0|Hofmeyer||||||||"SARS-CoV-2 (COVID-19)"|Antigen|97097-0|"SARS-CoV-2 Ag Upper resp Ql IA.rapid"|"Nasopharyngeal swab"|258500001|04/13/2022|Negative|260385009
28|4244|10D2214779||Smith|Daphanie||03/05/1975||"5301 nw 36 street"|"Miami, Fl"|FL|33166||Female|2424279738|"No Response"|0||0|0|0|0||0|Smith||||||||"SARS-CoV-2 (COVID-19)"|Antigen|97097-0|"SARS-CoV-2 Ag Upper resp Ql IA.rapid"|"Nasopharyngeal swab"|258500001|04/13/2022|Negative|260385009
29|4244|10D2214779||Hofmeyer|Arthur||12/25/1934||"1331 NE 27 Way"|"Pompano Beach"|FL|33062||Male|7862394459|"No Response"|1||0|0|0|0||0|Hofmeyer||||||||"SARS-CoV-2 (COVID-19)"|Antigen|97097-0|"SARS-CoV-2 Ag Upper resp Ql IA.rapid"|"Nasopharyngeal swab"|258500001|04/13/2022|Negative|260385009
30|4244|10D2214779||Ferguson|Edward||07/23/1995||"5301 nw 36 street"|"Miami, Fl"|FL|33166||Male|2428077705|"No Response"|0||0|0|0|0||0|Ferguson||||||||"SARS-CoV-2 (COVID-19)"|Antigen|97097-0|"SARS-CoV-2 Ag Upper resp Ql IA.rapid"|"Nasopharyngeal swab"|258500001|04/13/2022|Negative|260385009
31|4244|10D2214779||Hoad|Christopher||01/01/1970||"900 Brickel Key boulevard, unit 3302"|Miami|FL|33131||Male|2462442311|"No Response"|1||0|0|0|0||0|Hoad||||||||"SARS-CoV-2 (COVID-19)"|Antigen|97097-0|"SARS-CoV-2 Ag Upper resp Ql IA.rapid"|"Nasopharyngeal swab"|258500001|04/13/2022|Negative|260385009
32|4244|10D2214779||Opper|Phyllis||11/29/1945||"23981 Romero"|"Flat Rock"|FL|48134||Female|3133782203|"No Response"|1||0|0|0|0||0|Opper||||||||"SARS-CoV-2 (COVID-19)"|Antigen|97097-0|"SARS-CoV-2 Ag Upper resp Ql IA.rapid"|"Nasopharyngeal swab"|258500001|04/13/2022|Negative|260385009
33|4244|10D2214779||Hoad|Melissa||11/22/1985||"900 Brickel Key Boulevard. Unit 3302"|Miami|FL|33131||Female|2462439339|"No Response"|1||0|0|0|0||0|Hoad||||||||"SARS-CoV-2 (COVID-19)"|Antigen|97097-0|"SARS-CoV-2 Ag Upper resp Ql IA.rapid"|"Nasopharyngeal swab"|258500001|04/13/2022|Negative|260385009
34|4244|10D2214779||Rohrig|Lindsey||03/31/1981||"801 South Olive Ave #1511"|"West Palm Beach"|FL|33401||Female|2026697041|"No Response"|1||0|0|0|0||0|Rohrig||||||||"SARS-CoV-2 (COVID-19)"|Antigen|97097-0|"SARS-CoV-2 Ag Upper resp Ql IA.rapid"|"Nasopharyngeal swab"|258500001|04/13/2022|Negative|260385009
35|4244|10D2214779||Ramdhan|Alister||12/29/1991||Unknown|Unknown|FL|99999||Male|8639936551|"No Response"|0||0|0|0|1||0|Ramdhan||||||||"SARS-CoV-2 (COVID-19)"|Antigen|97097-0|"SARS-CoV-2 Ag Upper resp Ql IA.rapid"|"Nasopharyngeal swab"|258500001|04/13/2022|Negative|260385009
36|4244|10D2214779||Cubbage|Andrew||08/24/1957||"Crowne Plaza Ft Lauderdale Airport Cruise, 455 State Road 84"|"Fort Lauderdale"|FL|33316||Male|9999999999|"No Response"|1||0|0|0|0||0|Cubbage||||||||"SARS-CoV-2 (COVID-19)"|Antigen|97097-0|"SARS-CoV-2 Ag Upper resp Ql IA.rapid"|"Nasopharyngeal swab"|258500001|04/13/2022|Negative|260385009
37|4244|10D2214779||Cain|Trisha||04/17/1979||"8402 Jerlyn Street"|"Las Vegas"|FL|89113||Female|7025015677|"No Response"|1||0|0|0|0||0|Cain||||||||"SARS-CoV-2 (COVID-19)"|Antigen|97097-0|"SARS-CoV-2 Ag Upper resp Ql IA.rapid"|"Nasopharyngeal swab"|258500001|04/13/2022|Negative|260385009
38|4244|10D2214779||Butcher|John||02/03/1947||"3019 White Orchid Road"|Kissimmee|FL|34747||Male|9999999999|"No Response"|1||0|0|0|0||0|Butcher||||||||"SARS-CoV-2 (COVID-19)"|Antigen|97097-0|"SARS-CoV-2 Ag Upper resp Ql IA.rapid"|"Nasopharyngeal swab"|258500001|04/13/2022|Negative|260385009
39|4244|10D2214779||Butcher|John||02/03/1947||"3019 White Orchid Road"|Kissimmee|FL|34747||Male|9999999999|"No Response"|1||0|0|0|0||0|Butcher||||||||"SARS-CoV-2 (COVID-19)"|Antigen|97097-0|"SARS-CoV-2 Ag Upper resp Ql IA.rapid"|"Nasopharyngeal swab"|258500001|04/13/2022|Negative|260385009
40|4244|10D2214779||Ramcharitar|Aruna||01/01/1970||"8095 Pequod Place"|Kissimmee|FL|34746||Female|18687767400|"No Response"|0||0|0|0|1||0|Ramcharitar||||||||"SARS-CoV-2 (COVID-19)"|Antigen|97097-0|"SARS-CoV-2 Ag Upper resp Ql IA.rapid"|"Nasopharyngeal swab"|258500001|04/13/2022|Negative|260385009
41|4244|10D2214779||Ramcharitar|Ana||12/08/2014||"8095 Pequod Place"|Kissimmee|FL|34746||Female|18687767400|"No Response"|0||0|0|0|1||0|Ramcharitar||||||||"SARS-CoV-2 (COVID-19)"|Antigen|97097-0|"SARS-CoV-2 Ag Upper resp Ql IA.rapid"|"Nasopharyngeal swab"|258500001|04/13/2022|Negative|260385009
42|4244|10D2214779||Ramcharitar|Amelia||01/17/2017||"3095 Pequod Place"|Kissimmee|FL|34746||Female|18687767400|"No Response"|0||0|0|0|1||0|Ramcharitar||||||||"SARS-CoV-2 (COVID-19)"|Antigen|97097-0|"SARS-CoV-2 Ag Upper resp Ql IA.rapid"|"Nasopharyngeal swab"|258500001|04/13/2022|Negative|260385009
43|4244|10D2214779||Bhagwat|Narine||02/18/1952||"3095 Pequod Place"|Kissimmee|FL|34746||Male|18687767400|"No Response"|0||0|0|0|1||0|Bhagwat||||||||"SARS-CoV-2 (COVID-19)"|Antigen|97097-0|"SARS-CoV-2 Ag Upper resp Ql IA.rapid"|"Nasopharyngeal swab"|258500001|04/13/2022|Negative|260385009
44|4244|10D2214779||Bhagwat|Leela||06/09/1956||"3095 Pequod Place"|Kissimmee|FL|34746||Female|18687767400|"No Response"|0||0|0|0|1||0|Bhagwat||||||||"SARS-CoV-2 (COVID-19)"|Antigen|97097-0|"SARS-CoV-2 Ag Upper resp Ql IA.rapid"|"Nasopharyngeal swab"|258500001|04/13/2022|Negative|260385009
45|4244|10D2214779||Burgess|"Darcy Eloise"||10/01/2013||"19531 gulf drive"|"Indian shores"|FL|33785||Female|9053912335|"No Response"|1||0|0|0|0||0|Burgess||||||||"SARS-CoV-2 (COVID-19)"|Antigen|97097-0|"SARS-CoV-2 Ag Upper resp Ql IA.rapid"|"Nasopharyngeal swab"|258500001|04/13/2022|Negative|260385009
46|4244|10D2214779||Boucher|Elizabeth||02/27/1997||"11225 47th rd n"|"West palm beach"|FL|33411||Female|7863962445|"No Response"|1||0|0|0|0||0|Boucher||||||||"SARS-CoV-2 (COVID-19)"|Antigen|97097-0|"SARS-CoV-2 Ag Upper resp Ql IA.rapid"|"Nasopharyngeal swab"|258500001|04/13/2022|Negative|260385009
47|4244|10D2214779||Sanders|Robert||08/06/1949||"2155 Camden Loop"|Davenport|FL|33837||Male|8635125669|"No Response"|1||0|0|0|0||0|Sanders||||||||"SARS-CoV-2 (COVID-19)"|Antigen|97097-0|"SARS-CoV-2 Ag Upper resp Ql IA.rapid"|"Nasopharyngeal swab"|258500001|04/13/2022|Negative|260385009
48|4244|10D2214779||Sanders|Diane||05/31/1951||"2155 Camden Loop"|Davenport|FL|33837||Female|8635125660|"No Response"|1||0|0|0|0||0|Sanders||||||||"SARS-CoV-2 (COVID-19)"|Antigen|97097-0|"SARS-CoV-2 Ag Upper resp Ql IA.rapid"|"Nasopharyngeal swab"|258500001|04/13/2022|Negative|260385009
49|4244|10D2214779||Kothe|"Martin Georg"||06/10/1976||"65 Little Harbor Way"|"Deerfield Beach"|FL|33442||Male|9999999999|"No Response"|1||0|0|0|0||0|Kothe||||||||"SARS-CoV-2 (COVID-19)"|Antigen|97097-0|"SARS-CoV-2 Ag Upper resp Ql IA.rapid"|"Nasopharyngeal swab"|258500001|04/13/2022|Negative|260385009
50|4244|10D2214779||Kothe|"Vanessa Philippa"||04/11/1979||"65 Little Harbor Way"|"Deerfield Beach"|FL|33442||Female|9999999999|"No Response"|1||0|0|0|0||0|Kothe||||||||"SARS-CoV-2 (COVID-19)"|Antigen|97097-0|"SARS-CoV-2 Ag Upper resp Ql IA.rapid"|"Nasopharyngeal swab"|258500001|04/13/2022|Negative|260385009
51|4244|10D2214779||Kothe|"Ben Wolfgang"||03/22/2008||"65 Little Harbor Way"|"Deerfield Beach"|FL|33442||Male|9999999999|"No Response"|1||0|0|0|0||0|Kothe||||||||"SARS-CoV-2 (COVID-19)"|Antigen|97097-0|"SARS-CoV-2 Ag Upper resp Ql IA.rapid"|"Nasopharyngeal swab"|258500001|04/13/2022|Negative|260385009
52|4244|10D2214779||Kothe|"Vienna Carlotta"||09/13/2009||"65 Little Harbor Way"|"Deerfield Beach"|FL|33442||Female|9999999999|"No Response"|1||0|0|0|0||0|Kothe||||||||"SARS-CoV-2 (COVID-19)"|Antigen|97097-0|"SARS-CoV-2 Ag Upper resp Ql IA.rapid"|"Nasopharyngeal swab"|258500001|04/13/2022|Negative|260385009
53|4244|10D2214779||Garay|Karla||09/16/1954||"307 E. Orlando Ave."|Ocoee|FL|34761||Female|4074068041|"No Response"|0||0|0|0|0||0|Garay||||||||"SARS-CoV-2 (COVID-19)"|Antigen|97097-0|"SARS-CoV-2 Ag Upper resp Ql IA.rapid"|"Nasopharyngeal swab"|258500001|04/13/2022|Negative|260385009
54|4244|10D2214779||Arnold|Travis||06/19/1984||"47 melrose dr"|Livingston|FL|07039||Male|2015328972|"No Response"|1||0|0|0|0||0|Arnold||||||||"SARS-CoV-2 (COVID-19)"|PCR|94500-6|"SARS-CoV-2 RNA Resp Ql NAA+probe"|"Nasopharyngeal swab"|258500001|04/13/2022|Negative|260385009
55|4244|10D2214779||Fabry|Rachèle||01/01/1970||"2469 Collins Ave"|"Miami Beach"|FL|33140||Female|9999999999|"No Response"|0||0|0|0|0||0|Fabry||||||||"SARS-CoV-2 (COVID-19)"|Antigen|97097-0|"SARS-CoV-2 Ag Upper resp Ql IA.rapid"|"Nasopharyngeal swab"|258500001|04/13/2022|Negative|260385009
56|4244|10D2214779||Rolston|Jake||12/06/1996||"4921 Bluffton Parkway"|Bluffton|FL|29910||Male|7245139769|"No Response"|1||0|0|0|0||0|Rolston||||||||"SARS-CoV-2 (COVID-19)"|Antigen|97097-0|"SARS-CoV-2 Ag Upper resp Ql IA.rapid"|"Nasopharyngeal swab"|258500001|04/13/2022|Negative|260385009
57|4244|10D2214779||"Tombas Navarro"|Antonio||03/29/1962||"1701 Collins Avd"|"Miami Beach"|FL|99999||Male|9999999999|"No Response"|1||0|0|0|0||0|"Tombas Navarro"||||||||"SARS-CoV-2 (COVID-19)"|Antigen|97097-0|"SARS-CoV-2 Ag Upper resp Ql IA.rapid"|"Nasopharyngeal swab"|258500001|04/13/2022|Negative|260385009
58|4244|10D2214779||"Vázquez Andueza"|Daniel||07/09/2000||"1701 Collins Ave"|Unknown|FL|99999||Male|9999999999|"No Response"|1||0|0|0|0||0|"Vázquez Andueza"||||||||"SARS-CoV-2 (COVID-19)"|Antigen|97097-0|"SARS-CoV-2 Ag Upper resp Ql IA.rapid"|"Nasopharyngeal swab"|258500001|04/13/2022|Negative|260385009
59|4244|10D2214779||"Andueza Cifuentes"|"Elvira Delfina"||02/03/1967||"1701 Collins Ave"|Unknown|FL|99999||Female|9999999999|"No Response"|1||0|0|0|0||0|"Andueza Cifuentes"||||||||"SARS-CoV-2 (COVID-19)"|Antigen|97097-0|"SARS-CoV-2 Ag Upper resp Ql IA.rapid"|"Nasopharyngeal swab"|258500001|04/13/2022|Negative|260385009
60|4244|10D2214779||"Andueza Cifuentes"|"Elvira Delfina"||02/03/1967||"1701 Collins Ave"|Unknown|FL|99999||Female|9999999999|"No Response"|1||0|0|0|0||0|"Andueza Cifuentes"||||||||"SARS-CoV-2 (COVID-19)"|Antigen|97097-0|"SARS-CoV-2 Ag Upper resp Ql IA.rapid"|"Nasopharyngeal swab"|258500001|04/13/2022|Negative|260385009
61|4244|10D2214779||Twiggs|Tasia||09/24/1996||"209 NW 14th Ave"|"Fort Lauderdale"|FL|33311||Female|19547561040|"No Response"|0||0|0|0|0||0|Twiggs||||||||"SARS-CoV-2 (COVID-19)"|Antigen|97097-0|"SARS-CoV-2 Ag Upper resp Ql IA.rapid"|"Nasopharyngeal swab"|258500001|04/13/2022|Negative|260385009
62|4244|10D2214779||Charron|Richard||01/01/1970||"16823 sw 87 ave"|"Palmetto bay"|FL|33157||Male|5616842197|"No Response"|1||0|0|0|0||0|Charron||||||||"SARS-CoV-2 (COVID-19)"|Antigen|97097-0|"SARS-CoV-2 Ag Upper resp Ql IA.rapid"|"Nasopharyngeal swab"|258500001|04/13/2022|Negative|260385009
63|4244|10D2214779||Sangalli|Vanessa||03/08/1983||"1111 South Royal Poinciana Boulevard"|"Miami, Florida"|FL|33166||Female|9999999999|"No Response"|1||0|0|0|0||0|Sangalli||||||||"SARS-CoV-2 (COVID-19)"|Antigen|97097-0|"SARS-CoV-2 Ag Upper resp Ql IA.rapid"|"Nasopharyngeal swab"|258500001|04/13/2022|Negative|260385009
64|4244|10D2214779||König|"Peter John"||02/25/2001||"2001 Collins Avenue"|Miami|FL|33139||Male|9999999999|"No Response"|1||0|0|0|0||0|König||||||||"SARS-CoV-2 (COVID-19)"|PCR|94500-6|"SARS-CoV-2 RNA Resp Ql NAA+probe"|"Nasopharyngeal swab"|258500001|04/13/2022|Negative|260385009
65|4244|10D2214779||Blum|Margaret||08/21/1951||"1800 NE 40TH CT APT 201"|"POMPANO BEACH"|FL|33064||Female|6127497896|"No Response"|1||0|0|0|0||0|Blum||||||||"SARS-CoV-2 (COVID-19)"|Antigen|97097-0|"SARS-CoV-2 Ag Upper resp Ql IA.rapid"|"Nasopharyngeal swab"|258500001|04/13/2022|Negative|260385009
66|4244|10D2214779||Stevens|Donagale||03/07/1959||"3561 Long Pine Ct"|Greenacres|FL|33463||Female|9999999999|"No Response"|1||0|0|0|0||0|Stevens||||||||"SARS-CoV-2 (COVID-19)"|Antigen|97097-0|"SARS-CoV-2 Ag Upper resp Ql IA.rapid"|"Nasopharyngeal swab"|258500001|04/13/2022|Negative|260385009
67|4244|10D2214779||Seymour|"Aniya Serenity"||11/30/2017||Unknown|Unknown|FL|99999||Female|3059271617|"No Response"|0||0|0|0|0||1|Seymour||||||||"SARS-CoV-2 (COVID-19)"|Antigen|97097-0|"SARS-CoV-2 Ag Upper resp Ql IA.rapid"|"Nasopharyngeal swab"|258500001|04/13/2022|Negative|260385009
68|4244|10D2214779||Seymour|"Aniya Serenity"||11/30/2017||Unknown|Unknown|FL|99999||Female|3059271617|"No Response"|0||0|0|0|0||1|Seymour||||||||"SARS-CoV-2 (COVID-19)"|Antigen|97097-0|"SARS-CoV-2 Ag Upper resp Ql IA.rapid"|"Nasopharyngeal swab"|258500001|04/13/2022|Negative|260385009
69|4244|10D2214779||joseph|Bernadin||11/10/1994||Unknown|Unknown|FL|99999||Male|7862869761|"No Response"|0||0|0|0|1||0|joseph||||||||"SARS-CoV-2 (COVID-19)"|Antigen|97097-0|"SARS-CoV-2 Ag Upper resp Ql IA.rapid"|"Nasopharyngeal swab"|258500001|04/13/2022|Negative|260385009
70|4244|10D2214779||joseph|Stephanie||11/19/2014||Unknown|Unknown|FL|99999||Female|7862869761|"No Response"|0||0|0|0|1||0|joseph||||||||"SARS-CoV-2 (COVID-19)"|Antigen|97097-0|"SARS-CoV-2 Ag Upper resp Ql IA.rapid"|"Nasopharyngeal swab"|258500001|04/13/2022|Negative|260385009
71|4244|10D2214779||Hylton|"Cordell Wayne"||08/07/1972||Unknown|Unknown|FL|99999||Male|3058795428|"No Response"|0||0|0|0|0||1|Hylton||||||||"SARS-CoV-2 (COVID-19)"|Antigen|97097-0|"SARS-CoV-2 Ag Upper resp Ql IA.rapid"|"Nasopharyngeal swab"|258500001|04/13/2022|Negative|260385009
72|4244|10D2214779||Jimenez|"Jorge Mauricio"||10/19/1967||"12934 westside village loop"|Windermer|FL|34786||Male|4075094937|"No Response"|0||0|0|0|0||0|Jimenez||||||||"SARS-CoV-2 (COVID-19)"|Antigen|97097-0|"SARS-CoV-2 Ag Upper resp Ql IA.rapid"|"Nasopharyngeal swab"|258500001|04/13/2022|Negative|260385009
73|4244|10D2214779||Youte|Colly||04/16/1980||Unknown|Unknown|FL|99999||Male|5616337912|"No Response"|0||0|0|0|0||1|Youte||||||||"SARS-CoV-2 (COVID-19)"|Antigen|97097-0|"SARS-CoV-2 Ag Upper resp Ql IA.rapid"|"Nasopharyngeal swab"|258500001|04/13/2022|Negative|260385009
74|4244|10D2214779||Okolichany|Tiana||05/28/1996||"15821 72nd dr n"|"Palm beach gardens"|FL|33418||Female|5618765956|"No Response"|1||0|0|0|0||0|Okolichany||||||||"SARS-CoV-2 (COVID-19)"|Antigen|97097-0|"SARS-CoV-2 Ag Upper resp Ql IA.rapid"|"Nasopharyngeal swab"|258500001|04/13/2022|Negative|260385009
75|4244|10D2214779||Aranha|GeAnn||12/18/1980||Unknown|Unknown|FL|99999||Female|16898089685|"No Response"|0||0|0|0|1||0|Aranha||||||||"SARS-CoV-2 (COVID-19)"|Antigen|97097-0|"SARS-CoV-2 Ag Upper resp Ql IA.rapid"|"Nasopharyngeal swab"|258500001|04/13/2022|Negative|260385009
76|4244|10D2214779||Ruiz|Sara||05/25/1960||"15193 Montrose Road"|"Miami Lakes"|FL|33016||Female|7865530299|"No Response"|0||0|0|0|0||0|Ruiz||||||||"SARS-CoV-2 (COVID-19)"|Antigen|97097-0|"SARS-CoV-2 Ag Upper resp Ql IA.rapid"|"Nasopharyngeal swab"|258500001|04/13/2022|Negative|260385009
77|4244|10D2214779||Holyszko|Carol||12/09/1963||"W200S8617 Woods Rd"|Muskego|FL|53150||Female|8479242817|"No Response"|1||0|0|0|0||0|Holyszko||||||||"SARS-CoV-2 (COVID-19)"|Antigen|97097-0|"SARS-CoV-2 Ag Upper resp Ql IA.rapid"|"Nasopharyngeal swab"|258500001|04/13/2022|Negative|260385009
78|4244|10D2214779||Holyszko|Gerald||04/20/1963||"6362 Dora Dr"|"Mount Dora"|FL|32757||Male|9999999999|"No Response"|1||0|0|0|0||0|Holyszko||||||||"SARS-CoV-2 (COVID-19)"|Antigen|97097-0|"SARS-CoV-2 Ag Upper resp Ql IA.rapid"|"Nasopharyngeal swab"|258500001|04/13/2022|Negative|260385009
79|4244|10D2214779||Mulchan|Gary||07/19/1964||"9382 mustard leaf dr"|Orlando|FL|32827||Male|5162500676|"No Response"|0||0|0|0|1||0|Mulchan||||||||"SARS-CoV-2 (COVID-19)"|Antigen|97097-0|"SARS-CoV-2 Ag Upper resp Ql IA.rapid"|"Nasopharyngeal swab"|258500001|04/13/2022|Negative|260385009
80|4244|10D2214779||Groebler|Christopher||08/05/1997||Unknown|Unknown|FL|99999||Male|9999999999|"No Response"|1||0|0|0|0||0|Groebler||||||||"SARS-CoV-2 (COVID-19)"|Antigen|97097-0|"SARS-CoV-2 Ag Upper resp Ql IA.rapid"|"Nasopharyngeal swab"|258500001|04/13/2022|Negative|260385009
81|4244|10D2214779||Sajusch|"Luca Marvin"||09/07/1997||Unknown|Unknown|FL|99999||Male|9999999999|"No Response"|1||0|0|0|0||0|Sajusch||||||||"SARS-CoV-2 (COVID-19)"|Antigen|97097-0|"SARS-CoV-2 Ag Upper resp Ql IA.rapid"|"Nasopharyngeal swab"|258500001|04/13/2022|Negative|260385009
82|4244|10D2214779||Brunsbach|Benjamin||03/23/1998||Unknown|Unknown|FL|99999||Male|9999999999|"No Response"|0||0|0|0|1||0|Brunsbach||||||||"SARS-CoV-2 (COVID-19)"|Antigen|97097-0|"SARS-CoV-2 Ag Upper resp Ql IA.rapid"|"Nasopharyngeal swab"|258500001|04/13/2022|Negative|260385009
83|4244|10D2214779||Yazbeck|Chelsea||09/14/2018||"PO BOX 881385"|"Steamboat Springs"|FL|80488||Female|9999999999|"No Response"|1||0|0|0|0||0|Yazbeck||||||||"SARS-CoV-2 (COVID-19)"|Antigen|97097-0|"SARS-CoV-2 Ag Upper resp Ql IA.rapid"|"Nasopharyngeal swab"|258500001|04/13/2022|Negative|260385009
84|4244|10D2214779||Hauenstein|Andreas||01/01/1970||Unknown|Unknown|FL|99999||Male|7863962445|"No Response"|0||0|0|0|1||0|Hauenstein||||||||"SARS-CoV-2 (COVID-19)"|Antigen|97097-0|"SARS-CoV-2 Ag Upper resp Ql IA.rapid"|"Nasopharyngeal swab"|258500001|04/13/2022|Negative|260385009
85|4244|10D2214779||Hauenstein-Gabriel|Gabriela||04/22/1992||Unknown|Unknown|FL|99999||Female|7863962445|"No Response"|0||0|0|0|1||0|Hauenstein-Gabriel||||||||"SARS-CoV-2 (COVID-19)"|Antigen|97097-0|"SARS-CoV-2 Ag Upper resp Ql IA.rapid"|"Nasopharyngeal swab"|258500001|04/13/2022|Negative|260385009
86|4244|10D2214779||König|"Peter John"||02/25/2001||Unknown|Unknown|FL|99999||Male|9999999999|"No Response"|1||0|0|0|0||0|König||||||||"SARS-CoV-2 (COVID-19)"|PCR|94500-6|"SARS-CoV-2 RNA Resp Ql NAA+probe"|"Nasopharyngeal swab"|258500001|04/13/2022|Negative|260385009
87|4244|10D2214779||Ramdhan|Alister||12/29/1991||Unknown|Unknown|FL|99999||Male|8639936551|"No Response"|0||0|0|0|1||0|Ramdhan||||||||"SARS-CoV-2 (COVID-19)"|Antigen|97097-0|"SARS-CoV-2 Ag Upper resp Ql IA.rapid"|"Nasopharyngeal swab"|258500001|04/13/2022|Negative|260385009
