RecordID|FacilityID|CLIAID|PatientID|LastName|FirstName|MiddleName|DOB|SSN|StreetAddress|City|State|Zip|County|Gender|PhoneNumber|Ethnicity|RaceWhite|RaceBlack|RaceAmericanIndianAlaskanNative|RaceAsian|RaceNativeHawaiianOrOtherPacificIslander|RaceOther|RaceUnknown|RaceNoResponse|ProviderName|NPI|Pregnant|SchoolAssociation|SchoolName|MeetILIDefinition|PerformingLab|AccessionNumber|Pathogen|TestType|LOINC|LOINCShortName|SpecimenCollectionType|SpecimenSNOMED|SpecimenCollectedDate|Result|ResultSNOMED
1|4244|10D2214779||Sohan-Seenath|Karen||02/05/1969||"20970 via Jasmine Apt 1"|"Boca Raton"|FL|33428||Female|5616098668|"No Response"|0||0|1|0|0||0|Sohan-Seenath||||||||"SARS-CoV-2 (COVID-19)"|Antigen|97097-0|"SARS-CoV-2 Ag Upper resp Ql IA.rapid"|"Nasopharyngeal swab"|258500001|04/30/2022|Negative|260385009
2|4244|10D2214779||Sheard|Duane||01/13/1984||"109 NE 6th St."|"Fort Lauderdale"|FL|33304||Male|2284241211|"No Response"|0||0|0|0|0||0|Sheard||||||||"SARS-CoV-2 (COVID-19)"|Antigen|97097-0|"SARS-CoV-2 Ag Upper resp Ql IA.rapid"|"Nasopharyngeal swab"|258500001|04/30/2022|Negative|260385009
3|4244|10D2214779||Sheard|Duane||01/13/1984||"109 NE 6th St."|"Fort Lauderdale"|FL|33304||Male|2284241211|"No Response"|0||0|0|0|0||0|Sheard||||||||"SARS-CoV-2 (COVID-19)"|Antigen|97097-0|"SARS-CoV-2 Ag Upper resp Ql IA.rapid"|"Nasopharyngeal swab"|258500001|04/30/2022|Negative|260385009
4|4244|10D2214779||Ackley|Billy||07/23/1967||"3920 NW 79th Way"|Hollywood|FL|33024||Male|9547321170|"No Response"|1||0|0|0|0||0|Ackley||||||||"SARS-CoV-2 (COVID-19)"|PCR|94500-6|"SARS-CoV-2 RNA Resp Ql NAA+probe"|"Nasopharyngeal swab"|258500001|04/24/2022|Negative|260385009
5|4244|10D2214779||Mazely|Jeffrey||03/18/1964||"2975 NE 190th St Apt 205"|Aventura|FL|33180||Male|18686807751|"No Response"|0||0|0|0|1||0|Mazely||||||||"SARS-CoV-2 (COVID-19)"|Antigen|97097-0|"SARS-CoV-2 Ag Upper resp Ql IA.rapid"|"Nasopharyngeal swab"|258500001|04/30/2022|Negative|260385009
6|4244|10D2214779||RIVERA|ROBERT||06/13/1965||"14016 SANCTURAY VIEW TRAIL APT. 206"|ORLANDO|FL|32832||Male|7873916000|"No Response"|0||0|0|0|0||0|RIVERA||||||||"SARS-CoV-2 (COVID-19)"|Antigen|97097-0|"SARS-CoV-2 Ag Upper resp Ql IA.rapid"|"Nasopharyngeal swab"|258500001|04/30/2022|Negative|260385009
7|4244|10D2214779||RIVERA|ROBERT||06/13/1965||"14016 Sanctuary View Trl Apt 206"|Orlando|FL|32832||Male|7873916000|"No Response"|0||0|0|0|0||0|RIVERA||||||||"SARS-CoV-2 (COVID-19)"|Antigen|97097-0|"SARS-CoV-2 Ag Upper resp Ql IA.rapid"|"Nasopharyngeal swab"|258500001|04/30/2022|Negative|260385009
8|4244|10D2214779||RIVERA|ROBERT||06/13/1965||"14016 Sancturay View Trl"|Orlando|FL|32832||Male|7873916000|"No Response"|0||0|0|0|0||0|RIVERA||||||||"SARS-CoV-2 (COVID-19)"|Antigen|97097-0|"SARS-CoV-2 Ag Upper resp Ql IA.rapid"|"Nasopharyngeal swab"|258500001|04/30/2022|Negative|260385009
9|4244|10D2214779||Sohan-Seenath|Karen||02/05/1969||"20970 via Jasmine Apt 1"|"Boca Raton"|FL|33428||Female|5616098668|"No Response"|0||0|1|0|0||0|Sohan-Seenath||||||||"SARS-CoV-2 (COVID-19)"|Antigen|97097-0|"SARS-CoV-2 Ag Upper resp Ql IA.rapid"|"Nasopharyngeal swab"|258500001|04/30/2022|Negative|260385009
10|4244|10D2214779||RIVERA|ROBERT||06/13/1965||"14016 Sanctuary View Trail, Apt. 206"|Orlando|FL|32832||Male|7873916000|"No Response"|0||0|0|0|0||0|RIVERA||||||||"SARS-CoV-2 (COVID-19)"|Antigen|97097-0|"SARS-CoV-2 Ag Upper resp Ql IA.rapid"|"Nasopharyngeal swab"|258500001|04/30/2022|Negative|260385009
11|4244|10D2214779||Ackley|Billy||07/23/1967||"13803 88th Place N"|"West Palm Beach"|FL|33412||Male|9547321170|"No Response"|1||0|0|0|0||0|Ackley||||||||"SARS-CoV-2 (COVID-19)"|PCR|94500-6|"SARS-CoV-2 RNA Resp Ql NAA+probe"|"Nasopharyngeal swab"|258500001|04/24/2022|Negative|260385009
12|4244|10D2214779||RIVERA|ROBERT||06/13/1965||"14016 Sancruary View Trl. Apt. 206"|Orlando|FL|32832||Male|7873916000|"No Response"|0||0|0|0|0||0|RIVERA||||||||"SARS-CoV-2 (COVID-19)"|Antigen|97097-0|"SARS-CoV-2 Ag Upper resp Ql IA.rapid"|"Nasopharyngeal swab"|258500001|04/30/2022|Negative|260385009
13|4244|10D2214779||Sheard|Duane||01/13/1984||"109 NE 6th St."|"Fort Lauderdale"|FL|33304||Male|2284241211|"No Response"|0||0|0|0|0||0|Sheard||||||||"SARS-CoV-2 (COVID-19)"|Antigen|97097-0|"SARS-CoV-2 Ag Upper resp Ql IA.rapid"|"Nasopharyngeal swab"|258500001|04/30/2022|Negative|260385009
14|4244|10D2214779||"Johnson Dove"|Jenelle||05/09/1990||"8651 NW 47th Streer"|Lauderhill|FL|33351||Female|19542256220|"No Response"|0||0|0|0|0||0|"Johnson Dove"||||||||"SARS-CoV-2 (COVID-19)"|Antigen|97097-0|"SARS-CoV-2 Ag Upper resp Ql IA.rapid"|"Nasopharyngeal swab"|258500001|04/30/2022|Negative|260385009
15|4244|10D2214779||RIVERA|ROBERT||06/13/1965||"14016 Sanctuary View Trl Apt 206"|Orlando|FL|32832||Male|7873916000|"No Response"|0||0|0|0|0||0|RIVERA||||||||"SARS-CoV-2 (COVID-19)"|Antigen|97097-0|"SARS-CoV-2 Ag Upper resp Ql IA.rapid"|"Nasopharyngeal swab"|258500001|04/30/2022|Negative|260385009
16|4244|10D2214779||Ackley|Billy||07/23/1967||"13803 88th Pl N"|"West Palm Beach"|FL|33412||Male|9547321170|"No Response"|1||0|0|0|0||0|Ackley||||||||"SARS-CoV-2 (COVID-19)"|PCR|94500-6|"SARS-CoV-2 RNA Resp Ql NAA+probe"|"Nasopharyngeal swab"|258500001|04/24/2022|Negative|260385009
17|4244|10D2214779||Sohan-Seenath|Karen||02/05/1969||"20970 via Jasmine Apt 1"|"Boca Raton"|FL|33428||Female|5616098668|"No Response"|0||0|1|0|0||0|Sohan-Seenath||||||||"SARS-CoV-2 (COVID-19)"|Antigen|97097-0|"SARS-CoV-2 Ag Upper resp Ql IA.rapid"|"Nasopharyngeal swab"|258500001|04/30/2022|Negative|260385009
18|4244|10D2214779||RIVERA|ROBERT||06/13/1965||"14016 Sanctuary View Trail"|Orlando|FL|32832||Male|7873916000|"No Response"|0||0|0|0|0||0|RIVERA||||||||"SARS-CoV-2 (COVID-19)"|Antigen|97097-0|"SARS-CoV-2 Ag Upper resp Ql IA.rapid"|"Nasopharyngeal swab"|258500001|04/30/2022|Negative|260385009
19|4244|10D2214779||Sohan-Seenath|Karen||02/05/1969||"20970 via Jasmine Apt 1"|"Boca Raton"|FL|33428||Female|5616098668|"No Response"|0||0|1|0|0||0|Sohan-Seenath||||||||"SARS-CoV-2 (COVID-19)"|Antigen|97097-0|"SARS-CoV-2 Ag Upper resp Ql IA.rapid"|"Nasopharyngeal swab"|258500001|04/30/2022|Negative|260385009
20|4244|10D2214779||Foxwell|Franklin||04/11/1967||"917 Shamrock Ave"|Knoxville|FL|37917||Male|8657734157|"No Response"|1||0|0|0|0||0|Foxwell||||||||"SARS-CoV-2 (COVID-19)"|Antigen|97097-0|"SARS-CoV-2 Ag Upper resp Ql IA.rapid"|"Nasopharyngeal swab"|258500001|04/30/2022|Negative|260385009
21|4244|10D2214779||Sohan-Seenath|Karen||02/05/1969||"20970 via Jasmine Apt 1"|"Boca Raton"|FL|33428||Female|5616098668|"No Response"|0||0|1|0|0||0|Sohan-Seenath||||||||"SARS-CoV-2 (COVID-19)"|Antigen|97097-0|"SARS-CoV-2 Ag Upper resp Ql IA.rapid"|"Nasopharyngeal swab"|258500001|04/30/2022|Negative|260385009
22|4244|10D2214779||"Johnson Dove"|Jenelle||05/09/1990||"8651 NW 47th St"|Lauderhill|FL|33351||Female|19542256220|"No Response"|0||0|0|0|0||0|"Johnson Dove"||||||||"SARS-CoV-2 (COVID-19)"|Antigen|97097-0|"SARS-CoV-2 Ag Upper resp Ql IA.rapid"|"Nasopharyngeal swab"|258500001|04/30/2022|Negative|260385009
23|4244|10D2214779||Ward|Pamela||10/02/1950||"11 Leslie lane"|Yarmouthport|FL|02675||Female|14015337525|"No Response"|1||0|0|0|0||0|Ward||||||||"SARS-CoV-2 (COVID-19)"|Antigen|97097-0|"SARS-CoV-2 Ag Upper resp Ql IA.rapid"|"Nasopharyngeal swab"|258500001|04/30/2022|Negative|260385009
24|4244|10D2214779||Ward|Donald||06/19/1947||"11 Leslie Lane"|Yarmouthport|FL|02675||Male|17817383436|"No Response"|1||0|0|0|0||0|Ward||||||||"SARS-CoV-2 (COVID-19)"|Antigen|97097-0|"SARS-CoV-2 Ag Upper resp Ql IA.rapid"|"Nasopharyngeal swab"|258500001|04/30/2022|Negative|260385009
25|4244|10D2214779||Ackley|Billy||07/23/1967||"13803 88th Pl"|"West Palm Beach"|FL|33412||Male|9547321170|"No Response"|1||0|0|0|0||0|Ackley||||||||"SARS-CoV-2 (COVID-19)"|PCR|94500-6|"SARS-CoV-2 RNA Resp Ql NAA+probe"|"Nasopharyngeal swab"|258500001|04/24/2022|Negative|260385009
26|4244|10D2214779||Lee|Brandon||08/25/1993||"7700 Westgate Blvd, Kissimmee"|Orlando|FL|34747||Male|8687638450|"No Response"|0||0|0|0|1||0|Lee||||||||"SARS-CoV-2 (COVID-19)"|Antigen|97097-0|"SARS-CoV-2 Ag Upper resp Ql IA.rapid"|"Nasopharyngeal swab"|258500001|04/30/2022|Negative|260385009
27|4244|10D2214779||Ackley|Billy||07/23/1967||"13803 88th pl N"|"West Palm Beach"|FL|33412||Male|9547321170|"No Response"|1||0|0|0|0||0|Ackley||||||||"SARS-CoV-2 (COVID-19)"|PCR|94500-6|"SARS-CoV-2 RNA Resp Ql NAA+probe"|"Nasopharyngeal swab"|258500001|04/24/2022|Negative|260385009
28|4244|10D2214779||Sohan-Seenath|Karen||02/05/1969||"20970 via Jasmine Apt 1"|"Boca Raton"|FL|33428||Female|5616098668|"No Response"|0||0|1|0|0||0|Sohan-Seenath||||||||"SARS-CoV-2 (COVID-19)"|Antigen|97097-0|"SARS-CoV-2 Ag Upper resp Ql IA.rapid"|"Nasopharyngeal swab"|258500001|04/30/2022|Negative|260385009
29|4244|10D2214779||Glen|Leslie||09/09/1956||"3633 Sonoma Drive"|"Riviera Beach"|FL|33404||Male|5613177594|"No Response"|0||0|0|0|0||0|Glen||||||||"SARS-CoV-2 (COVID-19)"|Antigen|97097-0|"SARS-CoV-2 Ag Upper resp Ql IA.rapid"|"Nasopharyngeal swab"|258500001|04/30/2022|Negative|260385009
30|4244|10D2214779||Glen|Debrah||09/19/1958||"3633 Sonoma Drive"|"Riviera Beach"|FL|33404||Female|5613177594|"No Response"|0||1|0|0|0||0|Glen||||||||"SARS-CoV-2 (COVID-19)"|Antigen|97097-0|"SARS-CoV-2 Ag Upper resp Ql IA.rapid"|"Nasopharyngeal swab"|258500001|04/30/2022|Negative|260385009
31|4244|10D2214779||Sohan-Seenath|Karen||02/05/1969||"20970 via Jasmine Apt 1"|"Boca Raton"|FL|33428||Female|5616098668|"No Response"|0||0|1|0|0||0|Sohan-Seenath||||||||"SARS-CoV-2 (COVID-19)"|Antigen|97097-0|"SARS-CoV-2 Ag Upper resp Ql IA.rapid"|"Nasopharyngeal swab"|258500001|04/30/2022|Negative|260385009
32|4244|10D2214779||Ledda|Walter||10/25/1964||"801 Brikell Key Blvd #1004"|"Miami Beach"|FL|33131||Male|9493073806|"No Response"|1||0|0|0|0||0|Ledda||||||||"SARS-CoV-2 (COVID-19)"|Antigen|97097-0|"SARS-CoV-2 Ag Upper resp Ql IA.rapid"|"Nasopharyngeal swab"|258500001|04/30/2022|Negative|260385009
33|4244|10D2214779||Sohan-Seenath|Karen||02/05/1969||"20970 via Jasmine Apt 1"|"Boca Raton"|FL|33428||Female|5616098668|"No Response"|0||0|1|0|0||0|Sohan-Seenath||||||||"SARS-CoV-2 (COVID-19)"|Antigen|97097-0|"SARS-CoV-2 Ag Upper resp Ql IA.rapid"|"Nasopharyngeal swab"|258500001|04/30/2022|Negative|260385009
34|4244|10D2214779||Ackley|Billy||07/23/1967||"13803 88th Pl N"|"West Palm Beach"|FL|33412||Male|9547321170|"No Response"|1||0|0|0|0||0|Ackley||||||||"SARS-CoV-2 (COVID-19)"|PCR|94500-6|"SARS-CoV-2 RNA Resp Ql NAA+probe"|"Nasopharyngeal swab"|258500001|04/24/2022|Negative|260385009
35|4244|10D2214779||Sohan-Seenath|Karen||02/05/1969||"20970 via Jasmine Apt 1"|"Boca Raton"|FL|33428||Female|5616098668|"No Response"|0||0|1|0|0||0|Sohan-Seenath||||||||"SARS-CoV-2 (COVID-19)"|Antigen|97097-0|"SARS-CoV-2 Ag Upper resp Ql IA.rapid"|"Nasopharyngeal swab"|258500001|04/30/2022|Negative|260385009
36|4244|10D2214779||Ledda|Walter||10/25/1964||"801 Brikell Key Blvd #1004"|Miami|FL|33131||Male|9493073806|"No Response"|1||0|0|0|0||0|Ledda||||||||"SARS-CoV-2 (COVID-19)"|Antigen|97097-0|"SARS-CoV-2 Ag Upper resp Ql IA.rapid"|"Nasopharyngeal swab"|258500001|04/30/2022|Negative|260385009
37|4244|10D2214779||Fry|John||08/14/1956||"333 las olas way unit 1810"|"Fort Lauderdale"|FL|03330||Male|7863962445|"No Response"|0||0|0|0|1||0|Fry||||||||"SARS-CoV-2 (COVID-19)"|Antigen|97097-0|"SARS-CoV-2 Ag Upper resp Ql IA.rapid"|"Nasopharyngeal swab"|258500001|04/30/2022|Negative|260385009
38|4244|10D2214779||Ward|Pamela||10/02/1950||"687 Coronado drive"|Kissimmee|FL|34759||Female|14015337525|"No Response"|1||0|0|0|0||0|Ward||||||||"SARS-CoV-2 (COVID-19)"|Antigen|97097-0|"SARS-CoV-2 Ag Upper resp Ql IA.rapid"|"Nasopharyngeal swab"|258500001|04/30/2022|Negative|260385009
39|4244|10D2214779||Ward|Donald||06/19/1947||"687 Coronado Drive"|Kissimmee|FL|34759||Male|17817383436|"No Response"|1||0|0|0|0||0|Ward||||||||"SARS-CoV-2 (COVID-19)"|Antigen|97097-0|"SARS-CoV-2 Ag Upper resp Ql IA.rapid"|"Nasopharyngeal swab"|258500001|04/30/2022|Negative|260385009
40|4244|10D2214779||Cochrane|Kathryn||10/07/1950||"110 W Cypress Rd"|"Lake Worth"|FL|33467||Female|5619061606|"No Response"|1||0|0|0|0||0|Cochrane||||||||"SARS-CoV-2 (COVID-19)"|PCR|94500-6|"SARS-CoV-2 RNA Resp Ql NAA+probe"|"Nasopharyngeal swab"|258500001|04/30/2022|Negative|260385009
41|4244|10D2214779||Sohan-Seenath|Karen||02/05/1969||"20970 via Jasmine Apt 1"|"Boca Raton"|FL|33428||Female|5616098668|"No Response"|0||0|0|0|1||0|Sohan-Seenath||||||||"SARS-CoV-2 (COVID-19)"|Antigen|97097-0|"SARS-CoV-2 Ag Upper resp Ql IA.rapid"|"Nasopharyngeal swab"|258500001|04/30/2022|Negative|260385009
42|4244|10D2214779||Ackley|Billy||07/23/1967||"13803 88th Pl N"|"West Palm Beach"|FL|33412||Male|9547321170|"No Response"|1||0|0|0|0||0|Ackley||||||||"SARS-CoV-2 (COVID-19)"|PCR|94500-6|"SARS-CoV-2 RNA Resp Ql NAA+probe"|"Nasopharyngeal swab"|258500001|04/24/2022|Negative|260385009
43|4244|10D2214779||Cochrane|Kathryn||10/07/1950||"110 W Cypress Rd"|"Lake Worth"|FL|33467||Female|5619061606|"No Response"|1||0|0|0|0||0|Cochrane||||||||"SARS-CoV-2 (COVID-19)"|PCR|94500-6|"SARS-CoV-2 RNA Resp Ql NAA+probe"|"Nasopharyngeal swab"|258500001|04/30/2022|Negative|260385009
44|4244|10D2214779||Fry|John||08/14/1956||"333 las olas way"|"Fort Lauderdale"|FL|33301||Male|7863962445|"No Response"|0||0|0|0|1||0|Fry||||||||"SARS-CoV-2 (COVID-19)"|Antigen|97097-0|"SARS-CoV-2 Ag Upper resp Ql IA.rapid"|"Nasopharyngeal swab"|258500001|04/30/2022|Negative|260385009
45|4244|10D2214779||Cesari|Gianmaria||09/10/1975||"100 S. Pointe drive #2302"|"Miami beach"|FL|33139||Male|7863962445|"No Response"|1||0|0|0|0||0|Cesari||||||||"SARS-CoV-2 (COVID-19)"|Antigen|97097-0|"SARS-CoV-2 Ag Upper resp Ql IA.rapid"|"Nasopharyngeal swab"|258500001|04/30/2022|Negative|260385009
46|4244|10D2214779||Fiori|Chiara||09/30/1974||"100 S. Pointe deive #2302"|"Miami Beach"|FL|33139||Female|7863962445|"No Response"|1||0|0|0|0||0|Fiori||||||||"SARS-CoV-2 (COVID-19)"|Antigen|97097-0|"SARS-CoV-2 Ag Upper resp Ql IA.rapid"|"Nasopharyngeal swab"|258500001|04/30/2022|Negative|260385009
47|4244|10D2214779||Cesari|Giacomo||11/18/2011||"100 S. Pointe drive #2302"|"Miami beach"|FL|33139||Male|7863962445|"No Response"|1||0|0|0|0||0|Cesari||||||||"SARS-CoV-2 (COVID-19)"|Antigen|97097-0|"SARS-CoV-2 Ag Upper resp Ql IA.rapid"|"Nasopharyngeal swab"|258500001|04/30/2022|Negative|260385009
48|4244|10D2214779||Cochrane|Kathryn||10/07/1950||"110 W Cypress Rd"|"Lake Worth"|FL|33467||Female|5619061606|"No Response"|1||0|0|0|0||0|Cochrane||||||||"SARS-CoV-2 (COVID-19)"|PCR|94500-6|"SARS-CoV-2 RNA Resp Ql NAA+probe"|"Nasopharyngeal swab"|258500001|04/30/2022|Negative|260385009
49|4244|10D2214779||Ackley|Billy||07/23/1967||"13803 88th Pl N"|"West Palm Beach"|FL|33412||Male|9547321170|"No Response"|1||0|0|0|0||0|Ackley||||||||"SARS-CoV-2 (COVID-19)"|PCR|94500-6|"SARS-CoV-2 RNA Resp Ql NAA+probe"|"Nasopharyngeal swab"|258500001|04/24/2022|Negative|260385009
50|4244|10D2214779||Esquieres|Pauline||10/05/1999||"764, Dorsey Falls Street"|Henderson|FL|89011||Female|7028060129|"No Response"|0||0|1|0|0||0|Esquieres||||||||"SARS-CoV-2 (COVID-19)"|Antigen|97097-0|"SARS-CoV-2 Ag Upper resp Ql IA.rapid"|"Nasopharyngeal swab"|258500001|04/30/2022|Negative|260385009
51|4244|10D2214779||Bachan|Carolyn||10/10/1965||"19006 Black Maple Way"|Hagerstown|FL|21742||Female|4075955592|"No Response"|0||0|1|0|0||0|Bachan||||||||"SARS-CoV-2 (COVID-19)"|Antigen|97097-0|"SARS-CoV-2 Ag Upper resp Ql IA.rapid"|"Nasopharyngeal swab"|258500001|04/30/2022|Negative|260385009
52|4244|10D2214779||Bachan|Moonilal||11/06/1964||"19006 Black Maple Way"|Hagerstown|FL|21742||Male|5612219517|"No Response"|0||0|1|0|0||0|Bachan||||||||"SARS-CoV-2 (COVID-19)"|Antigen|97097-0|"SARS-CoV-2 Ag Upper resp Ql IA.rapid"|"Nasopharyngeal swab"|258500001|04/30/2022|Negative|260385009
53|4244|10D2214779||Esquieres|Pauline||10/05/1999||Unknown|Unknown|FL|99999||Female|7028060129|"No Response"|0||0|0|0|0||1|Esquieres||||||||"SARS-CoV-2 (COVID-19)"|Antigen|97097-0|"SARS-CoV-2 Ag Upper resp Ql IA.rapid"|"Nasopharyngeal swab"|258500001|04/30/2022|Negative|260385009
54|4244|10D2214779||Cardona|Ana||05/24/2003||"10055 NW 86 Ter"|Doral|FL|33178||Female|3057947786|"No Response"|0||0|0|0|0||0|Cardona||||||||"SARS-CoV-2 (COVID-19)"|Antigen|97097-0|"SARS-CoV-2 Ag Upper resp Ql IA.rapid"|"Nasopharyngeal swab"|258500001|04/30/2022|Negative|260385009
55|4244|10D2214779||Cardona|Juan||05/24/2003||"10055 NW 86 Ter"|Doral|FL|33178||Male|3057947786|"No Response"|0||0|0|0|0||0|Cardona||||||||"SARS-CoV-2 (COVID-19)"|Antigen|97097-0|"SARS-CoV-2 Ag Upper resp Ql IA.rapid"|"Nasopharyngeal swab"|258500001|04/30/2022|Negative|260385009
56|4244|10D2214779||"Ortiz Rodriguez"|"Julio Adan"||04/27/1983||"715 S Jenkins Rd"|"Fort Pierce"|FL|34947||Male|7724530846|"No Response"|0||0|0|0|0||0|"Ortiz Rodriguez"||||||||"SARS-CoV-2 (COVID-19)"|Antigen|97097-0|"SARS-CoV-2 Ag Upper resp Ql IA.rapid"|"Nasopharyngeal swab"|258500001|04/30/2022|Negative|260385009
57|4244|10D2214779||"Ortiz Rodriguez"|"Julio Adan"||04/27/1983||"715 S Jenkins Rd"|"Fort Pierce"|FL|34947||Male|7724530846|"No Response"|0||0|0|0|0||0|"Ortiz Rodriguez"||||||||"SARS-CoV-2 (COVID-19)"|PCR|94500-6|"SARS-CoV-2 RNA Resp Ql NAA+probe"|"Nasopharyngeal swab"|258500001|04/30/2022|Positive|10828004
58|4244|10D2214779||JONES|PETER||05/21/1990||"Red Roof Inn Orlando South, Florida Mall, 8296 Orange Blossom Trail"|Orlando|FL|32809||Male|9999999999|"No Response"|1||0|0|0|0||0|JONES||||||||"SARS-CoV-2 (COVID-19)"|Antigen|97097-0|"SARS-CoV-2 Ag Upper resp Ql IA.rapid"|"Nasopharyngeal swab"|258500001|04/30/2022|Negative|260385009
59|4244|10D2214779||JONES|PETER||05/21/1990||"Red Roof Inn Orlando South, Florida Mall, 8296 Orange Blossom Trail"|Orlando|FL|32809||Male|9999999999|"No Response"|1||0|0|0|0||0|JONES||||||||"SARS-CoV-2 (COVID-19)"|Antigen|97097-0|"SARS-CoV-2 Ag Upper resp Ql IA.rapid"|"Nasopharyngeal swab"|258500001|04/30/2022|Negative|260385009
60|4244|10D2214779||JONES|PETER||05/21/1990||"Red Roof Inn Orlando South, Florida Mall, 8296 Orange Blossom Trail"|Orlando|FL|32809||Male|9999999999|"No Response"|1||0|0|0|0||0|JONES||||||||"SARS-CoV-2 (COVID-19)"|Antigen|97097-0|"SARS-CoV-2 Ag Upper resp Ql IA.rapid"|"Nasopharyngeal swab"|258500001|04/30/2022|Negative|260385009
61|4244|10D2214779||Henshall|Richard||08/09/1984||Unknown|Unknown|FL|99999||Male|07929506452|"No Response"|1||0|0|0|0||0|Henshall||||||||"SARS-CoV-2 (COVID-19)"|Antigen|97097-0|"SARS-CoV-2 Ag Upper resp Ql IA.rapid"|"Nasopharyngeal swab"|258500001|04/30/2022|Negative|260385009
62|4244|10D2214779||Henshall|Sevcan||09/05/1983||Unknown|Unknown|FL|99999||Female|07896113294|"No Response"|0||0|0|0|1||0|Henshall||||||||"SARS-CoV-2 (COVID-19)"|Antigen|97097-0|"SARS-CoV-2 Ag Upper resp Ql IA.rapid"|"Nasopharyngeal swab"|258500001|04/30/2022|Negative|260385009
63|4244|10D2214779||Hearne|Raymond||10/31/1989||Unknown|Unknown|FL|99999||Male|7863962445|"No Response"|1||0|0|0|0||0|Hearne||||||||"SARS-CoV-2 (COVID-19)"|Antigen|97097-0|"SARS-CoV-2 Ag Upper resp Ql IA.rapid"|"Nasopharyngeal swab"|258500001|04/30/2022|Negative|260385009
64|4244|10D2214779||Oleck|Sylvia||05/02/1980||"499 Evernia Street, apt 712"|"West Palm Beach"|FL|33401||Female|7862185638|"No Response"|1||0|0|0|0||0|Oleck||||||||"SARS-CoV-2 (COVID-19)"|PCR|94500-6|"SARS-CoV-2 RNA Resp Ql NAA+probe"|"Nasopharyngeal swab"|258500001|04/30/2022|Negative|260385009
65|4244|10D2214779||Cardona|maria||05/24/2003||"10055 NW 86 Ter"|Doral|FL|33178||Female|3057947786|"No Response"|0||0|0|0|0||0|Cardona||||||||"SARS-CoV-2 (COVID-19)"|Antigen|97097-0|"SARS-CoV-2 Ag Upper resp Ql IA.rapid"|"Nasopharyngeal swab"|258500001|04/30/2022|Negative|260385009
66|4244|10D2214779||Bonner|Adam||05/22/1983||"Red Roof Inn"|Orlando|FL|32809||Male|9999999999|"No Response"|1||0|0|0|0||0|Bonner||||||||"SARS-CoV-2 (COVID-19)"|Antigen|97097-0|"SARS-CoV-2 Ag Upper resp Ql IA.rapid"|"Nasopharyngeal swab"|258500001|04/30/2022|Negative|260385009
67|4244|10D2214779||Desporte|Tegan||05/23/1986||"Red Roof Inn"|Orlando|FL|32809||Female|9999999999|"No Response"|0||0|0|0|1||0|Desporte||||||||"SARS-CoV-2 (COVID-19)"|Antigen|97097-0|"SARS-CoV-2 Ag Upper resp Ql IA.rapid"|"Nasopharyngeal swab"|258500001|04/30/2022|Negative|260385009
68|4244|10D2214779||Jennings|Ross||02/07/1984||"Red Roof Inn Orlando South-Florida Mall"|Orlando|FL|32809||Male|9999999999|"No Response"|1||0|0|0|0||0|Jennings||||||||"SARS-CoV-2 (COVID-19)"|Antigen|97097-0|"SARS-CoV-2 Ag Upper resp Ql IA.rapid"|"Nasopharyngeal swab"|258500001|04/30/2022|Negative|260385009
69|4244|10D2214779||Green|Conner||06/08/1993||"248 N Home Ave"|Franklin|FL|46131||Male|3174123504|"No Response"|1||0|0|0|0||0|Green||||||||"SARS-CoV-2 (COVID-19)"|Antigen|97097-0|"SARS-CoV-2 Ag Upper resp Ql IA.rapid"|"Nasopharyngeal swab"|258500001|04/30/2022|Negative|260385009
70|4244|10D2214779||Green|Rachel||09/29/1993||"248 N Home Ave"|Franklin|FL|46131||Female|7407076737|"No Response"|1||0|0|0|0||0|Green||||||||"SARS-CoV-2 (COVID-19)"|Antigen|97097-0|"SARS-CoV-2 Ag Upper resp Ql IA.rapid"|"Nasopharyngeal swab"|258500001|04/30/2022|Negative|260385009
71|4244|10D2214779||"Castro Haro"|"Luis Fernando"||11/19/1991||"15490 SW 82 ND LN APT 121"|Miami|FL|33193||Male|6681461508|"No Response"|0||0|0|0|0||0|"Castro Haro"||||||||"SARS-CoV-2 (COVID-19)"|Antigen|97097-0|"SARS-CoV-2 Ag Upper resp Ql IA.rapid"|"Nasopharyngeal swab"|258500001|04/30/2022|Negative|260385009
72|4244|10D2214779||Jovignot|Charles||05/18/1980||Unknown|Unknown|FL|99999||Male|9999999999|"No Response"|1||0|0|0|0||0|Jovignot||||||||"SARS-CoV-2 (COVID-19)"|Antigen|97097-0|"SARS-CoV-2 Ag Upper resp Ql IA.rapid"|"Nasopharyngeal swab"|258500001|04/30/2022|Negative|260385009
73|4244|10D2214779||Foxwell|Franklin||04/11/1967||"917 Shamrock Avenue"|Knoxville|FL|37917||Male|8657734157|"No Response"|1||0|0|0|0||0|Foxwell||||||||"SARS-CoV-2 (COVID-19)"|Antigen|97097-0|"SARS-CoV-2 Ag Upper resp Ql IA.rapid"|"Nasopharyngeal swab"|258500001|04/30/2022|Negative|260385009
74|4244|10D2214779||Foxwell|Lisa||03/25/1968||"917 Shamrock Avenue"|Knoxville|FL|37917||Female|8657734154|"No Response"|1||0|0|0|0||0|Foxwell||||||||"SARS-CoV-2 (COVID-19)"|Antigen|97097-0|"SARS-CoV-2 Ag Upper resp Ql IA.rapid"|"Nasopharyngeal swab"|258500001|04/30/2022|Negative|260385009
75|4244|10D2214779||Uzzi|Rena||02/01/1949||"601 Sabal Ridge Circle, #A"|"Palm Beach Gardens"|FL|33418||Female|5616670319|"No Response"|1||0|0|0|0||0|Uzzi||||||||"SARS-CoV-2 (COVID-19)"|Antigen|97097-0|"SARS-CoV-2 Ag Upper resp Ql IA.rapid"|"Nasopharyngeal swab"|258500001|04/30/2022|Negative|260385009
76|4244|10D2214779||Taylor|"Falayna Carla"||01/01/1970||"320 West 22nd Court"|"Riviera Beach"|FL|33404||Female|5617215262|"No Response"|0||0|0|0|0||0|Taylor||||||||"SARS-CoV-2 (COVID-19)"|Antigen|97097-0|"SARS-CoV-2 Ag Upper resp Ql IA.rapid"|"Nasopharyngeal swab"|258500001|04/30/2022|Negative|260385009
77|4244|10D2214779||Mazely|Jeffrey||03/18/1964||"7780 SW 6 th Street,Plantation"|Florida|FL|33324||Male|18686807751|"No Response"|0||0|0|0|1||0|Mazely||||||||"SARS-CoV-2 (COVID-19)"|Antigen|97097-0|"SARS-CoV-2 Ag Upper resp Ql IA.rapid"|"Nasopharyngeal swab"|258500001|04/30/2022|Negative|260385009
78|4244|10D2214779||Farrell|Maria||12/15/1966||"7780 SW 6 th Street Plantation"|Florida|FL|33324||Female|18686807751|"No Response"|0||0|0|0|1||0|Farrell||||||||"SARS-CoV-2 (COVID-19)"|Antigen|97097-0|"SARS-CoV-2 Ag Upper resp Ql IA.rapid"|"Nasopharyngeal swab"|258500001|04/30/2022|Negative|260385009
79|4244|10D2214779||Mazely|Isabella||04/19/2001||"7780 SW 6 th Street Plantation"|Florida|FL|33324||Female|18686807751|"No Response"|0||0|0|0|1||0|Mazely||||||||"SARS-CoV-2 (COVID-19)"|Antigen|97097-0|"SARS-CoV-2 Ag Upper resp Ql IA.rapid"|"Nasopharyngeal swab"|258500001|04/30/2022|Negative|260385009
80|4244|10D2214779||Ward|Pamela||10/02/1950||"687 Coronado Drive"|Kissimmee|FL|34759||Female|14015337525|"No Response"|1||0|0|0|0||0|Ward||||||||"SARS-CoV-2 (COVID-19)"|Antigen|97097-0|"SARS-CoV-2 Ag Upper resp Ql IA.rapid"|"Nasopharyngeal swab"|258500001|04/30/2022|Negative|260385009
81|4244|10D2214779||Ward|Donald||06/19/1947||"687 Coronado Drive"|Kissimmee|FL|34759||Male|17817383436|"No Response"|1||0|0|0|0||0|Ward||||||||"SARS-CoV-2 (COVID-19)"|Antigen|97097-0|"SARS-CoV-2 Ag Upper resp Ql IA.rapid"|"Nasopharyngeal swab"|258500001|04/30/2022|Negative|260385009
82|4244|10D2214779||Ledda|Walter||10/25/1964||"801 Brickell Key Blvd #1004"|Miami|FL|33131||Male|9493073806|"No Response"|1||0|0|0|0||0|Ledda||||||||"SARS-CoV-2 (COVID-19)"|Antigen|97097-0|"SARS-CoV-2 Ag Upper resp Ql IA.rapid"|"Nasopharyngeal swab"|258500001|04/30/2022|Negative|260385009
83|4244|10D2214779||Farias|Sebastian||03/08/1985||"12007 cypress run drive"|Orlando|FL|32836||Male|56997550935|"No Response"|0||0|0|0|0||0|Farias||||||||"SARS-CoV-2 (COVID-19)"|Antigen|97097-0|"SARS-CoV-2 Ag Upper resp Ql IA.rapid"|"Nasopharyngeal swab"|258500001|04/30/2022|Negative|260385009
84|4244|10D2214779||Araneda|Kareen||02/09/1981||"12007 cypress run drive"|Orlando|FL|32836||Female|56983809807|"No Response"|0||0|0|0|0||0|Araneda||||||||"SARS-CoV-2 (COVID-19)"|Antigen|97097-0|"SARS-CoV-2 Ag Upper resp Ql IA.rapid"|"Nasopharyngeal swab"|258500001|04/30/2022|Negative|260385009
85|4244|10D2214779||Suripatty|Amelie||03/09/1984||"7310 Harding Ave Miami Beach, FL  33141 United States"|Miami|FL|03311||Female|9999999999|"No Response"|0||0|0|0|1||0|Suripatty||||||||"SARS-CoV-2 (COVID-19)"|Antigen|97097-0|"SARS-CoV-2 Ag Upper resp Ql IA.rapid"|"Nasopharyngeal swab"|258500001|04/30/2022|Negative|260385009
86|4244|10D2214779||Wijkstra|Henk||03/22/1985||"7310 Harding Ave Miami Beach, FL  33141 United States"|Miami|FL|33141||Male|9999999999|"No Response"|0||0|0|0|1||0|Wijkstra||||||||"SARS-CoV-2 (COVID-19)"|Antigen|97097-0|"SARS-CoV-2 Ag Upper resp Ql IA.rapid"|"Nasopharyngeal swab"|258500001|04/30/2022|Negative|260385009
87|4244|10D2214779||Arin|Dorothea||08/25/1968||"624 Coriander Canyon Ct"|"Las Vegas"|FL|89138||Female|7022170916|"No Response"|1||0|0|0|0||0|Arin||||||||"SARS-CoV-2 (COVID-19)"|PCR|94500-6|"SARS-CoV-2 RNA Resp Ql NAA+probe"|"Nasopharyngeal swab"|258500001|04/30/2022|Negative|260385009
88|4244|10D2214779||Arin|Imanuel||11/01/1963||"624 Coriander Canyon Ct"|"Las Vegas"|FL|89138||Male|7023271126|"No Response"|1||0|0|0|0||0|Arin||||||||"SARS-CoV-2 (COVID-19)"|PCR|94500-6|"SARS-CoV-2 RNA Resp Ql NAA+probe"|"Nasopharyngeal swab"|258500001|04/30/2022|Negative|260385009
89|4244|10D2214779||SANGIOVANNI|GIUSEPPE||07/05/1988||Unknown|Unknown|FL|99999||Male|7866009095|"No Response"|0||0|0|0|0||1|SANGIOVANNI||||||||"SARS-CoV-2 (COVID-19)"|Antigen|97097-0|"SARS-CoV-2 Ag Upper resp Ql IA.rapid"|"Nasopharyngeal swab"|258500001|04/30/2022|Negative|260385009
90|4244|10D2214779||"AROCHA RODRIGUEZ"|"YANDIA ELENA"||05/12/1987||Unknown|Unknown|FL|99999||Female|7866009095|"No Response"|0||0|0|0|0||1|"AROCHA RODRIGUEZ"||||||||"SARS-CoV-2 (COVID-19)"|Antigen|97097-0|"SARS-CoV-2 Ag Upper resp Ql IA.rapid"|"Nasopharyngeal swab"|258500001|04/30/2022|Negative|260385009
91|4244|10D2214779||Spann|Antworne||03/10/1980||"1201 E Sunrise Blvd Unit 701"|"Fort Lauderdale"|FL|33304||Male|6785255169|"No Response"|0||0|0|0|0||0|Spann||||||||"SARS-CoV-2 (COVID-19)"|Antigen|97097-0|"SARS-CoV-2 Ag Upper resp Ql IA.rapid"|"Nasopharyngeal swab"|258500001|04/30/2022|Negative|260385009
92|4244|10D2214779||Spann|Antworne||03/10/1980||"1201 E Sunrise Blvd Unit 701"|"Fort Lauderdale"|FL|33304||Male|6785255169|"No Response"|0||0|0|0|0||0|Spann||||||||"SARS-CoV-2 (COVID-19)"|Antigen|97097-0|"SARS-CoV-2 Ag Upper resp Ql IA.rapid"|"Nasopharyngeal swab"|258500001|04/30/2022|Negative|260385009
93|4244|10D2214779||Underwood|Barney||10/27/1958||"3400 Cabana DR. unit 1102"|"Las Vegas"|FL|89122||Male|7022711317|"No Response"|1||0|0|0|0||0|Underwood||||||||"SARS-CoV-2 (COVID-19)"|Antigen|97097-0|"SARS-CoV-2 Ag Upper resp Ql IA.rapid"|"Nasopharyngeal swab"|258500001|04/30/2022|Negative|260385009
94|4244|10D2214779||Sheard|Duane||01/13/1984||"109 NE 6th Street"|"Fort Lauderdale"|FL|33304||Male|2284241211|"No Response"|0||0|0|0|0||0|Sheard||||||||"SARS-CoV-2 (COVID-19)"|Antigen|97097-0|"SARS-CoV-2 Ag Upper resp Ql IA.rapid"|"Nasopharyngeal swab"|258500001|04/30/2022|Negative|260385009
95|4244|10D2214779||Underwood|Nita||07/16/1959||"3400 Cabana DR. unit 1102"|"Las Vegas"|FL|89122||Female|7022711317|"No Response"|0||0|1|0|0||0|Underwood||||||||"SARS-CoV-2 (COVID-19)"|Antigen|97097-0|"SARS-CoV-2 Ag Upper resp Ql IA.rapid"|"Nasopharyngeal swab"|258500001|04/30/2022|Negative|260385009
96|4244|10D2214779||Wilkerson|Megan||11/24/1997||"13405 Sunset Lakes Circle"|"Winter Garden"|FL|34787||Female|4074560554|"No Response"|1||0|0|0|0||0|Wilkerson||||||||"SARS-CoV-2 (COVID-19)"|Antigen|97097-0|"SARS-CoV-2 Ag Upper resp Ql IA.rapid"|"Nasopharyngeal swab"|258500001|04/30/2022|Negative|260385009
97|4244|10D2214779||Sheehan|Robert||09/09/1993||"15320 Amberbeam"|Orlando|FL|34787||Male|4074325735|"No Response"|1||0|0|0|0||0|Sheehan||||||||"SARS-CoV-2 (COVID-19)"|Antigen|97097-0|"SARS-CoV-2 Ag Upper resp Ql IA.rapid"|"Nasopharyngeal swab"|258500001|04/30/2022|Negative|260385009
98|4244|10D2214779||Long|"Lucia Mary"||09/25/1980||"3410 SE Bevil Ave"|"Port Saint Lucie"|FL|34984||Female|9999999999|"No Response"|1||0|0|0|0||0|Long||||||||"SARS-CoV-2 (COVID-19)"|Antigen|97097-0|"SARS-CoV-2 Ag Upper resp Ql IA.rapid"|"Nasopharyngeal swab"|258500001|04/30/2022|Negative|260385009
99|4244|10D2214779||Long|"Simon Leslie"||01/15/1968||"3410 SE Bevil Ave"|"Port Saint lucie"|FL|34984||Male|9999999999|"No Response"|1||0|0|0|0||0|Long||||||||"SARS-CoV-2 (COVID-19)"|Antigen|97097-0|"SARS-CoV-2 Ag Upper resp Ql IA.rapid"|"Nasopharyngeal swab"|258500001|04/30/2022|Negative|260385009
100|4244|10D2214779||Parotti|"Ashawntae Azaria"||07/24/2004||Unknown|Unknown|FL|99999||Female|9542457944|"No Response"|0||0|0|0|0||0|Parotti||||||||"SARS-CoV-2 (COVID-19)"|Antigen|97097-0|"SARS-CoV-2 Ag Upper resp Ql IA.rapid"|"Nasopharyngeal swab"|258500001|04/30/2022|Negative|260385009
101|4244|10D2214779||Ajmani|Aman||11/29/1979||"7764 Lower Gateway Loop"|Orlando|FL|32827||Male|6892657776|"No Response"|0||0|1|0|0||0|Ajmani||||||||"SARS-CoV-2 (COVID-19)"|PCR|94500-6|"SARS-CoV-2 RNA Resp Ql NAA+probe"|"Nasopharyngeal swab"|258500001|04/30/2022|Negative|260385009
102|4244|10D2214779||Sanders|Harold||05/03/1955||"2700 Las Vegas Blvd South, Unit 2603"|"Las Vegas"|FL|89109||Male|9137081853|"No Response"|1||0|0|0|0||0|Sanders||||||||"SARS-CoV-2 (COVID-19)"|Antigen|97097-0|"SARS-CoV-2 Ag Upper resp Ql IA.rapid"|"Nasopharyngeal swab"|258500001|04/30/2022|Negative|260385009
103|4244|10D2214779||Allison|Terrence||03/05/1970||Unknown|Unknown|FL|99999||Male|7732096307|"No Response"|1||0|0|0|0||0|Allison||||||||"SARS-CoV-2 (COVID-19)"|Antigen|97097-0|"SARS-CoV-2 Ag Upper resp Ql IA.rapid"|"Nasopharyngeal swab"|258500001|04/30/2022|Negative|260385009
104|4244|10D2214779||"Salcedo Aguilar"|"Diego David"||09/06/1990||"21 Pheasant Tail Ln"|"Big Sky"|FL|59716||Male|6198976723|"No Response"|0||0|0|0|0||0|"Salcedo Aguilar"||||||||"SARS-CoV-2 (COVID-19)"|Antigen|97097-0|"SARS-CoV-2 Ag Upper resp Ql IA.rapid"|"Nasopharyngeal swab"|258500001|04/30/2022|Negative|260385009
105|4244|10D2214779||Lee|Brandon||08/25/1993||"105 Fairway Drive"|Miami|FL|33166||Male|8687638450|"No Response"|0||0|0|0|1||0|Lee||||||||"SARS-CoV-2 (COVID-19)"|Antigen|97097-0|"SARS-CoV-2 Ag Upper resp Ql IA.rapid"|"Nasopharyngeal swab"|258500001|04/30/2022|Negative|260385009
106|4244|10D2214779||Massey|Jessica||04/21/1978||"452 W Nees Avenue"|Freano|FL|93711||Female|6173083682|"No Response"|0||0|0|0|0||0|Massey||||||||"SARS-CoV-2 (COVID-19)"|Antigen|97097-0|"SARS-CoV-2 Ag Upper resp Ql IA.rapid"|"Nasopharyngeal swab"|258500001|04/30/2022|Negative|260385009
107|4244|10D2214779||Foley|Savannah||12/22/2000||"2551 Saturn rd"|Brooksville|FL|34604||Female|3525737002|"No Response"|1||0|0|0|0||0|Foley||||||||"SARS-CoV-2 (COVID-19)"|Antigen|97097-0|"SARS-CoV-2 Ag Upper resp Ql IA.rapid"|"Nasopharyngeal swab"|258500001|04/30/2022|Negative|260385009
108|4244|10D2214779||Foley|Shannon||12/09/1974||"2551 Saturn rd"|Brooksville|FL|34604||Female|+3525844307|"No Response"|1||0|0|0|0||0|Foley||||||||"SARS-CoV-2 (COVID-19)"|Antigen|97097-0|"SARS-CoV-2 Ag Upper resp Ql IA.rapid"|"Nasopharyngeal swab"|258500001|04/30/2022|Negative|260385009
109|4244|10D2214779||Atherley|Kenneth||02/08/1960||"1201 nw Le Jeune rd"|Miami|FL|33120||Male|2462306185|"No Response"|0||0|0|0|0||0|Atherley||||||||"SARS-CoV-2 (COVID-19)"|Antigen|97097-0|"SARS-CoV-2 Ag Upper resp Ql IA.rapid"|"Nasopharyngeal swab"|258500001|04/30/2022|Negative|260385009
110|4244|10D2214779||Victor|Tanisha||05/22/1999||"665 mokena dr"|"Miami springs"|FL|33166||Female|9999999999|"No Response"|0||0|0|0|1||0|Victor||||||||"SARS-CoV-2 (COVID-19)"|Antigen|97097-0|"SARS-CoV-2 Ag Upper resp Ql IA.rapid"|"Nasopharyngeal swab"|258500001|04/30/2022|Negative|260385009
111|4244|10D2214779||Maldonado|"Carmen maria"||12/25/1973||"7928 west dr #305"|Miami|FL|33141||Female|3057940971|"No Response"|0||0|0|0|0||0|Maldonado||||||||"SARS-CoV-2 (COVID-19)"|Antigen|97097-0|"SARS-CoV-2 Ag Upper resp Ql IA.rapid"|"Nasopharyngeal swab"|258500001|04/30/2022|Negative|260385009
112|4244|10D2214779||Maldonado|"Carmen maria"||12/25/1973||"7928 west dr #305"|Miami|FL|33141||Female|3057940971|"No Response"|0||0|0|0|0||0|Maldonado||||||||"SARS-CoV-2 (COVID-19)"|Antigen|97097-0|"SARS-CoV-2 Ag Upper resp Ql IA.rapid"|"Nasopharyngeal swab"|258500001|04/30/2022|Negative|260385009
113|4244|10D2214779||Sturrup|Desmond||06/14/1983||"1717 N Bayshore Dr, Miami, Fl"|Miami|FL|33132||Male|3213891673|"No Response"|0||0|0|0|0||0|Sturrup||||||||"SARS-CoV-2 (COVID-19)"|Antigen|97097-0|"SARS-CoV-2 Ag Upper resp Ql IA.rapid"|"Nasopharyngeal swab"|258500001|04/30/2022|Negative|260385009
114|4244|10D2214779||medina|eitan||06/15/1965||"La Quinta Inn by Wyndham Orlando International Drive North, 5825 International Dr, Orlando, FL 32819"|orlando|FL|32819||Male|9999999999|"No Response"|1||0|0|0|0||0|medina||||||||"SARS-CoV-2 (COVID-19)"|Antigen|97097-0|"SARS-CoV-2 Ag Upper resp Ql IA.rapid"|"Nasopharyngeal swab"|258500001|04/30/2022|Negative|260385009
115|4244|10D2214779||Glen|Debrah||09/19/1958||"3633 Sonoma Dr"|"Riviera Beach"|FL|33404||Female|5613177594|"No Response"|0||0|0|0|0||0|Glen||||||||"SARS-CoV-2 (COVID-19)"|Antigen|97097-0|"SARS-CoV-2 Ag Upper resp Ql IA.rapid"|"Nasopharyngeal swab"|258500001|04/30/2022|Negative|260385009
116|4244|10D2214779||Glen|Leslie||09/09/1956||"3633 Sonoma Dr"|"Riviera Beach"|FL|33404||Male|5613177594|"No Response"|0||0|0|0|0||0|Glen||||||||"SARS-CoV-2 (COVID-19)"|Antigen|97097-0|"SARS-CoV-2 Ag Upper resp Ql IA.rapid"|"Nasopharyngeal swab"|258500001|04/30/2022|Negative|260385009
117|4244|10D2214779||Cesari|Gianmaria||09/10/1975||"100 s pointe dr"|"Miami Beach"|FL|33139||Male|7863962445|"No Response"|1||0|0|0|0||0|Cesari||||||||"SARS-CoV-2 (COVID-19)"|Antigen|97097-0|"SARS-CoV-2 Ag Upper resp Ql IA.rapid"|"Nasopharyngeal swab"|258500001|04/30/2022|Negative|260385009
118|4244|10D2214779||Gomes|Eugenia||07/05/1976||Unknown|Unknown|FL|99999||Female|7863962445|"No Response"|0||0|0|0|0||0|Gomes||||||||"SARS-CoV-2 (COVID-19)"|Antigen|97097-0|"SARS-CoV-2 Ag Upper resp Ql IA.rapid"|"Nasopharyngeal swab"|258500001|04/30/2022|Negative|260385009
119|4244|10D2214779||Cesari|Giacomo||11/18/2011||Unknown|Unknown|FL|99999||Male|7863962445|"No Response"|1||0|0|0|0||0|Cesari||||||||"SARS-CoV-2 (COVID-19)"|Antigen|97097-0|"SARS-CoV-2 Ag Upper resp Ql IA.rapid"|"Nasopharyngeal swab"|258500001|04/30/2022|Negative|260385009
120|4244|10D2214779||Leis|Arlene||09/14/1965||"784 Malaga Drive"|"Boca Raton"|FL|33432||Female|5614189122|"No Response"|1||0|0|0|0||0|Leis||||||||"SARS-CoV-2 (COVID-19)"|Antigen|97097-0|"SARS-CoV-2 Ag Upper resp Ql IA.rapid"|"Nasopharyngeal swab"|258500001|04/30/2022|Negative|260385009
121|4244|10D2214779||Cesari|Giorgio||08/05/2015||Unknown|Unknown|FL|99999||Male|7863962445|"No Response"|1||0|0|0|0||0|Cesari||||||||"SARS-CoV-2 (COVID-19)"|Antigen|97097-0|"SARS-CoV-2 Ag Upper resp Ql IA.rapid"|"Nasopharyngeal swab"|258500001|04/30/2022|Negative|260385009
122|4244|10D2214779||Fiori|Chiara||09/30/1974||Unknown|Unknown|FL|99999||Female|7863962445|"No Response"|1||0|0|0|0||0|Fiori||||||||"SARS-CoV-2 (COVID-19)"|Antigen|97097-0|"SARS-CoV-2 Ag Upper resp Ql IA.rapid"|"Nasopharyngeal swab"|258500001|04/30/2022|Negative|260385009
123|4244|10D2214779||Sedgwick|Zachary||08/26/2003||Unknown|Unknown|FL|99999||Male|7863962445|"No Response"|1||0|0|0|0||0|Sedgwick||||||||"SARS-CoV-2 (COVID-19)"|Antigen|97097-0|"SARS-CoV-2 Ag Upper resp Ql IA.rapid"|"Nasopharyngeal swab"|258500001|04/30/2022|Negative|260385009
124|4244|10D2214779||Nesbeth|"Yolanda Camille"||06/21/1984||"1050 Fairdale Way"|Wellington|FL|33414||Female|6032361852|"No Response"|0||0|0|0|0||0|Nesbeth||||||||"SARS-CoV-2 (COVID-19)"|PCR|94500-6|"SARS-CoV-2 RNA Resp Ql NAA+probe"|"Nasopharyngeal swab"|258500001|01/01/1970|Negative|260385009
125|4244|10D2214779||Horrocks|Collin||09/04/1998||Unknown|Unknown|FL|99999||Male|5853176137|"No Response"|1||0|0|0|0||0|Horrocks||||||||"SARS-CoV-2 (COVID-19)"|Antigen|97097-0|"SARS-CoV-2 Ag Upper resp Ql IA.rapid"|"Nasopharyngeal swab"|258500001|04/30/2022|Negative|260385009
126|4244|10D2214779||Levin|Dana||11/17/1976||"8000 Badura Ave Unit 2187"|"Las Vegas"|FL|89113||Female|7022389765|"No Response"|1||0|0|0|0||0|Levin||||||||"SARS-CoV-2 (COVID-19)"|Antigen|97097-0|"SARS-CoV-2 Ag Upper resp Ql IA.rapid"|"Nasopharyngeal swab"|258500001|04/30/2022|Negative|260385009
127|4244|10D2214779||Levin|Dana||11/17/1976||"8000 Badura Ave Unit 2187"|"Las Vegas"|FL|89113||Female|7022389765|"No Response"|1||0|0|0|0||0|Levin||||||||"SARS-CoV-2 (COVID-19)"|Antigen|97097-0|"SARS-CoV-2 Ag Upper resp Ql IA.rapid"|"Nasopharyngeal swab"|258500001|04/30/2022|Negative|260385009
128|4244|10D2214779||Sheppard|Jarrett||04/16/1982||"8000 Badura Ave , Unit 2187"|"Las Vegas"|FL|89113||Male|7026968447|"No Response"|0||0|0|0|0||0|Sheppard||||||||"SARS-CoV-2 (COVID-19)"|Antigen|97097-0|"SARS-CoV-2 Ag Upper resp Ql IA.rapid"|"Nasopharyngeal swab"|258500001|04/30/2022|Negative|260385009
129|4244|10D2214779||Cox|Shereen||01/01/1970||"3101 Dolphin Drive"|"Delray beach"|FL|33445||Female|5617200926|"No Response"|0||0|0|0|0||0|Cox||||||||"SARS-CoV-2 (COVID-19)"|Antigen|97097-0|"SARS-CoV-2 Ag Upper resp Ql IA.rapid"|"Nasopharyngeal swab"|258500001|04/30/2022|Negative|260385009
130|4244|10D2214779||Alicea|Izabel||02/13/2000||"17 Leary Drive"|Holyoke|FL|01040||Female|4133884114|"No Response"|0||0|0|0|0||0|Alicea||||||||"SARS-CoV-2 (COVID-19)"|Antigen|97097-0|"SARS-CoV-2 Ag Upper resp Ql IA.rapid"|"Nasopharyngeal swab"|258500001|04/30/2022|Negative|260385009
131|4244|10D2214779||Ackley|Billy||07/23/1967||"13803 88th Pl N"|"West Palm Beach"|FL|33412||Male|9547321170|"No Response"|1||0|0|0|0||0|Ackley||||||||"SARS-CoV-2 (COVID-19)"|PCR|94500-6|"SARS-CoV-2 RNA Resp Ql NAA+probe"|"Nasopharyngeal swab"|258500001|04/24/2022|Negative|260385009
132|4244|10D2214779||KWON|INHEE||02/17/1994||"231 Riverside Dr 1210"|"Holly Hill"|FL|32117||Male|2068329543|"No Response"|0||0|1|0|0||0|KWON||||||||"SARS-CoV-2 (COVID-19)"|PCR|94500-6|"SARS-CoV-2 RNA Resp Ql NAA+probe"|"Nasopharyngeal swab"|258500001|04/30/2022|Negative|260385009
133|4244|10D2214779||Douglass|William||11/28/1986||"1030 Sones Chapel Rd"|Poplarville|FL|39470||Male|6013371158|"No Response"|0||0|1|0|0||0|Douglass||||||||"SARS-CoV-2 (COVID-19)"|Antigen|97097-0|"SARS-CoV-2 Ag Upper resp Ql IA.rapid"|"Nasopharyngeal swab"|258500001|04/30/2022|Negative|260385009
134|4244|10D2214779||Sohan-Seenath|Karen||02/05/1969||"20970 via Jasmine Apt 1"|"Boca Raton"|FL|33428||Female|5616098668|"No Response"|0||0|0|0|1||0|Sohan-Seenath||||||||"SARS-CoV-2 (COVID-19)"|Antigen|97097-0|"SARS-CoV-2 Ag Upper resp Ql IA.rapid"|"Nasopharyngeal swab"|258500001|04/30/2022|Negative|260385009
135|4244|10D2214779||RIVERA|ROBERT||06/13/1965||"14016 Sanctuary View Trl Unit 206"|Orlando|FL|32832||Male|7873916000|"No Response"|0||0|0|0|0||0|RIVERA||||||||"SARS-CoV-2 (COVID-19)"|Antigen|97097-0|"SARS-CoV-2 Ag Upper resp Ql IA.rapid"|"Nasopharyngeal swab"|258500001|04/30/2022|Negative|260385009
136|4244|10D2214779||Heckman|Richard||08/25/1953||"7712 Mansfield Hollow Rd"|"Delray Beach FL"|FL|33446||Male|9144240958|"No Response"|1||0|0|0|0||0|Heckman||||||||"SARS-CoV-2 (COVID-19)"|Antigen|97097-0|"SARS-CoV-2 Ag Upper resp Ql IA.rapid"|"Nasopharyngeal swab"|258500001|04/30/2022|Negative|260385009
137|4244|10D2214779||"De Stefano"|Marie||05/03/1947||"7712 Mansfield Hollow Rd"|"Delray Beach Fl"|FL|33446||Female|9149075944|"No Response"|1||0|0|0|0||0|"De Stefano"||||||||"SARS-CoV-2 (COVID-19)"|Antigen|97097-0|"SARS-CoV-2 Ag Upper resp Ql IA.rapid"|"Nasopharyngeal swab"|258500001|04/30/2022|Negative|260385009
138|4244|10D2214779||GOTO|YUKI||12/30/1995||Unknown|Unknown|FL|99999||Female|07021744861|"No Response"|0||0|1|0|0||0|GOTO||||||||"SARS-CoV-2 (COVID-19)"|PCR|94500-6|"SARS-CoV-2 RNA Resp Ql NAA+probe"|"Nasopharyngeal swab"|258500001|04/30/2022|Positive|10828004
139|4244|10D2214779||Cochrane|Kathryn||10/07/1950||"110 W Cypress Rd"|"LAKE WORTH"|FL|33467||Female|5619061606|"No Response"|0||0|0|0|0||1|Cochrane||||||||"SARS-CoV-2 (COVID-19)"|PCR|94500-6|"SARS-CoV-2 RNA Resp Ql NAA+probe"|"Nasopharyngeal swab"|258500001|04/30/2022|Negative|260385009
140|4244|10D2214779||Fry|John||08/14/1956||"333 las olas way,Apt 1810"|"Fort Lauderdale"|FL|33301||Male|7863962445|"No Response"|0||0|0|0|1||0|Fry||||||||"SARS-CoV-2 (COVID-19)"|Antigen|97097-0|"SARS-CoV-2 Ag Upper resp Ql IA.rapid"|"Nasopharyngeal swab"|258500001|04/30/2022|Negative|260385009
141|4244|10D2214779||Alon|"Elisa Rae"||09/12/1952||"9940 Las Vegas Blvd"|"Las Vegas"|FL|89183||Female|7863962445|"No Response"|1||0|0|0|0||0|Alon||||||||"SARS-CoV-2 (COVID-19)"|Antigen|97097-0|"SARS-CoV-2 Ag Upper resp Ql IA.rapid"|"Nasopharyngeal swab"|258500001|04/30/2022|Positive|10828004
142|4244|10D2214779||McPherson|Siyel||10/02/1990||"8651 NW 47th St"|Lauderhill|FL|33351||Male|19542256220|"No Response"|0||0|0|0|0||0|McPherson||||||||"SARS-CoV-2 (COVID-19)"|Antigen|97097-0|"SARS-CoV-2 Ag Upper resp Ql IA.rapid"|"Nasopharyngeal swab"|258500001|04/30/2022|Negative|260385009
143|4244|10D2214779||"Johnson Dove"|Jenelle||05/09/1990||"8651 NW 47th St"|Lauderhill|FL|33351||Female|19542256220|"No Response"|0||0|0|0|0||0|"Johnson Dove"||||||||"SARS-CoV-2 (COVID-19)"|Antigen|97097-0|"SARS-CoV-2 Ag Upper resp Ql IA.rapid"|"Nasopharyngeal swab"|258500001|04/30/2022|Negative|260385009
144|4244|10D2214779||Hooper|Cheryl||11/14/1963||"3028 Garmall dr"|Jacksonville|FL|32226||Female|9048380708|"No Response"|1||0|0|0|0||0|Hooper||||||||"SARS-CoV-2 (COVID-19)"|Antigen|97097-0|"SARS-CoV-2 Ag Upper resp Ql IA.rapid"|"Nasopharyngeal swab"|258500001|04/30/2022|Negative|260385009
145|4244|10D2214779||Brzozowski|Patricia||05/03/1963||"3028 Farmall  dr"|Jacksonville|FL|32226||Female|9046121865|"No Response"|1||0|0|0|0||0|Brzozowski||||||||"SARS-CoV-2 (COVID-19)"|Antigen|97097-0|"SARS-CoV-2 Ag Upper resp Ql IA.rapid"|"Nasopharyngeal swab"|258500001|04/30/2022|Negative|260385009
146|4244|10D2214779||Le|Dan||07/12/2000||"740 SW 109th Ave"|Miami|FL|33174||Female|9147712867|"No Response"|0||0|1|0|0||0|Le||||||||"SARS-CoV-2 (COVID-19)"|PCR|94500-6|"SARS-CoV-2 RNA Resp Ql NAA+probe"|"Nasopharyngeal swab"|258500001|04/30/2022|Negative|260385009
147|4244|10D2214779||Mai|Thinh||04/27/2002||"740 SW 109th Ave room 1118"|Miami|FL|33174||Male|9042074806|"No Response"|0||0|1|0|0||0|Mai||||||||"SARS-CoV-2 (COVID-19)"|PCR|94500-6|"SARS-CoV-2 RNA Resp Ql NAA+probe"|"Nasopharyngeal swab"|258500001|04/30/2022|Negative|260385009
148|4244|10D2214779||Pham|Minh||06/12/2002||Unknown|Unknown|FL|99999||Male|7863962445|"No Response"|0||0|1|0|0||0|Pham||||||||"SARS-CoV-2 (COVID-19)"|PCR|94500-6|"SARS-CoV-2 RNA Resp Ql NAA+probe"|"Nasopharyngeal swab"|258500001|04/30/2022|Negative|260385009
149|4244|10D2214779||RAMIREZ|CRISTIAN||07/15/1975||"6601 Adventure Way"|Orlando|FL|32189||Male|9999999999|"No Response"|0||0|0|0|0||0|RAMIREZ||||||||"SARS-CoV-2 (COVID-19)"|PCR|94500-6|"SARS-CoV-2 RNA Resp Ql NAA+probe"|"Nasopharyngeal swab"|258500001|04/30/2022|Negative|260385009
150|4244|10D2214779||Truong|Suu||09/26/1961||"3936 Coconut ct"|"Las Vegas"|FL|89108||Male|7028166116|"No Response"|0||0|1|0|0||0|Truong||||||||"SARS-CoV-2 (COVID-19)"|Antigen|97097-0|"SARS-CoV-2 Ag Upper resp Ql IA.rapid"|"Nasopharyngeal swab"|258500001|04/30/2022|Negative|260385009
151|4244|10D2214779||Rasmus|Kulla||05/26/1968||Unknown|Unknown|FL|99999||Male|7863962445|"No Response"|0||0|0|0|0||1|Rasmus||||||||"SARS-CoV-2 (COVID-19)"|Antigen|97097-0|"SARS-CoV-2 Ag Upper resp Ql IA.rapid"|"Nasopharyngeal swab"|258500001|04/30/2022|Negative|260385009
152|4244|10D2214779||"Craciun Busuioc"|Robert||07/30/1977||Unknown|Unknown|FL|99999||Male|7863962445|"No Response"|0||0|0|0|0||1|"Craciun Busuioc"||||||||"SARS-CoV-2 (COVID-19)"|Antigen|97097-0|"SARS-CoV-2 Ag Upper resp Ql IA.rapid"|"Nasopharyngeal swab"|258500001|04/30/2022|Negative|260385009
153|4244|10D2214779||McPherson|"Ian Cameron"||11/02/1976||Unknown|Unknown|FL|99999||Male|7863962445|"No Response"|0||0|0|0|0||1|McPherson||||||||"SARS-CoV-2 (COVID-19)"|Antigen|97097-0|"SARS-CoV-2 Ag Upper resp Ql IA.rapid"|"Nasopharyngeal swab"|258500001|04/30/2022|Negative|260385009
154|4244|10D2214779||Straka|Christian||03/20/1974||Unknown|Unknown|FL|99999||Male|9999999999|"No Response"|1||0|0|0|0||0|Straka||||||||"SARS-CoV-2 (COVID-19)"|Antigen|97097-0|"SARS-CoV-2 Ag Upper resp Ql IA.rapid"|"Nasopharyngeal swab"|258500001|04/30/2022|Negative|260385009
155|4244|10D2214779||RIVERA|ROBERT||06/13/1965||"14016 Sanctuary View Trl"|Orlando|FL|32832||Male|7873916000|"No Response"|0||0|0|0|0||0|RIVERA||||||||"SARS-CoV-2 (COVID-19)"|Antigen|97097-0|"SARS-CoV-2 Ag Upper resp Ql IA.rapid"|"Nasopharyngeal swab"|258500001|04/30/2022|Negative|260385009
156|4244|10D2214779||Alon|"Elisa Rae"||09/12/1952||"9940 Las Vegas Bl. S"|"Las Vegas"|FL|89183||Female|7863962445|"No Response"|1||0|0|0|0||0|Alon||||||||"SARS-CoV-2 (COVID-19)"|Antigen|97097-0|"SARS-CoV-2 Ag Upper resp Ql IA.rapid"|"Nasopharyngeal swab"|258500001|04/30/2022|Positive|10828004
157|4244|10D2214779||Fry|John||08/14/1956||"333 las olas way apt 1810"|"Fort Lauderdale"|FL|33301||Male|7863962445|"No Response"|0||0|0|0|1||0|Fry||||||||"SARS-CoV-2 (COVID-19)"|Antigen|97097-0|"SARS-CoV-2 Ag Upper resp Ql IA.rapid"|"Nasopharyngeal swab"|258500001|04/30/2022|Negative|260385009
158|4244|10D2214779||Ackley|Billy||07/23/1967||"13803 88th PL N"|"West Palm Beach"|FL|33412||Male|9547321170|"No Response"|1||0|0|0|0||0|Ackley||||||||"SARS-CoV-2 (COVID-19)"|PCR|94500-6|"SARS-CoV-2 RNA Resp Ql NAA+probe"|"Nasopharyngeal swab"|258500001|04/24/2022|Negative|260385009
159|4244|10D2214779||Sohan-Seenath|Karen||02/05/1969||"20970 via Jasmine, Apt 1"|"Boca Raton"|FL|33428||Female|5616098668|"No Response"|0||0|1|0|0||0|Sohan-Seenath||||||||"SARS-CoV-2 (COVID-19)"|Antigen|97097-0|"SARS-CoV-2 Ag Upper resp Ql IA.rapid"|"Nasopharyngeal swab"|258500001|04/30/2022|Negative|260385009
160|4244|10D2214779||Cochrane|Kathryn||10/07/1950||"110 W Cypress Rd"|"Lake Worth"|FL|33467||Female|5619061606|"No Response"|1||0|0|0|0||0|Cochrane||||||||"SARS-CoV-2 (COVID-19)"|PCR|94500-6|"SARS-CoV-2 RNA Resp Ql NAA+probe"|"Nasopharyngeal swab"|258500001|04/30/2022|Negative|260385009
161|4244|10D2214779||Fry|John||08/14/1956||"333 las olas way apt 1810"|"Fort Lauderdale"|FL|33301||Male|7863962445|"No Response"|0||0|0|0|1||0|Fry||||||||"SARS-CoV-2 (COVID-19)"|Antigen|97097-0|"SARS-CoV-2 Ag Upper resp Ql IA.rapid"|"Nasopharyngeal swab"|258500001|04/30/2022|Negative|260385009
162|4244|10D2214779||Cochrane|Kathryn||10/07/1950||"110 W Cypress Rd"|"Lake Worth"|FL|33467||Female|5619061606|"No Response"|1||0|0|0|0||0|Cochrane||||||||"SARS-CoV-2 (COVID-19)"|PCR|94500-6|"SARS-CoV-2 RNA Resp Ql NAA+probe"|"Nasopharyngeal swab"|258500001|04/30/2022|Negative|260385009
