RecordID|FacilityID|CLIAID|PatientID|LastName|FirstName|MiddleName|DOB|SSN|StreetAddress|City|State|Zip|County|Gender|PhoneNumber|Ethnicity|RaceWhite|RaceBlack|RaceAmericanIndianAlaskanNative|RaceAsian|RaceNativeHawaiianOrOtherPacificIslander|RaceOther|RaceUnknown|RaceNoResponse|ProviderName|NPI|Pregnant|SchoolAssociation|SchoolName|MeetILIDefinition|PerformingLab|AccessionNumber|Pathogen|TestType|LOINC|LOINCShortName|SpecimenCollectionType|SpecimenSNOMED|SpecimenCollectedDate|Result|ResultSNOMED
1|4244|10D2214779||Ackley|Billy||07/23/1967||"3920 NW 79th Way"|Hollywood|FL|33024||Male|9547321170|"No Response"|1||0|0|0|0||0|Ackley||||||||"SARS-CoV-2 (COVID-19)"|PCR|94500-6|"SARS-CoV-2 RNA Resp Ql NAA+probe"|"Nasopharyngeal swab"|258500001|04/24/2022|Negative|260385009
2|4244|10D2214779||Arsenault|Benoit||02/21/1963||"1960 E Terra Mar De"|"Pompano Beach FL"|FL|33062||Male|5142377170|"No Response"|1||0|0|0|0||0|Arsenault||||||||"SARS-CoV-2 (COVID-19)"|PCR|94500-6|"SARS-CoV-2 RNA Resp Ql NAA+probe"|"Nasopharyngeal swab"|258500001|04/24/2022|Negative|260385009
3|4244|10D2214779||Donofrio|Alexandra||02/18/1962||"9725 NW 52 St"|Doral|FL|33178||Female|3058987345|"No Response"|0||0|0|0|0||0|Donofrio||||||||"SARS-CoV-2 (COVID-19)"|Antigen|97097-0|"SARS-CoV-2 Ag Upper resp Ql IA.rapid"|"Nasopharyngeal swab"|258500001|04/24/2022|Negative|260385009
4|4244|10D2214779||Rabsatt|Boman||09/29/1979||"7735 mordecai ct"|Jacksonville|FL|32210||Male|9047350684|"No Response"|0||0|0|0|0||0|Rabsatt||||||||"SARS-CoV-2 (COVID-19)"|Antigen|97097-0|"SARS-CoV-2 Ag Upper resp Ql IA.rapid"|"Nasopharyngeal swab"|258500001|04/24/2022|Negative|260385009
5|4244|10D2214779||Gil|Ricardo||11/21/1959||"1515 E Broward Blvd Apt 401"|"Fort Lauderdale"|FL|33301||Male|3059019939|"No Response"|0||0|0|0|0||0|Gil||||||||"SARS-CoV-2 (COVID-19)"|PCR|94500-6|"SARS-CoV-2 RNA Resp Ql NAA+probe"|"Nasopharyngeal swab"|258500001|04/24/2022|Negative|260385009
6|4244|10D2214779||Ackley|Billy||07/23/1967||"13803 88th Place N"|"West Palm Beach"|FL|33412||Male|9547321170|"No Response"|1||0|0|0|0||0|Ackley||||||||"SARS-CoV-2 (COVID-19)"|PCR|94500-6|"SARS-CoV-2 RNA Resp Ql NAA+probe"|"Nasopharyngeal swab"|258500001|04/24/2022|Negative|260385009
7|4244|10D2214779||Arsenault|Benoit||02/21/1963||"1960 E. Terra Mar Drive"|"Pompano Beach, FL"|FL|33062||Male|5142377170|"No Response"|1||0|0|0|0||0|Arsenault||||||||"SARS-CoV-2 (COVID-19)"|PCR|94500-6|"SARS-CoV-2 RNA Resp Ql NAA+probe"|"Nasopharyngeal swab"|258500001|04/24/2022|Negative|260385009
8|4244|10D2214779||Rabsatt|Boman||09/29/1979||Unknown|Unknown|FL|32210||Male|9047350684|"No Response"|0||0|0|0|0||0|Rabsatt||||||||"SARS-CoV-2 (COVID-19)"|Antigen|97097-0|"SARS-CoV-2 Ag Upper resp Ql IA.rapid"|"Nasopharyngeal swab"|258500001|04/24/2022|Negative|260385009
9|4244|10D2214779||Evans|"Karen Leslie"||10/19/1963||"Residence Inn"|PBG|FL|33418||Female|3854071129|"No Response"|1||0|0|0|0||0|Evans||||||||"SARS-CoV-2 (COVID-19)"|Antigen|97097-0|"SARS-CoV-2 Ag Upper resp Ql IA.rapid"|"Nasopharyngeal swab"|258500001|04/24/2022|Negative|260385009
10|4244|10D2214779||Evans|"Christopher Glyn"||09/24/1956||"Residence Inn"|PBG|FL|33418||Male|3854071129|"No Response"|1||0|0|0|0||0|Evans||||||||"SARS-CoV-2 (COVID-19)"|Antigen|97097-0|"SARS-CoV-2 Ag Upper resp Ql IA.rapid"|"Nasopharyngeal swab"|258500001|04/24/2022|Negative|260385009
11|4244|10D2214779||Morris|Dashita||03/12/1978||"1960 e Terra Mar Dr"|"Lauderdale by the Sea"|FL|99999||Female|7328534041|"No Response"|0||0|0|0|0||0|Morris||||||||"SARS-CoV-2 (COVID-19)"|PCR|94500-6|"SARS-CoV-2 RNA Resp Ql NAA+probe"|"Nasopharyngeal swab"|258500001|04/24/2022|Negative|260385009
12|4244|10D2214779||Ackley|Billy||07/23/1967||"13803 88th Pl N"|"West Palm Beach"|FL|33412||Male|9547321170|"No Response"|1||0|0|0|0||0|Ackley||||||||"SARS-CoV-2 (COVID-19)"|PCR|94500-6|"SARS-CoV-2 RNA Resp Ql NAA+probe"|"Nasopharyngeal swab"|258500001|04/24/2022|Negative|260385009
13|4244|10D2214779||Moreira|Leandro||09/26/1973||"15728 Marina bay drive"|"Winter garden"|FL|34787||Male|4077750145|"No Response"|0||0|0|0|0||0|Moreira||||||||"SARS-CoV-2 (COVID-19)"|Antigen|97097-0|"SARS-CoV-2 Ag Upper resp Ql IA.rapid"|"Nasopharyngeal swab"|258500001|04/24/2022|Negative|260385009
14|4244|10D2214779||Rabsatt|Boman||09/29/1979||"7735 mordecai ct"|Jacksonville|FL|32210||Male|9047350684|"No Response"|0||0|0|0|0||0|Rabsatt||||||||"SARS-CoV-2 (COVID-19)"|Antigen|97097-0|"SARS-CoV-2 Ag Upper resp Ql IA.rapid"|"Nasopharyngeal swab"|258500001|04/24/2022|Negative|260385009
15|4244|10D2214779||Wedeking|Wendy||09/10/1977||Unknown|Unknown|FL|99999|||9545730143|"No Response"|0||0|0|0|0||1|Wedeking||||||||"SARS-CoV-2 (COVID-19)"|PCR|94500-6|"SARS-CoV-2 RNA Resp Ql NAA+probe"|"Nasopharyngeal swab"|258500001|04/24/2022|Negative|260385009
16|4244|10D2214779||Garcia|Jonathan||01/01/1970||"10367 Mallard landings way"|"Orlando Florida i"|FL|32832||Male|3219469231|"No Response"|0||0|0|0|1||0|Garcia||||||||"SARS-CoV-2 (COVID-19)"|Antigen|97097-0|"SARS-CoV-2 Ag Upper resp Ql IA.rapid"|"Nasopharyngeal swab"|258500001|04/24/2022|Negative|260385009
17|4244|10D2214779||Morris|Dashita||03/12/1978||"1960 E Terra Mar Dr"|"Pompano Beach"|FL|33062||Female|7328534041|"No Response"|0||0|0|0|0||0|Morris||||||||"SARS-CoV-2 (COVID-19)"|PCR|94500-6|"SARS-CoV-2 RNA Resp Ql NAA+probe"|"Nasopharyngeal swab"|258500001|04/24/2022|Negative|260385009
18|4244|10D2214779||Rabsatt|Boman||09/29/1979||"7735 Mordecai Ct"|Jacksonville|FL|32210||Male|9047350684|"No Response"|0||0|0|0|0||0|Rabsatt||||||||"SARS-CoV-2 (COVID-19)"|Antigen|97097-0|"SARS-CoV-2 Ag Upper resp Ql IA.rapid"|"Nasopharyngeal swab"|258500001|04/24/2022|Negative|260385009
19|4244|10D2214779||Bain|Larry||04/17/1951||"1101 asbury way"|Boynton|FL|33426||Male|5617291226|"No Response"|0||0|0|0|0||0|Bain||||||||"SARS-CoV-2 (COVID-19)"|Antigen|97097-0|"SARS-CoV-2 Ag Upper resp Ql IA.rapid"|"Nasopharyngeal swab"|258500001|04/24/2022|Negative|260385009
20|4244|10D2214779||Moreira|Leandro||09/26/1973||"15728 Marina bay drive"|"Winter garden"|FL|34787||Male|4077750145|"No Response"|0||0|0|0|0||0|Moreira||||||||"SARS-CoV-2 (COVID-19)"|Antigen|97097-0|"SARS-CoV-2 Ag Upper resp Ql IA.rapid"|"Nasopharyngeal swab"|258500001|04/24/2022|Negative|260385009
21|4244|10D2214779||Ackley|Billy||07/23/1967||"13803 88th Pl"|"West Palm Beach"|FL|33412||Male|9547321170|"No Response"|1||0|0|0|0||0|Ackley||||||||"SARS-CoV-2 (COVID-19)"|PCR|94500-6|"SARS-CoV-2 RNA Resp Ql NAA+probe"|"Nasopharyngeal swab"|258500001|04/24/2022|Negative|260385009
22|4244|10D2214779||Miranda|Guilherme||06/14/1984||Unknown|Unknown|FL|99999||Male|9999999999|"No Response"|0||0|0|0|0||0|Miranda||||||||"SARS-CoV-2 (COVID-19)"|Antigen|97097-0|"SARS-CoV-2 Ag Upper resp Ql IA.rapid"|"Nasopharyngeal swab"|258500001|04/24/2022|Negative|260385009
23|4244|10D2214779||Miranda|Nathalia||11/12/1987||Unknown|Unknown|FL|99999||Female|9999999999|"No Response"|0||0|0|0|0||0|Miranda||||||||"SARS-CoV-2 (COVID-19)"|Antigen|97097-0|"SARS-CoV-2 Ag Upper resp Ql IA.rapid"|"Nasopharyngeal swab"|258500001|04/24/2022|Negative|260385009
24|4244|10D2214779||Miranda|"Eduardo Graco"||09/21/2015||Unknown|Unknown|FL|99999||Male|9999999999|"No Response"|0||0|0|0|0||0|Miranda||||||||"SARS-CoV-2 (COVID-19)"|Antigen|97097-0|"SARS-CoV-2 Ag Upper resp Ql IA.rapid"|"Nasopharyngeal swab"|258500001|04/24/2022|Negative|260385009
25|4244|10D2214779||Miranda|Mariana||10/04/2017||Unknown|Unknown|FL|99999||Female|9999999999|"No Response"|0||0|0|0|0||0|Miranda||||||||"SARS-CoV-2 (COVID-19)"|Antigen|97097-0|"SARS-CoV-2 Ag Upper resp Ql IA.rapid"|"Nasopharyngeal swab"|258500001|04/24/2022|Negative|260385009
26|4244|10D2214779||Miranda|Juliana||10/04/2017||Unknown|Unknown|FL|99999||Female|9999999999|"No Response"|0||0|0|0|0||0|Miranda||||||||"SARS-CoV-2 (COVID-19)"|Antigen|97097-0|"SARS-CoV-2 Ag Upper resp Ql IA.rapid"|"Nasopharyngeal swab"|258500001|04/24/2022|Negative|260385009
27|4244|10D2214779||Morris|Dashita||03/12/1978||"1960 e Terra Mar Dr."|"pompano beach"|FL|33062||Female|7328534041|"No Response"|0||0|0|0|0||0|Morris||||||||"SARS-CoV-2 (COVID-19)"|PCR|94500-6|"SARS-CoV-2 RNA Resp Ql NAA+probe"|"Nasopharyngeal swab"|258500001|04/24/2022|Negative|260385009
28|4244|10D2214779||WALTRICH|JOAO||08/26/1969||"1476 cardinal Way"|weston|FL|33327||Male|9545942695|"No Response"|1||0|0|0|0||0|WALTRICH||||||||"SARS-CoV-2 (COVID-19)"|PCR|94500-6|"SARS-CoV-2 RNA Resp Ql NAA+probe"|"Nasopharyngeal swab"|258500001|04/24/2022|Negative|260385009
29|4244|10D2214779||Wegner|John||05/27/1992||"19950 s beach rd"|Jupiter|FL|33469||Male|9999999999|"No Response"|1||0|0|0|0||0|Wegner||||||||"SARS-CoV-2 (COVID-19)"|PCR|94500-6|"SARS-CoV-2 RNA Resp Ql NAA+probe"|"Nasopharyngeal swab"|258500001|04/24/2022|Negative|260385009
30|4244|10D2214779||Wegner|John||05/27/1992||Unknown|Unknown|FL|99999||Male|9999999999|"No Response"|1||0|0|0|0||0|Wegner||||||||"SARS-CoV-2 (COVID-19)"|PCR|94500-6|"SARS-CoV-2 RNA Resp Ql NAA+probe"|"Nasopharyngeal swab"|258500001|04/24/2022|Negative|260385009
31|4244|10D2214779||Moreira|Leandro||09/26/1973||"15728 Marina bay drive"|"Winter garden"|FL|33787||Male|4077750145|"No Response"|0||0|0|0|0||0|Moreira||||||||"SARS-CoV-2 (COVID-19)"|Antigen|97097-0|"SARS-CoV-2 Ag Upper resp Ql IA.rapid"|"Nasopharyngeal swab"|258500001|04/24/2022|Negative|260385009
32|4244|10D2214779||Bain|Larry||04/17/1951||"1101 Asbury Way"|Boynton|FL|33426||Male|5617291226|"No Response"|0||0|0|0|0||0|Bain||||||||"SARS-CoV-2 (COVID-19)"|Antigen|97097-0|"SARS-CoV-2 Ag Upper resp Ql IA.rapid"|"Nasopharyngeal swab"|258500001|04/24/2022|Negative|260385009
33|4244|10D2214779||WALTRICH|JOAO||08/26/1969||"1476 CARDINAL WAY"|WESTON|FL|33327||Male|9545942695|"No Response"|1||0|0|0|0||0|WALTRICH||||||||"SARS-CoV-2 (COVID-19)"|PCR|94500-6|"SARS-CoV-2 RNA Resp Ql NAA+probe"|"Nasopharyngeal swab"|258500001|04/24/2022|Negative|260385009
34|4244|10D2214779||Guadamuz|"Guadalupe del Socorro"||06/04/1962||"10700 NW 66th Street Apt 111"|Doral|FL|33178||Female|9177342141|"No Response"|0||0|0|0|0||0|Guadamuz||||||||"SARS-CoV-2 (COVID-19)"|PCR|94500-6|"SARS-CoV-2 RNA Resp Ql NAA+probe"|"Nasopharyngeal swab"|258500001|04/24/2022|Negative|260385009
35|4244|10D2214779||Wedeking|Wendy||09/10/1977||"2387 Inland Cove Rd"|"Palm Beach Gardens"|FL|33410||Female|9545730143|"No Response"|0||0|0|0|0||0|Wedeking||||||||"SARS-CoV-2 (COVID-19)"|PCR|94500-6|"SARS-CoV-2 RNA Resp Ql NAA+probe"|"Nasopharyngeal swab"|258500001|04/24/2022|Negative|260385009
36|4244|10D2214779||Ackley|Billy||07/23/1967||"13803 88th pl N"|"West Palm Beach"|FL|33412||Male|9547321170|"No Response"|1||0|0|0|0||0|Ackley||||||||"SARS-CoV-2 (COVID-19)"|PCR|94500-6|"SARS-CoV-2 RNA Resp Ql NAA+probe"|"Nasopharyngeal swab"|258500001|04/24/2022|Negative|260385009
37|4244|10D2214779||Gil|Ricardo||11/21/1959||"1515 E Broward Blvd, Apt. 401"|"FORT LAUDERDALE"|FL|33301||Male|3059019939|"No Response"|0||0|0|0|0||0|Gil||||||||"SARS-CoV-2 (COVID-19)"|PCR|94500-6|"SARS-CoV-2 RNA Resp Ql NAA+probe"|"Nasopharyngeal swab"|258500001|04/24/2022|Negative|260385009
38|4244|10D2214779||Arsenault|Benoit||02/21/1963||"1960 E Terra Mar Drive"|"Pompano Beach"|FL|33062||Male|5142377170|"No Response"|1||0|0|0|0||0|Arsenault||||||||"SARS-CoV-2 (COVID-19)"|PCR|94500-6|"SARS-CoV-2 RNA Resp Ql NAA+probe"|"Nasopharyngeal swab"|258500001|04/24/2022|Negative|260385009
39|4244|10D2214779||Gil|Ricardo||11/21/1959||"1515 E Broward Blvd Apt 401"|"Fort Lauderdale"|FL|33301||Male|3059019939|"No Response"|0||0|0|0|0||0|Gil||||||||"SARS-CoV-2 (COVID-19)"|PCR|94500-6|"SARS-CoV-2 RNA Resp Ql NAA+probe"|"Nasopharyngeal swab"|258500001|04/24/2022|Negative|260385009
40|4244|10D2214779||Wedeking|Wendy||09/10/1977||"2387 Inland Cove Road"|"Palm Beach Gardens"|FL|33410||Female|9545730143|"No Response"|0||0|0|0|0||0|Wedeking||||||||"SARS-CoV-2 (COVID-19)"|PCR|94500-6|"SARS-CoV-2 RNA Resp Ql NAA+probe"|"Nasopharyngeal swab"|258500001|04/24/2022|Negative|260385009
41|4244|10D2214779||Wegner|John||05/27/1992||"19950 s beach rd"|Jupiter|FL|33469||Male|9999999999|"No Response"|1||0|0|0|0||0|Wegner||||||||"SARS-CoV-2 (COVID-19)"|PCR|94500-6|"SARS-CoV-2 RNA Resp Ql NAA+probe"|"Nasopharyngeal swab"|258500001|04/24/2022|Negative|260385009
42|4244|10D2214779||Gil|Ricardo||11/21/1959||"1515 E Broward Blvd Apt 401"|"Fort Lauderdale"|FL|33301||Male|3059019939|"No Response"|0||0|0|0|0||0|Gil||||||||"SARS-CoV-2 (COVID-19)"|PCR|94500-6|"SARS-CoV-2 RNA Resp Ql NAA+probe"|"Nasopharyngeal swab"|258500001|04/24/2022|Negative|260385009
43|4244|10D2214779||Morris|Dashita||03/12/1978||"1960 e Terra  Mar Dr"|"Pompano Beach"|FL|33062||Female|7328534041|"No Response"|0||0|0|0|0||0|Morris||||||||"SARS-CoV-2 (COVID-19)"|PCR|94500-6|"SARS-CoV-2 RNA Resp Ql NAA+probe"|"Nasopharyngeal swab"|258500001|04/24/2022|Negative|260385009
44|4244|10D2214779||Guadamuz|"Guadalupe del Socorro"||06/04/1962||"10700 NW 66th Street Apt. 111"|Doral|FL|33178||Female|9177342141|"No Response"|0||0|0|0|0||0|Guadamuz||||||||"SARS-CoV-2 (COVID-19)"|PCR|94500-6|"SARS-CoV-2 RNA Resp Ql NAA+probe"|"Nasopharyngeal swab"|258500001|04/24/2022|Negative|260385009
45|4244|10D2214779||Gil|Ricardo||11/21/1959||"1515 East Broward Blvd. Apt 401"|"Fort Lauderdale"|FL|33301||Male|3059019939|"No Response"|0||0|0|0|0||0|Gil||||||||"SARS-CoV-2 (COVID-19)"|PCR|94500-6|"SARS-CoV-2 RNA Resp Ql NAA+probe"|"Nasopharyngeal swab"|258500001|04/24/2022|Negative|260385009
46|4244|10D2214779||Wedeking|Wendy||09/10/1977||Unknown|Unknown|FL|99999||Female|9545730143|"No Response"|0||0|0|0|0||0|Wedeking||||||||"SARS-CoV-2 (COVID-19)"|PCR|94500-6|"SARS-CoV-2 RNA Resp Ql NAA+probe"|"Nasopharyngeal swab"|258500001|04/24/2022|Negative|260385009
47|4244|10D2214779||Wedeking|Wendy||09/10/1977||Unknown|Unknown|FL|99999||Female|9545730143|"No Response"|0||0|0|0|0||0|Wedeking||||||||"SARS-CoV-2 (COVID-19)"|PCR|94500-6|"SARS-CoV-2 RNA Resp Ql NAA+probe"|"Nasopharyngeal swab"|258500001|04/24/2022|Negative|260385009
48|4244|10D2214779||Morris|Dashita||03/12/1978||"1960 e Terra Mar Dr."|"Pompano Beach"|FL|33062||Female|7328534041|"No Response"|0||0|0|0|0||0|Morris||||||||"SARS-CoV-2 (COVID-19)"|PCR|94500-6|"SARS-CoV-2 RNA Resp Ql NAA+probe"|"Nasopharyngeal swab"|258500001|04/24/2022|Negative|260385009
49|4244|10D2214779||Arsenault|Benoit||02/21/1963||"1960 e Terra Mar Dr"|"Pompano Beach"|FL|33062||Male|5142377170|"No Response"|1||0|0|0|0||0|Arsenault||||||||"SARS-CoV-2 (COVID-19)"|PCR|94500-6|"SARS-CoV-2 RNA Resp Ql NAA+probe"|"Nasopharyngeal swab"|258500001|04/24/2022|Negative|260385009
50|4244|10D2214779||Donofrio|Alexandra||02/18/1962||"9725 NW 52 St"|Doral|FL|33178||Female|3058987345|"No Response"|0||0|0|0|0||0|Donofrio||||||||"SARS-CoV-2 (COVID-19)"|Antigen|97097-0|"SARS-CoV-2 Ag Upper resp Ql IA.rapid"|"Nasopharyngeal swab"|258500001|04/24/2022|Negative|260385009
51|4244|10D2214779||Ackley|Billy||07/23/1967||"13803 88th Pl N"|"West Palm Beach"|FL|33412||Male|9547321170|"No Response"|1||0|0|0|0||0|Ackley||||||||"SARS-CoV-2 (COVID-19)"|PCR|94500-6|"SARS-CoV-2 RNA Resp Ql NAA+probe"|"Nasopharyngeal swab"|258500001|04/24/2022|Negative|260385009
52|4244|10D2214779||WALTRICH|JOAO||08/26/1969||"1476 CARDINAL WAY"|WESTON|FL|33327||Male|9545942695|"No Response"|0||0|0|0|1||0|WALTRICH||||||||"SARS-CoV-2 (COVID-19)"|PCR|94500-6|"SARS-CoV-2 RNA Resp Ql NAA+probe"|"Nasopharyngeal swab"|258500001|04/24/2022|Negative|260385009
53|4244|10D2214779||WALTRICH|JOAO||08/26/1969||"1476 cardinal way"|Weston|FL|33317||Male|9545942695|"No Response"|0||0|0|0|1||0|WALTRICH||||||||"SARS-CoV-2 (COVID-19)"|PCR|94500-6|"SARS-CoV-2 RNA Resp Ql NAA+probe"|"Nasopharyngeal swab"|258500001|04/24/2022|Negative|260385009
54|4244|10D2214779||Sinanan|Andre||03/13/1993||"The Point at North Palm Beach, Apartment 1165, 12155 US Highway 1"|"North Palm Beach"|FL|33408||Male|7865935307|"No Response"|0||0|0|0|1||0|Sinanan||||||||"SARS-CoV-2 (COVID-19)"|Antigen|97097-0|"SARS-CoV-2 Ag Upper resp Ql IA.rapid"|"Nasopharyngeal swab"|258500001|04/24/2022|Negative|260385009
55|4244|10D2214779||Sinanan|Andre||03/13/1993||"The Point at North Palm Beach, Apartment 1165, 12155 US Highway 1"|"North Palm Beach"|FL|33408||Male|7865935307|"No Response"|0||0|0|0|1||0|Sinanan||||||||"SARS-CoV-2 (COVID-19)"|Antigen|97097-0|"SARS-CoV-2 Ag Upper resp Ql IA.rapid"|"Nasopharyngeal swab"|258500001|04/24/2022|Negative|260385009
56|4244|10D2214779||Guadamuz|"Guadalupe del Socorro"||06/04/1962||"10700 NW 66th Street Apt. 111"|Doral|FL|33178||Female|9177342141|"No Response"|0||0|0|0|0||0|Guadamuz||||||||"SARS-CoV-2 (COVID-19)"|PCR|94500-6|"SARS-CoV-2 RNA Resp Ql NAA+probe"|"Nasopharyngeal swab"|258500001|04/24/2022|Negative|260385009
57|4244|10D2214779||Vargas|Melody||06/26/1997||"3123 Linton Rd"|kissimmee|FL|34758||Female|3526197876|"No Response"|0||0|0|0|0||0|Vargas||||||||"SARS-CoV-2 (COVID-19)"|PCR|94500-6|"SARS-CoV-2 RNA Resp Ql NAA+probe"|"Nasopharyngeal swab"|258500001|04/24/2022|Negative|260385009
58|4244|10D2214779||Ackley|Billy||07/23/1967||"13803 88th Pl N"|"West Palm Beach"|FL|33412||Male|9547321170|"No Response"|1||0|0|0|0||0|Ackley||||||||"SARS-CoV-2 (COVID-19)"|PCR|94500-6|"SARS-CoV-2 RNA Resp Ql NAA+probe"|"Nasopharyngeal swab"|258500001|04/24/2022|Negative|260385009
59|4244|10D2214779||Mathoerapersad|Arti||12/08/1979||"8501 Palm Pkwy"|Orlando|FL|32836||Female|7868485498|"No Response"|0||0|0|0|1||0|Mathoerapersad||||||||"SARS-CoV-2 (COVID-19)"|Antigen|97097-0|"SARS-CoV-2 Ag Upper resp Ql IA.rapid"|"Nasopharyngeal swab"|258500001|04/24/2022|Negative|260385009
60|4244|10D2214779||Mathoerapersad|Salilesh||04/02/1984||"8501 Palm Pkwy"|Orlando|FL|32836||Male|7868485498|"No Response"|0||0|0|0|1||0|Mathoerapersad||||||||"SARS-CoV-2 (COVID-19)"|Antigen|97097-0|"SARS-CoV-2 Ag Upper resp Ql IA.rapid"|"Nasopharyngeal swab"|258500001|04/24/2022|Negative|260385009
61|4244|10D2214779||Gayadin|Marilynn||07/22/1987||"8501 Palm Pkwy"|Orlando|FL|32836||Female|7868485498|"No Response"|0||0|0|0|1||0|Gayadin||||||||"SARS-CoV-2 (COVID-19)"|Antigen|97097-0|"SARS-CoV-2 Ag Upper resp Ql IA.rapid"|"Nasopharyngeal swab"|258500001|04/24/2022|Negative|260385009
62|4244|10D2214779||Lugo|Ahmed||11/03/1979||Unknown|Unknown|FL|99999||Male|7863962445|"No Response"|0||0|0|0|1||0|Lugo||||||||"SARS-CoV-2 (COVID-19)"|PCR|94500-6|"SARS-CoV-2 RNA Resp Ql NAA+probe"|"Nasopharyngeal swab"|258500001|04/22/2022|Negative|260385009
63|4244|10D2214779||Vargas|Melody||06/26/1997||"3123 Linton Rd"|Kissimmee|FL|34758||Female|3526197876|"No Response"|0||0|0|0|0||0|Vargas||||||||"SARS-CoV-2 (COVID-19)"|PCR|94500-6|"SARS-CoV-2 RNA Resp Ql NAA+probe"|"Nasopharyngeal swab"|258500001|04/24/2022|Negative|260385009
64|4244|10D2214779||Harrington|Kayli||03/24/1996||"117 Lees Place"|Martinez|FL|94553||Female|9258994121|"No Response"|1||0|0|0|0||0|Harrington||||||||"SARS-CoV-2 (COVID-19)"|Antigen|97097-0|"SARS-CoV-2 Ag Upper resp Ql IA.rapid"|"Nasopharyngeal swab"|258500001|04/24/2022|Negative|260385009
65|4244|10D2214779||Harrington|Nicole||11/27/1985||"124 Belle Ave"|"Pleasant Hill"|FL|94523||Female|9254084108|"No Response"|1||0|0|0|0||0|Harrington||||||||"SARS-CoV-2 (COVID-19)"|Antigen|97097-0|"SARS-CoV-2 Ag Upper resp Ql IA.rapid"|"Nasopharyngeal swab"|258500001|04/24/2022|Negative|260385009
66|4244|10D2214779||Evans|"Karen Leslie"||10/19/1963||"3505 Kyoto Gardens Dr"|PBG|FL|33410||Female|3854071129|"No Response"|1||0|0|0|0||0|Evans||||||||"SARS-CoV-2 (COVID-19)"|Antigen|97097-0|"SARS-CoV-2 Ag Upper resp Ql IA.rapid"|"Nasopharyngeal swab"|258500001|04/24/2022|Negative|260385009
67|4244|10D2214779||Miranda|Guilherme||06/14/1984||"1000 NW Le Jeune Rd"|Miami|FL|33126||Male|9999999999|"No Response"|0||0|0|0|0||0|Miranda||||||||"SARS-CoV-2 (COVID-19)"|Antigen|97097-0|"SARS-CoV-2 Ag Upper resp Ql IA.rapid"|"Nasopharyngeal swab"|258500001|04/24/2022|Negative|260385009
68|4244|10D2214779||Miranda|Nathalia||11/12/1987||Unknown|Unknown|FL|99999||Female|9999999999|"No Response"|0||0|0|0|0||0|Miranda||||||||"SARS-CoV-2 (COVID-19)"|Antigen|97097-0|"SARS-CoV-2 Ag Upper resp Ql IA.rapid"|"Nasopharyngeal swab"|258500001|04/24/2022|Negative|260385009
69|4244|10D2214779||Evans|"Christopher Glyn"||09/24/1956||"3505 Kyoto Gardens Dr"|PBG|FL|33410||Male|3854071129|"No Response"|1||0|0|0|0||0|Evans||||||||"SARS-CoV-2 (COVID-19)"|Antigen|97097-0|"SARS-CoV-2 Ag Upper resp Ql IA.rapid"|"Nasopharyngeal swab"|258500001|04/24/2022|Negative|260385009
70|4244|10D2214779||Miranda|"Eduardo Graco"||09/21/2015||Unknown|Unknown|FL|99999||Male|9999999999|"No Response"|0||0|0|0|0||0|Miranda||||||||"SARS-CoV-2 (COVID-19)"|Antigen|97097-0|"SARS-CoV-2 Ag Upper resp Ql IA.rapid"|"Nasopharyngeal swab"|258500001|04/24/2022|Negative|260385009
71|4244|10D2214779||Miranda|Mariana||10/04/2017||Unknown|Unknown|FL|99999||Female|9999999999|"No Response"|0||0|0|0|0||0|Miranda||||||||"SARS-CoV-2 (COVID-19)"|Antigen|97097-0|"SARS-CoV-2 Ag Upper resp Ql IA.rapid"|"Nasopharyngeal swab"|258500001|04/24/2022|Negative|260385009
72|4244|10D2214779||Ledesma|Veronica||08/29/1973||"4115 NW 78 way"|"Coral Springs"|FL|33065||Female|9999999999|"No Response"|0||0|0|0|0||0|Ledesma||||||||"SARS-CoV-2 (COVID-19)"|Antigen|97097-0|"SARS-CoV-2 Ag Upper resp Ql IA.rapid"|"Nasopharyngeal swab"|258500001|04/24/2022|Negative|260385009
73|4244|10D2214779||Hrólfsson|Grace||11/07/1989||"7102 International drive"|Orlando|FL|32819||Female|9999999999|"No Response"|0||0|1|0|0||0|Hrólfsson||||||||"SARS-CoV-2 (COVID-19)"|Antigen|97097-0|"SARS-CoV-2 Ag Upper resp Ql IA.rapid"|"Nasopharyngeal swab"|258500001|04/24/2022|Negative|260385009
74|4244|10D2214779||Hrolfsson|Jon||01/01/1970||"7102 international drive"|orlando|FL|32819||Male|3548972323|"No Response"|1||0|0|0|0||0|Hrolfsson||||||||"SARS-CoV-2 (COVID-19)"|Antigen|97097-0|"SARS-CoV-2 Ag Upper resp Ql IA.rapid"|"Nasopharyngeal swab"|258500001|04/24/2022|Negative|260385009
75|4244|10D2214779||Cepeda|"Christy Joy"||01/01/1970||"7102 International drive"|Orlando|FL|32819||Female|5712745888|"No Response"|0||0|1|0|0||0|Cepeda||||||||"SARS-CoV-2 (COVID-19)"|Antigen|97097-0|"SARS-CoV-2 Ag Upper resp Ql IA.rapid"|"Nasopharyngeal swab"|258500001|04/24/2022|Negative|260385009
76|4244|10D2214779||Miranda|Juliana||10/04/2017||Unknown|Unknown|FL|99999||Female|9999999999|"No Response"|0||0|0|0|0||0|Miranda||||||||"SARS-CoV-2 (COVID-19)"|Antigen|97097-0|"SARS-CoV-2 Ag Upper resp Ql IA.rapid"|"Nasopharyngeal swab"|258500001|04/24/2022|Negative|260385009
77|4244|10D2214779||"Costa Vaz"|"Marcia Maria"||12/08/1959||Unknown|Unknown|FL|99999||Female|9999999999|"No Response"|0||0|0|0|0||0|"Costa Vaz"||||||||"SARS-CoV-2 (COVID-19)"|Antigen|97097-0|"SARS-CoV-2 Ag Upper resp Ql IA.rapid"|"Nasopharyngeal swab"|258500001|04/24/2022|Negative|260385009
78|4244|10D2214779||Herbert|Grettel||11/09/1974||"4115 NW 78 Way"|"Coral Springs"|FL|33065||Female|9999999999|"No Response"|0||0|0|0|0||0|Herbert||||||||"SARS-CoV-2 (COVID-19)"|Antigen|97097-0|"SARS-CoV-2 Ag Upper resp Ql IA.rapid"|"Nasopharyngeal swab"|258500001|04/24/2022|Negative|260385009
79|4244|10D2214779||WALTRICH|JOAO||08/26/1969||"1476 CARDINAL WAY"|WESTON|FL|33327||Male|9545942695|"No Response"|1||0|0|0|0||0|WALTRICH||||||||"SARS-CoV-2 (COVID-19)"|PCR|94500-6|"SARS-CoV-2 RNA Resp Ql NAA+probe"|"Nasopharyngeal swab"|258500001|04/24/2022|Negative|260385009
80|4244|10D2214779||"Costa Vaz"|"Walter Graco"||10/18/1957||Unknown|Unknown|FL|99999||Male|9999999999|"No Response"|0||0|0|0|0||0|"Costa Vaz"||||||||"SARS-CoV-2 (COVID-19)"|Antigen|97097-0|"SARS-CoV-2 Ag Upper resp Ql IA.rapid"|"Nasopharyngeal swab"|258500001|04/24/2022|Negative|260385009
81|4244|10D2214779||Lumelski|Mary||10/19/1977||"571 Prestwick Cir"|"Palm Beach"|FL|33418||Female|9999999999|"No Response"|1||0|0|0|0||0|Lumelski||||||||"SARS-CoV-2 (COVID-19)"|PCR|94500-6|"SARS-CoV-2 RNA Resp Ql NAA+probe"|"Nasopharyngeal swab"|258500001|04/24/2022|Negative|260385009
82|4244|10D2214779||Watkins|kathryn||05/26/1965||"20622 Sullivan Rd"|"New Caney"|FL|77357||Female|8325992020|"No Response"|1||0|0|0|0||0|Watkins||||||||"SARS-CoV-2 (COVID-19)"|Antigen|97097-0|"SARS-CoV-2 Ag Upper resp Ql IA.rapid"|"Nasopharyngeal swab"|258500001|04/24/2022|Negative|260385009
83|4244|10D2214779||Legros|Caryn||02/19/1980||"422 E Canal"|Highlands|FL|77562||Female|8327612809|"No Response"|1||0|0|0|0||0|Legros||||||||"SARS-CoV-2 (COVID-19)"|Antigen|97097-0|"SARS-CoV-2 Ag Upper resp Ql IA.rapid"|"Nasopharyngeal swab"|258500001|04/24/2022|Negative|260385009
84|4244|10D2214779||Ackley|Billy||07/23/1967||"13803 88th Pl N"|"West Palm Beach"|FL|33412||Male|9547321170|"No Response"|1||0|0|0|0||0|Ackley||||||||"SARS-CoV-2 (COVID-19)"|PCR|94500-6|"SARS-CoV-2 RNA Resp Ql NAA+probe"|"Nasopharyngeal swab"|258500001|04/24/2022|Negative|260385009
85|4244|10D2214779||Yang|Guang||10/04/1963||"209 N Birch Road, #602"|"Fort Lauderdale"|FL|33304||Male|6179013341|"No Response"|0||0|1|0|0||0|Yang||||||||"SARS-CoV-2 (COVID-19)"|Antigen|97097-0|"SARS-CoV-2 Ag Upper resp Ql IA.rapid"|"Nasopharyngeal swab"|258500001|04/24/2022|Negative|260385009
86|4244|10D2214779||Donofrio|Alexandra||02/18/1962||Unknown|Unknown|FL|99999||Female|3058987345|"No Response"|1||0|0|0|0||0|Donofrio||||||||"SARS-CoV-2 (COVID-19)"|Antigen|97097-0|"SARS-CoV-2 Ag Upper resp Ql IA.rapid"|"Nasopharyngeal swab"|258500001|04/24/2022|Negative|260385009
87|4244|10D2214779||Pinto|Acacio||10/08/1967||"7586 Pinewalk Dr South"|Margate|FL|33063||Male|9543946372|"No Response"|0||0|0|0|0||0|Pinto||||||||"SARS-CoV-2 (COVID-19)"|PCR|94500-6|"SARS-CoV-2 RNA Resp Ql NAA+probe"|"Nasopharyngeal swab"|258500001|04/24/2022|Negative|260385009
88|4244|10D2214779||"Le Bris"|Amélie||11/16/1988||"1244 océan drive"|"Miami beach"|FL|33139||Female|7544571458|"No Response"|1||0|0|0|0||0|"Le Bris"||||||||"SARS-CoV-2 (COVID-19)"|Antigen|97097-0|"SARS-CoV-2 Ag Upper resp Ql IA.rapid"|"Nasopharyngeal swab"|258500001|04/24/2022|Negative|260385009
89|4244|10D2214779||Steele|Mary||05/04/1941||"688 Fern Street"|"West Palm Beach"|FL|33401||Female|7024976141|"No Response"|1||0|0|0|0||0|Steele||||||||"SARS-CoV-2 (COVID-19)"|Antigen|97097-0|"SARS-CoV-2 Ag Upper resp Ql IA.rapid"|"Nasopharyngeal swab"|258500001|04/24/2022|Negative|260385009
90|4244|10D2214779||Kondo|Taku||05/14/1991||"720 7th ave."|"San Mateo"|FL|94402||Male|8058133978|"No Response"|0||0|1|0|0||0|Kondo||||||||"SARS-CoV-2 (COVID-19)"|Antigen|97097-0|"SARS-CoV-2 Ag Upper resp Ql IA.rapid"|"Nasopharyngeal swab"|258500001|04/24/2022|Negative|260385009
91|4244|10D2214779||Gonzalez|Jocelyn||05/02/1994||"720 7th ave."|"San Mateo"|FL|94402||Female|8315240036|"No Response"|0||0|0|0|0||0|Gonzalez||||||||"SARS-CoV-2 (COVID-19)"|Antigen|97097-0|"SARS-CoV-2 Ag Upper resp Ql IA.rapid"|"Nasopharyngeal swab"|258500001|04/24/2022|Negative|260385009
92|4244|10D2214779||Alzuguir|Dominic||05/06/2018||"444 Alaska Avenue - Suite #99313"|Torrance|FL|90503||Male|8728011438|"No Response"|1||0|0|0|0||0|Alzuguir||||||||"SARS-CoV-2 (COVID-19)"|PCR|94500-6|"SARS-CoV-2 RNA Resp Ql NAA+probe"|"Nasopharyngeal swab"|258500001|04/24/2022|Negative|260385009
93|4244|10D2214779||Pierce|Sharon||10/11/1946||"24 Colony Cove Rd"|Durham|FL|03824||Female|6036822280|"No Response"|1||0|0|0|0||0|Pierce||||||||"SARS-CoV-2 (COVID-19)"|Antigen|97097-0|"SARS-CoV-2 Ag Upper resp Ql IA.rapid"|"Nasopharyngeal swab"|258500001|04/24/2022|Negative|260385009
94|4244|10D2214779||Pierce|Arthur||04/15/1934||"24 Colony Cove Rd"|Durham|FL|03824||Male|6036822280|"No Response"|1||0|0|0|0||0|Pierce||||||||"SARS-CoV-2 (COVID-19)"|Antigen|97097-0|"SARS-CoV-2 Ag Upper resp Ql IA.rapid"|"Nasopharyngeal swab"|258500001|04/24/2022|Negative|260385009
95|4244|10D2214779||Sinanan|Andre||03/13/1993||"12155 US Highway 1"|"North Palm Beach"|FL|33408||Male|7865935307|"No Response"|0||0|0|0|1||0|Sinanan||||||||"SARS-CoV-2 (COVID-19)"|Antigen|97097-0|"SARS-CoV-2 Ag Upper resp Ql IA.rapid"|"Nasopharyngeal swab"|258500001|04/24/2022|Negative|260385009
96|4244|10D2214779||Sinanan|Andre||03/13/1993||"12155 US Highway 1"|"North Palm Beach"|FL|33408||Male|7865935307|"No Response"|0||0|0|0|1||0|Sinanan||||||||"SARS-CoV-2 (COVID-19)"|Antigen|97097-0|"SARS-CoV-2 Ag Upper resp Ql IA.rapid"|"Nasopharyngeal swab"|258500001|04/24/2022|Negative|260385009
97|4244|10D2214779||Bridges|Jessica||12/03/1994||"2310 Bryant Lane"|Knoxville|FL|37932||Female|8653104996|"No Response"|1||0|0|0|0||0|Bridges||||||||"SARS-CoV-2 (COVID-19)"|Antigen|97097-0|"SARS-CoV-2 Ag Upper resp Ql IA.rapid"|"Nasopharyngeal swab"|258500001|04/24/2022|Negative|260385009
98|4244|10D2214779||Merriam|Kiera||11/14/1996||"2004 City Vista Way Apt 1216 Knoxville, TN"|Unknown|FL|37920||Female|2393316330|"No Response"|1||0|0|0|0||0|Merriam||||||||"SARS-CoV-2 (COVID-19)"|Antigen|97097-0|"SARS-CoV-2 Ag Upper resp Ql IA.rapid"|"Nasopharyngeal swab"|258500001|04/24/2022|Negative|260385009
99|4244|10D2214779||Moreira|Leandro||09/26/1973||"15728 Marina bay deive"|"Winter Garden"|FL|34787||Male|4077750145|"No Response"|0||0|0|0|0||0|Moreira||||||||"SARS-CoV-2 (COVID-19)"|Antigen|97097-0|"SARS-CoV-2 Ag Upper resp Ql IA.rapid"|"Nasopharyngeal swab"|258500001|04/24/2022|Negative|260385009
100|4244|10D2214779||Gil|Ricardo||11/21/1959||"1515 E Browar Blvd, Apt 401"|"Fort Lauderdale"|FL|33301||Male|3059019939|"No Response"|0||0|0|0|0||0|Gil||||||||"SARS-CoV-2 (COVID-19)"|PCR|94500-6|"SARS-CoV-2 RNA Resp Ql NAA+probe"|"Nasopharyngeal swab"|258500001|04/24/2022|Negative|260385009
101|4244|10D2214779||Morris|Dashita||03/12/1978||"1960 E Terra Mar Dr"|"Lauderdale by the Sea"|FL|33062||Female|7328534041|"No Response"|0||0|0|0|0||0|Morris||||||||"SARS-CoV-2 (COVID-19)"|PCR|94500-6|"SARS-CoV-2 RNA Resp Ql NAA+probe"|"Nasopharyngeal swab"|258500001|04/24/2022|Negative|260385009
102|4244|10D2214779||Arsenault|Benoit||02/21/1963||"1960 E Terra Mar Dr"|"Lauderdale by the Sea"|FL|33062||Male|5142377170|"No Response"|1||0|0|0|0||0|Arsenault||||||||"SARS-CoV-2 (COVID-19)"|PCR|94500-6|"SARS-CoV-2 RNA Resp Ql NAA+probe"|"Nasopharyngeal swab"|258500001|04/24/2022|Negative|260385009
103|4244|10D2214779||PATUMCHOTIASAVAMATHEE|JTITUS||03/13/1992||"8182 Sundown Vista Ave"|"Las Vegas"|FL|89147||Male|7025051556|"No Response"|0||0|1|0|0||0|PATUMCHOTIASAVAMATHEE||||||||"SARS-CoV-2 (COVID-19)"|PCR|94500-6|"SARS-CoV-2 RNA Resp Ql NAA+probe"|"Nasopharyngeal swab"|258500001|04/24/2022|Negative|260385009
104|4244|10D2214779||Maligaya|Garret||03/16/1972||"500 Australian Ave. Docks, c/o M/Y INGOT"|"Palm Beach"|FL|33480||Male|5613467375|"No Response"|0||0|1|0|0||0|Maligaya||||||||"SARS-CoV-2 (COVID-19)"|Antigen|97097-0|"SARS-CoV-2 Ag Upper resp Ql IA.rapid"|"Nasopharyngeal swab"|258500001|04/24/2022|Negative|260385009
105|4244|10D2214779||Maligaya|Rossana||07/07/1971||"500 Australian Ave. Docks, c/o M/Y INGOT"|"Palm Beach"|FL|33480||Female|5613467375|"No Response"|0||0|1|0|0||0|Maligaya||||||||"SARS-CoV-2 (COVID-19)"|Antigen|97097-0|"SARS-CoV-2 Ag Upper resp Ql IA.rapid"|"Nasopharyngeal swab"|258500001|12/31/1899|Negative|260385009
106|4244|10D2214779||Maligaya|Rossana||04/07/1971||"500 Australian Ave. Docks, c/o M/Y INGOT"|"Palm Beach"|FL|33480||Female|5613467375|"No Response"|0||0|1|0|0||0|Maligaya||||||||"SARS-CoV-2 (COVID-19)"|Antigen|97097-0|"SARS-CoV-2 Ag Upper resp Ql IA.rapid"|"Nasopharyngeal swab"|258500001|04/24/2022|Negative|260385009
107|4244|10D2214779||Maligaya|Rossana||04/07/1971||"500 Australian Ave. Docks, c/o M/Y INGOT"|"Palm Beach"|FL|33480||Female|5613467375|"No Response"|0||0|1|0|0||0|Maligaya||||||||"SARS-CoV-2 (COVID-19)"|Antigen|97097-0|"SARS-CoV-2 Ag Upper resp Ql IA.rapid"|"Nasopharyngeal swab"|258500001|04/24/2022|Negative|260385009
108|4244|10D2214779||Maligaya|Rossana||07/07/1971||"500 Australian Ave. Docks, c/o M/Y INGOT"|"Palm Beach"|FL|33480||Female|5613467375|"No Response"|0||0|1|0|0||0|Maligaya||||||||"SARS-CoV-2 (COVID-19)"|Antigen|97097-0|"SARS-CoV-2 Ag Upper resp Ql IA.rapid"|"Nasopharyngeal swab"|258500001|04/24/2022|Negative|260385009
109|4244|10D2214779||Pamon|Stephen||02/03/2003||"75 Glenview Rd"|"South Orange"|FL|07079||Male|9734950753|"No Response"|0||0|0|0|0||0|Pamon||||||||"SARS-CoV-2 (COVID-19)"|Antigen|97097-0|"SARS-CoV-2 Ag Upper resp Ql IA.rapid"|"Nasopharyngeal swab"|258500001|04/24/2022|Negative|260385009
110|4244|10D2214779||Pamon|Helene||01/13/1970||"75 Glenview Rd"|"South Orange"|FL|07079||Female|8622507556|"No Response"|0||0|0|0|0||0|Pamon||||||||"SARS-CoV-2 (COVID-19)"|Antigen|97097-0|"SARS-CoV-2 Ag Upper resp Ql IA.rapid"|"Nasopharyngeal swab"|258500001|04/24/2022|Negative|260385009
111|4244|10D2214779||Gersanib|"Nievah Grace"||01/16/1991||Unknown|Unknown|FL|99999||Female|7863962445|"No Response"|0||0|1|0|0||0|Gersanib||||||||"SARS-CoV-2 (COVID-19)"|Antigen|97097-0|"SARS-CoV-2 Ag Upper resp Ql IA.rapid"|"Nasopharyngeal swab"|258500001|04/24/2022|Negative|260385009
112|4244|10D2214779||Lua|Julianna||04/25/2000||"2803 W Taylor Ave"|Visalia|FL|93291||Female|5597399639|"No Response"|0||0|0|0|0||0|Lua||||||||"SARS-CoV-2 (COVID-19)"|Antigen|97097-0|"SARS-CoV-2 Ag Upper resp Ql IA.rapid"|"Nasopharyngeal swab"|258500001|04/24/2022|Negative|260385009
113|4244|10D2214779||Zehrer|Brandon||12/11/1982||"6850 Hollywood Blvd"|Hollywood|FL|90028||Male|5597399639|"No Response"|1||0|0|0|0||0|Zehrer||||||||"SARS-CoV-2 (COVID-19)"|Antigen|97097-0|"SARS-CoV-2 Ag Upper resp Ql IA.rapid"|"Nasopharyngeal swab"|258500001|04/24/2022|Negative|260385009
114|4244|10D2214779||Demeritte|Tency||01/16/1978||"7901 SW 6th St"|Plantation|FL|33324||Female|9999999999|"No Response"|0||0|0|0|0||0|Demeritte||||||||"SARS-CoV-2 (COVID-19)"|Antigen|97097-0|"SARS-CoV-2 Ag Upper resp Ql IA.rapid"|"Nasopharyngeal swab"|258500001|04/24/2022|Negative|260385009
115|4244|10D2214779||"Jean Pierre"|Martine||05/23/1986||"6528 Harbour Road"|"North Lauderdale"|FL|33068||Female|9999999999|"No Response"|0||0|0|0|0||0|"Jean Pierre"||||||||"SARS-CoV-2 (COVID-19)"|PCR|94500-6|"SARS-CoV-2 RNA Resp Ql NAA+probe"|"Nasopharyngeal swab"|258500001|04/24/2022|Negative|260385009
116|4244|10D2214779||Rabsatt|Boman||09/29/1979||"7735 Mordecai Ct"|Jacksonville|FL|32210||Male|9047350684|"No Response"|0||0|0|0|0||0|Rabsatt||||||||"SARS-CoV-2 (COVID-19)"|Antigen|97097-0|"SARS-CoV-2 Ag Upper resp Ql IA.rapid"|"Nasopharyngeal swab"|258500001|04/24/2022|Negative|260385009
117|4244|10D2214779||Parker|Noah||01/01/1970||"2909 Tortola Way"|Hollywood|FL|33024||Male|8768162296|"No Response"|0||0|0|0|0||0|Parker||||||||"SARS-CoV-2 (COVID-19)"|Antigen|97097-0|"SARS-CoV-2 Ag Upper resp Ql IA.rapid"|"Nasopharyngeal swab"|258500001|04/24/2022|Positive|10828004
118|4244|10D2214779||Ryan|Genesis||08/28/1998||Unknown|Unknown|FL|99999||Female|9999999999|"No Response"|0||0|0|0|0||0|Ryan||||||||"SARS-CoV-2 (COVID-19)"|Antigen|97097-0|"SARS-CoV-2 Ag Upper resp Ql IA.rapid"|"Nasopharyngeal swab"|258500001|04/24/2022|Negative|260385009
119|4244|10D2214779||Carbajal-Mejia|Giezis||02/12/2000||Unknown|Unknown|FL|99999||Female|13459287472|"No Response"|0||0|0|0|0||0|Carbajal-Mejia||||||||"SARS-CoV-2 (COVID-19)"|Antigen|97097-0|"SARS-CoV-2 Ag Upper resp Ql IA.rapid"|"Nasopharyngeal swab"|258500001|04/24/2022|Negative|260385009
120|4244|10D2214779||Dawkins|Kashief||04/22/2000||Unknown|Unknown|FL|99999||Male|13459282353|"No Response"|0||0|0|0|1||0|Dawkins||||||||"SARS-CoV-2 (COVID-19)"|Antigen|97097-0|"SARS-CoV-2 Ag Upper resp Ql IA.rapid"|"Nasopharyngeal swab"|258500001|04/24/2022|Negative|260385009
121|4244|10D2214779||Harvey|"Daniel Edward"||10/05/1970||Unknown|Unknown|FL|99999||Male|9178819613|"No Response"|0||0|0|0|0||1|Harvey||||||||"SARS-CoV-2 (COVID-19)"|PCR|94500-6|"SARS-CoV-2 RNA Resp Ql NAA+probe"|"Nasopharyngeal swab"|258500001|04/24/2022|Negative|260385009
122|4244|10D2214779||"Tejeda Garzon"|Brandon||06/29/1992||"2239 Farnham Drive"|Ocoee|FL|34761||Male|4078005338|"No Response"|0||0|0|0|0||0|"Tejeda Garzon"||||||||"SARS-CoV-2 (COVID-19)"|PCR|94500-6|"SARS-CoV-2 RNA Resp Ql NAA+probe"|"Nasopharyngeal swab"|258500001|04/24/2022|Negative|260385009
123|4244|10D2214779||Trombley|Adam||08/04/1986||"2239 Farnham Drive"|Ocoee|FL|34761||Male|8636047703|"No Response"|1||0|0|0|0||0|Trombley||||||||"SARS-CoV-2 (COVID-19)"|Antigen|97097-0|"SARS-CoV-2 Ag Upper resp Ql IA.rapid"|"Nasopharyngeal swab"|258500001|04/24/2022|Negative|260385009
124|4244|10D2214779||Braun|"Aaron David"||05/25/2012||Unknown|Unknown|FL|99999||Male|4164524300|"No Response"|0||0|0|0|0||1|Braun||||||||"SARS-CoV-2 (COVID-19)"|Antigen|97097-0|"SARS-CoV-2 Ag Upper resp Ql IA.rapid"|"Nasopharyngeal swab"|258500001|04/24/2022|Negative|260385009
125|4244|10D2214779||Corallo|Julia||01/01/1970||Unknown|Toronto|FL|99999||Female|4165660032|"No Response"|1||0|0|0|0||0|Corallo||||||||"SARS-CoV-2 (COVID-19)"|Antigen|97097-0|"SARS-CoV-2 Ag Upper resp Ql IA.rapid"|"Nasopharyngeal swab"|258500001|04/24/2022|Negative|260385009
126|4244|10D2214779||Missick|Loukeisha||07/21/1990||Unknown|Unknown|FL|99999||Female|7863962445|"No Response"|0||0|0|0|0||0|Missick||||||||"SARS-CoV-2 (COVID-19)"|Antigen|97097-0|"SARS-CoV-2 Ag Upper resp Ql IA.rapid"|"Nasopharyngeal swab"|258500001|04/24/2022|Negative|260385009
127|4244|10D2214779||Missick|Telinda||04/19/1962||Unknown|Unknown|FL|99999||Female|7863962445|"No Response"|0||0|0|0|0||0|Missick||||||||"SARS-CoV-2 (COVID-19)"|Antigen|97097-0|"SARS-CoV-2 Ag Upper resp Ql IA.rapid"|"Nasopharyngeal swab"|258500001|04/24/2022|Negative|260385009
128|4244|10D2214779||Botje|"Laure Marlou"||04/19/2017||Unknown|Unknown|FL|99999||Female|7863962445|"No Response"|0||0|0|0|0||1|Botje||||||||"SARS-CoV-2 (COVID-19)"|Antigen|97097-0|"SARS-CoV-2 Ag Upper resp Ql IA.rapid"|"Nasopharyngeal swab"|258500001|04/24/2022|Negative|260385009
129|4244|10D2214779||Waskies|Carmel||01/01/1970||Unknown|Toronto|FL|99999||Female|9057171925|"No Response"|1||0|0|0|0||0|Waskies||||||||"SARS-CoV-2 (COVID-19)"|Antigen|97097-0|"SARS-CoV-2 Ag Upper resp Ql IA.rapid"|"Nasopharyngeal swab"|258500001|04/24/2022|Negative|260385009
130|4244|10D2214779||Corallo|Krista||01/01/1970||Unknown|Toronto|FL|99999||Female|4165660032|"No Response"|1||0|0|0|0||0|Corallo||||||||"SARS-CoV-2 (COVID-19)"|Antigen|97097-0|"SARS-CoV-2 Ag Upper resp Ql IA.rapid"|"Nasopharyngeal swab"|258500001|04/24/2022|Negative|260385009
131|4244|10D2214779||Corallo|Daniel||01/01/1970||Unknown|Toronto|FL|99999||Male|4165626007|"No Response"|1||0|0|0|0||0|Corallo||||||||"SARS-CoV-2 (COVID-19)"|Antigen|97097-0|"SARS-CoV-2 Ag Upper resp Ql IA.rapid"|"Nasopharyngeal swab"|258500001|04/24/2022|Negative|260385009
132|4244|10D2214779||Zapata|Luz||09/08/1988||"75 west end avenue apt P20B"|"New york"|FL|10023||Female|9176575217|"No Response"|0||0|0|0|0||0|Zapata||||||||"SARS-CoV-2 (COVID-19)"|Antigen|97097-0|"SARS-CoV-2 Ag Upper resp Ql IA.rapid"|"Nasopharyngeal swab"|258500001|04/24/2022|Negative|260385009
133|4244|10D2214779||Gallegos|Fernando||11/05/1993||"330 E 39th street APT 32E"|"New York City"|FL|10016||Male|6466290185|"No Response"|0||0|0|0|0||0|Gallegos||||||||"SARS-CoV-2 (COVID-19)"|Antigen|97097-0|"SARS-CoV-2 Ag Upper resp Ql IA.rapid"|"Nasopharyngeal swab"|258500001|04/24/2022|Negative|260385009
134|4244|10D2214779||Garcia|Jonathan||01/01/1970||"10367 Mallard Landings way Orlando"|Florida|FL|32832||Male|3219469231|"No Response"|0||0|0|0|1||0|Garcia||||||||"SARS-CoV-2 (COVID-19)"|Antigen|97097-0|"SARS-CoV-2 Ag Upper resp Ql IA.rapid"|"Nasopharyngeal swab"|258500001|04/24/2022|Negative|260385009
135|4244|10D2214779||Talley|Liza||05/12/1980||Unknown|Unknown|FL|99999||Female|2816855502|"No Response"|0||0|0|0|0||1|Talley||||||||"SARS-CoV-2 (COVID-19)"|Antigen|97097-0|"SARS-CoV-2 Ag Upper resp Ql IA.rapid"|"Nasopharyngeal swab"|258500001|04/24/2022|Negative|260385009
136|4244|10D2214779||Dao|Michael||11/28/1984||Unknown|Unknown|FL|99999||Male|8322799737|"No Response"|0||0|0|0|0||1|Dao||||||||"SARS-CoV-2 (COVID-19)"|Antigen|97097-0|"SARS-CoV-2 Ag Upper resp Ql IA.rapid"|"Nasopharyngeal swab"|258500001|04/24/2022|Negative|260385009
137|4244|10D2214779||Rolle|Gemma||07/06/1978||Unknown|Unknown|FL|99999||Female|2423574990|"No Response"|0||0|0|0|0||0|Rolle||||||||"SARS-CoV-2 (COVID-19)"|Antigen|97097-0|"SARS-CoV-2 Ag Upper resp Ql IA.rapid"|"Nasopharyngeal swab"|258500001|04/24/2022|Negative|260385009
138|4244|10D2214779||"Bunster Izquierdo"|Cristobal||02/27/1981||Unknown|Unknown|FL|99999||Male|7863962445|"No Response"|0||0|0|0|0||1|"Bunster Izquierdo"||||||||"SARS-CoV-2 (COVID-19)"|Antigen|97097-0|"SARS-CoV-2 Ag Upper resp Ql IA.rapid"|"Nasopharyngeal swab"|258500001|04/24/2022|Negative|260385009
139|4244|10D2214779||Findley|"Adanna Nikita"||06/05/1992||Unknown|Unknown|FL|99999||Female|7863962445|"No Response"|0||0|0|0|0||1|Findley||||||||"SARS-CoV-2 (COVID-19)"|Antigen|97097-0|"SARS-CoV-2 Ag Upper resp Ql IA.rapid"|"Nasopharyngeal swab"|258500001|04/24/2022|Negative|260385009
140|4244|10D2214779||Rolle|Ethelyn||04/02/1944||Unknown|Unknown|FL|99999||Female|9175978027|"No Response"|0||0|0|0|0||0|Rolle||||||||"SARS-CoV-2 (COVID-19)"|Antigen|97097-0|"SARS-CoV-2 Ag Upper resp Ql IA.rapid"|"Nasopharyngeal swab"|258500001|04/24/2022|Negative|260385009
141|4244|10D2214779||Lightbourne|Tracee||07/19/1976||Unknown|Unknown|FL|99999||Female|7706960386|"No Response"|0||0|0|0|0||0|Lightbourne||||||||"SARS-CoV-2 (COVID-19)"|Antigen|97097-0|"SARS-CoV-2 Ag Upper resp Ql IA.rapid"|"Nasopharyngeal swab"|258500001|04/24/2022|Negative|260385009
142|4244|10D2214779||Hosein|"Arron Deryck"||08/20/1982||Unknown|Unknown|FL|99999||Male|7863962445|"No Response"|0||0|0|0|0||1|Hosein||||||||"SARS-CoV-2 (COVID-19)"|Antigen|97097-0|"SARS-CoV-2 Ag Upper resp Ql IA.rapid"|"Nasopharyngeal swab"|258500001|04/24/2022|Negative|260385009
143|4244|10D2214779||Minus|"Direo Harry"||09/18/1974||Unknown|Unknown|FL|99999||Male|12423591884|"No Response"|0||0|0|0|0||1|Minus||||||||"SARS-CoV-2 (COVID-19)"|Antigen|97097-0|"SARS-CoV-2 Ag Upper resp Ql IA.rapid"|"Nasopharyngeal swab"|258500001|04/24/2022|Negative|260385009
144|4244|10D2214779||CARTWRIGHT|BRANDON||11/09/1978||Unknown|Unknown|FL|99999||Male|2424248602|"No Response"|1||0|0|0|0||0|CARTWRIGHT||||||||"SARS-CoV-2 (COVID-19)"|Antigen|97097-0|"SARS-CoV-2 Ag Upper resp Ql IA.rapid"|"Nasopharyngeal swab"|258500001|04/24/2022|Negative|260385009
145|4244|10D2214779||Corallo|John||04/25/1971||Unknown|Unknown|FL|99999||Male|4165626007|"No Response"|1||0|0|0|0||0|Corallo||||||||"SARS-CoV-2 (COVID-19)"|Antigen|97097-0|"SARS-CoV-2 Ag Upper resp Ql IA.rapid"|"Nasopharyngeal swab"|258500001|04/24/2022|Negative|260385009
146|4244|10D2214779||Iafaioli|Vincenzo||09/17/2001||Unknown|Miramar|FL|00000||Male|7865382189|"No Response"|0||0|0|0|0||0|Iafaioli||||||||"SARS-CoV-2 (COVID-19)"|Antigen|97097-0|"SARS-CoV-2 Ag Upper resp Ql IA.rapid"|"Nasopharyngeal swab"|258500001|04/24/2022|Negative|260385009
147|4244|10D2214779||CARTWRIGHT|Mateo||07/18/2007||Unknown|Unknown|FL|99999||Male|2424248602|"No Response"|0||0|0|0|0||0|CARTWRIGHT||||||||"SARS-CoV-2 (COVID-19)"|Antigen|97097-0|"SARS-CoV-2 Ag Upper resp Ql IA.rapid"|"Nasopharyngeal swab"|258500001|04/24/2022|Negative|260385009
148|4244|10D2214779||CARTWRIGHT|Amadeo||03/02/2003||Unknown|Unknown|FL|99999||Male|2424248602|"No Response"|0||0|0|0|0||0|CARTWRIGHT||||||||"SARS-CoV-2 (COVID-19)"|Antigen|97097-0|"SARS-CoV-2 Ag Upper resp Ql IA.rapid"|"Nasopharyngeal swab"|258500001|04/24/2022|Negative|260385009
149|4244|10D2214779||Cartwright|Tamika||11/19/1979||Unknown|Nassau|FL|99999||Female|12424244876|"No Response"|0||0|0|0|0||0|Cartwright||||||||"SARS-CoV-2 (COVID-19)"|Antigen|97097-0|"SARS-CoV-2 Ag Upper resp Ql IA.rapid"|"Nasopharyngeal swab"|258500001|04/24/2022|Negative|260385009
150|4244|10D2214779||"LA VISTA"|Pierre||06/20/1984||"Harrison hôtel"|Miami|FL|99999||Male|0645821848|"No Response"|1||0|0|0|0||0|"LA VISTA"||||||||"SARS-CoV-2 (COVID-19)"|Antigen|97097-0|"SARS-CoV-2 Ag Upper resp Ql IA.rapid"|"Nasopharyngeal swab"|258500001|04/24/2022|Negative|260385009
151|4244|10D2214779||"LA VISTA"|Ezio||05/16/2011||"Harrison hôtel"|Miami|FL|30133||Male|0645821848|"No Response"|1||0|0|0|0||0|"LA VISTA"||||||||"SARS-CoV-2 (COVID-19)"|Antigen|97097-0|"SARS-CoV-2 Ag Upper resp Ql IA.rapid"|"Nasopharyngeal swab"|258500001|04/24/2022|Negative|260385009
152|4244|10D2214779||Mathoerapersad|Arti||12/08/1979||"105 Fairway Dr"|Miami|FL|33166||Female|7868485498|"No Response"|0||0|0|0|1||0|Mathoerapersad||||||||"SARS-CoV-2 (COVID-19)"|Antigen|97097-0|"SARS-CoV-2 Ag Upper resp Ql IA.rapid"|"Nasopharyngeal swab"|258500001|04/24/2022|Negative|260385009
153|4244|10D2214779||"LA VISTA"|Marco||10/23/2017||"Harrison hotel"|Miami|FL|30133||Male|0645821848|"No Response"|1||0|0|0|0||0|"LA VISTA"||||||||"SARS-CoV-2 (COVID-19)"|Antigen|97097-0|"SARS-CoV-2 Ag Upper resp Ql IA.rapid"|"Nasopharyngeal swab"|258500001|04/24/2022|Negative|260385009
154|4244|10D2214779||Mathoerapersad|Salilesh||04/02/1984||"105 Fairway Dr"|Miami|FL|33166||Male|7868485498|"No Response"|0||0|0|0|1||0|Mathoerapersad||||||||"SARS-CoV-2 (COVID-19)"|Antigen|97097-0|"SARS-CoV-2 Ag Upper resp Ql IA.rapid"|"Nasopharyngeal swab"|258500001|04/24/2022|Negative|260385009
155|4244|10D2214779||"LA VISTA"|Wilfriede||05/06/1984||"Harrison hôtel"|Miami|FL|30133||Male|0645821848|"No Response"|1||0|0|0|0||0|"LA VISTA"||||||||"SARS-CoV-2 (COVID-19)"|Antigen|97097-0|"SARS-CoV-2 Ag Upper resp Ql IA.rapid"|"Nasopharyngeal swab"|258500001|04/24/2022|Negative|260385009
156|4244|10D2214779||Bain|Larry||04/17/1951||"1807 Hiltonia Circle"|"West Palm Beach"|FL|33407||Male|5617291226|"No Response"|0||0|0|0|0||0|Bain||||||||"SARS-CoV-2 (COVID-19)"|Antigen|97097-0|"SARS-CoV-2 Ag Upper resp Ql IA.rapid"|"Nasopharyngeal swab"|258500001|04/24/2022|Negative|260385009
157|4244|10D2214779||Gayadin|Marilynn||07/22/1987||"105 Fairway Dr"|Miami|FL|33166||Female|7868485498|"No Response"|0||0|0|0|1||0|Gayadin||||||||"SARS-CoV-2 (COVID-19)"|Antigen|97097-0|"SARS-CoV-2 Ag Upper resp Ql IA.rapid"|"Nasopharyngeal swab"|258500001|04/24/2022|Negative|260385009
158|4244|10D2214779||Wendel|Stefan||03/01/1982||"4400 NW 87th Ave,"|Miami|FL|33178||Male|9999999999|"No Response"|1||0|0|0|0||0|Wendel||||||||"SARS-CoV-2 (COVID-19)"|Antigen|97097-0|"SARS-CoV-2 Ag Upper resp Ql IA.rapid"|"Nasopharyngeal swab"|258500001|04/24/2022|Negative|260385009
159|4244|10D2214779||Karll|Pamela||05/21/1958||"9380 Gulf Shore Drive 301"|Naples|FL|34108||Female|9999999999|"No Response"|1||0|0|0|0||0|Karll||||||||"SARS-CoV-2 (COVID-19)"|PCR|94500-6|"SARS-CoV-2 RNA Resp Ql NAA+probe"|"Nasopharyngeal swab"|258500001|04/24/2022|Negative|260385009
160|4244|10D2214779||Karll|Robert||02/27/1954||"9380 Gulf Shore Drive 301"|Naples|FL|34108||Male|15633493571|"No Response"|1||0|0|0|0||0|Karll||||||||"SARS-CoV-2 (COVID-19)"|PCR|94500-6|"SARS-CoV-2 RNA Resp Ql NAA+probe"|"Nasopharyngeal swab"|258500001|04/24/2022|Negative|260385009
161|4244|10D2214779||Wegner|John||05/27/1992||"19950 s beach rd"|Jupiter|FL|33469||Male|9999999999|"No Response"|1||0|0|0|0||0|Wegner||||||||"SARS-CoV-2 (COVID-19)"|PCR|94500-6|"SARS-CoV-2 RNA Resp Ql NAA+probe"|"Nasopharyngeal swab"|258500001|04/24/2022|Negative|260385009
162|4244|10D2214779||Verrier|Erykah||09/17/1999||Unknown|Unknown|FL|99999||Female|5878775770|"No Response"|1||0|0|0|0||0|Verrier||||||||"SARS-CoV-2 (COVID-19)"|Antigen|97097-0|"SARS-CoV-2 Ag Upper resp Ql IA.rapid"|"Nasopharyngeal swab"|258500001|04/24/2022|Negative|260385009
163|4244|10D2214779||Triffo|Erin||07/04/1995||Unknown|Unknown|FL|99999||Female|4033527206|"No Response"|1||0|0|0|0||0|Triffo||||||||"SARS-CoV-2 (COVID-19)"|Antigen|97097-0|"SARS-CoV-2 Ag Upper resp Ql IA.rapid"|"Nasopharyngeal swab"|258500001|04/24/2022|Negative|260385009
164|4244|10D2214779||Pavlick|Madison||07/09/1993||Unknown|Unknown|FL|99999||Female|4035064745|"No Response"|1||0|0|0|0||0|Pavlick||||||||"SARS-CoV-2 (COVID-19)"|Antigen|97097-0|"SARS-CoV-2 Ag Upper resp Ql IA.rapid"|"Nasopharyngeal swab"|258500001|04/24/2022|Negative|260385009
165|4244|10D2214779||Culmer|Kirtland||04/20/1981||"3895 nw 107th ave"|Miami|FL|33178||Male|7864731605|"No Response"|0||0|0|0|1||0|Culmer||||||||"SARS-CoV-2 (COVID-19)"|Antigen|97097-0|"SARS-CoV-2 Ag Upper resp Ql IA.rapid"|"Nasopharyngeal swab"|258500001|04/24/2022|Negative|260385009
166|4244|10D2214779||Beharry|"Stephen Amrit"||10/19/1992||Unknown|Unknown|FL|99999||Male|9999999999|"No Response"|0||0|0|0|0||1|Beharry||||||||"SARS-CoV-2 (COVID-19)"|Antigen|97097-0|"SARS-CoV-2 Ag Upper resp Ql IA.rapid"|"Nasopharyngeal swab"|258500001|04/24/2022|Negative|260385009
167|4244|10D2214779||Barrow|Sofiya||04/12/1993||Unknown|Unknown|FL|99999||Female|9999999999|"No Response"|0||0|0|0|0||1|Barrow||||||||"SARS-CoV-2 (COVID-19)"|Antigen|97097-0|"SARS-CoV-2 Ag Upper resp Ql IA.rapid"|"Nasopharyngeal swab"|258500001|04/25/2022|Negative|260385009
168|4244|10D2214779||Guadamuz|"Guadalupe del Socorro"||06/04/1962||Unknown|Unknown|FL|99999||Female|9177342141|"No Response"|0||0|0|0|0||0|Guadamuz||||||||"SARS-CoV-2 (COVID-19)"|PCR|94500-6|"SARS-CoV-2 RNA Resp Ql NAA+probe"|"Nasopharyngeal swab"|258500001|04/24/2022|Negative|260385009
169|4244|10D2214779||Wedeking|Wendy||09/10/1977||"2387 Inland Cove Road"|"Palm Beach Gardens"|FL|33410||Female|9545730143|"No Response"|0||0|0|0|0||0|Wedeking||||||||"SARS-CoV-2 (COVID-19)"|PCR|94500-6|"SARS-CoV-2 RNA Resp Ql NAA+probe"|"Nasopharyngeal swab"|258500001|04/24/2022|Negative|260385009
170|4244|10D2214779||"Valotta Patino"|Angelo||02/24/1997||Unknown|Unknown|FL|99999||Male|7864750863|"No Response"|0||0|0|0|0||1|"Valotta Patino"||||||||"SARS-CoV-2 (COVID-19)"|Antigen|97097-0|"SARS-CoV-2 Ag Upper resp Ql IA.rapid"|"Nasopharyngeal swab"|258500001|04/24/2022|Negative|260385009
171|4244|10D2214779||mccague|megan||10/11/1988||Unknown|Unknown|FL|99999||Female|9999999999|"No Response"|1||0|0|0|0||0|mccague||||||||"SARS-CoV-2 (COVID-19)"|PCR|94500-6|"SARS-CoV-2 RNA Resp Ql NAA+probe"|"Nasopharyngeal swab"|258500001|04/24/2022|Negative|260385009
172|4244|10D2214779||Maharaj|Qadir||09/02/1989||Unknown|Unknown|FL|99999||Male|8687310958|"No Response"|0||0|0|0|0||1|Maharaj||||||||"SARS-CoV-2 (COVID-19)"|Antigen|97097-0|"SARS-CoV-2 Ag Upper resp Ql IA.rapid"|"Nasopharyngeal swab"|258500001|04/24/2022|Negative|260385009
173|4244|10D2214779||Curry|Savannah||03/15/1992||"3100 N University Drive"|"Coral Springs"|FL|33065||Female|86355581814|"No Response"|1||0|0|0|0||0|Curry||||||||"SARS-CoV-2 (COVID-19)"|PCR|94500-6|"SARS-CoV-2 RNA Resp Ql NAA+probe"|"Nasopharyngeal swab"|258500001|04/24/2022|Negative|260385009
174|4244|10D2214779||Stinnett|Danielle||03/29/1982||"1566 Shadowmoss Cir"|"Lake Mary"|FL|32746||Female|4079278447|"No Response"|1||0|0|0|0||0|Stinnett||||||||"SARS-CoV-2 (COVID-19)"|Antigen|97097-0|"SARS-CoV-2 Ag Upper resp Ql IA.rapid"|"Nasopharyngeal swab"|258500001|04/24/2022|Negative|260385009
175|4244|10D2214779||Balroop|Sharon||01/01/1970||"7253 Gateshead circle"|Orlando|FL|32822||Female|3213140747|"No Response"|0||0|0|0|1||0|Balroop||||||||"SARS-CoV-2 (COVID-19)"|Antigen|97097-0|"SARS-CoV-2 Ag Upper resp Ql IA.rapid"|"Nasopharyngeal swab"|258500001|04/24/2022|Negative|260385009
176|4244|10D2214779||Balroop|Maniram||07/09/1945||Unknown|Unknown|FL|99999||Male|3213140747|"No Response"|0||0|0|0|1||0|Balroop||||||||"SARS-CoV-2 (COVID-19)"|Antigen|97097-0|"SARS-CoV-2 Ag Upper resp Ql IA.rapid"|"Nasopharyngeal swab"|258500001|04/24/2022|Negative|260385009
177|4244|10D2214779||Heerah-nandoo|"Cherryann shanty"||07/14/1969||Unknown|Unknown|FL|99999||Female|8683402866|"No Response"|0||0|0|0|1||0|Heerah-nandoo||||||||"SARS-CoV-2 (COVID-19)"|Antigen|97097-0|"SARS-CoV-2 Ag Upper resp Ql IA.rapid"|"Nasopharyngeal swab"|258500001|04/24/2022|Negative|260385009
178|4244|10D2214779||Nandoo|Shevanand||09/04/1989||Unknown|Unknown|FL|99999||Male|8683402866|"No Response"|0||0|0|0|0||1|Nandoo||||||||"SARS-CoV-2 (COVID-19)"|Antigen|97097-0|"SARS-CoV-2 Ag Upper resp Ql IA.rapid"|"Nasopharyngeal swab"|258500001|04/24/2022|Negative|260385009
179|4244|10D2214779||Wegner|John||05/27/1992||"19950 s beach rd"|Jupiter|FL|33469||Male|9999999999|"No Response"|1||0|0|0|0||0|Wegner||||||||"SARS-CoV-2 (COVID-19)"|PCR|94500-6|"SARS-CoV-2 RNA Resp Ql NAA+probe"|"Nasopharyngeal swab"|258500001|04/24/2022|Negative|260385009
180|4244|10D2214779||Ackley|Billy||07/23/1967||"13803 88th Pl N"|"West Palm Beach"|FL|33412||Male|9547321170|"No Response"|1||0|0|0|0||0|Ackley||||||||"SARS-CoV-2 (COVID-19)"|PCR|94500-6|"SARS-CoV-2 RNA Resp Ql NAA+probe"|"Nasopharyngeal swab"|258500001|04/24/2022|Negative|260385009
181|4244|10D2214779||Ackley|Billy||07/23/1967||"13803 88th PL N"|"West Palm Beach"|FL|33412||Male|9547321170|"No Response"|1||0|0|0|0||0|Ackley||||||||"SARS-CoV-2 (COVID-19)"|PCR|94500-6|"SARS-CoV-2 RNA Resp Ql NAA+probe"|"Nasopharyngeal swab"|258500001|04/24/2022|Negative|260385009
