RecordID|FacilityID|CLIAID|PatientID|LastName|FirstName|MiddleName|DOB|SSN|StreetAddress|City|State|Zip|County|Gender|PhoneNumber|Ethnicity|RaceWhite|RaceBlack|RaceAmericanIndianAlaskanNative|RaceAsian|RaceNativeHawaiianOrOtherPacificIslander|RaceOther|RaceUnknown|RaceNoResponse|ProviderName|NPI|Pregnant|SchoolAssociation|SchoolName|MeetILIDefinition|PerformingLab|AccessionNumber|Pathogen|TestType|LOINC|LOINCShortName|SpecimenCollectionType|SpecimenSNOMED|SpecimenCollectedDate|Result|ResultSNOMED
1|4244|10D2214779||Oztemel|Levon||01/11/1995||"501 NE 5th Terrace; 213"|"Fort Lauderdale"|FL|33301||Male|2032164878|"No Response"|1||0|0|0|0||0|Oztemel||||||||"SARS-CoV-2 (COVID-19)"|Antigen|97097-0|"SARS-CoV-2 Ag Upper resp Ql IA.rapid"|"Nasopharyngeal swab"|258500001|04/27/2022|Negative|260385009
2|4244|10D2214779||Walters|Ellie||04/29/1970||"6088 Masters Blvd"|Orlando|FL|32819||Female|9999999999|"No Response"|0||0|0|0|0||0|Walters||||||||"SARS-CoV-2 (COVID-19)"|Antigen|97097-0|"SARS-CoV-2 Ag Upper resp Ql IA.rapid"|"Nasopharyngeal swab"|258500001|04/27/2022|Negative|260385009
3|4244|10D2214779||Russell|Jessica||11/14/2003||N/A|"Nassau Bahamas"|FL|00000||Female|12428061076|"No Response"|1||0|0|0|0||0|Russell||||||||"SARS-CoV-2 (COVID-19)"|Antigen|97097-0|"SARS-CoV-2 Ag Upper resp Ql IA.rapid"|"Nasopharyngeal swab"|258500001|04/27/2022|Negative|260385009
4|4244|10D2214779||Russell|Christopher||04/11/1971||N/A|"Nassau Bahamas"|FL|00000||Male|12424247740|"No Response"|1||0|0|0|0||0|Russell||||||||"SARS-CoV-2 (COVID-19)"|Antigen|97097-0|"SARS-CoV-2 Ag Upper resp Ql IA.rapid"|"Nasopharyngeal swab"|258500001|04/27/2022|Negative|260385009
5|4244|10D2214779||Lawrence|Letitia||12/10/1974||"420 E Church St"|Orlando|FL|32801||Female|3459168636|"No Response"|0||0|0|0|0||0|Lawrence||||||||"SARS-CoV-2 (COVID-19)"|Antigen|97097-0|"SARS-CoV-2 Ag Upper resp Ql IA.rapid"|"Nasopharyngeal swab"|258500001|04/27/2022|Negative|260385009
6|4244|10D2214779||Oztemel|Levon||01/11/1995||"501 NE 5th Terrace, Apt 213"|"Fort Lauderdale"|FL|33301||Male|2032164878|"No Response"|1||0|0|0|0||0|Oztemel||||||||"SARS-CoV-2 (COVID-19)"|Antigen|97097-0|"SARS-CoV-2 Ag Upper resp Ql IA.rapid"|"Nasopharyngeal swab"|258500001|04/27/2022|Negative|260385009
7|4244|10D2214779||Russell|Christopher||04/11/1971||N/A|Nassau|FL|99999||Male|12424247740|"No Response"|1||0|0|0|0||0|Russell||||||||"SARS-CoV-2 (COVID-19)"|Antigen|97097-0|"SARS-CoV-2 Ag Upper resp Ql IA.rapid"|"Nasopharyngeal swab"|258500001|04/27/2022|Negative|260385009
8|4244|10D2214779||Knowles-Russell|Georgia||03/22/1974||Unknown|Nassau|FL|99999||Female|12424244499|"No Response"|1||0|0|0|0||0|Knowles-Russell||||||||"SARS-CoV-2 (COVID-19)"|Antigen|97097-0|"SARS-CoV-2 Ag Upper resp Ql IA.rapid"|"Nasopharyngeal swab"|258500001|04/27/2022|Negative|260385009
9|4244|10D2214779||Albury|Daniel||09/16/2000||Unknown|"Nassau Bahamas"|FL|99999||Male|12425599213|"No Response"|1||0|0|0|0||0|Albury||||||||"SARS-CoV-2 (COVID-19)"|Antigen|97097-0|"SARS-CoV-2 Ag Upper resp Ql IA.rapid"|"Nasopharyngeal swab"|258500001|04/27/2022|Negative|260385009
10|4244|10D2214779||Russell|Jessica||11/14/2003||N/A|Nassau|FL|99999||Female|12428061076|"No Response"|1||0|0|0|0||0|Russell||||||||"SARS-CoV-2 (COVID-19)"|Antigen|97097-0|"SARS-CoV-2 Ag Upper resp Ql IA.rapid"|"Nasopharyngeal swab"|258500001|04/27/2022|Negative|260385009
11|4244|10D2214779||Oztemel|Levon||01/11/1995||"501 NE 5th Terrace: Apt 213"|"Fort Lauderdale"|FL|33301||Male|2032164878|"No Response"|1||0|0|0|0||0|Oztemel||||||||"SARS-CoV-2 (COVID-19)"|Antigen|97097-0|"SARS-CoV-2 Ag Upper resp Ql IA.rapid"|"Nasopharyngeal swab"|258500001|04/27/2022|Negative|260385009
12|4244|10D2214779||Winer|Karen||05/14/1947||"32 Laguna Terrace"|"Palm Beach Gardens"|FL|33418||Female|4132211808|"No Response"|1||0|0|0|0||0|Winer||||||||"SARS-CoV-2 (COVID-19)"|Antigen|97097-0|"SARS-CoV-2 Ag Upper resp Ql IA.rapid"|"Nasopharyngeal swab"|258500001|04/27/2022|Negative|260385009
13|4244|10D2214779||Roberts|Beverly||04/08/1954||"2720 Biarritz Drivr"|"Palm Beach Gardens"|FL|33410||Female|15616910923|"No Response"|1||0|0|0|0||0|Roberts||||||||"SARS-CoV-2 (COVID-19)"|Antigen|97097-0|"SARS-CoV-2 Ag Upper resp Ql IA.rapid"|"Nasopharyngeal swab"|258500001|04/27/2022|Negative|260385009
14|4244|10D2214779||Miller|Gail||06/25/1967||"2309 Centerstone Lane"|"Riviera Beach"|FL|33404||Female|5613980808|"No Response"|0||0|0|0|1||0|Miller||||||||"SARS-CoV-2 (COVID-19)"|Antigen|97097-0|"SARS-CoV-2 Ag Upper resp Ql IA.rapid"|"Nasopharyngeal swab"|258500001|04/27/2022|Negative|260385009
15|4244|10D2214779||Lawrence|Letitia||12/10/1974||"420 E Church Street"|Orlando|FL|32801||Female|3459168636|"No Response"|0||0|0|0|0||0|Lawrence||||||||"SARS-CoV-2 (COVID-19)"|Antigen|97097-0|"SARS-CoV-2 Ag Upper resp Ql IA.rapid"|"Nasopharyngeal swab"|258500001|04/27/2022|Negative|260385009
16|4244|10D2214779||Winer|Karen||05/14/1947||"32 Laguna Terrace"|"Palm Beach Gardens"|FL|33418||Female|4132211808|"No Response"|1||0|0|0|0||0|Winer||||||||"SARS-CoV-2 (COVID-19)"|Antigen|97097-0|"SARS-CoV-2 Ag Upper resp Ql IA.rapid"|"Nasopharyngeal swab"|258500001|04/27/2022|Negative|260385009
17|4244|10D2214779||Wilhoyte|Lisa||12/05/1963||"6231 PGA Blvd. Ste 104-390"|"Palm Beach gardens"|FL|33418||Female|5617585755|"No Response"|1||0|0|0|0||0|Wilhoyte||||||||"SARS-CoV-2 (COVID-19)"|Antigen|97097-0|"SARS-CoV-2 Ag Upper resp Ql IA.rapid"|"Nasopharyngeal swab"|258500001|04/27/2022|Negative|260385009
18|4244|10D2214779||Walters|Ellie||04/29/1970||"6088 Masters Blvd"|Orlando|FL|32819||Female|9999999999|"No Response"|0||0|0|0|0||0|Walters||||||||"SARS-CoV-2 (COVID-19)"|Antigen|97097-0|"SARS-CoV-2 Ag Upper resp Ql IA.rapid"|"Nasopharyngeal swab"|258500001|04/27/2022|Negative|260385009
19|4244|10D2214779||Christie|Henry||08/23/1998||"804 N Federal Hwy"|"Lake Park"|FL|33403||Male|5616176884|"No Response"|1||0|0|0|0||0|Christie||||||||"SARS-CoV-2 (COVID-19)"|Antigen|97097-0|"SARS-CoV-2 Ag Upper resp Ql IA.rapid"|"Nasopharyngeal swab"|258500001|04/27/2022|Negative|260385009
20|4244|10D2214779||Russell|Jessica||11/14/2003||N/A|"Nassau Bahamas"|FL|00000||Female|12428061076|"No Response"|1||0|0|0|0||0|Russell||||||||"SARS-CoV-2 (COVID-19)"|Antigen|97097-0|"SARS-CoV-2 Ag Upper resp Ql IA.rapid"|"Nasopharyngeal swab"|258500001|04/27/2022|Negative|260385009
21|4244|10D2214779||Russell|Christopher||04/11/1971||N/A|"Nassau Bahamas"|FL|00000||Male|12424247740|"No Response"|1||0|0|0|0||0|Russell||||||||"SARS-CoV-2 (COVID-19)"|Antigen|97097-0|"SARS-CoV-2 Ag Upper resp Ql IA.rapid"|"Nasopharyngeal swab"|258500001|04/27/2022|Negative|260385009
22|4244|10D2214779||Knowles-Russell|Georgia||03/22/1974||N/A|"Nassau Bahamas"|FL|00000||Female|12424244499|"No Response"|1||0|0|0|0||0|Knowles-Russell||||||||"SARS-CoV-2 (COVID-19)"|Antigen|97097-0|"SARS-CoV-2 Ag Upper resp Ql IA.rapid"|"Nasopharyngeal swab"|258500001|04/27/2022|Negative|260385009
23|4244|10D2214779||Albury|Daniel||09/16/2000||N/A|"Nassau Bahamas"|FL|00000||Male|12425599213|"No Response"|1||0|0|0|0||0|Albury||||||||"SARS-CoV-2 (COVID-19)"|Antigen|97097-0|"SARS-CoV-2 Ag Upper resp Ql IA.rapid"|"Nasopharyngeal swab"|258500001|04/27/2022|Negative|260385009
24|4244|10D2214779||Russell|Jessica||11/14/2003||N/A|N/A|FL|00000||Female|12428061076|"No Response"|1||0|0|0|0||0|Russell||||||||"SARS-CoV-2 (COVID-19)"|Antigen|97097-0|"SARS-CoV-2 Ag Upper resp Ql IA.rapid"|"Nasopharyngeal swab"|258500001|04/27/2022|Negative|260385009
25|4244|10D2214779||Albury|Daniel||09/16/2000||N/A|N/A|FL|00000||Male|12425599213|"No Response"|1||0|0|0|0||0|Albury||||||||"SARS-CoV-2 (COVID-19)"|Antigen|97097-0|"SARS-CoV-2 Ag Upper resp Ql IA.rapid"|"Nasopharyngeal swab"|258500001|04/27/2022|Negative|260385009
26|4244|10D2214779||Knowles-Russell|Georgia||03/22/1974||N/A|N/A|FL|99999||Female|12424244499|"No Response"|1||0|0|0|0||0|Knowles-Russell||||||||"SARS-CoV-2 (COVID-19)"|Antigen|97097-0|"SARS-CoV-2 Ag Upper resp Ql IA.rapid"|"Nasopharyngeal swab"|258500001|04/27/2022|Negative|260385009
27|4244|10D2214779||Garcia|Francisco||06/07/1976||"9712 Mia Circle"|Orlando|FL|32819||Male|3214407129|"No Response"|0||0|0|0|0||0|Garcia||||||||"SARS-CoV-2 (COVID-19)"|Antigen|97097-0|"SARS-CoV-2 Ag Upper resp Ql IA.rapid"|"Nasopharyngeal swab"|258500001|04/27/2022|Negative|260385009
28|4244|10D2214779||Miller|Gail||06/25/1967||"2309 Centerstone Lane"|"Riviera beach"|FL|33404||Female|5613980808|"No Response"|0||0|0|0|1||0|Miller||||||||"SARS-CoV-2 (COVID-19)"|Antigen|97097-0|"SARS-CoV-2 Ag Upper resp Ql IA.rapid"|"Nasopharyngeal swab"|258500001|04/27/2022|Negative|260385009
29|4244|10D2214779||Townsend|Charles||04/15/1962||"5287 Mariesa Avenue"|"West Palm Beach"|FL|33417||Male|7863962445|"No Response"|1||0|0|0|0||0|Townsend||||||||"SARS-CoV-2 (COVID-19)"|Antigen|97097-0|"SARS-CoV-2 Ag Upper resp Ql IA.rapid"|"Nasopharyngeal swab"|258500001|04/27/2022|Negative|260385009
30|4244|10D2214779||Oztemel|Levon||01/11/1995||"501 NE 5th Terrace; 213"|"Fort Lauderdale"|FL|33301||Male|2032164878|"No Response"|1||0|0|0|0||0|Oztemel||||||||"SARS-CoV-2 (COVID-19)"|Antigen|97097-0|"SARS-CoV-2 Ag Upper resp Ql IA.rapid"|"Nasopharyngeal swab"|258500001|04/27/2022|Negative|260385009
31|4244|10D2214779||Mersmann|Peter||12/06/1958||"2819 Irma Lake Dr"|"West Palm Beach"|FL|33411||Male|2035708889|"No Response"|1||0|0|0|0||0|Mersmann||||||||"SARS-CoV-2 (COVID-19)"|Antigen|97097-0|"SARS-CoV-2 Ag Upper resp Ql IA.rapid"|"Nasopharyngeal swab"|258500001|04/27/2022|Negative|260385009
32|4244|10D2214779||Lawrence|Letitia||12/10/1974||"420 E Church St"|Orlando|FL|32801||Female|3459168636|"No Response"|0||0|0|0|0||0|Lawrence||||||||"SARS-CoV-2 (COVID-19)"|Antigen|97097-0|"SARS-CoV-2 Ag Upper resp Ql IA.rapid"|"Nasopharyngeal swab"|258500001|04/27/2022|Negative|260385009
33|4244|10D2214779||Russell|Christopher||04/11/1971||N/A|Nassau|FL|00000||Male|12424247740|"No Response"|1||0|0|0|0||0|Russell||||||||"SARS-CoV-2 (COVID-19)"|Antigen|97097-0|"SARS-CoV-2 Ag Upper resp Ql IA.rapid"|"Nasopharyngeal swab"|258500001|04/27/2022|Negative|260385009
34|4244|10D2214779||Knowles-Russell|Georgia||03/22/1974||N/A|Nassau|FL|00000||Female|12424244499|"No Response"|1||0|0|0|0||0|Knowles-Russell||||||||"SARS-CoV-2 (COVID-19)"|Antigen|97097-0|"SARS-CoV-2 Ag Upper resp Ql IA.rapid"|"Nasopharyngeal swab"|258500001|04/27/2022|Negative|260385009
35|4244|10D2214779||Russell|Jessica||11/14/2003||N/A|Nassau|FL|00000||Female|12428061076|"No Response"|1||0|0|0|0||0|Russell||||||||"SARS-CoV-2 (COVID-19)"|Antigen|97097-0|"SARS-CoV-2 Ag Upper resp Ql IA.rapid"|"Nasopharyngeal swab"|258500001|04/27/2022|Negative|260385009
36|4244|10D2214779||Albury|Daniel||09/16/2000||N/A|Nassau|FL|00000||Male|12425599213|"No Response"|1||0|0|0|0||0|Albury||||||||"SARS-CoV-2 (COVID-19)"|Antigen|97097-0|"SARS-CoV-2 Ag Upper resp Ql IA.rapid"|"Nasopharyngeal swab"|258500001|04/27/2022|Negative|260385009
37|4244|10D2214779||Miller|Gail||06/25/1967||"110 Bobwhite Road"|"Royal Palm Beach"|FL|33411||Female|5613980808|"No Response"|0||0|0|0|1||0|Miller||||||||"SARS-CoV-2 (COVID-19)"|Antigen|97097-0|"SARS-CoV-2 Ag Upper resp Ql IA.rapid"|"Nasopharyngeal swab"|258500001|04/27/2022|Negative|260385009
38|4244|10D2214779||Winer|Karen||05/14/1947||"32 Laguna Terrace"|"Palm Beach Gardens"|FL|33418||Female|4132211808|"No Response"|1||0|0|0|0||0|Winer||||||||"SARS-CoV-2 (COVID-19)"|Antigen|97097-0|"SARS-CoV-2 Ag Upper resp Ql IA.rapid"|"Nasopharyngeal swab"|258500001|04/27/2022|Negative|260385009
39|4244|10D2214779||Gomez|Enrique||04/12/1979||"1756 N Bayshore Dr Apt 18J"|Miami|FL|33132||Male|7868562847|"No Response"|0||0|0|0|0||0|Gomez||||||||"SARS-CoV-2 (COVID-19)"|PCR|94500-6|"SARS-CoV-2 RNA Resp Ql NAA+probe"|"Nasopharyngeal swab"|258500001|04/26/2022|Negative|260385009
40|4244|10D2214779||Snell|Olen||07/03/1954||"10271 lodge Pine Ave"|"Las Vegas"|FL|89166||Male|7023284652|"No Response"|0||0|0|0|0||0|Snell||||||||"SARS-CoV-2 (COVID-19)"|Antigen|97097-0|"SARS-CoV-2 Ag Upper resp Ql IA.rapid"|"Nasopharyngeal swab"|258500001|04/27/2022|Negative|260385009
41|4244|10D2214779||Snell|Gloria||04/16/1961||"10271 lodge Pine Ave"|"Las Vegas"|FL|89166||Female|7023284842|"No Response"|0||0|1|0|0||0|Snell||||||||"SARS-CoV-2 (COVID-19)"|Antigen|97097-0|"SARS-CoV-2 Ag Upper resp Ql IA.rapid"|"Nasopharyngeal swab"|258500001|04/27/2022|Negative|260385009
42|4244|10D2214779||Miller|Gail||06/25/1967||"110 Bobwhite Road"|"Royal Palm Beach"|FL|33411||Female|5613980808|"No Response"|0||0|0|0|1||0|Miller||||||||"SARS-CoV-2 (COVID-19)"|Antigen|97097-0|"SARS-CoV-2 Ag Upper resp Ql IA.rapid"|"Nasopharyngeal swab"|258500001|04/27/2022|Negative|260385009
43|4244|10D2214779||Townsend|Charles||04/15/1962||Unknown|Unknown|FL|99999||Male|7863962445|"No Response"|1||0|0|0|0||0|Townsend||||||||"SARS-CoV-2 (COVID-19)"|Antigen|97097-0|"SARS-CoV-2 Ag Upper resp Ql IA.rapid"|"Nasopharyngeal swab"|258500001|04/27/2022|Negative|260385009
44|4244|10D2214779||Colognesi|Jacob||07/12/1983||"17 Hendrie Avenue"|Riverside|FL|06878||Male|5083200905|"No Response"|1||0|0|0|0||0|Colognesi||||||||"SARS-CoV-2 (COVID-19)"|PCR|94500-6|"SARS-CoV-2 RNA Resp Ql NAA+probe"|"Nasopharyngeal swab"|258500001|04/27/2022|Negative|260385009
45|4244|10D2214779||Cavitt|Brandon||05/24/2000||Unknown|Unknown|FL|99999||Male|7863962445|"No Response"|1||0|0|0|0||0|Cavitt||||||||"SARS-CoV-2 (COVID-19)"|Antigen|97097-0|"SARS-CoV-2 Ag Upper resp Ql IA.rapid"|"Nasopharyngeal swab"|258500001|04/27/2022|Negative|260385009
46|4244|10D2214779||Zajac|Katelynn||11/07/1996||Unknown|Unknown|FL|99999||Female|8109905775|"No Response"|1||0|0|0|0||0|Zajac||||||||"SARS-CoV-2 (COVID-19)"|Antigen|97097-0|"SARS-CoV-2 Ag Upper resp Ql IA.rapid"|"Nasopharyngeal swab"|258500001|04/27/2022|Negative|260385009
47|4244|10D2214779||Christie|Henry||08/23/1998||Unknown|Unknown|FL|99999||Male|5616176884|"No Response"|1||0|0|0|0||0|Christie||||||||"SARS-CoV-2 (COVID-19)"|Antigen|97097-0|"SARS-CoV-2 Ag Upper resp Ql IA.rapid"|"Nasopharyngeal swab"|258500001|04/27/2022|Negative|260385009
48|4244|10D2214779||Brock|Janet||04/09/1955||Unknown|Unknown|FL|99999||Female|7863962445|"No Response"|1||0|0|0|0||0|Brock||||||||"SARS-CoV-2 (COVID-19)"|Antigen|97097-0|"SARS-CoV-2 Ag Upper resp Ql IA.rapid"|"Nasopharyngeal swab"|258500001|04/27/2022|Negative|260385009
49|4244|10D2214779||Maffioletti|"Maria cristina Diniz"||12/28/2053||"1609 N Riverside dr apto 993"|"Pompano beach"|FL|33062||Female|9546548891|"No Response"|1||0|0|0|0||0|Maffioletti||||||||"SARS-CoV-2 (COVID-19)"|Antigen|97097-0|"SARS-CoV-2 Ag Upper resp Ql IA.rapid"|"Nasopharyngeal swab"|258500001|04/27/2022|Negative|260385009
50|4244|10D2214779||Jilovsky|Jan||06/11/2046||"1609 N Riverside dr apto 903"|"Pompano beach"|FL|33062||Male|9546548891|"No Response"|1||0|0|0|0||0|Jilovsky||||||||"SARS-CoV-2 (COVID-19)"|Antigen|97097-0|"SARS-CoV-2 Ag Upper resp Ql IA.rapid"|"Nasopharyngeal swab"|258500001|04/27/2022|Negative|260385009
51|4244|10D2214779||Reali|Daniele||07/21/1972||"558 NE 118th street, Biscayne Park, FL 33161"|"Biscayne Park"|FL|33161||Male|9546009792|"No Response"|0||0|0|0|1||0|Reali||||||||"SARS-CoV-2 (COVID-19)"|Antigen|97097-0|"SARS-CoV-2 Ag Upper resp Ql IA.rapid"|"Nasopharyngeal swab"|258500001|04/27/2022|Negative|260385009
52|4244|10D2214779||Figaro|Gillian||04/19/1969||"1500 N Congress Avenue Apt A11"|"West Palm Beach"|FL|33401||Female|5612010693|"No Response"|0||0|0|0|0||0|Figaro||||||||"SARS-CoV-2 (COVID-19)"|Antigen|97097-0|"SARS-CoV-2 Ag Upper resp Ql IA.rapid"|"Nasopharyngeal swab"|258500001|04/27/2022|Negative|260385009
53|4244|10D2214779||Archibald|Elsa||03/02/1944||"1500 N. Congress Ave apt a11"|"W p.b Fl."|FL|33401||Female|5614523622|"No Response"|0||0|0|0|0||0|Archibald||||||||"SARS-CoV-2 (COVID-19)"|Antigen|97097-0|"SARS-CoV-2 Ag Upper resp Ql IA.rapid"|"Nasopharyngeal swab"|258500001|04/27/2022|Negative|260385009
54|4244|10D2214779||Iskander|Ehab||05/02/1983||"5200 n Flagler Drive 805"|"West Palm beach"|FL|33407||Male|9999999999|"No Response"|1||0|0|0|0||0|Iskander||||||||"SARS-CoV-2 (COVID-19)"|Antigen|97097-0|"SARS-CoV-2 Ag Upper resp Ql IA.rapid"|"Nasopharyngeal swab"|258500001|04/27/2022|Negative|260385009
55|4244|10D2214779||"Santos Machado"|Vandrea||08/11/1985||"Carretera Barcelona 90 2-1"|Calafell|FL|43882||Female|9999999999|"No Response"|0||0|0|0|0||0|"Santos Machado"||||||||"SARS-CoV-2 (COVID-19)"|Antigen|97097-0|"SARS-CoV-2 Ag Upper resp Ql IA.rapid"|"Nasopharyngeal swab"|258500001|04/27/2022|Negative|260385009
56|4244|10D2214779||"Silva Santos"|"Matheo Francisco"||09/05/2009||"Carretera Barcelona 90 2-1"|Calafell|FL|43882||Male|9999999999|"No Response"|0||0|0|0|0||0|"Silva Santos"||||||||"SARS-CoV-2 (COVID-19)"|Antigen|97097-0|"SARS-CoV-2 Ag Upper resp Ql IA.rapid"|"Nasopharyngeal swab"|258500001|04/27/2022|Negative|260385009
57|4244|10D2214779||Russell|Christopher||04/11/1971||N/A|Nassau|FL|00000||Male|12424247740|"No Response"|1||0|0|0|0||0|Russell||||||||"SARS-CoV-2 (COVID-19)"|Antigen|97097-0|"SARS-CoV-2 Ag Upper resp Ql IA.rapid"|"Nasopharyngeal swab"|258500001|04/27/2022|Negative|260385009
58|4244|10D2214779||Russell|Jessica||11/14/2003||N/a|Nassau|FL|00000||Female|12428061076|"No Response"|1||0|0|0|0||0|Russell||||||||"SARS-CoV-2 (COVID-19)"|Antigen|97097-0|"SARS-CoV-2 Ag Upper resp Ql IA.rapid"|"Nasopharyngeal swab"|258500001|04/27/2022|Negative|260385009
59|4244|10D2214779||Knowles-Russell|Georgia||03/22/1974||N/A|Nassau|FL|00000||Female|12424244499|"No Response"|1||0|0|0|0||0|Knowles-Russell||||||||"SARS-CoV-2 (COVID-19)"|Antigen|97097-0|"SARS-CoV-2 Ag Upper resp Ql IA.rapid"|"Nasopharyngeal swab"|258500001|04/27/2022|Negative|260385009
60|4244|10D2214779||Albury|Daniel||09/16/2000||N/A|Nassau|FL|99999||Male|12425599213|"No Response"|1||0|0|0|0||0|Albury||||||||"SARS-CoV-2 (COVID-19)"|Antigen|97097-0|"SARS-CoV-2 Ag Upper resp Ql IA.rapid"|"Nasopharyngeal swab"|258500001|04/27/2022|Negative|260385009
61|4244|10D2214779||Oztemel|Levon||01/11/1995||"501 NE 5th Terrace"|"Fort Lauderdale"|FL|33301||Male|2032164878|"No Response"|1||0|0|0|0||0|Oztemel||||||||"SARS-CoV-2 (COVID-19)"|Antigen|97097-0|"SARS-CoV-2 Ag Upper resp Ql IA.rapid"|"Nasopharyngeal swab"|258500001|04/27/2022|Negative|260385009
62|4244|10D2214779||Karasek|Marcin||08/13/1976||"Ballys Hotel"|"Las vegas"|FL|89109||Male|9999999999|"No Response"|1||0|0|0|0||0|Karasek||||||||"SARS-CoV-2 (COVID-19)"|Antigen|97097-0|"SARS-CoV-2 Ag Upper resp Ql IA.rapid"|"Nasopharyngeal swab"|258500001|04/27/2022|Negative|260385009
63|4244|10D2214779||Gielnik|Marcin||06/02/1974||"Balleys hotel Las Vegas"|"Las vegas"|FL|89109||Male|9999999999|"No Response"|1||0|0|0|0||0|Gielnik||||||||"SARS-CoV-2 (COVID-19)"|Antigen|97097-0|"SARS-CoV-2 Ag Upper resp Ql IA.rapid"|"Nasopharyngeal swab"|258500001|04/27/2022|Negative|260385009
64|4244|10D2214779||Lawrence|Letitia||12/10/1974||Unknown|Unknown|FL|99999||Female|3459168636|"No Response"|0||0|0|0|0||0|Lawrence||||||||"SARS-CoV-2 (COVID-19)"|Antigen|97097-0|"SARS-CoV-2 Ag Upper resp Ql IA.rapid"|"Nasopharyngeal swab"|258500001|04/27/2022|Negative|260385009
65|4244|10D2214779||Garcia|Francisco||06/07/1976||"9712 Mia Circle"|Orlando|FL|32819||Male|3214407129|"No Response"|0||0|0|0|0||0|Garcia||||||||"SARS-CoV-2 (COVID-19)"|Antigen|97097-0|"SARS-CoV-2 Ag Upper resp Ql IA.rapid"|"Nasopharyngeal swab"|258500001|04/27/2022|Negative|260385009
66|4244|10D2214779||Rewalt|Daniel||05/29/1979||"Sheraton Suites Fort Lauderdale Plantation"|Plantation|FL|33324||Male|3459250454|"No Response"|0||0|0|0|1||0|Rewalt||||||||"SARS-CoV-2 (COVID-19)"|Antigen|97097-0|"SARS-CoV-2 Ag Upper resp Ql IA.rapid"|"Nasopharyngeal swab"|258500001|04/27/2022|Negative|260385009
67|4244|10D2214779||Rewalt|Jo-Elle||09/13/1964||"Sheraton Suites Fort Lauderdale Plantation"|Plantation|FL|33324||Female|3459250454|"No Response"|1||0|0|0|0||0|Rewalt||||||||"SARS-CoV-2 (COVID-19)"|Antigen|97097-0|"SARS-CoV-2 Ag Upper resp Ql IA.rapid"|"Nasopharyngeal swab"|258500001|04/27/2022|Negative|260385009
68|4244|10D2214779||Rewalt|Ava||04/09/2014||"Sheraton Suites Fort Lauderdale Plantation"|Plantation|FL|33324||Female|3459250454|"No Response"|0||0|0|0|1||0|Rewalt||||||||"SARS-CoV-2 (COVID-19)"|Antigen|97097-0|"SARS-CoV-2 Ag Upper resp Ql IA.rapid"|"Nasopharyngeal swab"|258500001|04/27/2022|Negative|260385009
69|4244|10D2214779||Rewalt|Brooke||04/09/2014||"Sheraton Suites Fort Lauderdale Plantation"|Plantation|FL|33324||Female|3459250454|"No Response"|0||0|0|0|1||0|Rewalt||||||||"SARS-CoV-2 (COVID-19)"|Antigen|97097-0|"SARS-CoV-2 Ag Upper resp Ql IA.rapid"|"Nasopharyngeal swab"|258500001|04/27/2022|Negative|260385009
70|4244|10D2214779||Budowsky|Eric||04/17/1956||"2325 Sandpiper Road"|"Virginia Beach"|FL|23456||Male|5164914286|"No Response"|1||0|0|0|0||0|Budowsky||||||||"SARS-CoV-2 (COVID-19)"|Antigen|97097-0|"SARS-CoV-2 Ag Upper resp Ql IA.rapid"|"Nasopharyngeal swab"|258500001|04/27/2022|Negative|260385009
71|4244|10D2214779||Geralyn-Tobin|Marcia||08/18/1956||"2325 Sandpiper Road"|"Virginia Beach"|FL|23456||Female|7575738069|"No Response"|1||0|0|0|0||0|Geralyn-Tobin||||||||"SARS-CoV-2 (COVID-19)"|Antigen|97097-0|"SARS-CoV-2 Ag Upper resp Ql IA.rapid"|"Nasopharyngeal swab"|258500001|04/27/2022|Negative|260385009
72|4244|10D2214779||Mersmann|Lena||01/23/1958||"2819 Irma Lake Dr"|"West Palm Beach"|FL|33411||Female|2034344079|"No Response"|1||0|0|0|0||0|Mersmann||||||||"SARS-CoV-2 (COVID-19)"|Antigen|97097-0|"SARS-CoV-2 Ag Upper resp Ql IA.rapid"|"Nasopharyngeal swab"|258500001|04/27/2022|Negative|260385009
73|4244|10D2214779||Mersmann|Peter||12/06/1958||"2819 Irma Lake Dr"|"West Palm Beach"|FL|33411||Male|2035708889|"No Response"|1||0|0|0|0||0|Mersmann||||||||"SARS-CoV-2 (COVID-19)"|Antigen|97097-0|"SARS-CoV-2 Ag Upper resp Ql IA.rapid"|"Nasopharyngeal swab"|258500001|04/27/2022|Negative|260385009
74|4244|10D2214779||Alvarez|Dinorath||08/19/1957||"913 Noah Valley St"|Henderson|FL|89052||Female|3103839410|"No Response"|0||0|0|0|0||0|Alvarez||||||||"SARS-CoV-2 (COVID-19)"|PCR|94500-6|"SARS-CoV-2 RNA Resp Ql NAA+probe"|"Nasopharyngeal swab"|258500001|05/04/2022|Negative|260385009
75|4244|10D2214779||Diffoot|Richard||03/27/1976||"840 S Cypress Rd"|"Pompano Beach"|FL|33060||Male|7328333420|"No Response"|0||0|0|0|0||0|Diffoot||||||||"SARS-CoV-2 (COVID-19)"|Antigen|97097-0|"SARS-CoV-2 Ag Upper resp Ql IA.rapid"|"Nasopharyngeal swab"|258500001|04/27/2022|Negative|260385009
76|4244|10D2214779||Mungal|Octavia||10/08/1981||"508 NE 4th Street"|"Pompano Beach"|FL|33060||Female|9548069557|"No Response"|0||0|1|0|0||0|Mungal||||||||"SARS-CoV-2 (COVID-19)"|Antigen|97097-0|"SARS-CoV-2 Ag Upper resp Ql IA.rapid"|"Nasopharyngeal swab"|258500001|04/27/2022|Negative|260385009
77|4244|10D2214779||Mungal|Octavia||10/08/1981||"508 NE 4th Street"|"Pompano Beach"|FL|33060||Female|9548069557|"No Response"|0||0|1|0|0||0|Mungal||||||||"SARS-CoV-2 (COVID-19)"|Antigen|97097-0|"SARS-CoV-2 Ag Upper resp Ql IA.rapid"|"Nasopharyngeal swab"|258500001|04/27/2022|Negative|260385009
78|4244|10D2214779||Patel|Ketan||05/07/1973||"2880 Center Port Circle"|"Pompano Beach"|FL|33064||Male|18687745200|"No Response"|0||0|1|0|0||0|Patel||||||||"SARS-CoV-2 (COVID-19)"|Antigen|97097-0|"SARS-CoV-2 Ag Upper resp Ql IA.rapid"|"Nasopharyngeal swab"|258500001|04/27/2022|Negative|260385009
79|4244|10D2214779||Alpert|Tammy||10/23/1957||"747 Plantation Dr"|Titusville|FL|32780||Female|13215038449|"No Response"|1||0|0|0|0||0|Alpert||||||||"SARS-CoV-2 (COVID-19)"|Antigen|97097-0|"SARS-CoV-2 Ag Upper resp Ql IA.rapid"|"Nasopharyngeal swab"|258500001|04/27/2022|Negative|260385009
80|4244|10D2214779||Alpert|Jeffrey||12/02/1954||"747 Plantation Dr"|Titusville|FL|32780||Male|6176696432|"No Response"|1||0|0|0|0||0|Alpert||||||||"SARS-CoV-2 (COVID-19)"|Antigen|97097-0|"SARS-CoV-2 Ag Upper resp Ql IA.rapid"|"Nasopharyngeal swab"|258500001|04/27/2022|Negative|260385009
81|4244|10D2214779||Mungal|Michael||08/04/1971||"508 NE 4th street"|"Pompano Beach"|FL|33060||Male|9548127082|"No Response"|0||0|1|0|0||0|Mungal||||||||"SARS-CoV-2 (COVID-19)"|Antigen|97097-0|"SARS-CoV-2 Ag Upper resp Ql IA.rapid"|"Nasopharyngeal swab"|258500001|04/27/2022|Negative|260385009
82|4244|10D2214779||Rossi|Serena||04/23/1976||"Wyhndam grand, bonnett creek, salt lake"|orlando|FL|99999||Female|9999999999|"No Response"|1||0|0|0|0||0|Rossi||||||||"SARS-CoV-2 (COVID-19)"|Antigen|97097-0|"SARS-CoV-2 Ag Upper resp Ql IA.rapid"|"Nasopharyngeal swab"|258500001|04/27/2022|Negative|260385009
83|4244|10D2214779||Marais|Barend||03/29/1983||"1200 Brickell Bay Drive"|Miami|FL|33131||Male|0723831090|"No Response"|1||0|0|0|0||0|Marais||||||||"SARS-CoV-2 (COVID-19)"|PCR|94500-6|"SARS-CoV-2 RNA Resp Ql NAA+probe"|"Nasopharyngeal swab"|258500001|04/27/2022|Negative|260385009
84|4244|10D2214779||PAMESA|Susana||08/05/1969||"6555 boulder highway"|"Las vegas"|FL|89122||Female|4803737663|"No Response"|0||0|1|0|0||0|PAMESA||||||||"SARS-CoV-2 (COVID-19)"|Antigen|97097-0|"SARS-CoV-2 Ag Upper resp Ql IA.rapid"|"Nasopharyngeal swab"|258500001|04/27/2022|Negative|260385009
85|4244|10D2214779||Ludhani|"Aakash Gobind"||02/24/1988||"Hilton Aventura"|Aventura|FL|33180||Male|9999999999|"No Response"|0||0|1|0|0||0|Ludhani||||||||"SARS-CoV-2 (COVID-19)"|Antigen|97097-0|"SARS-CoV-2 Ag Upper resp Ql IA.rapid"|"Nasopharyngeal swab"|258500001|04/27/2022|Negative|260385009
86|4244|10D2214779||Ludhani|Binti||12/16/1988||"Hilton Aventura"|Aventura|FL|33180||Female|9999999999|"No Response"|0||0|1|0|0||0|Ludhani||||||||"SARS-CoV-2 (COVID-19)"|Antigen|97097-0|"SARS-CoV-2 Ag Upper resp Ql IA.rapid"|"Nasopharyngeal swab"|258500001|04/27/2022|Negative|260385009
87|4244|10D2214779||Phillip-Davis|Annaliesse||10/09/1980||"6550 Adventure Way"|Orlando|FL|32819||Female|18686206346|"No Response"|0||0|0|0|1||0|Phillip-Davis||||||||"SARS-CoV-2 (COVID-19)"|Antigen|97097-0|"SARS-CoV-2 Ag Upper resp Ql IA.rapid"|"Nasopharyngeal swab"|258500001|04/27/2022|Negative|260385009
88|4244|10D2214779||Walters|Daniel||11/09/1964||"6088 Masters Blvd"|Orlando|FL|32819||Male|3212845663|"No Response"|1||0|0|0|0||0|Walters||||||||"SARS-CoV-2 (COVID-19)"|Antigen|97097-0|"SARS-CoV-2 Ag Upper resp Ql IA.rapid"|"Nasopharyngeal swab"|258500001|04/27/2022|Negative|260385009
89|4244|10D2214779||Walters|Ellie||04/29/1970||"6088 Masters Blvd"|Orlando|FL|32819||Female|9999999999|"No Response"|0||0|0|0|0||0|Walters||||||||"SARS-CoV-2 (COVID-19)"|Antigen|97097-0|"SARS-CoV-2 Ag Upper resp Ql IA.rapid"|"Nasopharyngeal swab"|258500001|04/27/2022|Negative|260385009
90|4244|10D2214779||Kent|Josh||04/12/1974||"3861 Ottawa Lane"|Hollywood|FL|33026||Male|9545360072|"No Response"|1||0|0|0|0||0|Kent||||||||"SARS-CoV-2 (COVID-19)"|Antigen|97097-0|"SARS-CoV-2 Ag Upper resp Ql IA.rapid"|"Nasopharyngeal swab"|258500001|04/27/2022|Negative|260385009
91|4244|10D2214779||Oden|Shawn||11/06/1979||"8873 Starhaven Cv"|"Boynton Beach"|FL|33473||Male|3059263525|"No Response"|1||0|0|0|0||0|Oden||||||||"SARS-CoV-2 (COVID-19)"|PCR|94500-6|"SARS-CoV-2 RNA Resp Ql NAA+probe"|"Nasopharyngeal swab"|258500001|04/27/2022|Negative|260385009
92|4244|10D2214779||Winer|Karen||05/14/1947||"32 Laguna Terrace"|"Palm Beach Gardens"|FL|33418||Female|4132211808|"No Response"|1||0|0|0|0||0|Winer||||||||"SARS-CoV-2 (COVID-19)"|Antigen|97097-0|"SARS-CoV-2 Ag Upper resp Ql IA.rapid"|"Nasopharyngeal swab"|258500001|04/27/2022|Negative|260385009
93|4244|10D2214779||"Torres Ortez"|"Diego Armando"||01/10/1986||"4250 SW Kazan St"|PSL|FL|34963||Male|9547060243|"No Response"|0||0|0|0|0||0|"Torres Ortez"||||||||"SARS-CoV-2 (COVID-19)"|Antigen|97097-0|"SARS-CoV-2 Ag Upper resp Ql IA.rapid"|"Nasopharyngeal swab"|258500001|04/27/2022|Negative|260385009
94|4244|10D2214779||Borsetto|Debra||01/01/1970||"211 Dartmouth dr"|"Lake worth"|FL|33460||Female|2423595781|"No Response"|1||0|0|0|0||0|Borsetto||||||||"SARS-CoV-2 (COVID-19)"|Antigen|97097-0|"SARS-CoV-2 Ag Upper resp Ql IA.rapid"|"Nasopharyngeal swab"|258500001|04/27/2022|Negative|260385009
95|4244|10D2214779||Roberts|Beverly||04/08/1954||"2720 Biarritz Drive"|"Palm Beach Gardens"|FL|33410||Female|15616910923|"No Response"|1||0|0|0|0||0|Roberts||||||||"SARS-CoV-2 (COVID-19)"|Antigen|97097-0|"SARS-CoV-2 Ag Upper resp Ql IA.rapid"|"Nasopharyngeal swab"|258500001|04/27/2022|Negative|260385009
96|4244|10D2214779||Hamilton|Sandra||10/26/1957||Unknown|Unknown|FL|99999||Female|9546050552|"No Response"|0||0|0|0|0||1|Hamilton||||||||"SARS-CoV-2 (COVID-19)"|Antigen|97097-0|"SARS-CoV-2 Ag Upper resp Ql IA.rapid"|"Nasopharyngeal swab"|258500001|04/27/2022|Negative|260385009
97|4244|10D2214779||"Hepburn JR"|"Derrick Tyrone"||05/22/1993||Unknown|Unknown|FL|99999||Male|9546050552|"No Response"|0||0|0|0|0||1|"Hepburn JR"||||||||"SARS-CoV-2 (COVID-19)"|Antigen|97097-0|"SARS-CoV-2 Ag Upper resp Ql IA.rapid"|"Nasopharyngeal swab"|258500001|04/27/2022|Negative|260385009
98|4244|10D2214779||Jensen|Chad||10/14/1989||Unknown|Unknown|FL|99999||Male|3862798393|"No Response"|1||0|0|0|0||0|Jensen||||||||"SARS-CoV-2 (COVID-19)"|Antigen|97097-0|"SARS-CoV-2 Ag Upper resp Ql IA.rapid"|"Nasopharyngeal swab"|258500001|04/27/2022|Negative|260385009
99|4244|10D2214779||Jensen|Taylor||03/03/1994||Unknown|Unknown|FL|99999||Female|7863962445|"No Response"|1||0|0|0|0||0|Jensen||||||||"SARS-CoV-2 (COVID-19)"|Antigen|97097-0|"SARS-CoV-2 Ag Upper resp Ql IA.rapid"|"Nasopharyngeal swab"|258500001|04/27/2022|Negative|260385009
100|4244|10D2214779||Mendoza|Edgar||08/09/1997||"8 Tina Place"|"Key Largo"|FL|33037||Male|3059423141|"No Response"|0||0|0|0|0||0|Mendoza||||||||"SARS-CoV-2 (COVID-19)"|Antigen|97097-0|"SARS-CoV-2 Ag Upper resp Ql IA.rapid"|"Nasopharyngeal swab"|258500001|04/27/2022|Negative|260385009
101|4244|10D2214779||SALAZAR|"JUAN CARLOS"||05/27/1974||Unknown|MADRID|FL|28221||Male|16193487902|"No Response"|0||0|0|0|0||0|SALAZAR||||||||"SARS-CoV-2 (COVID-19)"|Antigen|97097-0|"SARS-CoV-2 Ag Upper resp Ql IA.rapid"|"Nasopharyngeal swab"|258500001|04/27/2022|Negative|260385009
102|4244|10D2214779||SALAZAR|"JUAN CARLOS"||05/27/1974||Unknown|MADRID|FL|28221||Male|16193487902|"No Response"|0||0|0|0|0||0|SALAZAR||||||||"SARS-CoV-2 (COVID-19)"|Antigen|97097-0|"SARS-CoV-2 Ag Upper resp Ql IA.rapid"|"Nasopharyngeal swab"|258500001|04/27/2022|Negative|260385009
103|4244|10D2214779||Wilhoyte|Lisa||12/05/1963||"6231 PGA Blvd, Ste 104-390"|"Palm beach gardens"|FL|33418||Female|5617585755|"No Response"|1||0|0|0|0||0|Wilhoyte||||||||"SARS-CoV-2 (COVID-19)"|Antigen|97097-0|"SARS-CoV-2 Ag Upper resp Ql IA.rapid"|"Nasopharyngeal swab"|258500001|04/27/2022|Negative|260385009
104|4244|10D2214779||Rodriguez|Ivan||11/27/1971||"1643 Brickell Av #804"|Miami|FL|33129||Male|3134676173|"No Response"|0||0|0|0|0||0|Rodriguez||||||||"SARS-CoV-2 (COVID-19)"|Antigen|97097-0|"SARS-CoV-2 Ag Upper resp Ql IA.rapid"|"Nasopharyngeal swab"|258500001|04/27/2022|Negative|260385009
105|4244|10D2214779||Kazmierczak|Marco||07/24/1972||"1757 NW 124TH PL"|"Pembroke Pines"|FL|33028||Male|9548061369|"No Response"|1||0|0|0|0||0|Kazmierczak||||||||"SARS-CoV-2 (COVID-19)"|PCR|94500-6|"SARS-CoV-2 RNA Resp Ql NAA+probe"|"Nasopharyngeal swab"|258500001|04/27/2022|Negative|260385009
106|4244|10D2214779||Gomez|"Gloria Patricia"||09/03/1964||Unknown|Unknown|FL|99999||Female|7863962445|"No Response"|0||0|0|0|0||1|Gomez||||||||"SARS-CoV-2 (COVID-19)"|PCR|94500-6|"SARS-CoV-2 RNA Resp Ql NAA+probe"|"Nasopharyngeal swab"|258500001|04/27/2022|Negative|260385009
107|4244|10D2214779||"Loayza Jimenez"|Caleb||05/22/2003||Unknown|Unknown|FL|99999||Male|7863962445|"No Response"|0||0|0|0|0||0|"Loayza Jimenez"||||||||"SARS-CoV-2 (COVID-19)"|PCR|94500-6|"SARS-CoV-2 RNA Resp Ql NAA+probe"|"Nasopharyngeal swab"|258500001|04/27/2022|Negative|260385009
108|4244|10D2214779||Roldan|Maria||08/05/1974||"2194 Stillwood Way"|"Saint Cloud"|FL|34771||Female|9178375741|"No Response"|0||0|0|0|0||0|Roldan||||||||"SARS-CoV-2 (COVID-19)"|Antigen|97097-0|"SARS-CoV-2 Ag Upper resp Ql IA.rapid"|"Nasopharyngeal swab"|258500001|04/27/2022|Negative|260385009
109|4244|10D2214779||Broring|"Patrick Avila"||09/10/1972||"562 Rookery Pl"|Jupiter|FL|33458||Male|7542443293|"No Response"|0||0|0|0|1||0|Broring||||||||"SARS-CoV-2 (COVID-19)"|Antigen|97097-0|"SARS-CoV-2 Ag Upper resp Ql IA.rapid"|"Nasopharyngeal swab"|258500001|04/27/2022|Negative|260385009
110|4244|10D2214779||Sorrentino|"Erika Nicole"||10/04/1995||"804 N Federal Hwy"|"Lake Park"|FL|33403||Female|2845413465|"No Response"|1||0|0|0|0||0|Sorrentino||||||||"SARS-CoV-2 (COVID-19)"|Antigen|97097-0|"SARS-CoV-2 Ag Upper resp Ql IA.rapid"|"Nasopharyngeal swab"|258500001|04/27/2022|Negative|260385009
111|4244|10D2214779||Gardner|"Mark Anthony"||01/27/1991||"804 N Federal Hwy"|"Lake Park"|FL|33403||Male|2845421119|"No Response"|1||0|0|0|0||0|Gardner||||||||"SARS-CoV-2 (COVID-19)"|Antigen|97097-0|"SARS-CoV-2 Ag Upper resp Ql IA.rapid"|"Nasopharyngeal swab"|258500001|04/27/2022|Negative|260385009
112|4244|10D2214779||Moses|Patrick||06/26/1982||"3101 Port Royale Blvd Apt 824"|"Fort Lauderdale"|FL|33308||Male|7089350126|"No Response"|1||0|0|0|0||0|Moses||||||||"SARS-CoV-2 (COVID-19)"|Antigen|97097-0|"SARS-CoV-2 Ag Upper resp Ql IA.rapid"|"Nasopharyngeal swab"|258500001|04/27/2022|Negative|260385009
113|4244|10D2214779||Miskela|Milrie||09/15/1989||"1831 NE 38th St #109"|"Oakland Park"|FL|33308||Female|7542132177|"No Response"|1||0|0|0|0||0|Miskela||||||||"SARS-CoV-2 (COVID-19)"|Antigen|97097-0|"SARS-CoV-2 Ag Upper resp Ql IA.rapid"|"Nasopharyngeal swab"|258500001|04/27/2022|Negative|260385009
114|4244|10D2214779||Smith|"Ayon Russell"||11/01/1974||Unknown|"150 Lismore Ln"|FL|99999||Male|9545346992|"No Response"|0||0|0|0|0||0|Smith||||||||"SARS-CoV-2 (COVID-19)"|Antigen|97097-0|"SARS-CoV-2 Ag Upper resp Ql IA.rapid"|"Nasopharyngeal swab"|258500001|04/27/2022|Negative|260385009
115|4244|10D2214779||Smith|Julian||10/04/1999||"804 N Federal Hwy"|"Lake Park"|FL|33403||Male|9999999999|"No Response"|1||0|0|0|0||0|Smith||||||||"SARS-CoV-2 (COVID-19)"|Antigen|97097-0|"SARS-CoV-2 Ag Upper resp Ql IA.rapid"|"Nasopharyngeal swab"|258500001|04/27/2022|Negative|260385009
116|4244|10D2214779||Edwards|"Corne Gerhard"||03/12/1995||"804 N Federal Hwy"|"Lake Park"|FL|33403||Male|5618434137|"No Response"|1||0|0|0|0||0|Edwards||||||||"SARS-CoV-2 (COVID-19)"|Antigen|97097-0|"SARS-CoV-2 Ag Upper resp Ql IA.rapid"|"Nasopharyngeal swab"|258500001|04/27/2022|Negative|260385009
117|4244|10D2214779||Gama|"Carla Marisa Valente"||12/07/1992||"804 N Federal Hwy"|"Lake Park"|FL|33403||Female|9548264141|"No Response"|1||0|0|0|0||0|Gama||||||||"SARS-CoV-2 (COVID-19)"|Antigen|97097-0|"SARS-CoV-2 Ag Upper resp Ql IA.rapid"|"Nasopharyngeal swab"|258500001|04/27/2022|Negative|260385009
118|4244|10D2214779||Barnaby|"Heron Anthony"||07/22/1976||"804 N Federal Hwy"|"Lake Park"|FL|33403||Male|8769541302|"No Response"|0||0|0|0|0||0|Barnaby||||||||"SARS-CoV-2 (COVID-19)"|Antigen|97097-0|"SARS-CoV-2 Ag Upper resp Ql IA.rapid"|"Nasopharyngeal swab"|258500001|04/27/2022|Negative|260385009
119|4244|10D2214779||"Rodrigues Da silva"|Silvanei||06/25/1962||"420 NE 41 st"|"Pompano Beach"|FL|33064||Female|7863962445|"No Response"|0||0|0|0|0||0|"Rodrigues Da silva"||||||||"SARS-CoV-2 (COVID-19)"|PCR|94500-6|"SARS-CoV-2 RNA Resp Ql NAA+probe"|"Nasopharyngeal swab"|258500001|04/27/2022|Negative|260385009
120|4244|10D2214779||Staikos|"Ioannis John"||04/09/1965||"11 5 LAKESHORE DR #49"|NPB|FL|33408||Male|9999999999|"No Response"|0||0|0|0|1||0|Staikos||||||||"SARS-CoV-2 (COVID-19)"|Antigen|97097-0|"SARS-CoV-2 Ag Upper resp Ql IA.rapid"|"Nasopharyngeal swab"|258500001|04/27/2022|Negative|260385009
121|4244|10D2214779||Anderson|Astric||09/05/1990||"8530 West Broward Blvd"|"Ft lauderdale"|FL|33324||Female|9545477253|"No Response"|0||0|0|0|0||0|Anderson||||||||"SARS-CoV-2 (COVID-19)"|Antigen|97097-0|"SARS-CoV-2 Ag Upper resp Ql IA.rapid"|"Nasopharyngeal swab"|258500001|04/27/2022|Negative|260385009
122|4244|10D2214779||Pratt|Jonathan||01/01/1970||"8530 west broward boulevard"|"Ft Lauderdale"|FL|33324||Male|9999999999|"No Response"|0||0|0|0|0||0|Pratt||||||||"SARS-CoV-2 (COVID-19)"|Antigen|97097-0|"SARS-CoV-2 Ag Upper resp Ql IA.rapid"|"Nasopharyngeal swab"|258500001|04/27/2022|Negative|260385009
123|4244|10D2214779||Denning|"Katie Michelle"||04/21/1970||Unknown|Unknown|FL|99999||Female|7863962445|"No Response"|0||0|0|0|0||1|Denning||||||||"SARS-CoV-2 (COVID-19)"|Antigen|97097-0|"SARS-CoV-2 Ag Upper resp Ql IA.rapid"|"Nasopharyngeal swab"|258500001|04/27/2022|Negative|260385009
124|4244|10D2214779||Oliveira|"Joao Luis"||01/10/1964||"19357 s whitewater ave"|Weston|FL|33334||Male|7863962445|"No Response"|1||0|0|0|0||0|Oliveira||||||||"SARS-CoV-2 (COVID-19)"|Antigen|97097-0|"SARS-CoV-2 Ag Upper resp Ql IA.rapid"|"Nasopharyngeal swab"|258500001|04/27/2022|Negative|260385009
125|4244|10D2214779||Maffioletti|"Maria cristina Diniz"||12/28/2053||"1609 N Riverside dr apto 903"|"Pompano beach"|FL|33062||Female|9546548891|"No Response"|1||0|0|0|0||0|Maffioletti||||||||"SARS-CoV-2 (COVID-19)"|Antigen|97097-0|"SARS-CoV-2 Ag Upper resp Ql IA.rapid"|"Nasopharyngeal swab"|258500001|04/27/2022|Negative|260385009
126|4244|10D2214779||Winer|Karen||05/14/1947||"32 Laguna Terrace"|"Palm Beach Gardens"|FL|33418||Female|4132211808|"No Response"|1||0|0|0|0||0|Winer||||||||"SARS-CoV-2 (COVID-19)"|Antigen|97097-0|"SARS-CoV-2 Ag Upper resp Ql IA.rapid"|"Nasopharyngeal swab"|258500001|04/27/2022|Negative|260385009
127|4244|10D2214779||Rodriguez|Ivan||11/27/1971||"1643 Brickell Av apt 804"|Miami|FL|33129||Male|3134676173|"No Response"|0||0|0|0|0||0|Rodriguez||||||||"SARS-CoV-2 (COVID-19)"|Antigen|97097-0|"SARS-CoV-2 Ag Upper resp Ql IA.rapid"|"Nasopharyngeal swab"|258500001|04/27/2022|Negative|260385009
128|4244|10D2214779||Gomez|"Gloria Patricia"||09/03/1964||"1643 Brickell Av apt 804"|Miami|FL|33129||Female|7863962445|"No Response"|0||0|0|0|0||0|Gomez||||||||"SARS-CoV-2 (COVID-19)"|PCR|94500-6|"SARS-CoV-2 RNA Resp Ql NAA+probe"|"Nasopharyngeal swab"|258500001|04/27/2022|Negative|260385009
129|4244|10D2214779||Russell|Jessica||11/14/2003||N/A|Nassau|FL|00000||Female|12428061076|"No Response"|1||0|0|0|0||0|Russell||||||||"SARS-CoV-2 (COVID-19)"|Antigen|97097-0|"SARS-CoV-2 Ag Upper resp Ql IA.rapid"|"Nasopharyngeal swab"|258500001|04/27/2022|Negative|260385009
130|4244|10D2214779||Albury|Daniel||09/16/2000||N/A|Nassau|FL|00000||Male|12425599213|"No Response"|1||0|0|0|0||0|Albury||||||||"SARS-CoV-2 (COVID-19)"|Antigen|97097-0|"SARS-CoV-2 Ag Upper resp Ql IA.rapid"|"Nasopharyngeal swab"|258500001|04/27/2022|Negative|260385009
131|4244|10D2214779||Russell|Christopher||04/11/1971||N/A|Nassau|FL|00000||Male|12424247740|"No Response"|1||0|0|0|0||0|Russell||||||||"SARS-CoV-2 (COVID-19)"|Antigen|97097-0|"SARS-CoV-2 Ag Upper resp Ql IA.rapid"|"Nasopharyngeal swab"|258500001|04/27/2022|Negative|260385009
132|4244|10D2214779||Knowles-Russell|Georgia||03/22/1974||N/A|Nassau|FL|00000||Female|12424244499|"No Response"|1||0|0|0|0||0|Knowles-Russell||||||||"SARS-CoV-2 (COVID-19)"|Antigen|97097-0|"SARS-CoV-2 Ag Upper resp Ql IA.rapid"|"Nasopharyngeal swab"|258500001|04/27/2022|Negative|260385009
133|4244|10D2214779||Winer|Karen||05/14/1947||"32 Laguna Terrace"|"Palm Beach Gardens"|FL|33418||Female|4132211808|"No Response"|1||0|0|0|0||0|Winer||||||||"SARS-CoV-2 (COVID-19)"|Antigen|97097-0|"SARS-CoV-2 Ag Upper resp Ql IA.rapid"|"Nasopharyngeal swab"|258500001|04/27/2022|Negative|260385009
134|4244|10D2214779||Gomez|"Gloria Patricia"||09/03/1964||"1643 Brickell Av apt 804"|Miami|FL|33129||Female|7863962445|"No Response"|0||0|0|0|0||0|Gomez||||||||"SARS-CoV-2 (COVID-19)"|PCR|94500-6|"SARS-CoV-2 RNA Resp Ql NAA+probe"|"Nasopharyngeal swab"|258500001|04/27/2022|Negative|260385009
135|4244|10D2214779||Rodriguez|Ivan||11/27/1971||"1643 Brickell Av apt 804"|Miami|FL|33129||Male|3134676173|"No Response"|0||0|0|0|0||0|Rodriguez||||||||"SARS-CoV-2 (COVID-19)"|Antigen|97097-0|"SARS-CoV-2 Ag Upper resp Ql IA.rapid"|"Nasopharyngeal swab"|258500001|04/27/2022|Negative|260385009
136|4244|10D2214779||Oztemel|Levon||01/11/1995||"501 NE 5th Terrace, APT 213"|"Fort Lauderdake"|FL|33301||Male|2032164878|"No Response"|1||0|0|0|0||0|Oztemel||||||||"SARS-CoV-2 (COVID-19)"|Antigen|97097-0|"SARS-CoV-2 Ag Upper resp Ql IA.rapid"|"Nasopharyngeal swab"|258500001|04/27/2022|Negative|260385009
137|4244|10D2214779||Cavitt|Brandon||05/24/2000||"940 s sycamore"|"Grand island"|FL|68801||Male|7863962445|"No Response"|1||0|0|0|0||0|Cavitt||||||||"SARS-CoV-2 (COVID-19)"|Antigen|97097-0|"SARS-CoV-2 Ag Upper resp Ql IA.rapid"|"Nasopharyngeal swab"|258500001|04/27/2022|Negative|260385009
138|4244|10D2214779||Townsend|Charles||04/15/1962||"5287 Mariesa Avenue"|"West Palm Beach"|FL|33417||Male|7863962445|"No Response"|1||0|0|0|0||0|Townsend||||||||"SARS-CoV-2 (COVID-19)"|Antigen|97097-0|"SARS-CoV-2 Ag Upper resp Ql IA.rapid"|"Nasopharyngeal swab"|258500001|04/27/2022|Negative|260385009
139|4244|10D2214779||Zajac|Katelynn||11/07/1996||"54220 Maple Leaf Dr."|"New Baltimore"|FL|48047||Female|8109905775|"No Response"|1||0|0|0|0||0|Zajac||||||||"SARS-CoV-2 (COVID-19)"|Antigen|97097-0|"SARS-CoV-2 Ag Upper resp Ql IA.rapid"|"Nasopharyngeal swab"|258500001|04/27/2022|Negative|260385009
