RecordID|FacilityID|CLIAID|PatientID|LastName|FirstName|MiddleName|DOB|SSN|StreetAddress|City|State|Zip|County|Gender|PhoneNumber|Ethnicity|RaceWhite|RaceBlack|RaceAmericanIndianAlaskanNative|RaceAsian|RaceNativeHawaiianOrOtherPacificIslander|RaceOther|RaceUnknown|RaceNoResponse|ProviderName|NPI|Pregnant|SchoolAssociation|SchoolName|MeetILIDefinition|PerformingLab|AccessionNumber|Pathogen|TestType|LOINC|LOINCShortName|SpecimenCollectionType|SpecimenSNOMED|SpecimenCollectedDate|Result|ResultSNOMED
1|4244|10D2214779||Anselmo|Monik||05/16/1986||"4626 Ethans Glenn Ave"|Orlandk|FL|32812||Female|4072884145|"No Response"|0||0|0|0|0||0|Anselmo||||||||"SARS-CoV-2 (COVID-19)"|Antigen|97097-0|"SARS-CoV-2 Ag Upper resp Ql IA.rapid"|"Nasopharyngeal swab"|258500001|04/03/2022|Negative|260385009
2|4244|10D2214779||Alves|Igor||01/01/1970||"4626 Ethans Glenn Ave"|Orlando|FL|00000||Male|4074536663|"No Response"|0||0|0|0|0||0|Alves||||||||"SARS-CoV-2 (COVID-19)"|Antigen|97097-0|"SARS-CoV-2 Ag Upper resp Ql IA.rapid"|"Nasopharyngeal swab"|258500001|04/03/2022|Negative|260385009
3|4244|10D2214779||Hodge|Craig||04/12/1983||"14750 silver glen dr e"|Jacksonville|FL|32258||Male|2645848100|"No Response"|0||0|0|0|0||0|Hodge||||||||"SARS-CoV-2 (COVID-19)"|Antigen|97097-0|"SARS-CoV-2 Ag Upper resp Ql IA.rapid"|"Nasopharyngeal swab"|258500001|04/03/2022|Negative|260385009
4|4244|10D2214779||Mayer|Jessalyn||08/10/1987||"312 NE 13th Ave"|"Fort Lauderdale"|FL|33301||Female|4692887528|"No Response"|1||0|0|0|0||0|Mayer||||||||"SARS-CoV-2 (COVID-19)"|Antigen|97097-0|"SARS-CoV-2 Ag Upper resp Ql IA.rapid"|"Nasopharyngeal swab"|258500001|04/03/2022|Negative|260385009
5|4244|10D2214779||Alves|Igor||01/01/1970||"4626 ethans Glenn Ave"|Orlando|FL|32812||Male|4074536663|"No Response"|0||0|0|0|0||0|Alves||||||||"SARS-CoV-2 (COVID-19)"|Antigen|97097-0|"SARS-CoV-2 Ag Upper resp Ql IA.rapid"|"Nasopharyngeal swab"|258500001|04/03/2022|Negative|260385009
6|4244|10D2214779||Mack|Michael||01/21/1965||"12618 Sawgrass Plantation Drive"|Orlando|FL|32824||Male|6368121151|"No Response"|1||0|0|0|0||0|Mack||||||||"SARS-CoV-2 (COVID-19)"|Antigen|97097-0|"SARS-CoV-2 Ag Upper resp Ql IA.rapid"|"Nasopharyngeal swab"|258500001|04/03/2022|Negative|260385009
7|4244|10D2214779||Mamique|Joan||04/28/1976||"59 Seminole Court West"|"Royal Palm Beach"|FL|33411||Male|9999999999|"No Response"|1||0|0|0|0||0|Mamique||||||||"SARS-CoV-2 (COVID-19)"|Antigen|97097-0|"SARS-CoV-2 Ag Upper resp Ql IA.rapid"|"Nasopharyngeal swab"|258500001|04/03/2022|Negative|260385009
8|4244|10D2214779||Hinds|Brian||09/11/1973||"3550 NW 74th Ave"|Miami|FL|33122||Male|7866177239|"No Response"|0||0|0|0|0||0|Hinds||||||||"SARS-CoV-2 (COVID-19)"|Antigen|97097-0|"SARS-CoV-2 Ag Upper resp Ql IA.rapid"|"Nasopharyngeal swab"|258500001|04/03/2022|Negative|260385009
9|4244|10D2214779||Clear|Johnathan||08/04/1981||"26900 three notch rd"|Mechanicsville|FL|20659||Male|2405974896|"No Response"|1||0|0|0|0||0|Clear||||||||"SARS-CoV-2 (COVID-19)"|Antigen|97097-0|"SARS-CoV-2 Ag Upper resp Ql IA.rapid"|"Nasopharyngeal swab"|258500001|04/03/2022|Negative|260385009
10|4244|10D2214779||Mack|Michael||01/21/1965||"12618 Sawgrass Plantation Blvd"|Orlando|FL|32824||Male|6368121151|"No Response"|1||0|0|0|0||0|Mack||||||||"SARS-CoV-2 (COVID-19)"|Antigen|97097-0|"SARS-CoV-2 Ag Upper resp Ql IA.rapid"|"Nasopharyngeal swab"|258500001|04/03/2022|Negative|260385009
11|4244|10D2214779||Alves|Igor||01/01/1970||"4626 Ethan’s Glenn ave"|Orlando|FL|32812||Male|4074536663|"No Response"|0||0|0|0|0||0|Alves||||||||"SARS-CoV-2 (COVID-19)"|Antigen|97097-0|"SARS-CoV-2 Ag Upper resp Ql IA.rapid"|"Nasopharyngeal swab"|258500001|04/03/2022|Negative|260385009
12|4244|10D2214779||Mayer|Jessalyn||08/10/1987||"313 NE 13th Ave"|"Fort Lauderdale"|FL|33301||Female|4692887528|"No Response"|1||0|0|0|0||0|Mayer||||||||"SARS-CoV-2 (COVID-19)"|Antigen|97097-0|"SARS-CoV-2 Ag Upper resp Ql IA.rapid"|"Nasopharyngeal swab"|258500001|04/03/2022|Negative|260385009
13|4244|10D2214779||Mack|Michael||01/21/1965||"12618 Sawgrass Plantation Blvd"|Orlando|FL|32824||Male|6368121151|"No Response"|1||0|0|0|0||0|Mack||||||||"SARS-CoV-2 (COVID-19)"|Antigen|97097-0|"SARS-CoV-2 Ag Upper resp Ql IA.rapid"|"Nasopharyngeal swab"|258500001|04/03/2022|Negative|260385009
14|4244|10D2214779||Islava|Jacquelyn||02/15/1983||"781 ne 37th st"|"Oakland park"|FL|33334||Female|5206032219|"No Response"|0||0|0|0|0||0|Islava||||||||"SARS-CoV-2 (COVID-19)"|Antigen|97097-0|"SARS-CoV-2 Ag Upper resp Ql IA.rapid"|"Nasopharyngeal swab"|258500001|04/03/2022|Negative|260385009
15|4244|10D2214779||Ferguson|Ryan||10/11/1991||"11310 S. Orange Blossom Trail #112"|Orlando|FL|32837||Male|7863962445|"No Response"|0||0|0|0|0||0|Ferguson||||||||"SARS-CoV-2 (COVID-19)"|PCR|94500-6|"SARS-CoV-2 RNA Resp Ql NAA+probe"|"Nasopharyngeal swab"|258500001|04/03/2022|Negative|260385009
16|4244|10D2214779||Mack|Michael||01/21/1965||"12618 Sawgrass Plantation Blvd"|Orlando|FL|32824||Male|6368121151|"No Response"|1||0|0|0|0||0|Mack||||||||"SARS-CoV-2 (COVID-19)"|Antigen|97097-0|"SARS-CoV-2 Ag Upper resp Ql IA.rapid"|"Nasopharyngeal swab"|258500001|04/03/2022|Negative|260385009
17|4244|10D2214779||Renwick|Nichola||09/07/1976||Unknown|Unknown|FL|99999||Female|07807277862|"No Response"|1||0|0|0|0||0|Renwick||||||||"SARS-CoV-2 (COVID-19)"|Antigen|97097-0|"SARS-CoV-2 Ag Upper resp Ql IA.rapid"|"Nasopharyngeal swab"|258500001|04/03/2022|Negative|260385009
18|4244|10D2214779||STURRUP|ANGELICA||11/16/1987||Unknown|Unknown|FL|99999||Female|12424240650|"No Response"|0||0|0|0|1||0|STURRUP||||||||"SARS-CoV-2 (COVID-19)"|Antigen|97097-0|"SARS-CoV-2 Ag Upper resp Ql IA.rapid"|"Nasopharyngeal swab"|258500001|04/02/2022|Negative|260385009
19|4244|10D2214779||Webster-Smith|Ella||07/07/2016||Unknown|Unknown|FL|99999||Female|9999999999|"No Response"|1||0|0|0|0||0|Webster-Smith||||||||"SARS-CoV-2 (COVID-19)"|Antigen|97097-0|"SARS-CoV-2 Ag Upper resp Ql IA.rapid"|"Nasopharyngeal swab"|258500001|04/03/2022|Negative|260385009
20|4244|10D2214779||Politsch|Anne||11/26/1989||"115 Brisa Way, Apt. 208"|Jupiter|FL|33458||Female|4433863583|"No Response"|1||0|0|0|0||0|Politsch||||||||"SARS-CoV-2 (COVID-19)"|PCR|94500-6|"SARS-CoV-2 RNA Resp Ql NAA+probe"|"Nasopharyngeal swab"|258500001|04/03/2022|Negative|260385009
21|4244|10D2214779||Smith|Sloane||02/09/2016||"231 Blossom Ln"|"Palm Beach Shores"|FL|33404||Female|4162200352|"No Response"|1||0|0|0|0||0|Smith||||||||"SARS-CoV-2 (COVID-19)"|Antigen|97097-0|"SARS-CoV-2 Ag Upper resp Ql IA.rapid"|"Nasopharyngeal swab"|258500001|04/03/2022|Negative|260385009
22|4244|10D2214779||Smith|Sloane||02/09/2016||"231 Blossom Ln"|"Palm Beach Shores"|FL|33404||Female|4162200352|"No Response"|1||0|0|0|0||0|Smith||||||||"SARS-CoV-2 (COVID-19)"|Antigen|97097-0|"SARS-CoV-2 Ag Upper resp Ql IA.rapid"|"Nasopharyngeal swab"|258500001|04/03/2022|Negative|260385009
23|4244|10D2214779||Sojourner|Sharon||07/01/1959||"2126 Sandy Yarn Road"|"Crystal Springs"|FL|39059||Female|6019559262|"No Response"|1||0|0|0|0||0|Sojourner||||||||"SARS-CoV-2 (COVID-19)"|Antigen|97097-0|"SARS-CoV-2 Ag Upper resp Ql IA.rapid"|"Nasopharyngeal swab"|258500001|04/03/2022|Negative|260385009
24|4244|10D2214779||Sojourner|"David Wayne"||02/18/1957||"2126 Sandy Yarn Road"|"Crystal Springs"|FL|39059||Male|6019550399|"No Response"|1||0|0|0|0||0|Sojourner||||||||"SARS-CoV-2 (COVID-19)"|Antigen|97097-0|"SARS-CoV-2 Ag Upper resp Ql IA.rapid"|"Nasopharyngeal swab"|258500001|04/03/2022|Negative|260385009
25|4244|10D2214779||Whited|Kristina||12/22/1986||Unknown|Unknown|FL|99999||Female|4352162734|"No Response"|1||0|0|0|0||0|Whited||||||||"SARS-CoV-2 (COVID-19)"|PCR|94500-6|"SARS-CoV-2 RNA Resp Ql NAA+probe"|"Nasopharyngeal swab"|258500001|04/03/2022|Negative|260385009
26|4244|10D2214779||Whited|Kristina||12/22/1986||Unknown|Unknown|FL|99999||Female|4352162734|"No Response"|1||0|0|0|0||0|Whited||||||||"SARS-CoV-2 (COVID-19)"|PCR|94500-6|"SARS-CoV-2 RNA Resp Ql NAA+probe"|"Nasopharyngeal swab"|258500001|04/03/2022|Negative|260385009
27|4244|10D2214779||Greaves|Rhonda||05/15/1977||"14651 Northwest 20th Street"|"Forth Lauderdale"|FL|33028||Female|9999999999|"No Response"|0||0|0|0|0||0|Greaves||||||||"SARS-CoV-2 (COVID-19)"|Antigen|97097-0|"SARS-CoV-2 Ag Upper resp Ql IA.rapid"|"Nasopharyngeal swab"|258500001|04/03/2022|Negative|260385009
28|4244|10D2214779||Talbot|Terence||02/04/1952||Unknown|Sandown|FL|99999||Male|9999999999|"No Response"|1||0|0|0|0||0|Talbot||||||||"SARS-CoV-2 (COVID-19)"|Antigen|97097-0|"SARS-CoV-2 Ag Upper resp Ql IA.rapid"|"Nasopharyngeal swab"|258500001|04/03/2022|Negative|260385009
29|4244|10D2214779||Chatelain|Valeria||01/25/1958||"Hôtel Marriott Stanton"|"Miami Beach"|FL|33139||Female|9999999999|"No Response"|1||0|0|0|0||0|Chatelain||||||||"SARS-CoV-2 (COVID-19)"|Antigen|97097-0|"SARS-CoV-2 Ag Upper resp Ql IA.rapid"|"Nasopharyngeal swab"|258500001|04/03/2022|Negative|260385009
30|4244|10D2214779||Sreenivasan|Catherine||09/11/1978||"12180 173rd Pl NE"|Redmond|FL|98052||Female|4256559790|"No Response"|0||0|0|0|1||0|Sreenivasan||||||||"SARS-CoV-2 (COVID-19)"|PCR|94500-6|"SARS-CoV-2 RNA Resp Ql NAA+probe"|"Nasopharyngeal swab"|258500001|04/03/2022|Negative|260385009
31|4244|10D2214779||Sreenivasan|Raoul||10/02/1978||"12180 173rd Pl NE"|Redmond|FL|98052||Male|4256559790|"No Response"|0||0|1|0|0||0|Sreenivasan||||||||"SARS-CoV-2 (COVID-19)"|PCR|94500-6|"SARS-CoV-2 RNA Resp Ql NAA+probe"|"Nasopharyngeal swab"|258500001|04/03/2022|Negative|260385009
32|4244|10D2214779||Sreenivasan|Jaiden||02/20/2007||"12180 173rd Pl NE"|Redmond|FL|98052||Male|4256559790|"No Response"|0||0|1|0|0||0|Sreenivasan||||||||"SARS-CoV-2 (COVID-19)"|PCR|94500-6|"SARS-CoV-2 RNA Resp Ql NAA+probe"|"Nasopharyngeal swab"|258500001|04/03/2022|Negative|260385009
33|4244|10D2214779||Sreenivasan|Maya||09/17/2008||"12180 173rd Pl NE"|Redmond|FL|98052||Female|4256559790|"No Response"|0||0|1|0|0||0|Sreenivasan||||||||"SARS-CoV-2 (COVID-19)"|PCR|94500-6|"SARS-CoV-2 RNA Resp Ql NAA+probe"|"Nasopharyngeal swab"|258500001|04/03/2022|Negative|260385009
34|4244|10D2214779||Mendoza|"Pamela patricia"||06/24/1992||"660 ocean drive"|"Miami beach"|FL|33139||Female|9999999999|"No Response"|0||0|0|0|0||0|Mendoza||||||||"SARS-CoV-2 (COVID-19)"|Antigen|97097-0|"SARS-CoV-2 Ag Upper resp Ql IA.rapid"|"Nasopharyngeal swab"|258500001|04/03/2022|Negative|260385009
35|4244|10D2214779||Mendoza|"Pamela patricia"||06/24/1992||"660 ocean drive"|"Miami beach"|FL|33139||Female|9999999999|"No Response"|0||0|0|0|0||0|Mendoza||||||||"SARS-CoV-2 (COVID-19)"|Antigen|97097-0|"SARS-CoV-2 Ag Upper resp Ql IA.rapid"|"Nasopharyngeal swab"|258500001|04/03/2022|Negative|260385009
36|4244|10D2214779||"Gonzalez mendoza"|"Santiago gabriel"||09/10/2011||"660 ocean drive"|"Miami beach"|FL|33139||Male|9999999999|"No Response"|0||0|0|0|0||0|"Gonzalez mendoza"||||||||"SARS-CoV-2 (COVID-19)"|Antigen|97097-0|"SARS-CoV-2 Ag Upper resp Ql IA.rapid"|"Nasopharyngeal swab"|258500001|04/03/2022|Negative|260385009
37|4244|10D2214779||Talbot|Michelle||01/01/1970||Unknown|Unknown|FL|99999||Female|7863962445|"No Response"|1||0|0|0|0||0|Talbot||||||||"SARS-CoV-2 (COVID-19)"|Antigen|97097-0|"SARS-CoV-2 Ag Upper resp Ql IA.rapid"|"Nasopharyngeal swab"|258500001|04/03/2022|Negative|260385009
38|4244|10D2214779||Buffington|Kirk||08/01/1953||"3831 N.E. 23rd Avenue"|"LIGHTHOUSE POINT"|FL|33064||Male|9546087455|"No Response"|1||0|0|0|0||0|Buffington||||||||"SARS-CoV-2 (COVID-19)"|Antigen|97097-0|"SARS-CoV-2 Ag Upper resp Ql IA.rapid"|"Nasopharyngeal swab"|258500001|04/03/2022|Negative|260385009
39|4244|10D2214779||Voeltner|Glenn||12/21/1953||"3831 N.E. 23rd Avenue"|"LIGHTHOUSE POINT"|FL|33064||Male|9548015890|"No Response"|1||0|0|0|0||0|Voeltner||||||||"SARS-CoV-2 (COVID-19)"|Antigen|97097-0|"SARS-CoV-2 Ag Upper resp Ql IA.rapid"|"Nasopharyngeal swab"|258500001|04/03/2022|Negative|260385009
40|4244|10D2214779||Chatelain|Gerald||04/28/1941||"Hôtel Marriott Stanton"|"Miami Beach"|FL|33139||Male|9999999999|"No Response"|1||0|0|0|0||0|Chatelain||||||||"SARS-CoV-2 (COVID-19)"|Antigen|97097-0|"SARS-CoV-2 Ag Upper resp Ql IA.rapid"|"Nasopharyngeal swab"|258500001|04/03/2022|Negative|260385009
41|4244|10D2214779||Chatelain|Gerald||04/28/1941||"Hôtel Marriott Stanton"|"Miami Beach"|FL|33139||Male|9999999999|"No Response"|1||0|0|0|0||0|Chatelain||||||||"SARS-CoV-2 (COVID-19)"|Antigen|97097-0|"SARS-CoV-2 Ag Upper resp Ql IA.rapid"|"Nasopharyngeal swab"|258500001|04/03/2022|Negative|260385009
42|4244|10D2214779||Chatelain|Gerald||04/28/1941||"Hôtel Marriott Stanton"|"Miami Beach"|FL|33139||Male|9999999999|"No Response"|1||0|0|0|0||0|Chatelain||||||||"SARS-CoV-2 (COVID-19)"|Antigen|97097-0|"SARS-CoV-2 Ag Upper resp Ql IA.rapid"|"Nasopharyngeal swab"|258500001|04/03/2022|Negative|260385009
43|4244|10D2214779||Bustamante|Angel||04/12/1964||"520 SE 5th Av - Apt 2504"|"Fort Lauderdale"|FL|33301||Male|9546104483|"No Response"|0||0|0|0|0||0|Bustamante||||||||"SARS-CoV-2 (COVID-19)"|Antigen|97097-0|"SARS-CoV-2 Ag Upper resp Ql IA.rapid"|"Nasopharyngeal swab"|258500001|04/03/2022|Negative|260385009
44|4244|10D2214779||"Gonzalez giron"|"William eduardo"||11/16/1992||"660 ocean drive"|"Miami beach"|FL|33139||Male|9999999999|"No Response"|0||0|0|0|0||0|"Gonzalez giron"||||||||"SARS-CoV-2 (COVID-19)"|Antigen|97097-0|"SARS-CoV-2 Ag Upper resp Ql IA.rapid"|"Nasopharyngeal swab"|258500001|04/03/2022|Negative|260385009
45|4244|10D2214779||Sampson|Zoey||01/08/2017||"227 Corsair ave"|"Ft Lauderdale"|FL|33308||Female|9542945678|"No Response"|1||0|0|0|0||0|Sampson||||||||"SARS-CoV-2 (COVID-19)"|Antigen|97097-0|"SARS-CoV-2 Ag Upper resp Ql IA.rapid"|"Nasopharyngeal swab"|258500001|04/03/2022|Negative|260385009
46|4244|10D2214779||Sampson|Bodhi||03/19/2019||"227 Corsair ave"|"Ft Lauderdale"|FL|33308||Male|9542945678|"No Response"|1||0|0|0|0||0|Sampson||||||||"SARS-CoV-2 (COVID-19)"|Antigen|97097-0|"SARS-CoV-2 Ag Upper resp Ql IA.rapid"|"Nasopharyngeal swab"|258500001|04/03/2022|Negative|260385009
47|4244|10D2214779||Mayer|Jessalyn||08/10/1987||"312 NE 13th Ave"|"Fort Lauderdale"|FL|33301||Female|4692887528|"No Response"|1||0|0|0|0||0|Mayer||||||||"SARS-CoV-2 (COVID-19)"|Antigen|97097-0|"SARS-CoV-2 Ag Upper resp Ql IA.rapid"|"Nasopharyngeal swab"|258500001|04/03/2022|Negative|260385009
48|4244|10D2214779||Malone|Melanie||03/01/1970||Unknown|Unknown|FL|99999||Female|7863962445|"No Response"|1||0|0|0|0||0|Malone||||||||"SARS-CoV-2 (COVID-19)"|Antigen|97097-0|"SARS-CoV-2 Ag Upper resp Ql IA.rapid"|"Nasopharyngeal swab"|258500001|04/03/2022|Negative|260385009
49|4244|10D2214779||"Monteiro Lobato Ribeiro"|"Paulo Guilherme"||12/25/1943||"4400 NW 87th Ave"|Miami|FL|33178||Male|9999999999|"No Response"|0||0|0|0|0||0|"Monteiro Lobato Ribeiro"||||||||"SARS-CoV-2 (COVID-19)"|Antigen|97097-0|"SARS-CoV-2 Ag Upper resp Ql IA.rapid"|"Nasopharyngeal swab"|258500001|04/03/2022|Negative|260385009
50|4244|10D2214779||"Mendes de Oliveira"|Ligia||06/13/1980||"4400 NW Ave"|Miami|FL|45300||Female|9999999999|"No Response"|0||0|0|0|0||0|"Mendes de Oliveira"||||||||"SARS-CoV-2 (COVID-19)"|Antigen|97097-0|"SARS-CoV-2 Ag Upper resp Ql IA.rapid"|"Nasopharyngeal swab"|258500001|04/03/2022|Negative|260385009
51|4244|10D2214779||KONDER|RADOSLAW||09/05/1966||"11101 Misty Ridge Way"|"Boynton Beach"|FL|33473||Male|7738226806|"No Response"|1||0|0|0|0||0|KONDER||||||||"SARS-CoV-2 (COVID-19)"|PCR|94500-6|"SARS-CoV-2 RNA Resp Ql NAA+probe"|"Nasopharyngeal swab"|258500001|04/03/2022|Negative|260385009
52|4244|10D2214779||Vanterpool|Pamela||02/27/1961||Unknown|Unknown|FL|99999||Female|9518343050|"No Response"|0||0|0|0|0||0|Vanterpool||||||||"SARS-CoV-2 (COVID-19)"|Antigen|97097-0|"SARS-CoV-2 Ag Upper resp Ql IA.rapid"|"Nasopharyngeal swab"|258500001|04/03/2022|Negative|260385009
53|4244|10D2214779||Verschoor|Martinus||03/25/1963||"711 2nd Street"|"Miami Beach"|FL|33139||Male|9999999999|"No Response"|1||0|0|0|0||0|Verschoor||||||||"SARS-CoV-2 (COVID-19)"|Antigen|97097-0|"SARS-CoV-2 Ag Upper resp Ql IA.rapid"|"Nasopharyngeal swab"|258500001|04/03/2022|Negative|260385009
54|4244|10D2214779||Cruz|Armando||02/09/1950||Unknown|Unknown|FL|99999||Male|9999999999|"No Response"|0||0|0|0|0||1|Cruz||||||||"SARS-CoV-2 (COVID-19)"|Antigen|97097-0|"SARS-CoV-2 Ag Upper resp Ql IA.rapid"|"Nasopharyngeal swab"|258500001|04/03/2022|Negative|260385009
55|4244|10D2214779||Cruz|Armando||02/09/1950||Unknown|Unknown|FL|99999||Male|9999999999|"No Response"|0||0|0|0|0||1|Cruz||||||||"SARS-CoV-2 (COVID-19)"|Antigen|97097-0|"SARS-CoV-2 Ag Upper resp Ql IA.rapid"|"Nasopharyngeal swab"|258500001|04/03/2022|Negative|260385009
56|4244|10D2214779||"Monteiro Lobato Ribeiro"|"Paulo Eduardo"||10/12/1973||"4400 NW 87th Ave"|Miami|FL|33178||Male|9999999999|"No Response"|0||0|0|0|0||0|"Monteiro Lobato Ribeiro"||||||||"SARS-CoV-2 (COVID-19)"|Antigen|97097-0|"SARS-CoV-2 Ag Upper resp Ql IA.rapid"|"Nasopharyngeal swab"|258500001|04/03/2022|Negative|260385009
57|4244|10D2214779||"Secco dos Santos"|Gustavo||04/22/1987||"2727 Indian Creek Avenue"|"Miami Beach"|FL|33140||Male|8566882658|"No Response"|1||0|0|0|0||0|"Secco dos Santos"||||||||"SARS-CoV-2 (COVID-19)"|Antigen|97097-0|"SARS-CoV-2 Ag Upper resp Ql IA.rapid"|"Nasopharyngeal swab"|258500001|04/03/2022|Negative|260385009
58|4244|10D2214779||Hazlett|David||10/27/1953||"4425 Pleasant Hill Road"|Kissimmee|FL|34746||Male|7055076478|"No Response"|1||0|0|0|0||0|Hazlett||||||||"SARS-CoV-2 (COVID-19)"|Antigen|97097-0|"SARS-CoV-2 Ag Upper resp Ql IA.rapid"|"Nasopharyngeal swab"|258500001|04/03/2022|Negative|260385009
59|4244|10D2214779||Hazlett|Donna||07/20/1953||"4425 Pleasant Hill Road"|Kissimmee|FL|34746||Female|7055076478|"No Response"|1||0|0|0|0||0|Hazlett||||||||"SARS-CoV-2 (COVID-19)"|Antigen|97097-0|"SARS-CoV-2 Ag Upper resp Ql IA.rapid"|"Nasopharyngeal swab"|258500001|04/03/2022|Negative|260385009
60|4244|10D2214779||Hazlett|Donna||07/20/1953||"4425 Pleasant Hill Road"|Kissimmee|FL|34746||Female|7055076478|"No Response"|1||0|0|0|0||0|Hazlett||||||||"SARS-CoV-2 (COVID-19)"|Antigen|97097-0|"SARS-CoV-2 Ag Upper resp Ql IA.rapid"|"Nasopharyngeal swab"|258500001|04/03/2022|Negative|260385009
61|4244|10D2214779||Mamique|Joan||04/28/1976||"59 Seminole Court"|"West royal palm beach"|FL|33411||Male|9999999999|"No Response"|1||0|0|0|0||0|Mamique||||||||"SARS-CoV-2 (COVID-19)"|Antigen|97097-0|"SARS-CoV-2 Ag Upper resp Ql IA.rapid"|"Nasopharyngeal swab"|258500001|04/03/2022|Negative|260385009
62|4244|10D2214779||mukhtar|"mukhtar omar sharif"||12/08/1981||"3915 belhaven street"|"las vegas"|FL|89147||Male|7754474665|"No Response"|0||0|0|0|1||0|mukhtar||||||||"SARS-CoV-2 (COVID-19)"|PCR|94500-6|"SARS-CoV-2 RNA Resp Ql NAA+probe"|"Nasopharyngeal swab"|258500001|03/27/2022|Negative|260385009
63|4244|10D2214779||Jacob|Gary||11/04/1959||"1100 S Flagler Drive"|"West Palm Beach"|FL|33401||Male|9177343373|"No Response"|1||0|0|0|0||0|Jacob||||||||"SARS-CoV-2 (COVID-19)"|Antigen|97097-0|"SARS-CoV-2 Ag Upper resp Ql IA.rapid"|"Nasopharyngeal swab"|258500001|04/03/2022|Negative|260385009
64|4244|10D2214779||Hinds|Brian||09/11/1973||"Hampton Inn & Suites"|Hollywood|FL|33020||Male|7866177239|"No Response"|0||0|0|0|0||0|Hinds||||||||"SARS-CoV-2 (COVID-19)"|Antigen|97097-0|"SARS-CoV-2 Ag Upper resp Ql IA.rapid"|"Nasopharyngeal swab"|258500001|04/03/2022|Negative|260385009
65|4244|10D2214779||Levy|Cathy||10/01/1955||"1100 S Flagler Drive"|"West Palm Beach"|FL|33401||Female|9178827770|"No Response"|1||0|0|0|0||0|Levy||||||||"SARS-CoV-2 (COVID-19)"|Antigen|97097-0|"SARS-CoV-2 Ag Upper resp Ql IA.rapid"|"Nasopharyngeal swab"|258500001|04/03/2022|Negative|260385009
66|4244|10D2214779||Levy|Cathy||10/01/1955||"1100 S Flagler Drive"|"West Palm Beach"|FL|33401||Female|9178827770|"No Response"|1||0|0|0|0||0|Levy||||||||"SARS-CoV-2 (COVID-19)"|Antigen|97097-0|"SARS-CoV-2 Ag Upper resp Ql IA.rapid"|"Nasopharyngeal swab"|258500001|04/03/2022|Negative|260385009
67|4244|10D2214779||Alvarado|Kaelin||09/04/1995||"87 Tall Tree Drive"|Penfield|FL|14526||Female|5856906803|"No Response"|1||0|0|0|0||0|Alvarado||||||||"SARS-CoV-2 (COVID-19)"|Antigen|97097-0|"SARS-CoV-2 Ag Upper resp Ql IA.rapid"|"Nasopharyngeal swab"|258500001|04/03/2022|Negative|260385009
68|4244|10D2214779||Congdon|Zachary||06/09/1991||"87 Tall Tree Drive"|Penfield|FL|14526||Male|5857275748|"No Response"|1||0|0|0|0||0|Congdon||||||||"SARS-CoV-2 (COVID-19)"|Antigen|97097-0|"SARS-CoV-2 Ag Upper resp Ql IA.rapid"|"Nasopharyngeal swab"|258500001|04/03/2022|Negative|260385009
69|4244|10D2214779||Clear|Johnathan||08/04/1981||"26900 three notch rd"|Mechanicsville|FL|20659||Male|2405974896|"No Response"|1||0|0|0|0||0|Clear||||||||"SARS-CoV-2 (COVID-19)"|Antigen|97097-0|"SARS-CoV-2 Ag Upper resp Ql IA.rapid"|"Nasopharyngeal swab"|258500001|04/03/2022|Negative|260385009
70|4244|10D2214779||Mason|Robert||08/23/1958||"2138 Sherwood Ave"|Charlottte|FL|28207||Male|7049040735|"No Response"|1||0|0|0|0||0|Mason||||||||"SARS-CoV-2 (COVID-19)"|PCR|94500-6|"SARS-CoV-2 RNA Resp Ql NAA+probe"|"Nasopharyngeal swab"|258500001|04/03/2022|Negative|260385009
71|4244|10D2214779||"Tarabay lopes Rocha"|Jessica||09/23/1980||"20827 Via Valencia Dr"|"Boca Raton"|FL|33433||Female|5616791767|"No Response"|1||0|0|0|0||0|"Tarabay lopes Rocha"||||||||"SARS-CoV-2 (COVID-19)"|Antigen|97097-0|"SARS-CoV-2 Ag Upper resp Ql IA.rapid"|"Nasopharyngeal swab"|258500001|04/03/2022|Negative|260385009
72|4244|10D2214779||Hausman|Alex||06/23/1994||"929 dogwood rd"|"North palm beach"|FL|33408||Male|5616765534|"No Response"|1||0|0|0|0||0|Hausman||||||||"SARS-CoV-2 (COVID-19)"|PCR|94500-6|"SARS-CoV-2 RNA Resp Ql NAA+probe"|"Nasopharyngeal swab"|258500001|04/03/2022|Negative|260385009
73|4244|10D2214779||Solarte|Alfredo||03/28/1978||"8676 Farthington Way"|Orlando|FL|32827||Male|4075839100|"No Response"|0||0|0|0|0||0|Solarte||||||||"SARS-CoV-2 (COVID-19)"|PCR|94500-6|"SARS-CoV-2 RNA Resp Ql NAA+probe"|"Nasopharyngeal swab"|258500001|04/03/2022|Negative|260385009
74|4244|10D2214779||Oliver|Kevin||05/16/1974||Unknown|Unknown|FL|99999||Male|9176483335|"No Response"|0||0|0|0|0||0|Oliver||||||||"SARS-CoV-2 (COVID-19)"|Antigen|97097-0|"SARS-CoV-2 Ag Upper resp Ql IA.rapid"|"Nasopharyngeal swab"|258500001|04/03/2022|Negative|260385009
75|4244|10D2214779||Oliver|Doneen||04/11/1971||Unknown|Unknown|FL|99999||Female|9176483335|"No Response"|0||0|0|0|0||0|Oliver||||||||"SARS-CoV-2 (COVID-19)"|Antigen|97097-0|"SARS-CoV-2 Ag Upper resp Ql IA.rapid"|"Nasopharyngeal swab"|258500001|04/03/2022|Negative|260385009
76|4244|10D2214779||"Koeswardhani Hamm"|Sri||11/04/1955||"15215 Socorro Way"|"San Diego"|FL|92129||Female|9999999999|"No Response"|0||0|1|0|0||0|"Koeswardhani Hamm"||||||||"SARS-CoV-2 (COVID-19)"|Antigen|97097-0|"SARS-CoV-2 Ag Upper resp Ql IA.rapid"|"Nasopharyngeal swab"|258500001|04/03/2022|Negative|260385009
77|4244|10D2214779||"Koeswardhani Hamm"|Sri||11/04/1955||"15215 Socorro Way"|"San Diego"|FL|92129||Female|9999999999|"No Response"|0||0|1|0|0||0|"Koeswardhani Hamm"||||||||"SARS-CoV-2 (COVID-19)"|Antigen|97097-0|"SARS-CoV-2 Ag Upper resp Ql IA.rapid"|"Nasopharyngeal swab"|258500001|04/03/2022|Negative|260385009
78|4244|10D2214779||Hamm|David||06/29/1943||"15215 Socorro Way"|"San Diego"|FL|92129||Male|8582533652|"No Response"|1||0|0|0|0||0|Hamm||||||||"SARS-CoV-2 (COVID-19)"|Antigen|97097-0|"SARS-CoV-2 Ag Upper resp Ql IA.rapid"|"Nasopharyngeal swab"|258500001|04/03/2022|Negative|260385009
79|4244|10D2214779||Chickk|Kenneth||11/05/1962||"1020 Keri Island Rd"|Naples|FL|34120||Male|7863962445|"No Response"|1||0|0|0|0||0|Chickk||||||||"SARS-CoV-2 (COVID-19)"|PCR|94500-6|"SARS-CoV-2 RNA Resp Ql NAA+probe"|"Nasopharyngeal swab"|258500001|04/03/2022|Negative|260385009
80|4244|10D2214779||Chickk|Kenneth||11/05/1962||"1020 Keri Island Rd"|Naples|FL|34120||Male|7863962445|"No Response"|1||0|0|0|0||0|Chickk||||||||"SARS-CoV-2 (COVID-19)"|PCR|94500-6|"SARS-CoV-2 RNA Resp Ql NAA+probe"|"Nasopharyngeal swab"|258500001|04/03/2022|Negative|260385009
81|4244|10D2214779||Singh|Rupinder||03/03/1964||"10 katharina pl"|"Twp of Washington"|FL|07676||Male|8567457344|"No Response"|0||0|1|0|0||0|Singh||||||||"SARS-CoV-2 (COVID-19)"|Antigen|97097-0|"SARS-CoV-2 Ag Upper resp Ql IA.rapid"|"Nasopharyngeal swab"|258500001|04/03/2022|Negative|260385009
82|4244|10D2214779||Kaur|Hapreet||07/01/1964||"10 katharina pl"|"Township of Washington"|FL|07676||Female|8567457344|"No Response"|0||0|1|0|0||0|Kaur||||||||"SARS-CoV-2 (COVID-19)"|Antigen|97097-0|"SARS-CoV-2 Ag Upper resp Ql IA.rapid"|"Nasopharyngeal swab"|258500001|04/03/2022|Negative|260385009
83|4244|10D2214779||Groomes|Todd||03/21/1971||"123 Hadrian Close"|Bear|FL|19701||Male|6189797270|"No Response"|1||0|0|0|0||0|Groomes||||||||"SARS-CoV-2 (COVID-19)"|Antigen|97097-0|"SARS-CoV-2 Ag Upper resp Ql IA.rapid"|"Nasopharyngeal swab"|258500001|04/03/2022|Negative|260385009
84|4244|10D2214779||Ewah|Angela||01/06/1980||"4810 Woodbury Mill dr"|Spring|FL|77389||Female|8324433276|"No Response"|0||0|0|0|0||0|Ewah||||||||"SARS-CoV-2 (COVID-19)"|Antigen|97097-0|"SARS-CoV-2 Ag Upper resp Ql IA.rapid"|"Nasopharyngeal swab"|258500001|04/03/2022|Negative|260385009
85|4244|10D2214779||Martinez|Christopher||02/28/1988||"12 Bonanza Ln"|"Vero Beach"|FL|32960||Male|7725845112|"No Response"|0||0|1|0|0||0|Martinez||||||||"SARS-CoV-2 (COVID-19)"|Antigen|97097-0|"SARS-CoV-2 Ag Upper resp Ql IA.rapid"|"Nasopharyngeal swab"|258500001|04/03/2022|Negative|260385009
86|4244|10D2214779||Vargas-Phillpot|Dianna||05/29/1986||"1901 West Buena Vista Drive"|Kissimmee|FL|34747||Female|12424278830|"No Response"|0||0|0|0|0||0|Vargas-Phillpot||||||||"SARS-CoV-2 (COVID-19)"|Antigen|97097-0|"SARS-CoV-2 Ag Upper resp Ql IA.rapid"|"Nasopharyngeal swab"|258500001|04/03/2022|Negative|260385009
87|4244|10D2214779||Malone|Brandon||12/01/1987||"1901 W Buena Vista Dr"|Kissimmee|FL|34747||Male|12428254038|"No Response"|1||0|0|0|0||0|Malone||||||||"SARS-CoV-2 (COVID-19)"|Antigen|97097-0|"SARS-CoV-2 Ag Upper resp Ql IA.rapid"|"Nasopharyngeal swab"|258500001|04/03/2022|Negative|260385009
88|4244|10D2214779||Vargas|Carmen||11/01/1989||Unknown|Nassau|FL|00000||Female|2423761181|"No Response"|0||0|0|0|0||0|Vargas||||||||"SARS-CoV-2 (COVID-19)"|Antigen|97097-0|"SARS-CoV-2 Ag Upper resp Ql IA.rapid"|"Nasopharyngeal swab"|258500001|04/03/2022|Negative|260385009
89|4244|10D2214779||Salg|"Susanne Decker"||08/18/1964||Unknown|Unknown|FL|99999||Female|9549800818|"No Response"|1||0|0|0|0||0|Salg||||||||"SARS-CoV-2 (COVID-19)"|PCR|94500-6|"SARS-CoV-2 RNA Resp Ql NAA+probe"|"Nasopharyngeal swab"|258500001|04/03/2022|Negative|260385009
90|4244|10D2214779||Salg|"Susanne Decker"||08/18/1964||Unknown|Unknown|FL|99999||Female|9549800818|"No Response"|1||0|0|0|0||0|Salg||||||||"SARS-CoV-2 (COVID-19)"|PCR|94500-6|"SARS-CoV-2 RNA Resp Ql NAA+probe"|"Nasopharyngeal swab"|258500001|04/03/2022|Negative|260385009
91|4244|10D2214779||Salg|"Susanne Decker"||08/18/1964||Unknown|Unknown|FL|99999||Female|9549800818|"No Response"|1||0|0|0|0||0|Salg||||||||"SARS-CoV-2 (COVID-19)"|PCR|94500-6|"SARS-CoV-2 RNA Resp Ql NAA+probe"|"Nasopharyngeal swab"|258500001|04/03/2022|Negative|260385009
92|4244|10D2214779||Mayer|Joanne||08/03/1970||"Hard rock hotel"|Orlando|FL|32819||Female|9999999999|"No Response"|1||0|0|0|0||0|Mayer||||||||"SARS-CoV-2 (COVID-19)"|Antigen|97097-0|"SARS-CoV-2 Ag Upper resp Ql IA.rapid"|"Nasopharyngeal swab"|258500001|04/03/2022|Negative|260385009
93|4244|10D2214779||Mayer|Andrew||01/25/1976||"Hard rock hotel"|Orlando|FL|32819||Male|9999999999|"No Response"|1||0|0|0|0||0|Mayer||||||||"SARS-CoV-2 (COVID-19)"|Antigen|97097-0|"SARS-CoV-2 Ag Upper resp Ql IA.rapid"|"Nasopharyngeal swab"|258500001|04/03/2022|Negative|260385009
94|4244|10D2214779||Mayer|Madeline||02/23/2005||"Hard rock hotel"|Orlando|FL|32819||Female|9999999999|"No Response"|1||0|0|0|0||0|Mayer||||||||"SARS-CoV-2 (COVID-19)"|Antigen|97097-0|"SARS-CoV-2 Ag Upper resp Ql IA.rapid"|"Nasopharyngeal swab"|258500001|04/03/2022|Negative|260385009
95|4244|10D2214779||"Statham Walker"|"Ebony Jo"||08/27/2005||"Hard rock hotel"|Orlando|FL|32819||Female|9999999999|"No Response"|1||0|0|0|0||0|"Statham Walker"||||||||"SARS-CoV-2 (COVID-19)"|Antigen|97097-0|"SARS-CoV-2 Ag Upper resp Ql IA.rapid"|"Nasopharyngeal swab"|258500001|04/03/2022|Negative|260385009
96|4244|10D2214779||Eller|Ronald||03/08/1978||"10090 east county road 225 south"|Selma|FL|47383||Male|7657301734|"No Response"|1||0|0|0|0||0|Eller||||||||"SARS-CoV-2 (COVID-19)"|Antigen|97097-0|"SARS-CoV-2 Ag Upper resp Ql IA.rapid"|"Nasopharyngeal swab"|258500001|04/03/2022|Negative|260385009
97|4244|10D2214779||Eller|Ronald||03/08/1978||"10090 east county road 225 south"|Selma|FL|47383||Male|7657301734|"No Response"|1||0|0|0|0||0|Eller||||||||"SARS-CoV-2 (COVID-19)"|Antigen|97097-0|"SARS-CoV-2 Ag Upper resp Ql IA.rapid"|"Nasopharyngeal swab"|258500001|04/03/2022|Negative|260385009
98|4244|10D2214779||Eller|Amy||02/04/1977||"10090 E County Rd 225 S"|Selma|FL|47383||Female|7657305125|"No Response"|1||0|0|0|0||0|Eller||||||||"SARS-CoV-2 (COVID-19)"|Antigen|97097-0|"SARS-CoV-2 Ag Upper resp Ql IA.rapid"|"Nasopharyngeal swab"|258500001|04/03/2022|Negative|260385009
99|4244|10D2214779||Eller|Amy||02/04/1977||"10090 E County Rd 225 S"|Selma|FL|47383||Female|7657305125|"No Response"|1||0|0|0|0||0|Eller||||||||"SARS-CoV-2 (COVID-19)"|Antigen|97097-0|"SARS-CoV-2 Ag Upper resp Ql IA.rapid"|"Nasopharyngeal swab"|258500001|04/03/2022|Negative|260385009
100|4244|10D2214779||Anaya|Clervoix||06/19/2012||Unknown|Unknown|FL|99999||Female|5149445494|"No Response"|0||0|0|0|1||0|Anaya||||||||"SARS-CoV-2 (COVID-19)"|Antigen|97097-0|"SARS-CoV-2 Ag Upper resp Ql IA.rapid"|"Nasopharyngeal swab"|258500001|04/03/2022|Negative|260385009
101|4244|10D2214779||Anaya|Clervoix||06/19/2012||Unknown|Unknown|FL|99999||Female|5149445494|"No Response"|0||0|0|0|1||0|Anaya||||||||"SARS-CoV-2 (COVID-19)"|Antigen|97097-0|"SARS-CoV-2 Ag Upper resp Ql IA.rapid"|"Nasopharyngeal swab"|258500001|04/03/2022|Negative|260385009
102|4244|10D2214779||SAMUEL|CLERVOIX||03/02/2016||Unknown|Unknown|FL|99999||Male|5149445494|"No Response"|0||0|0|0|1||0|SAMUEL||||||||"SARS-CoV-2 (COVID-19)"|Antigen|97097-0|"SARS-CoV-2 Ag Upper resp Ql IA.rapid"|"Nasopharyngeal swab"|258500001|04/03/2022|Negative|260385009
103|4244|10D2214779||SAMUEL|CLERVOIX||03/02/2016||Unknown|Unknown|FL|99999||Male|5149445494|"No Response"|0||0|0|0|1||0|SAMUEL||||||||"SARS-CoV-2 (COVID-19)"|Antigen|97097-0|"SARS-CoV-2 Ag Upper resp Ql IA.rapid"|"Nasopharyngeal swab"|258500001|04/03/2022|Negative|260385009
104|4244|10D2214779||Tàylor-Bell|Clara||03/03/1968||"320 west 22court"|"Riviera Beach"|FL|33404||Female|2423591249|"No Response"|0||0|0|0|1||0|Tàylor-Bell||||||||"SARS-CoV-2 (COVID-19)"|Antigen|97097-0|"SARS-CoV-2 Ag Upper resp Ql IA.rapid"|"Nasopharyngeal swab"|258500001|04/03/2022|Negative|260385009
105|4244|10D2214779||Tàylor-Bell|Clara||03/03/1968||"320 west 22court"|"Riviera Beach"|FL|33404||Female|2423591249|"No Response"|0||0|0|0|1||0|Tàylor-Bell||||||||"SARS-CoV-2 (COVID-19)"|Antigen|97097-0|"SARS-CoV-2 Ag Upper resp Ql IA.rapid"|"Nasopharyngeal swab"|258500001|04/03/2022|Negative|260385009
106|4244|10D2214779||Wilson|Brent||01/09/1989||Unknown|Unknown|FL|99999||Male|7863962445|"No Response"|1||0|0|0|0||0|Wilson||||||||"SARS-CoV-2 (COVID-19)"|Antigen|97097-0|"SARS-CoV-2 Ag Upper resp Ql IA.rapid"|"Nasopharyngeal swab"|258500001|04/03/2022|Negative|260385009
107|4244|10D2214779||Wilson|Brent||01/09/1989||Unknown|Unknown|FL|99999||Male|7863962445|"No Response"|1||0|0|0|0||0|Wilson||||||||"SARS-CoV-2 (COVID-19)"|Antigen|97097-0|"SARS-CoV-2 Ag Upper resp Ql IA.rapid"|"Nasopharyngeal swab"|258500001|04/03/2022|Negative|260385009
108|4244|10D2214779||Miller|Jerard||08/24/1984||"Quality inn"|Orlando|FL|99999||Male|2424348124|"No Response"|0||0|0|0|1||0|Miller||||||||"SARS-CoV-2 (COVID-19)"|Antigen|97097-0|"SARS-CoV-2 Ag Upper resp Ql IA.rapid"|"Nasopharyngeal swab"|258500001|04/03/2022|Negative|260385009
109|4244|10D2214779||KAO|"YU HSI"||06/21/1995||"391 dean street, Brooklyn"|"New York"|FL|99999||Female|9999999999|"No Response"|0||0|1|0|0||0|KAO||||||||"SARS-CoV-2 (COVID-19)"|PCR|94500-6|"SARS-CoV-2 RNA Resp Ql NAA+probe"|"Nasopharyngeal swab"|258500001|04/03/2022|Positive|10828004
110|4244|10D2214779||Miller|Jerard||08/24/1984||"Quality inn"|Orlando|FL|99999||Male|2424348124|"No Response"|0||0|0|0|1||0|Miller||||||||"SARS-CoV-2 (COVID-19)"|Antigen|97097-0|"SARS-CoV-2 Ag Upper resp Ql IA.rapid"|"Nasopharyngeal swab"|258500001|04/03/2022|Negative|260385009
111|4244|10D2214779||Marshall|Dora||06/16/1961||"615 SW Anchorage Way"|Stuart|FL|34994||Female|7724867046|"No Response"|1||0|0|0|0||0|Marshall||||||||"SARS-CoV-2 (COVID-19)"|PCR|94500-6|"SARS-CoV-2 RNA Resp Ql NAA+probe"|"Nasopharyngeal swab"|258500001|04/03/2022|Negative|260385009
112|4244|10D2214779||Clarke|Tiffany||12/31/1985||"Quality Inn"|Orlando|FL|99999||Female|2428244146|"No Response"|0||0|0|0|1||0|Clarke||||||||"SARS-CoV-2 (COVID-19)"|Antigen|97097-0|"SARS-CoV-2 Ag Upper resp Ql IA.rapid"|"Nasopharyngeal swab"|258500001|04/03/2022|Negative|260385009
113|4244|10D2214779||Marshall|Brian||02/24/1960||"615 SW Anchorage Way"|Stuart|FL|34994||Male|7722078706|"No Response"|1||0|0|0|0||0|Marshall||||||||"SARS-CoV-2 (COVID-19)"|PCR|94500-6|"SARS-CoV-2 RNA Resp Ql NAA+probe"|"Nasopharyngeal swab"|258500001|04/03/2022|Negative|260385009
114|4244|10D2214779||Chapman|Natalie||02/12/1974||"5035 Baywood Drive"|Roswell|FL|30076||Female|7705084468|"No Response"|1||0|0|0|0||0|Chapman||||||||"SARS-CoV-2 (COVID-19)"|Antigen|97097-0|"SARS-CoV-2 Ag Upper resp Ql IA.rapid"|"Nasopharyngeal swab"|258500001|04/03/2022|Negative|260385009
115|4244|10D2214779||Garner|Gregory||04/19/1959||"4 NW 3rd Ave"|Portland|FL|99999||Male|5037817426|"No Response"|1||0|0|0|0||0|Garner||||||||"SARS-CoV-2 (COVID-19)"|Antigen|97097-0|"SARS-CoV-2 Ag Upper resp Ql IA.rapid"|"Nasopharyngeal swab"|258500001|04/03/2022|Negative|260385009
116|4244|10D2214779||Whyley-Ramsey|Chicquanie||11/03/1978||"7300 davie ext"|Hollywood|FL|33024||Female|7868030657|"No Response"|0||0|0|0|0||0|Whyley-Ramsey||||||||"SARS-CoV-2 (COVID-19)"|Antigen|97097-0|"SARS-CoV-2 Ag Upper resp Ql IA.rapid"|"Nasopharyngeal swab"|258500001|04/03/2022|Negative|260385009
117|4244|10D2214779||Service|Gregory||06/16/1972||"27750 COWDREY ST. , Apt 201"|"Wesley Chapel"|FL|33544||Male|8138338327|"No Response"|0||0|0|0|1||0|Service||||||||"SARS-CoV-2 (COVID-19)"|Antigen|97097-0|"SARS-CoV-2 Ag Upper resp Ql IA.rapid"|"Nasopharyngeal swab"|258500001|04/03/2022|Negative|260385009
118|4244|10D2214779||Branton|Elliot||09/29/2011||Unknown|Unknown|FL|99999||Male|17053217269|"No Response"|1||0|0|0|0||0|Branton||||||||"SARS-CoV-2 (COVID-19)"|Antigen|97097-0|"SARS-CoV-2 Ag Upper resp Ql IA.rapid"|"Nasopharyngeal swab"|258500001|04/03/2022|Positive|10828004
119|4244|10D2214779||Branton|Lillian||05/07/2014||Unknown|Unknown|FL|99999||Female|17053217269|"No Response"|1||0|0|0|0||0|Branton||||||||"SARS-CoV-2 (COVID-19)"|Antigen|97097-0|"SARS-CoV-2 Ag Upper resp Ql IA.rapid"|"Nasopharyngeal swab"|258500001|04/03/2022|Positive|10828004
120|4244|10D2214779||Russell|Mazie||01/01/1970||"1473 Acorn Court"|Kissimmee|FL|34744||Female|12424250558|"No Response"|0||0|0|0|0||0|Russell||||||||"SARS-CoV-2 (COVID-19)"|Antigen|97097-0|"SARS-CoV-2 Ag Upper resp Ql IA.rapid"|"Nasopharyngeal swab"|258500001|04/03/2022|Negative|260385009
121|4244|10D2214779||Russell|Mazie||01/01/1970||"1473 Acorn Court"|Kissimmee|FL|34744||Female|12424250558|"No Response"|0||0|0|0|0||0|Russell||||||||"SARS-CoV-2 (COVID-19)"|Antigen|97097-0|"SARS-CoV-2 Ag Upper resp Ql IA.rapid"|"Nasopharyngeal swab"|258500001|04/03/2022|Negative|260385009
122|4244|10D2214779||Ferguson|Ryan||10/11/1991||"11310 S Orange Blossom Trl #112"|Orlando|FL|32837||Male|7863962445|"No Response"|0||0|0|0|0||0|Ferguson||||||||"SARS-CoV-2 (COVID-19)"|PCR|94500-6|"SARS-CoV-2 RNA Resp Ql NAA+probe"|"Nasopharyngeal swab"|258500001|04/03/2022|Negative|260385009
123|4244|10D2214779||Russell|Jerry||12/30/1971||"1473 Acorn Court"|Kissimmee|FL|34744||Male|12425770205|"No Response"|0||0|0|0|0||0|Russell||||||||"SARS-CoV-2 (COVID-19)"|Antigen|97097-0|"SARS-CoV-2 Ag Upper resp Ql IA.rapid"|"Nasopharyngeal swab"|258500001|04/03/2022|Negative|260385009
124|4244|10D2214779||Russell|Jerry||12/30/1971||"1473 Acorn Court"|Kissimmee|FL|34744||Male|12425770205|"No Response"|0||0|0|0|0||0|Russell||||||||"SARS-CoV-2 (COVID-19)"|Antigen|97097-0|"SARS-CoV-2 Ag Upper resp Ql IA.rapid"|"Nasopharyngeal swab"|258500001|04/03/2022|Negative|260385009
125|4244|10D2214779||"De Oliveira Kurbhi"|Vitor||01/01/1970||"7531 Canada avenue"|Orlando|FL|32819||Male|9999999999|"No Response"|0||0|0|0|0||0|"De Oliveira Kurbhi"||||||||"SARS-CoV-2 (COVID-19)"|Antigen|97097-0|"SARS-CoV-2 Ag Upper resp Ql IA.rapid"|"Nasopharyngeal swab"|258500001|04/03/2022|Negative|260385009
126|4244|10D2214779||"Minott Valverde"|"Kenyie Aylin"||01/01/1970||"2592 Sheltingham Drive"|"Wellington Florida"|FL|33414||Female|9999999999|"No Response"|0||0|0|0|0||0|"Minott Valverde"||||||||"SARS-CoV-2 (COVID-19)"|Antigen|97097-0|"SARS-CoV-2 Ag Upper resp Ql IA.rapid"|"Nasopharyngeal swab"|258500001|04/03/2022|Negative|260385009
127|4244|10D2214779||Schirrmann|"Ingo Alexander"||01/01/1970||"2592 Sheltingham Drive"|"Wellington Florida"|FL|33414||Male|9999999999|"No Response"|1||0|0|0|0||0|Schirrmann||||||||"SARS-CoV-2 (COVID-19)"|Antigen|97097-0|"SARS-CoV-2 Ag Upper resp Ql IA.rapid"|"Nasopharyngeal swab"|258500001|04/03/2022|Negative|260385009
128|4244|10D2214779||Ramgoolie|Kevin||05/25/1985||Unknown|Unknown|FL|99999||Male|7863962445|"No Response"|0||0|1|0|0||0|Ramgoolie||||||||"SARS-CoV-2 (COVID-19)"|Antigen|97097-0|"SARS-CoV-2 Ag Upper resp Ql IA.rapid"|"Nasopharyngeal swab"|258500001|04/03/2022|Negative|260385009
129|4244|10D2214779||Ramgoolie|Levi||12/11/2016||Unknown|Unknown|FL|99999||Male|7863962445|"No Response"|0||0|1|0|0||0|Ramgoolie||||||||"SARS-CoV-2 (COVID-19)"|Antigen|97097-0|"SARS-CoV-2 Ag Upper resp Ql IA.rapid"|"Nasopharyngeal swab"|258500001|04/03/2022|Negative|260385009
130|4244|10D2214779||Forbes|"Elijah Vaughn Andrew"||09/25/2017||"804 federal hwy"|"west palm beach"|FL|33407||Male|16492438405|"No Response"|0||0|0|0|1||0|Forbes||||||||"SARS-CoV-2 (COVID-19)"|Antigen|97097-0|"SARS-CoV-2 Ag Upper resp Ql IA.rapid"|"Nasopharyngeal swab"|258500001|04/03/2022|Negative|260385009
131|4244|10D2214779||Freeman|Grant||07/09/1971||"101 ocean beach drive"|"Miami beach"|FL|33139||Male|9999999999|"No Response"|1||0|0|0|0||0|Freeman||||||||"SARS-CoV-2 (COVID-19)"|Antigen|97097-0|"SARS-CoV-2 Ag Upper resp Ql IA.rapid"|"Nasopharyngeal swab"|258500001|04/03/2022|Negative|260385009
132|4244|10D2214779||Ramgoolie|Candice||03/22/1985||Unknown|Unknown|FL|99999||Female|7863962445|"No Response"|0||0|1|0|0||0|Ramgoolie||||||||"SARS-CoV-2 (COVID-19)"|Antigen|97097-0|"SARS-CoV-2 Ag Upper resp Ql IA.rapid"|"Nasopharyngeal swab"|258500001|04/03/2022|Negative|260385009
133|4244|10D2214779||Ramgoolie|Kenny||11/30/1960||Unknown|Unknown|FL|99999||Male|7863962445|"No Response"|0||0|1|0|0||0|Ramgoolie||||||||"SARS-CoV-2 (COVID-19)"|Antigen|97097-0|"SARS-CoV-2 Ag Upper resp Ql IA.rapid"|"Nasopharyngeal swab"|258500001|04/03/2022|Negative|260385009
134|4244|10D2214779||Ramgoolie|Judy||05/12/1965||Unknown|Unknown|FL|99999||Female|7863962445|"No Response"|0||0|1|0|0||0|Ramgoolie||||||||"SARS-CoV-2 (COVID-19)"|Antigen|97097-0|"SARS-CoV-2 Ag Upper resp Ql IA.rapid"|"Nasopharyngeal swab"|258500001|04/03/2022|Negative|260385009
135|4244|10D2214779||Renwick|Nichola||09/07/1976||Unknown|Unknown|FL|99999||Female|07807277862|"No Response"|1||0|0|0|0||0|Renwick||||||||"SARS-CoV-2 (COVID-19)"|Antigen|97097-0|"SARS-CoV-2 Ag Upper resp Ql IA.rapid"|"Nasopharyngeal swab"|258500001|04/03/2022|Negative|260385009
136|4244|10D2214779||Vanderveen|Kristen||04/26/1989||"2860 Twin Oaks Way"|Wellington|FL|33414||Female|6302126982|"No Response"|1||0|0|0|0||0|Vanderveen||||||||"SARS-CoV-2 (COVID-19)"|Antigen|97097-0|"SARS-CoV-2 Ag Upper resp Ql IA.rapid"|"Nasopharyngeal swab"|258500001|04/03/2022|Negative|260385009
137|4244|10D2214779||Reid|Sobrena||05/04/1979||"1339 SW 74th Ave"|"North Lauderdale"|FL|33068||Female|9545489443|"No Response"|0||0|0|0|0||0|Reid||||||||"SARS-CoV-2 (COVID-19)"|Antigen|97097-0|"SARS-CoV-2 Ag Upper resp Ql IA.rapid"|"Nasopharyngeal swab"|258500001|04/03/2022|Negative|260385009
138|4244|10D2214779||Morgan|Danny||03/31/1986||"754 warrenton rd"|va|FL|22406||Male|5618897425|"No Response"|0||0|0|0|1||0|Morgan||||||||"SARS-CoV-2 (COVID-19)"|Antigen|97097-0|"SARS-CoV-2 Ag Upper resp Ql IA.rapid"|"Nasopharyngeal swab"|258500001|04/03/2022|Negative|260385009
139|4244|10D2214779||Barch|Julia||04/08/1993||"929 dogwood rd"|"North palm beach"|FL|33408||Female|5613862737|"No Response"|1||0|0|0|0||0|Barch||||||||"SARS-CoV-2 (COVID-19)"|PCR|94500-6|"SARS-CoV-2 RNA Resp Ql NAA+probe"|"Nasopharyngeal swab"|258500001|04/03/2022|Negative|260385009
140|4244|10D2214779||Wunkhaus|Benjamín||06/29/2000||"2761 pinehurst"|Weston|FL|33332||Male|9999999999|"No Response"|1||0|0|0|0||0|Wunkhaus||||||||"SARS-CoV-2 (COVID-19)"|PCR|94500-6|"SARS-CoV-2 RNA Resp Ql NAA+probe"|"Nasopharyngeal swab"|258500001|04/03/2022|Negative|260385009
141|4244|10D2214779||Thiele|Benjamin||11/28/2000||"2761 pinehurst"|Weston|FL|33332||Male|9999999999|"No Response"|0||0|0|0|0||0|Thiele||||||||"SARS-CoV-2 (COVID-19)"|PCR|94500-6|"SARS-CoV-2 RNA Resp Ql NAA+probe"|"Nasopharyngeal swab"|258500001|04/03/2022|Negative|260385009
142|4244|10D2214779||McLean|Nicholas||08/03/1984||"4001 Ross Ave, Apt 404"|Dallas|FL|75204||Male|9016269919|"No Response"|1||0|0|0|0||0|McLean||||||||"SARS-CoV-2 (COVID-19)"|Antigen|97097-0|"SARS-CoV-2 Ag Upper resp Ql IA.rapid"|"Nasopharyngeal swab"|258500001|04/03/2022|Negative|260385009
143|4244|10D2214779||Bollinger|Leesa||08/23/1979||"9309 S Solena Way"|Sandy|FL|84093||Female|8018094567|"No Response"|1||0|0|0|0||0|Bollinger||||||||"SARS-CoV-2 (COVID-19)"|Antigen|97097-0|"SARS-CoV-2 Ag Upper resp Ql IA.rapid"|"Nasopharyngeal swab"|258500001|04/03/2022|Negative|260385009
144|4244|10D2214779||Murphy|Philip||05/30/1953||"9642 E Country Court"|Tucson|FL|85749||Male|9999999999|"No Response"|1||0|0|0|0||0|Murphy||||||||"SARS-CoV-2 (COVID-19)"|Antigen|97097-0|"SARS-CoV-2 Ag Upper resp Ql IA.rapid"|"Nasopharyngeal swab"|258500001|04/03/2022|Negative|260385009
145|4244|10D2214779||Chimming|Francis||07/19/1956||"3827 Lowson BLVD"|"Delray Beach"|FL|33445||Male|18686828402|"No Response"|0||0|0|0|0||0|Chimming||||||||"SARS-CoV-2 (COVID-19)"|Antigen|97097-0|"SARS-CoV-2 Ag Upper resp Ql IA.rapid"|"Nasopharyngeal swab"|258500001|04/03/2022|Negative|260385009
146|4244|10D2214779||Cabrera|Deanna||01/26/1983||"14750 silver glen dr e"|Jacksonville|FL|32258||Female|2645848100|"No Response"|0||0|0|0|0||0|Cabrera||||||||"SARS-CoV-2 (COVID-19)"|Antigen|97097-0|"SARS-CoV-2 Ag Upper resp Ql IA.rapid"|"Nasopharyngeal swab"|258500001|04/03/2022|Negative|260385009
147|4244|10D2214779||Hodge|Craig||04/12/1983||"14750 silver glen dr r"|Jacksonville|FL|32258||Male|2645848100|"No Response"|0||0|0|0|0||0|Hodge||||||||"SARS-CoV-2 (COVID-19)"|Antigen|97097-0|"SARS-CoV-2 Ag Upper resp Ql IA.rapid"|"Nasopharyngeal swab"|258500001|04/03/2022|Negative|260385009
148|4244|10D2214779||"Da Silva Lemos"|Flavio||08/04/1988||Unknown|Unknown|FL|99999||Male|7179634374|"No Response"|1||0|0|0|0||0|"Da Silva Lemos"||||||||"SARS-CoV-2 (COVID-19)"|Antigen|97097-0|"SARS-CoV-2 Ag Upper resp Ql IA.rapid"|"Nasopharyngeal swab"|258500001|04/03/2022|Negative|260385009
149|4244|10D2214779||Islava|Jacquelyn||02/15/1983||Unknown|Unknown|FL|99999||Female|5206032219|"No Response"|1||0|0|0|0||0|Islava||||||||"SARS-CoV-2 (COVID-19)"|Antigen|97097-0|"SARS-CoV-2 Ag Upper resp Ql IA.rapid"|"Nasopharyngeal swab"|258500001|04/03/2022|Negative|260385009
150|4244|10D2214779||Kircher|"Matthew Kirch"||01/01/1970||"79 El Cerrito"|Hillsborough|FL|94010||Male|4156131545|"No Response"|1||0|0|0|0||0|Kircher||||||||"SARS-CoV-2 (COVID-19)"|Antigen|97097-0|"SARS-CoV-2 Ag Upper resp Ql IA.rapid"|"Nasopharyngeal swab"|258500001|04/03/2022|Negative|260385009
151|4244|10D2214779||Anselmo|Monik||05/16/1986||"4626 Ethans Glenn Ave"|Orlando|FL|32812||Female|4072884145|"No Response"|0||0|0|0|0||0|Anselmo||||||||"SARS-CoV-2 (COVID-19)"|Antigen|97097-0|"SARS-CoV-2 Ag Upper resp Ql IA.rapid"|"Nasopharyngeal swab"|258500001|04/03/2022|Negative|260385009
152|4244|10D2214779||Alves|Igor||01/01/1970||"4626 Ethan’s Glenn Ave"|Orlando|FL|32812||Male|4074536663|"No Response"|0||0|0|0|0||0|Alves||||||||"SARS-CoV-2 (COVID-19)"|Antigen|97097-0|"SARS-CoV-2 Ag Upper resp Ql IA.rapid"|"Nasopharyngeal swab"|258500001|04/03/2022|Negative|260385009
153|4244|10D2214779||Kircher|Mary||01/01/1970||"79 El Cerrito"|Hillsborough|FL|94010||Female|6503037478|"No Response"|1||0|0|0|0||0|Kircher||||||||"SARS-CoV-2 (COVID-19)"|Antigen|97097-0|"SARS-CoV-2 Ag Upper resp Ql IA.rapid"|"Nasopharyngeal swab"|258500001|04/03/2022|Negative|260385009
154|4244|10D2214779||Haddad|Mehdi||02/27/1988||Unknown|Unknown|FL|99999||Male|9999999999|"No Response"|1||0|0|0|0||0|Haddad||||||||"SARS-CoV-2 (COVID-19)"|Antigen|97097-0|"SARS-CoV-2 Ag Upper resp Ql IA.rapid"|"Nasopharyngeal swab"|258500001|04/03/2022|Negative|260385009
155|4244|10D2214779||Haddad|Mehdi||02/27/1988||Unknown|Unknown|FL|99999||Male|9999999999|"No Response"|1||0|0|0|0||0|Haddad||||||||"SARS-CoV-2 (COVID-19)"|Antigen|97097-0|"SARS-CoV-2 Ag Upper resp Ql IA.rapid"|"Nasopharyngeal swab"|258500001|04/03/2022|Negative|260385009
156|4244|10D2214779||Bennett|Tammie||05/31/1962||"332 deer valley dr"|Albany|FL|31705||Female|2293959513|"No Response"|1||0|0|0|0||0|Bennett||||||||"SARS-CoV-2 (COVID-19)"|Antigen|97097-0|"SARS-CoV-2 Ag Upper resp Ql IA.rapid"|"Nasopharyngeal swab"|258500001|04/03/2022|Negative|260385009
157|4244|10D2214779||Bennett|David||05/15/1963||"332 deer valley dr"|Albany|FL|31705||Male|2293951059|"No Response"|1||0|0|0|0||0|Bennett||||||||"SARS-CoV-2 (COVID-19)"|Antigen|97097-0|"SARS-CoV-2 Ag Upper resp Ql IA.rapid"|"Nasopharyngeal swab"|258500001|04/03/2022|Negative|260385009
158|4244|10D2214779||Williams|Randesha||01/05/1990||"1900 Stirling Road"|"Dania Beach"|FL|33004||Female|2424753825|"No Response"|0||0|0|0|0||0|Williams||||||||"SARS-CoV-2 (COVID-19)"|Antigen|97097-0|"SARS-CoV-2 Ag Upper resp Ql IA.rapid"|"Nasopharyngeal swab"|258500001|04/03/2022|Negative|260385009
159|4244|10D2214779||Sieber|Sylvia||10/14/1963||Unknown|Unknown|FL|99999||Female|01608504138|"No Response"|1||0|0|0|0||0|Sieber||||||||"SARS-CoV-2 (COVID-19)"|Antigen|97097-0|"SARS-CoV-2 Ag Upper resp Ql IA.rapid"|"Nasopharyngeal swab"|258500001|04/03/2022|Negative|260385009
160|4244|10D2214779||Clardy|Patrick||08/23/1999||"103 Lansdowne Dr"|Madison|FL|35758||Male|2562242691|"No Response"|1||0|0|0|0||0|Clardy||||||||"SARS-CoV-2 (COVID-19)"|Antigen|97097-0|"SARS-CoV-2 Ag Upper resp Ql IA.rapid"|"Nasopharyngeal swab"|258500001|04/03/2022|Negative|260385009
161|4244|10D2214779||Sieber|Reinhold||06/21/1961||Unknown|Unknown|FL|99999||Male|01608504138|"No Response"|1||0|0|0|0||0|Sieber||||||||"SARS-CoV-2 (COVID-19)"|Antigen|97097-0|"SARS-CoV-2 Ag Upper resp Ql IA.rapid"|"Nasopharyngeal swab"|258500001|04/03/2022|Negative|260385009
162|4244|10D2214779||Islava|Jacquelyn||02/15/1983||Unknown|Unknown|FL|99999|||5206032219|"No Response"|0||0|0|0|0||1|Islava||||||||"SARS-CoV-2 (COVID-19)"|Antigen|97097-0|"SARS-CoV-2 Ag Upper resp Ql IA.rapid"|"Nasopharyngeal swab"|258500001|04/03/2022|Negative|260385009
163|4244|10D2214779||"De Oliveira Kurbhi"|Vitor||01/01/1970||"7531 Canada avenue"|Orlando|FL|32819||Male|9999999999|"No Response"|0||0|0|0|0||0|"De Oliveira Kurbhi"||||||||"SARS-CoV-2 (COVID-19)"|Antigen|97097-0|"SARS-CoV-2 Ag Upper resp Ql IA.rapid"|"Nasopharyngeal swab"|258500001|04/03/2022|Negative|260385009
164|4244|10D2214779||Hausman|Alex||06/23/1994||"929 dogwood road"|"North palm beach"|FL|33408||Male|5616765534|"No Response"|0||0|0|0|0||1|Hausman||||||||"SARS-CoV-2 (COVID-19)"|PCR|94500-6|"SARS-CoV-2 RNA Resp Ql NAA+probe"|"Nasopharyngeal swab"|258500001|04/03/2022|Negative|260385009
