RecordID|FacilityID|CLIAID|PatientID|LastName|FirstName|MiddleName|DOB|SSN|StreetAddress|City|State|Zip|County|Gender|PhoneNumber|Ethnicity|RaceWhite|RaceBlack|RaceAmericanIndianAlaskanNative|RaceAsian|RaceNativeHawaiianOrOtherPacificIslander|RaceOther|RaceUnknown|RaceNoResponse|ProviderName|NPI|Pregnant|SchoolAssociation|SchoolName|MeetILIDefinition|PerformingLab|AccessionNumber|Pathogen|TestType|LOINC|LOINCShortName|SpecimenCollectionType|SpecimenSNOMED|SpecimenCollectedDate|Result|ResultSNOMED
1|4244|10D2214779||Rolle|Ravelle||03/31/1986||"6137 metrowest Blvd"|Orlando|FL|32835||Female|12424299422|"No Response"|0||0|0|0|0||0|Rolle||||||||"SARS-CoV-2 (COVID-19)"|Antigen|97097-0|"SARS-CoV-2 Ag Upper resp Ql IA.rapid"|"Nasopharyngeal swab"|258500001|04/21/2022|Negative|260385009
2|4244|10D2214779||Rolle|Renaldo||12/17/1985||"Metrowest Blvd"|Orlando|FL|32835||Male|12424299422|"No Response"|0||0|0|0|0||0|Rolle||||||||"SARS-CoV-2 (COVID-19)"|Antigen|97097-0|"SARS-CoV-2 Ag Upper resp Ql IA.rapid"|"Nasopharyngeal swab"|258500001|04/21/2022|Negative|260385009
3|4244|10D2214779||Rolle|Renaldo||11/04/2014||"Metrowest Blvd"|Orlando|FL|32835||Male|12424299422|"No Response"|0||0|0|0|0||0|Rolle||||||||"SARS-CoV-2 (COVID-19)"|Antigen|97097-0|"SARS-CoV-2 Ag Upper resp Ql IA.rapid"|"Nasopharyngeal swab"|258500001|04/21/2022|Negative|260385009
4|4244|10D2214779||Swan|"Kaela Nicole"||07/27/1995||"2113 RENAISSANCE BLVD.  APT. 208"|MIRAMAR|FL|33025||Female|7863962445|"No Response"|0||0|0|0|0||0|Swan||||||||"SARS-CoV-2 (COVID-19)"|Antigen|97097-0|"SARS-CoV-2 Ag Upper resp Ql IA.rapid"|"Nasopharyngeal swab"|258500001|04/21/2022|Negative|260385009
5|4244|10D2214779||Salvato|Francesca||04/05/2004||"184 palm avenue"|"Miami beach"|FL|33139||Female|7863962445|"No Response"|0||0|0|0|0||0|Salvato||||||||"SARS-CoV-2 (COVID-19)"|PCR|94500-6|"SARS-CoV-2 RNA Resp Ql NAA+probe"|"Nasopharyngeal swab"|258500001|04/21/2022|Negative|260385009
6|4244|10D2214779||Robinson|William||12/05/1956||"147 n3 158th st"|miami|FL|33162||Male|7862348356|"No Response"|0||0|0|0|0||0|Robinson||||||||"SARS-CoV-2 (COVID-19)"|PCR|94500-6|"SARS-CoV-2 RNA Resp Ql NAA+probe"|"Nasopharyngeal swab"|258500001|04/21/2022|Negative|260385009
7|4244|10D2214779||Ricketts|Anika||03/06/1994||"166 N Compass Way"|"Ft lauderdale"|FL|33004||Female|6464188519|"No Response"|0||0|0|0|0||0|Ricketts||||||||"SARS-CoV-2 (COVID-19)"|Antigen|97097-0|"SARS-CoV-2 Ag Upper resp Ql IA.rapid"|"Nasopharyngeal swab"|258500001|01/29/2022|Negative|260385009
8|4244|10D2214779||Macleod|Innes||07/11/1994||"5039 Solar Point Drive"|Greenacres|FL|33463||Male|9999999999|"No Response"|1||0|0|0|0||0|Macleod||||||||"SARS-CoV-2 (COVID-19)"|Antigen|97097-0|"SARS-CoV-2 Ag Upper resp Ql IA.rapid"|"Nasopharyngeal swab"|258500001|04/21/2022|Negative|260385009
9|4244|10D2214779||Gayden|Vanessa||04/25/1960||"1364 Raintree Bend, Apt. 106"|Clermont|FL|34714||Female|4073480100|"No Response"|0||0|0|0|0||0|Gayden||||||||"SARS-CoV-2 (COVID-19)"|Antigen|97097-0|"SARS-CoV-2 Ag Upper resp Ql IA.rapid"|"Nasopharyngeal swab"|258500001|04/21/2022|Negative|260385009
10|4244|10D2214779||Jackson|Sherry||10/08/1967||"7027 W boward Blvd #308"|Plantation|FL|33317||Female|9366972775|"No Response"|1||0|0|0|0||0|Jackson||||||||"SARS-CoV-2 (COVID-19)"|Antigen|97097-0|"SARS-CoV-2 Ag Upper resp Ql IA.rapid"|"Nasopharyngeal swab"|258500001|04/21/2022|Negative|260385009
11|4244|10D2214779||Nesbitt|Kelly||10/12/1978||"40 Isle Of Venice Dr, 15"|"Fort Lauderdale"|FL|33301||Female|7243121581|"No Response"|1||0|0|0|0||0|Nesbitt||||||||"SARS-CoV-2 (COVID-19)"|Antigen|97097-0|"SARS-CoV-2 Ag Upper resp Ql IA.rapid"|"Nasopharyngeal swab"|258500001|04/21/2022|Negative|260385009
12|4244|10D2214779||Gayden|Vanessa||04/25/1960||"1364 Raintree Bend"|Clermont|FL|34714||Female|4073480100|"No Response"|0||0|0|0|0||0|Gayden||||||||"SARS-CoV-2 (COVID-19)"|Antigen|97097-0|"SARS-CoV-2 Ag Upper resp Ql IA.rapid"|"Nasopharyngeal swab"|258500001|04/21/2022|Negative|260385009
13|4244|10D2214779||Gayden|Vanessa||04/25/1960||"1364 Raintree Bend, Apt. 106"|Clermont|FL|34714||Female|4073480100|"No Response"|0||0|0|0|0||0|Gayden||||||||"SARS-CoV-2 (COVID-19)"|Antigen|97097-0|"SARS-CoV-2 Ag Upper resp Ql IA.rapid"|"Nasopharyngeal swab"|258500001|04/21/2022|Negative|260385009
14|4244|10D2214779||"De Oliveira"|Hugo||11/03/2004||"11437 Peachstone Court"|Orlando|FL|32821||Male|14074331403|"No Response"|0||0|0|0|0||0|"De Oliveira"||||||||"SARS-CoV-2 (COVID-19)"|Antigen|97097-0|"SARS-CoV-2 Ag Upper resp Ql IA.rapid"|"Nasopharyngeal swab"|258500001|04/21/2022|Negative|260385009
15|4244|10D2214779||Avila|Janic||11/27/1988||"532 N Alexander St"|"Mount Dora"|FL|32757||Female|3057788316|"No Response"|0||0|0|0|0||0|Avila||||||||"SARS-CoV-2 (COVID-19)"|Antigen|97097-0|"SARS-CoV-2 Ag Upper resp Ql IA.rapid"|"Nasopharyngeal swab"|258500001|04/21/2022|Negative|260385009
16|4244|10D2214779||Gardner|Zachary||01/11/1988||"532 N Alexander Street"|"Mount Dora"|FL|00000||Male|7863962445|"No Response"|1||0|0|0|0||0|Gardner||||||||"SARS-CoV-2 (COVID-19)"|Antigen|97097-0|"SARS-CoV-2 Ag Upper resp Ql IA.rapid"|"Nasopharyngeal swab"|258500001|04/21/2022|Negative|260385009
17|4244|10D2214779||"GONZALEZ VALENZUELA"|ARIELLA||05/07/2017||"511 East San Ysidro Boulevard 6027"|"San Diego"|FL|92173||Female|9999999999|"No Response"|0||0|0|0|0||0|"GONZALEZ VALENZUELA"||||||||"SARS-CoV-2 (COVID-19)"|Antigen|97097-0|"SARS-CoV-2 Ag Upper resp Ql IA.rapid"|"Nasopharyngeal swab"|258500001|04/21/2022|Negative|260385009
18|4244|10D2214779||Hildmann|Hanna||01/08/1980||"408 N J Street"|"Lake Worth"|FL|33460||Female|8604885973|"No Response"|1||0|0|0|0||0|Hildmann||||||||"SARS-CoV-2 (COVID-19)"|Antigen|97097-0|"SARS-CoV-2 Ag Upper resp Ql IA.rapid"|"Nasopharyngeal swab"|258500001|04/21/2022|Negative|260385009
19|4244|10D2214779||Ellenson|Darcy||08/02/1961||"410 N J Street"|"Lake Worth"|FL|33460||Female|2184691882|"No Response"|1||0|0|0|0||0|Ellenson||||||||"SARS-CoV-2 (COVID-19)"|Antigen|97097-0|"SARS-CoV-2 Ag Upper resp Ql IA.rapid"|"Nasopharyngeal swab"|258500001|04/21/2022|Negative|260385009
20|4244|10D2214779||Nesbitt|Kelly||10/12/1978||"40 Isle Of Venice Dr, 15"|"Fort Lauderdale"|FL|33301||Female|7243121581|"No Response"|1||0|0|0|0||0|Nesbitt||||||||"SARS-CoV-2 (COVID-19)"|Antigen|97097-0|"SARS-CoV-2 Ag Upper resp Ql IA.rapid"|"Nasopharyngeal swab"|258500001|04/21/2022|Negative|260385009
21|4244|10D2214779||Gregory|Mark||10/04/1990||Unknown|Unknown|FL|99999||Male|7863962445|"No Response"|0||0|0|0|1||0|Gregory||||||||"SARS-CoV-2 (COVID-19)"|PCR|94500-6|"SARS-CoV-2 RNA Resp Ql NAA+probe"|"Nasopharyngeal swab"|258500001|04/21/2022|Negative|260385009
22|4244|10D2214779||Graziotin|Wolmar||04/26/1955||Unknown|Unknown|FL|99999||Male|9999999999|"No Response"|0||0|0|0|0||0|Graziotin||||||||"SARS-CoV-2 (COVID-19)"|Antigen|97097-0|"SARS-CoV-2 Ag Upper resp Ql IA.rapid"|"Nasopharyngeal swab"|258500001|04/21/2022|Negative|260385009
23|4244|10D2214779||Englebert|Delaine||10/20/1970||"237 Veronica Lane"|"Charles Town"|FL|25414||Female|5713660185|"No Response"|0||0|0|0|1||0|Englebert||||||||"SARS-CoV-2 (COVID-19)"|Antigen|97097-0|"SARS-CoV-2 Ag Upper resp Ql IA.rapid"|"Nasopharyngeal swab"|258500001|04/21/2022|Negative|260385009
24|4244|10D2214779||Englebert|Gary||12/14/1954||"237 Veronica Lane"|"Charles Town"|FL|25414||Male|7863962445|"No Response"|0||0|0|0|1||0|Englebert||||||||"SARS-CoV-2 (COVID-19)"|Antigen|97097-0|"SARS-CoV-2 Ag Upper resp Ql IA.rapid"|"Nasopharyngeal swab"|258500001|04/21/2022|Negative|260385009
25|4244|10D2214779||Rolle|Ravelle||03/31/1986||"8301 W Commercial Blvd, Tamarac, FL 33351, USA"|"Fort Lauderdale"|FL|33351||Female|12424299422|"No Response"|0||0|0|0|0||0|Rolle||||||||"SARS-CoV-2 (COVID-19)"|Antigen|97097-0|"SARS-CoV-2 Ag Upper resp Ql IA.rapid"|"Nasopharyngeal swab"|258500001|04/21/2022|Negative|260385009
26|4244|10D2214779||Rolle|Renaldo||12/17/1985||"8301 W Commercial Blvd, Tamarac, FL 33351, USA"|"Fort Lauderdale"|FL|33351||Male|12424299422|"No Response"|0||0|0|0|0||0|Rolle||||||||"SARS-CoV-2 (COVID-19)"|Antigen|97097-0|"SARS-CoV-2 Ag Upper resp Ql IA.rapid"|"Nasopharyngeal swab"|258500001|04/21/2022|Negative|260385009
27|4244|10D2214779||Rolle|Renaldo||11/04/2014||"8301 W Commercial Blvd, Tamarac, FL 33351, USA"|"Fort Lauderdale"|FL|33351||Male|12424299422|"No Response"|0||0|0|0|0||0|Rolle||||||||"SARS-CoV-2 (COVID-19)"|Antigen|97097-0|"SARS-CoV-2 Ag Upper resp Ql IA.rapid"|"Nasopharyngeal swab"|258500001|04/21/2022|Negative|260385009
28|4244|10D2214779||Ferguson|Jarius||10/06/1994||"8301 w commercial Blvd"|FL|FL|33351||Female|2425561723|"No Response"|0||0|0|0|0||0|Ferguson||||||||"SARS-CoV-2 (COVID-19)"|Antigen|97097-0|"SARS-CoV-2 Ag Upper resp Ql IA.rapid"|"Nasopharyngeal swab"|258500001|04/21/2022|Negative|260385009
29|4244|10D2214779||Montagnoli|Maria||02/17/1965||Unknown|Unknown|FL|99999||Female|9999999999|"No Response"|0||0|0|0|0||0|Montagnoli||||||||"SARS-CoV-2 (COVID-19)"|Antigen|97097-0|"SARS-CoV-2 Ag Upper resp Ql IA.rapid"|"Nasopharyngeal swab"|258500001|04/21/2022|Negative|260385009
30|4244|10D2214779||Rolle|Renaldo||12/17/1985||"8301 W Commercial Blvd, Tamarac, FL 33351, USA"|"Fort Lauderdale"|FL|33351||Male|12424299422|"No Response"|0||0|0|0|0||0|Rolle||||||||"SARS-CoV-2 (COVID-19)"|Antigen|97097-0|"SARS-CoV-2 Ag Upper resp Ql IA.rapid"|"Nasopharyngeal swab"|258500001|04/21/2022|Negative|260385009
31|4244|10D2214779||Rolle|Renaldo||11/04/2014||"8301 W Commercial Blvd, Tamarac, FL 33351, USA"|"Fort Lauderdale"|FL|33351||Male|12424299422|"No Response"|0||0|0|0|0||0|Rolle||||||||"SARS-CoV-2 (COVID-19)"|Antigen|97097-0|"SARS-CoV-2 Ag Upper resp Ql IA.rapid"|"Nasopharyngeal swab"|258500001|04/21/2022|Negative|260385009
32|4244|10D2214779||Ferguson|Kamari||11/29/2011||"8301 W Commercial Blvd, Tamarac, FL 33351, USA"|"Fort Lauderdale"|FL|33351||Female|12424299422|"No Response"|0||0|0|0|0||0|Ferguson||||||||"SARS-CoV-2 (COVID-19)"|Antigen|97097-0|"SARS-CoV-2 Ag Upper resp Ql IA.rapid"|"Nasopharyngeal swab"|258500001|04/21/2022|Negative|260385009
33|4244|10D2214779||Towne|Donald||11/09/1960||"181 Sparta Dr"|Mooresville|FL|28117||Male|7044508970|"No Response"|1||0|0|0|0||0|Towne||||||||"SARS-CoV-2 (COVID-19)"|Antigen|97097-0|"SARS-CoV-2 Ag Upper resp Ql IA.rapid"|"Nasopharyngeal swab"|258500001|04/21/2022|Negative|260385009
34|4244|10D2214779||Towne|Cynthia||09/07/1962||"181 Sparta Dr"|Mooresville|FL|28117||Female|7044508971|"No Response"|1||0|0|0|0||0|Towne||||||||"SARS-CoV-2 (COVID-19)"|Antigen|97097-0|"SARS-CoV-2 Ag Upper resp Ql IA.rapid"|"Nasopharyngeal swab"|258500001|04/21/2022|Negative|260385009
35|4244|10D2214779||Brailsford|Be’Asia||03/27/2017||"999 W Cypress Creek rd"|"Fort Lauderdale"|FL|33309||Female|9999999999|"No Response"|0||0|0|0|0||0|Brailsford||||||||"SARS-CoV-2 (COVID-19)"|Antigen|97097-0|"SARS-CoV-2 Ag Upper resp Ql IA.rapid"|"Nasopharyngeal swab"|258500001|04/21/2022|Negative|260385009
36|4244|10D2214779||Moorhouse|Shaun||04/20/1962||"Premier Hotel 625 N Fort Lauderdale Beach Blvd"|"Fort Lauderdale"|FL|33304||Male|9999999999|"No Response"|1||0|0|0|0||0|Moorhouse||||||||"SARS-CoV-2 (COVID-19)"|Antigen|97097-0|"SARS-CoV-2 Ag Upper resp Ql IA.rapid"|"Nasopharyngeal swab"|258500001|04/21/2022|Negative|260385009
37|4244|10D2214779||Moorhouse|Belinda||10/26/1961||"Premier Hotel 625 N Fort Lauderdale Beach Blvd"|"Fort Lauderdale"|FL|33304||Female|9999999999|"No Response"|1||0|0|0|0||0|Moorhouse||||||||"SARS-CoV-2 (COVID-19)"|Antigen|97097-0|"SARS-CoV-2 Ag Upper resp Ql IA.rapid"|"Nasopharyngeal swab"|258500001|04/21/2022|Negative|260385009
38|4244|10D2214779||Salick|Suryya||01/08/1991||"5780 major Blvd"|Orlando|FL|32819||Female|8682764119|"No Response"|0||0|0|0|1||0|Salick||||||||"SARS-CoV-2 (COVID-19)"|Antigen|97097-0|"SARS-CoV-2 Ag Upper resp Ql IA.rapid"|"Nasopharyngeal swab"|258500001|04/21/2022|Negative|260385009
39|4244|10D2214779||Samuel|Matthew||01/15/1989||"5780 major blvd"|Orlando|FL|32819||Male|8682764119|"No Response"|0||0|0|0|1||0|Samuel||||||||"SARS-CoV-2 (COVID-19)"|Antigen|97097-0|"SARS-CoV-2 Ag Upper resp Ql IA.rapid"|"Nasopharyngeal swab"|258500001|04/21/2022|Negative|260385009
40|4244|10D2214779||Samuel|Matthew||01/15/1989||"5780 major blvd"|Orlando|FL|32819||Male|8682764119|"No Response"|0||0|0|0|1||0|Samuel||||||||"SARS-CoV-2 (COVID-19)"|Antigen|97097-0|"SARS-CoV-2 Ag Upper resp Ql IA.rapid"|"Nasopharyngeal swab"|258500001|04/21/2022|Negative|260385009
41|4244|10D2214779||Samuel|Matthew||01/15/1989||"5780 major blvd"|Orlando|FL|32819||Male|8682764119|"No Response"|0||0|0|0|1||0|Samuel||||||||"SARS-CoV-2 (COVID-19)"|Antigen|97097-0|"SARS-CoV-2 Ag Upper resp Ql IA.rapid"|"Nasopharyngeal swab"|258500001|04/21/2022|Negative|260385009
42|4244|10D2214779||Cowles|Kai||06/13/2012||Unknown|Unknown|FL|99999||Male|7863962445|"No Response"|0||0|0|0|1||0|Cowles||||||||"SARS-CoV-2 (COVID-19)"|Antigen|97097-0|"SARS-CoV-2 Ag Upper resp Ql IA.rapid"|"Nasopharyngeal swab"|258500001|04/21/2022|Negative|260385009
43|4244|10D2214779||Cowles|Max||09/29/2014||Unknown|Unknown|FL|99999||Male|5148083717|"No Response"|0||0|0|0|1||0|Cowles||||||||"SARS-CoV-2 (COVID-19)"|Antigen|97097-0|"SARS-CoV-2 Ag Upper resp Ql IA.rapid"|"Nasopharyngeal swab"|258500001|04/21/2022|Negative|260385009
44|4244|10D2214779||"Van Kessel"|Johanna||07/17/1964||"1695 nw avenue suite A"|Miami|FL|33172||Female|9999999999|"No Response"|1||0|0|0|0||0|"Van Kessel"||||||||"SARS-CoV-2 (COVID-19)"|Antigen|97097-0|"SARS-CoV-2 Ag Upper resp Ql IA.rapid"|"Nasopharyngeal swab"|258500001|04/21/2022|Negative|260385009
45|4244|10D2214779||Vermeer|Petrus||01/20/1959||"1695 nw 111 Avenue suite A"|Miami|FL|33172||Male|9999999999|"No Response"|1||0|0|0|0||0|Vermeer||||||||"SARS-CoV-2 (COVID-19)"|Antigen|97097-0|"SARS-CoV-2 Ag Upper resp Ql IA.rapid"|"Nasopharyngeal swab"|258500001|04/21/2022|Negative|260385009
46|4244|10D2214779||Vermeer|Petrus||01/20/1959||"1695 nw 111 Avenue suite A"|Miami|FL|33172||Male|9999999999|"No Response"|1||0|0|0|0||0|Vermeer||||||||"SARS-CoV-2 (COVID-19)"|Antigen|97097-0|"SARS-CoV-2 Ag Upper resp Ql IA.rapid"|"Nasopharyngeal swab"|258500001|04/21/2022|Negative|260385009
47|4244|10D2214779||Vermeer|Petrus||01/20/1959||"1695 nw 111 Avenue suite A"|Miami|FL|33172||Male|9999999999|"No Response"|1||0|0|0|0||0|Vermeer||||||||"SARS-CoV-2 (COVID-19)"|Antigen|97097-0|"SARS-CoV-2 Ag Upper resp Ql IA.rapid"|"Nasopharyngeal swab"|258500001|04/21/2022|Negative|260385009
48|4244|10D2214779||Grojean|Lorena||06/21/2013||Unknown|Unknown|FL|99999||Female|9999999999|"No Response"|0||0|0|0|0||0|Grojean||||||||"SARS-CoV-2 (COVID-19)"|Antigen|97097-0|"SARS-CoV-2 Ag Upper resp Ql IA.rapid"|"Nasopharyngeal swab"|258500001|04/21/2022|Negative|260385009
49|4244|10D2214779||Grojean|Nicolas||08/06/2015||Unknown|Unknown|FL|99999||Male|9999999999|"No Response"|0||0|0|0|0||0|Grojean||||||||"SARS-CoV-2 (COVID-19)"|Antigen|97097-0|"SARS-CoV-2 Ag Upper resp Ql IA.rapid"|"Nasopharyngeal swab"|258500001|04/21/2022|Negative|260385009
50|4244|10D2214779||Nakhid|Theresa||01/27/1967||"149 Lilt Avenue"|Henderson|FL|89011||Female|9179002911|"No Response"|0||0|0|0|1||0|Nakhid||||||||"SARS-CoV-2 (COVID-19)"|Antigen|97097-0|"SARS-CoV-2 Ag Upper resp Ql IA.rapid"|"Nasopharyngeal swab"|258500001|04/21/2022|Negative|260385009
51|4244|10D2214779||Ripley|Stephen||02/03/1968||"Ocean Spray Hotel, 4130 Collins Ave.,"|"Miami Beach, FL"|FL|33140||Male|9999999999|"No Response"|1||0|0|0|0||0|Ripley||||||||"SARS-CoV-2 (COVID-19)"|Antigen|97097-0|"SARS-CoV-2 Ag Upper resp Ql IA.rapid"|"Nasopharyngeal swab"|258500001|04/21/2022|Negative|260385009
52|4244|10D2214779||Nadler|Rita||09/01/1951||"Notebook Miami Beach, 216 43rd Street"|"Miami Beach, FL"|FL|33140||Female|17784892273|"No Response"|1||0|0|0|0||0|Nadler||||||||"SARS-CoV-2 (COVID-19)"|Antigen|97097-0|"SARS-CoV-2 Ag Upper resp Ql IA.rapid"|"Nasopharyngeal swab"|258500001|04/21/2022|Negative|260385009
53|4244|10D2214779||McKelvey|Loralie||05/25/1973||"4130 Collins Ave."|"Miami Beach, FL"|FL|33140||Female|9999999999|"No Response"|1||0|0|0|0||0|McKelvey||||||||"SARS-CoV-2 (COVID-19)"|Antigen|97097-0|"SARS-CoV-2 Ag Upper resp Ql IA.rapid"|"Nasopharyngeal swab"|258500001|04/21/2022|Negative|260385009
54|4244|10D2214779||Nadler|James||12/13/1947||"Notebook Miami Beach, 216 43rd Street"|"Miami Beach, FL"|FL|33140||Male|17784892273|"No Response"|1||0|0|0|0||0|Nadler||||||||"SARS-CoV-2 (COVID-19)"|Antigen|97097-0|"SARS-CoV-2 Ag Upper resp Ql IA.rapid"|"Nasopharyngeal swab"|258500001|04/21/2022|Negative|260385009
55|4244|10D2214779||Nielsen|Shirley||12/29/1950||"615 N Ocean Blvd.,  Pompano Beach"|Pompano|FL|33062||Female|+4526807336|"No Response"|0||0|1|0|0||0|Nielsen||||||||"SARS-CoV-2 (COVID-19)"|Antigen|97097-0|"SARS-CoV-2 Ag Upper resp Ql IA.rapid"|"Nasopharyngeal swab"|258500001|04/21/2022|Negative|260385009
56|4244|10D2214779||Nielsen|Flemming||12/16/1946||"615 N Ocean Blvd., Pompano Beach"|Pompano|FL|33062||Male|+4526807336|"No Response"|1||0|0|0|0||0|Nielsen||||||||"SARS-CoV-2 (COVID-19)"|Antigen|97097-0|"SARS-CoV-2 Ag Upper resp Ql IA.rapid"|"Nasopharyngeal swab"|258500001|04/21/2022|Negative|260385009
57|4244|10D2214779||Fotheringham|Janet||03/05/1954||"Hilton Garden Inn"|"Palm Beach Gardens"|FL|33410||Female|9999999999|"No Response"|1||0|0|0|0||0|Fotheringham||||||||"SARS-CoV-2 (COVID-19)"|Antigen|97097-0|"SARS-CoV-2 Ag Upper resp Ql IA.rapid"|"Nasopharyngeal swab"|258500001|04/21/2022|Negative|260385009
58|4244|10D2214779||Fotheringham|"Colin Hall"||07/05/1945||"Hilton Garden Inn"|"Palm Beach Gardens"|FL|33410||Male|9999999999|"No Response"|1||0|0|0|0||0|Fotheringham||||||||"SARS-CoV-2 (COVID-19)"|Antigen|97097-0|"SARS-CoV-2 Ag Upper resp Ql IA.rapid"|"Nasopharyngeal swab"|258500001|04/21/2022|Negative|260385009
59|4244|10D2214779||Halls|Michael||05/26/1948||"128 River Run Blvd"|"Ponte Vedra"|FL|32081||Male|9999999999|"No Response"|1||0|0|0|0||0|Halls||||||||"SARS-CoV-2 (COVID-19)"|Antigen|97097-0|"SARS-CoV-2 Ag Upper resp Ql IA.rapid"|"Nasopharyngeal swab"|258500001|04/21/2022|Negative|260385009
60|4244|10D2214779||Halls|Eileen||11/24/1947||"128 River Run Blvd"|"Ponte Vedra"|FL|32081||Female|9999999999|"No Response"|1||0|0|0|0||0|Halls||||||||"SARS-CoV-2 (COVID-19)"|Antigen|97097-0|"SARS-CoV-2 Ag Upper resp Ql IA.rapid"|"Nasopharyngeal swab"|258500001|04/21/2022|Negative|260385009
61|4244|10D2214779||Baker|Cornelia||02/03/1972||"163 North Castle Harbour Drive"|"Alys Beach"|FL|32461||Female|3343997581|"No Response"|1||0|0|0|0||0|Baker||||||||"SARS-CoV-2 (COVID-19)"|Antigen|97097-0|"SARS-CoV-2 Ag Upper resp Ql IA.rapid"|"Nasopharyngeal swab"|258500001|04/21/2022|Negative|260385009
62|4244|10D2214779||Smith|"Nancy Jane"||05/08/1950||"3621 Sir Michael Drive"|Montgomery|FL|36109||Female|3343997581|"No Response"|1||0|0|0|0||0|Smith||||||||"SARS-CoV-2 (COVID-19)"|Antigen|97097-0|"SARS-CoV-2 Ag Upper resp Ql IA.rapid"|"Nasopharyngeal swab"|258500001|04/21/2022|Negative|260385009
63|4244|10D2214779||Pipkin|Andrea||12/01/1964||"13376 71 Place North"|"West Palm Beach"|FL|33412||Female|5613518855|"No Response"|1||0|0|0|0||0|Pipkin||||||||"SARS-CoV-2 (COVID-19)"|Antigen|97097-0|"SARS-CoV-2 Ag Upper resp Ql IA.rapid"|"Nasopharyngeal swab"|258500001|04/21/2022|Negative|260385009
64|4244|10D2214779||Pipkin|Mark||12/25/1953||"13376 71 Place North"|"West Palm Beach"|FL|33412||Male|9999999999|"No Response"|1||0|0|0|0||0|Pipkin||||||||"SARS-CoV-2 (COVID-19)"|Antigen|97097-0|"SARS-CoV-2 Ag Upper resp Ql IA.rapid"|"Nasopharyngeal swab"|258500001|04/21/2022|Negative|260385009
65|4244|10D2214779||"van veen"|egbert||07/10/1972||Unknown|Unknown|FL|99999||Male|9999999999|"No Response"|1||0|0|0|0||0|"van veen"||||||||"SARS-CoV-2 (COVID-19)"|Antigen|97097-0|"SARS-CoV-2 Ag Upper resp Ql IA.rapid"|"Nasopharyngeal swab"|258500001|04/21/2022|Negative|260385009
66|4244|10D2214779||hoekstra|jakcomina||04/08/1971||Unknown|Unknown|FL|99999||Female|9999999999|"No Response"|1||0|0|0|0||0|hoekstra||||||||"SARS-CoV-2 (COVID-19)"|Antigen|97097-0|"SARS-CoV-2 Ag Upper resp Ql IA.rapid"|"Nasopharyngeal swab"|258500001|04/21/2022|Negative|260385009
67|4244|10D2214779||Quurke|"Andreas Wolfgang"||06/03/1968||"Marriott, 166 N Compass Way"|"Dania Beach"|FL|33004||Male|9999999999|"No Response"|1||0|0|0|0||0|Quurke||||||||"SARS-CoV-2 (COVID-19)"|Antigen|97097-0|"SARS-CoV-2 Ag Upper resp Ql IA.rapid"|"Nasopharyngeal swab"|258500001|04/21/2022|Negative|260385009
68|4244|10D2214779||Reinert|Anika||06/26/1989||"Marriott, 166 N Compass Way"|"Dania Beach"|FL|33004||Female|9999999999|"No Response"|1||0|0|0|0||0|Reinert||||||||"SARS-CoV-2 (COVID-19)"|Antigen|97097-0|"SARS-CoV-2 Ag Upper resp Ql IA.rapid"|"Nasopharyngeal swab"|258500001|04/21/2022|Negative|260385009
69|4244|10D2214779||Giampavolo|Magnolia||02/01/2018||"6080 Pollard rd"|Lakeland|FL|33812||Female|8638994190|"No Response"|1||0|0|0|0||0|Giampavolo||||||||"SARS-CoV-2 (COVID-19)"|PCR|94500-6|"SARS-CoV-2 RNA Resp Ql NAA+probe"|"Nasopharyngeal swab"|258500001|04/21/2022|Negative|260385009
70|4244|10D2214779||Pitti|Hector||06/10/1945||"4 abbey lane apt 207"|"Delray beac h"|FL|33446||Male|5612513574|"No Response"|0||0|0|0|0||0|Pitti||||||||"SARS-CoV-2 (COVID-19)"|PCR|94500-6|"SARS-CoV-2 RNA Resp Ql NAA+probe"|"Nasopharyngeal swab"|258500001|04/21/2022|Negative|260385009
71|4244|10D2214779||Bedard|Gaetan||03/13/1955||Unknown|Unknown|FL|99999||Male|5147079559|"No Response"|1||0|0|0|0||0|Bedard||||||||"SARS-CoV-2 (COVID-19)"|Antigen|97097-0|"SARS-CoV-2 Ag Upper resp Ql IA.rapid"|"Nasopharyngeal swab"|258500001|04/21/2022|Negative|260385009
72|4244|10D2214779||"Gaudreault Bedard"|Francine||10/31/1955||Unknown|Unknown|FL|99999||Female|5147079559|"No Response"|1||0|0|0|0||0|"Gaudreault Bedard"||||||||"SARS-CoV-2 (COVID-19)"|Antigen|97097-0|"SARS-CoV-2 Ag Upper resp Ql IA.rapid"|"Nasopharyngeal swab"|258500001|04/21/2022|Negative|260385009
73|4244|10D2214779||"da Cunha Garcia"|Bernardo||09/27/2016||Unknown|Unknown|FL|99999||Male|9999999999|"No Response"|1||0|0|0|0||0|"da Cunha Garcia"||||||||"SARS-CoV-2 (COVID-19)"|Antigen|97097-0|"SARS-CoV-2 Ag Upper resp Ql IA.rapid"|"Nasopharyngeal swab"|258500001|04/21/2022|Negative|260385009
74|4244|10D2214779||lloyd|Cyril||06/11/1962||"1400 treasure cove lane"|"Vero Beach"|FL|32963||Male|5166062156|"No Response"|0||0|0|0|0||0|lloyd||||||||"SARS-CoV-2 (COVID-19)"|Antigen|97097-0|"SARS-CoV-2 Ag Upper resp Ql IA.rapid"|"Nasopharyngeal swab"|258500001|04/21/2022|Negative|260385009
75|4244|10D2214779||Chenault|Christy||04/23/1972||"1400 treasure cove lane"|"Vero beach"|FL|32963||Female|2542208105|"No Response"|0||0|1|0|0||0|Chenault||||||||"SARS-CoV-2 (COVID-19)"|Antigen|97097-0|"SARS-CoV-2 Ag Upper resp Ql IA.rapid"|"Nasopharyngeal swab"|258500001|04/21/2022|Negative|260385009
76|4244|10D2214779||Feyen|Francois||01/09/1947||"Courtyard nu Marriott Orlando Lake Buena Vista"|"Lake Buena Vista"|FL|32821||Male|7863962445|"No Response"|1||0|0|0|0||0|Feyen||||||||"SARS-CoV-2 (COVID-19)"|Antigen|97097-0|"SARS-CoV-2 Ag Upper resp Ql IA.rapid"|"Nasopharyngeal swab"|258500001|04/21/2022|Negative|260385009
77|4244|10D2214779||"De Schutter"|Diane||01/07/1952||"Courtyard by Marriott Lake Buena Vista Orlando"|"Lake Buena Vista"|FL|32821||Female|0496284064|"No Response"|1||0|0|0|0||0|"De Schutter"||||||||"SARS-CoV-2 (COVID-19)"|Antigen|97097-0|"SARS-CoV-2 Ag Upper resp Ql IA.rapid"|"Nasopharyngeal swab"|258500001|04/21/2022|Negative|260385009
78|4244|10D2214779||Morales|Jose||10/17/1969||"10200 N. Armenia Ave, Apt. 3001"|Tampa|FL|33612||Male|8133821192|"No Response"|0||0|0|0|0||0|Morales||||||||"SARS-CoV-2 (COVID-19)"|Antigen|97097-0|"SARS-CoV-2 Ag Upper resp Ql IA.rapid"|"Nasopharyngeal swab"|258500001|04/21/2022|Negative|260385009
79|4244|10D2214779||Yager|Kristin||08/05/1975||"1729 Bonser Road"|Minneola|FL|34715||Female|4074468059|"No Response"|1||0|0|0|0||0|Yager||||||||"SARS-CoV-2 (COVID-19)"|Antigen|97097-0|"SARS-CoV-2 Ag Upper resp Ql IA.rapid"|"Nasopharyngeal swab"|258500001|04/21/2022|Negative|260385009
80|4244|10D2214779||Nater|"Alfred Carl"||07/04/1961||"1140 Seabreeze Blvd"|"Fort Lauderdale"|FL|33316||Male|9999999999|"No Response"|1||0|0|0|0||0|Nater||||||||"SARS-CoV-2 (COVID-19)"|Antigen|97097-0|"SARS-CoV-2 Ag Upper resp Ql IA.rapid"|"Nasopharyngeal swab"|258500001|04/21/2022|Negative|260385009
81|4244|10D2214779||Hudson|John||06/12/1961||"3450 NW 91st Ave."|Doral|FL|33172||Male|4259028874|"No Response"|1||0|0|0|0||0|Hudson||||||||"SARS-CoV-2 (COVID-19)"|PCR|94500-6|"SARS-CoV-2 RNA Resp Ql NAA+probe"|"Nasopharyngeal swab"|258500001|04/21/2022|Negative|260385009
82|4244|10D2214779||Jackson|Sherry||10/08/1967||"7027 W Broward Blvd #308"|Plantation|FL|33317||Female|9366972775|"No Response"|1||0|0|0|0||0|Jackson||||||||"SARS-CoV-2 (COVID-19)"|Antigen|97097-0|"SARS-CoV-2 Ag Upper resp Ql IA.rapid"|"Nasopharyngeal swab"|258500001|04/21/2022|Negative|260385009
83|4244|10D2214779||Roach|Hubert||02/27/1955||"2844 Painted Canyon Way"|Denver|FL|80129||Male|7174344655|"No Response"|1||0|0|0|0||0|Roach||||||||"SARS-CoV-2 (COVID-19)"|Antigen|97097-0|"SARS-CoV-2 Ag Upper resp Ql IA.rapid"|"Nasopharyngeal swab"|258500001|04/21/2022|Negative|260385009
84|4244|10D2214779||Gubelmann|Peter||08/04/1955||"4625 North Ocean Drive"|"Fort Lauderdale"|FL|33308||Male|9999999999|"No Response"|1||0|0|0|0||0|Gubelmann||||||||"SARS-CoV-2 (COVID-19)"|Antigen|97097-0|"SARS-CoV-2 Ag Upper resp Ql IA.rapid"|"Nasopharyngeal swab"|258500001|04/21/2022|Negative|260385009
85|4244|10D2214779||Stevenson|Ryan||03/21/2011||Unknown|Unknown|FL|99999||Male|9999999999|"No Response"|1||0|0|0|0||0|Stevenson||||||||"SARS-CoV-2 (COVID-19)"|Antigen|97097-0|"SARS-CoV-2 Ag Upper resp Ql IA.rapid"|"Nasopharyngeal swab"|258500001|04/21/2022|Negative|260385009
86|4244|10D2214779||Macleod|Innes||07/11/1994||"5039 Solar Point Drive"|Greenacres|FL|33463||Male|9999999999|"No Response"|1||0|0|0|0||0|Macleod||||||||"SARS-CoV-2 (COVID-19)"|Antigen|97097-0|"SARS-CoV-2 Ag Upper resp Ql IA.rapid"|"Nasopharyngeal swab"|258500001|04/21/2022|Negative|260385009
87|4244|10D2214779||Jackson|India||12/08/1994||Unknown|Unknown|FL|99999||Female|7863962445|"No Response"|0||0|0|0|1||0|Jackson||||||||"SARS-CoV-2 (COVID-19)"|PCR|94500-6|"SARS-CoV-2 RNA Resp Ql NAA+probe"|"Nasopharyngeal swab"|258500001|04/21/2022|Negative|260385009
88|4244|10D2214779||Meher|Sonia||06/28/1980||"Hilton Grand vacation suites ,"|"Las vegas"|FL|89101||Female|8486488031|"No Response"|0||0|0|0|1||0|Meher||||||||"SARS-CoV-2 (COVID-19)"|Antigen|97097-0|"SARS-CoV-2 Ag Upper resp Ql IA.rapid"|"Nasopharyngeal swab"|258500001|04/21/2022|Negative|260385009
89|4244|10D2214779||Mukit|Mohammed||12/04/1976||"Hilton Las Vegas vacation suites"|"Las vegas"|FL|89101||Male|8484688031|"No Response"|0||0|0|0|1||0|Mukit||||||||"SARS-CoV-2 (COVID-19)"|Antigen|97097-0|"SARS-CoV-2 Ag Upper resp Ql IA.rapid"|"Nasopharyngeal swab"|258500001|04/21/2022|Negative|260385009
90|4244|10D2214779||Shikder|Ronon||01/06/2010||"Hilton Las Vegas vacation suites"|"Las Vegas"|FL|89101||Male|8484688031|"No Response"|0||0|0|0|1||0|Shikder||||||||"SARS-CoV-2 (COVID-19)"|Antigen|97097-0|"SARS-CoV-2 Ag Upper resp Ql IA.rapid"|"Nasopharyngeal swab"|258500001|04/21/2022|Negative|260385009
91|4244|10D2214779||Shikder|Rodela||01/28/2016||"Hilton Las Vegas vacations suites"|"Las Vegas"|FL|89101||Female|8484688021|"No Response"|0||0|0|0|1||0|Shikder||||||||"SARS-CoV-2 (COVID-19)"|Antigen|97097-0|"SARS-CoV-2 Ag Upper resp Ql IA.rapid"|"Nasopharyngeal swab"|258500001|04/21/2022|Negative|260385009
92|4244|10D2214779||Francois|Hernandez||09/19/1988||"1800 Spring Stuebner Rd"|Spring|FL|77389||Male|5615587655|"No Response"|0||0|0|0|0||0|Francois||||||||"SARS-CoV-2 (COVID-19)"|Antigen|97097-0|"SARS-CoV-2 Ag Upper resp Ql IA.rapid"|"Nasopharyngeal swab"|258500001|04/21/2022|Negative|260385009
93|4244|10D2214779||Salvato|Francesca||04/05/2004||Unknown|Unknown|FL|99999||Female|7863962445|"No Response"|0||0|0|0|0||0|Salvato||||||||"SARS-CoV-2 (COVID-19)"|PCR|94500-6|"SARS-CoV-2 RNA Resp Ql NAA+probe"|"Nasopharyngeal swab"|258500001|04/21/2022|Negative|260385009
94|4244|10D2214779||Guzzo|Giovanni||03/23/1985||Unknown|Unknown|FL|99999||Male|7863962445|"No Response"|1||0|0|0|0||0|Guzzo||||||||"SARS-CoV-2 (COVID-19)"|Antigen|97097-0|"SARS-CoV-2 Ag Upper resp Ql IA.rapid"|"Nasopharyngeal swab"|258500001|04/21/2022|Negative|260385009
95|4244|10D2214779||Cipollini|Chiara||07/19/1986||Unknown|Unknown|FL|99999||Female|7863962445|"No Response"|1||0|0|0|0||0|Cipollini||||||||"SARS-CoV-2 (COVID-19)"|Antigen|97097-0|"SARS-CoV-2 Ag Upper resp Ql IA.rapid"|"Nasopharyngeal swab"|258500001|04/21/2022|Negative|260385009
96|4244|10D2214779||Guzzo|Ginevra||12/18/2017||Unknown|Unknown|FL|99999||Female|7863962445|"No Response"|1||0|0|0|0||0|Guzzo||||||||"SARS-CoV-2 (COVID-19)"|Antigen|97097-0|"SARS-CoV-2 Ag Upper resp Ql IA.rapid"|"Nasopharyngeal swab"|258500001|04/21/2022|Negative|260385009
97|4244|10D2214779||Randviir|Kally||01/01/1970||Unknown|Unknown|FL|99999||Female|9999999999|"No Response"|1||0|0|0|0||0|Randviir||||||||"SARS-CoV-2 (COVID-19)"|Antigen|97097-0|"SARS-CoV-2 Ag Upper resp Ql IA.rapid"|"Nasopharyngeal swab"|258500001|04/21/2022|Negative|260385009
98|4244|10D2214779||Klemola|Ninnu||01/01/1970||Unknown|Unknown|FL|99999||Female|9999999999|"No Response"|1||0|0|0|0||0|Klemola||||||||"SARS-CoV-2 (COVID-19)"|Antigen|97097-0|"SARS-CoV-2 Ag Upper resp Ql IA.rapid"|"Nasopharyngeal swab"|258500001|04/21/2022|Negative|260385009
99|4244|10D2214779||Randviir|Adriana||11/02/2005||Unknown|Unknown|FL|99999||Female|0451781548|"No Response"|1||0|0|0|0||0|Randviir||||||||"SARS-CoV-2 (COVID-19)"|Antigen|97097-0|"SARS-CoV-2 Ag Upper resp Ql IA.rapid"|"Nasopharyngeal swab"|258500001|04/21/2022|Negative|260385009
100|4244|10D2214779||Randviir|"Eleanora Johanna"||05/28/2002||Unknown|Unknown|FL|99999||Female|9999999999|"No Response"|1||0|0|0|0||0|Randviir||||||||"SARS-CoV-2 (COVID-19)"|Antigen|97097-0|"SARS-CoV-2 Ag Upper resp Ql IA.rapid"|"Nasopharyngeal swab"|258500001|04/21/2022|Negative|260385009
101|4244|10D2214779||Randviir|Riido||10/09/1971||Unknown|Unknown|FL|99999||Male|7863962445|"No Response"|1||0|0|0|0||0|Randviir||||||||"SARS-CoV-2 (COVID-19)"|Antigen|97097-0|"SARS-CoV-2 Ag Upper resp Ql IA.rapid"|"Nasopharyngeal swab"|258500001|04/21/2022|Negative|260385009
102|4244|10D2214779||cabrera|carlos||02/18/1957||"235 west 75 pl"|hialeah|FL|33014||Male|7863034091|"No Response"|0||0|0|0|0||0|cabrera||||||||"SARS-CoV-2 (COVID-19)"|Antigen|97097-0|"SARS-CoV-2 Ag Upper resp Ql IA.rapid"|"Nasopharyngeal swab"|258500001|04/21/2022|Negative|260385009
103|4244|10D2214779||Supersad|Neela||04/24/1978||12400|Orlando|FL|99999||Female|18683506400|"No Response"|0||0|0|0|1||0|Supersad||||||||"SARS-CoV-2 (COVID-19)"|Antigen|97097-0|"SARS-CoV-2 Ag Upper resp Ql IA.rapid"|"Nasopharyngeal swab"|258500001|04/21/2022|Negative|260385009
104|4244|10D2214779||Gildharie|Sunil||12/09/1972||"12400 International Drive"|Orlando|FL|32821||Male|18686813025|"No Response"|0||0|0|0|1||0|Gildharie||||||||"SARS-CoV-2 (COVID-19)"|Antigen|97097-0|"SARS-CoV-2 Ag Upper resp Ql IA.rapid"|"Nasopharyngeal swab"|258500001|04/21/2022|Negative|260385009
105|4244|10D2214779||Reynolds|Thomas||04/06/1963||Unknown|Unknown|FL|99999||Male|9999999999|"No Response"|1||0|0|0|0||0|Reynolds||||||||"SARS-CoV-2 (COVID-19)"|Antigen|97097-0|"SARS-CoV-2 Ag Upper resp Ql IA.rapid"|"Nasopharyngeal swab"|258500001|04/21/2022|Negative|260385009
106|4244|10D2214779||Reynolds|Alison||03/08/1958||Unknown|Unknown|FL|99999||Female|9999999999|"No Response"|1||0|0|0|0||0|Reynolds||||||||"SARS-CoV-2 (COVID-19)"|Antigen|97097-0|"SARS-CoV-2 Ag Upper resp Ql IA.rapid"|"Nasopharyngeal swab"|258500001|04/21/2022|Negative|260385009
107|4244|10D2214779||"Macari Patino"|"Maria del Carmen"||09/25/1960||Unknown|Unknown|FL|99999||Female|7863962445|"No Response"|0||0|0|0|0||1|"Macari Patino"||||||||"SARS-CoV-2 (COVID-19)"|Antigen|97097-0|"SARS-CoV-2 Ag Upper resp Ql IA.rapid"|"Nasopharyngeal swab"|258500001|04/21/2022|Negative|260385009
108|4244|10D2214779||"Ordaz Bautista"|Carlos||01/14/1959||Unknown|Unknown|FL|99999||Male|7863962445|"No Response"|0||0|0|0|0||1|"Ordaz Bautista"||||||||"SARS-CoV-2 (COVID-19)"|Antigen|97097-0|"SARS-CoV-2 Ag Upper resp Ql IA.rapid"|"Nasopharyngeal swab"|258500001|04/21/2022|Negative|260385009
109|4244|10D2214779||Walker|Larry||12/01/1966||"1667 Flagler Pkwy"|"West Palm Beach"|FL|33411||Male|3039031900|"No Response"|1||0|0|0|0||0|Walker||||||||"SARS-CoV-2 (COVID-19)"|PCR|94500-6|"SARS-CoV-2 RNA Resp Ql NAA+probe"|"Nasopharyngeal swab"|258500001|04/21/2022|Negative|260385009
110|4244|10D2214779||Szczepanski|Donna||04/20/1967||"1667 Flagler Parkway"|"West Palm Beach"|FL|33411||Female|9999999999|"No Response"|1||0|0|0|0||0|Szczepanski||||||||"SARS-CoV-2 (COVID-19)"|PCR|94500-6|"SARS-CoV-2 RNA Resp Ql NAA+probe"|"Nasopharyngeal swab"|258500001|04/21/2022|Negative|260385009
111|4244|10D2214779||Oliveira|"Ana Cristina"||08/19/1969||Unknown|Unknown|FL|99999||Female|7863962445|"No Response"|0||0|0|0|0||1|Oliveira||||||||"SARS-CoV-2 (COVID-19)"|Antigen|97097-0|"SARS-CoV-2 Ag Upper resp Ql IA.rapid"|"Nasopharyngeal swab"|258500001|04/21/2022|Negative|260385009
112|4244|10D2214779||"Bruza Sa"|Marilene||06/11/1960||Unknown|Unknown|FL|99999||Female|7863962445|"No Response"|0||0|0|0|0||1|"Bruza Sa"||||||||"SARS-CoV-2 (COVID-19)"|Antigen|97097-0|"SARS-CoV-2 Ag Upper resp Ql IA.rapid"|"Nasopharyngeal swab"|258500001|04/21/2022|Negative|260385009
113|4244|10D2214779||Garewal|Tristan||05/14/2015||Unknown|Unknown|FL|99999||Male|4163335488|"No Response"|0||0|0|0|1||0|Garewal||||||||"SARS-CoV-2 (COVID-19)"|Antigen|97097-0|"SARS-CoV-2 Ag Upper resp Ql IA.rapid"|"Nasopharyngeal swab"|258500001|04/21/2022|Negative|260385009
114|4244|10D2214779||Garewal|Tristan||05/14/2015||Unknown|Unknown|FL|99999||Male|4163335488|"No Response"|0||0|0|0|1||0|Garewal||||||||"SARS-CoV-2 (COVID-19)"|Antigen|97097-0|"SARS-CoV-2 Ag Upper resp Ql IA.rapid"|"Nasopharyngeal swab"|258500001|04/21/2022|Negative|260385009
115|4244|10D2214779||Tavera|Oscar||12/17/1957||"970 Karst Tree Ln"|Apopka|FL|32703||Male|4072192132|"No Response"|0||0|0|0|0||0|Tavera||||||||"SARS-CoV-2 (COVID-19)"|Antigen|97097-0|"SARS-CoV-2 Ag Upper resp Ql IA.rapid"|"Nasopharyngeal swab"|258500001|04/21/2022|Negative|260385009
116|4244|10D2214779||Bienenfeld|Adam||06/12/1985||"88 fieldstone drive"|Springfield|FL|07081||Male|9542950990|"No Response"|1||0|0|0|0||0|Bienenfeld||||||||"SARS-CoV-2 (COVID-19)"|Antigen|97097-0|"SARS-CoV-2 Ag Upper resp Ql IA.rapid"|"Nasopharyngeal swab"|258500001|04/21/2022|Negative|260385009
117|4244|10D2214779||Bienenfeld|Jessica||12/19/1986||"88 fieldstone drive"|Springfield|FL|07081||Female|9542950990|"No Response"|1||0|0|0|0||0|Bienenfeld||||||||"SARS-CoV-2 (COVID-19)"|Antigen|97097-0|"SARS-CoV-2 Ag Upper resp Ql IA.rapid"|"Nasopharyngeal swab"|258500001|04/21/2022|Negative|260385009
118|4244|10D2214779||McDavid|Maurice||03/09/1963||"460 NE 151st St"|Miami|FL|33162||Male|9517044426|"No Response"|0||0|0|0|1||0|McDavid||||||||"SARS-CoV-2 (COVID-19)"|PCR|94500-6|"SARS-CoV-2 RNA Resp Ql NAA+probe"|"Nasopharyngeal swab"|258500001|04/21/2022|Negative|260385009
119|4244|10D2214779||Amir|"Madison Hannah"||02/09/2003||Unknown|Unknown|FL|99999||Female|9546735444|"No Response"|0||0|0|0|1||0|Amir||||||||"SARS-CoV-2 (COVID-19)"|Antigen|97097-0|"SARS-CoV-2 Ag Upper resp Ql IA.rapid"|"Nasopharyngeal swab"|258500001|04/21/2022|Negative|260385009
120|4244|10D2214779||"Ryan Jr"|"Ken Elexter"||08/16/1994||"2113 renaissance blvd"|miramar|FL|33025||Male|7863962445|"No Response"|0||0|0|0|0||0|"Ryan Jr"||||||||"SARS-CoV-2 (COVID-19)"|Antigen|97097-0|"SARS-CoV-2 Ag Upper resp Ql IA.rapid"|"Nasopharyngeal swab"|258500001|04/21/2022|Negative|260385009
121|4244|10D2214779||Swan|"Kaela Nicole"||07/27/1995||"2113 renaissance blvd"|miramar|FL|33025||Female|7863962445|"No Response"|0||0|0|0|0||0|Swan||||||||"SARS-CoV-2 (COVID-19)"|Antigen|97097-0|"SARS-CoV-2 Ag Upper resp Ql IA.rapid"|"Nasopharyngeal swab"|258500001|04/21/2022|Negative|260385009
122|4244|10D2214779||Grehn|Erik||04/28/1969||"1331 S Federal Hwy"|"Boynton Beach"|FL|33435||Male|3057200723|"No Response"|1||0|0|0|0||0|Grehn||||||||"SARS-CoV-2 (COVID-19)"|Antigen|97097-0|"SARS-CoV-2 Ag Upper resp Ql IA.rapid"|"Nasopharyngeal swab"|258500001|04/21/2022|Negative|260385009
123|4244|10D2214779||Cohen|Ronalyn||05/11/1985||Unknown|Unknown|FL|99999||Female|7863962445|"No Response"|0||0|0|0|1||0|Cohen||||||||"SARS-CoV-2 (COVID-19)"|PCR|94500-6|"SARS-CoV-2 RNA Resp Ql NAA+probe"|"Nasopharyngeal swab"|258500001|04/21/2022|Negative|260385009
124|4244|10D2214779||Lindberg|"Steen Fabricius"||05/25/1946||Unknown|Unknown|FL|99999||Male|7863962445|"No Response"|0||0|0|0|0||1|Lindberg||||||||"SARS-CoV-2 (COVID-19)"|Antigen|97097-0|"SARS-CoV-2 Ag Upper resp Ql IA.rapid"|"Nasopharyngeal swab"|258500001|04/21/2022|Positive|10828004
125|4244|10D2214779||Lindberg|"Birgitte Damgaard"||01/01/1970||Unknown|Unknown|FL|99999||Female|7863962445|"No Response"|0||0|0|0|0||1|Lindberg||||||||"SARS-CoV-2 (COVID-19)"|Antigen|97097-0|"SARS-CoV-2 Ag Upper resp Ql IA.rapid"|"Nasopharyngeal swab"|258500001|04/21/2022|Positive|10828004
126|4244|10D2214779||"Linton Robinson"|"Cheryl Denise"||12/18/1958||Unknown|Unknown|FL|99999||Female|3057670189|"No Response"|0||0|0|0|1||0|"Linton Robinson"||||||||"SARS-CoV-2 (COVID-19)"|PCR|94500-6|"SARS-CoV-2 RNA Resp Ql NAA+probe"|"Nasopharyngeal swab"|258500001|04/21/2022|Negative|260385009
127|4244|10D2214779||Robinson|William||12/05/1956||Unknown|Unknown|FL|99999||Male|7862348356|"No Response"|0||0|0|0|1||0|Robinson||||||||"SARS-CoV-2 (COVID-19)"|PCR|94500-6|"SARS-CoV-2 RNA Resp Ql NAA+probe"|"Nasopharyngeal swab"|258500001|04/21/2022|Negative|260385009
128|4244|10D2214779||Pradella|Silvio||04/25/1956||"Hampton inn"|"Pompano beach"|FL|99999||Male|12424249491|"No Response"|1||0|0|0|0||0|Pradella||||||||"SARS-CoV-2 (COVID-19)"|Antigen|97097-0|"SARS-CoV-2 Ag Upper resp Ql IA.rapid"|"Nasopharyngeal swab"|258500001|04/21/2022|Negative|260385009
129|4244|10D2214779||"Brazon Zambrano"|"Karen Vanessa"||11/21/1984||Unknown|Unknown|FL|99999||Female|5618086435|"No Response"|0||0|0|0|0||1|"Brazon Zambrano"||||||||"SARS-CoV-2 (COVID-19)"|Antigen|97097-0|"SARS-CoV-2 Ag Upper resp Ql IA.rapid"|"Nasopharyngeal swab"|258500001|04/21/2022|Negative|260385009
130|4244|10D2214779||Gantois|Mariana||10/09/1978||"6300 hollywood way"|Orlando|FL|32819||Female|9999999999|"No Response"|0||0|0|0|0||0|Gantois||||||||"SARS-CoV-2 (COVID-19)"|Antigen|97097-0|"SARS-CoV-2 Ag Upper resp Ql IA.rapid"|"Nasopharyngeal swab"|258500001|04/21/2022|Negative|260385009
131|4244|10D2214779||Gantois|Samuel||03/06/2018||"6300 Hollywood Way"|Orlando|FL|32819||Male|9999999999|"No Response"|0||0|0|0|0||0|Gantois||||||||"SARS-CoV-2 (COVID-19)"|Antigen|97097-0|"SARS-CoV-2 Ag Upper resp Ql IA.rapid"|"Nasopharyngeal swab"|258500001|04/21/2022|Negative|260385009
132|4244|10D2214779||Gantois|Alexandre||02/25/1971||"6300 Hollywood way"|Orlando|FL|32819||Male|9999999999|"No Response"|0||0|0|0|0||0|Gantois||||||||"SARS-CoV-2 (COVID-19)"|Antigen|97097-0|"SARS-CoV-2 Ag Upper resp Ql IA.rapid"|"Nasopharyngeal swab"|258500001|04/21/2022|Negative|260385009
133|4244|10D2214779||Vidal|Germano||07/21/1948||"6300 Hollywood Way"|Orlando|FL|32819||Male|9999999999|"No Response"|0||0|0|0|0||0|Vidal||||||||"SARS-CoV-2 (COVID-19)"|Antigen|97097-0|"SARS-CoV-2 Ag Upper resp Ql IA.rapid"|"Nasopharyngeal swab"|258500001|04/21/2022|Negative|260385009
134|4244|10D2214779||Gantois|Mateus||08/22/2011||"6300 Hollywood Way"|Orlando|FL|32819||Male|9999999999|"No Response"|0||0|0|0|0||0|Gantois||||||||"SARS-CoV-2 (COVID-19)"|Antigen|97097-0|"SARS-CoV-2 Ag Upper resp Ql IA.rapid"|"Nasopharyngeal swab"|258500001|04/21/2022|Negative|260385009
135|4244|10D2214779||Gantois|Giovana||11/03/2019||"6300 Hollywood Way"|Orlando|FL|32819||Female|9999999999|"No Response"|0||0|0|0|0||0|Gantois||||||||"SARS-CoV-2 (COVID-19)"|Antigen|97097-0|"SARS-CoV-2 Ag Upper resp Ql IA.rapid"|"Nasopharyngeal swab"|258500001|04/21/2022|Negative|260385009
136|4244|10D2214779||Pinto|Nilva||06/21/1956||"6300 Hollywood Way"|Orlando|FL|32819||Female|9999999999|"No Response"|0||0|0|0|0||0|Pinto||||||||"SARS-CoV-2 (COVID-19)"|Antigen|97097-0|"SARS-CoV-2 Ag Upper resp Ql IA.rapid"|"Nasopharyngeal swab"|258500001|04/21/2022|Negative|260385009
