RecordID|FacilityID|CLIAID|PatientID|LastName|FirstName|MiddleName|DOB|SSN|StreetAddress|City|State|Zip|County|Gender|PhoneNumber|Ethnicity|RaceWhite|RaceBlack|RaceAmericanIndianAlaskanNative|RaceAsian|RaceNativeHawaiianOrOtherPacificIslander|RaceOther|RaceUnknown|RaceNoResponse|ProviderName|NPI|Pregnant|SchoolAssociation|SchoolName|MeetILIDefinition|PerformingLab|AccessionNumber|Pathogen|TestType|LOINC|LOINCShortName|SpecimenCollectionType|SpecimenSNOMED|SpecimenCollectedDate|Result|ResultSNOMED
1|4244|10D2214779||Hirschman|Michael||11/11/1941||"201 Greenbrier A"|"West Palm Beach FL"|FL|33417||Male|9122663281|"No Response"|1||0|0|0|0||0|Hirschman||||||||"SARS-CoV-2 (COVID-19)"|Antigen|97097-0|"SARS-CoV-2 Ag Upper resp Ql IA.rapid"|"Nasopharyngeal swab"|258500001|04/28/2022|Negative|260385009
2|4244|10D2214779||Hirschman|Michael||11/11/1941||"201 Greenbrier A"|"West Palm Beach FL"|FL|33417||Male|9122663281|"No Response"|1||0|0|0|0||0|Hirschman||||||||"SARS-CoV-2 (COVID-19)"|Antigen|97097-0|"SARS-CoV-2 Ag Upper resp Ql IA.rapid"|"Nasopharyngeal swab"|258500001|04/28/2022|Negative|260385009
3|4244|10D2214779||Skemp|Susan||07/24/1944||"450 N Federal Highway Apt 807"|"Boynton Beach"|FL|33435||Female|9999999999|"No Response"|1||0|0|0|0||0|Skemp||||||||"SARS-CoV-2 (COVID-19)"|Antigen|97097-0|"SARS-CoV-2 Ag Upper resp Ql IA.rapid"|"Nasopharyngeal swab"|258500001|04/28/2022|Negative|260385009
4|4244|10D2214779||Schneidau|william||10/08/1956||"6271 shadow tree lane"|"lake worth"|FL|33463||Male|5613853825|"No Response"|1||0|0|0|0||0|Schneidau||||||||"SARS-CoV-2 (COVID-19)"|Antigen|97097-0|"SARS-CoV-2 Ag Upper resp Ql IA.rapid"|"Nasopharyngeal swab"|258500001|04/28/2022|Negative|260385009
5|4244|10D2214779||Thompson|Judith||11/30/1968||"1650 SW 145 Ave"|"Pembroke Pines"|FL|33027||Female|12424226665|"No Response"|0||0|0|0|0||0|Thompson||||||||"SARS-CoV-2 (COVID-19)"|Antigen|97097-0|"SARS-CoV-2 Ag Upper resp Ql IA.rapid"|"Nasopharyngeal swab"|258500001|04/28/2022|Negative|260385009
6|4244|10D2214779||Hernandez|Liliana||04/24/2003||"8760 Man O War Road"|"Palm Beach Gardens"|FL|33418||Female|5614274171|"No Response"|1||0|0|0|0||0|Hernandez||||||||"SARS-CoV-2 (COVID-19)"|PCR|94500-6|"SARS-CoV-2 RNA Resp Ql NAA+probe"|"Nasopharyngeal swab"|258500001|04/28/2022|Negative|260385009
7|4244|10D2214779||Sibilia|"Michael Giovanni"||09/29/1974||"1435 NE 180th Street"|"North Miami Beach"|FL|33162||Male|7866700437|"No Response"|0||0|0|0|1||0|Sibilia||||||||"SARS-CoV-2 (COVID-19)"|Antigen|97097-0|"SARS-CoV-2 Ag Upper resp Ql IA.rapid"|"Nasopharyngeal swab"|258500001|04/28/2022|Negative|260385009
8|4244|10D2214779||Schneidau|william||10/08/1956||"6271 Shadow Tree Lane"|"Lake Worth"|FL|33463||Male|5613853825|"No Response"|1||0|0|0|0||0|Schneidau||||||||"SARS-CoV-2 (COVID-19)"|Antigen|97097-0|"SARS-CoV-2 Ag Upper resp Ql IA.rapid"|"Nasopharyngeal swab"|258500001|04/28/2022|Negative|260385009
9|4244|10D2214779||schneidau|louann||08/19/1960||"6271 Shadow Tree Lane"|"Lake Worth"|FL|33463||Female|5616628841|"No Response"|1||0|0|0|0||0|schneidau||||||||"SARS-CoV-2 (COVID-19)"|Antigen|97097-0|"SARS-CoV-2 Ag Upper resp Ql IA.rapid"|"Nasopharyngeal swab"|258500001|04/28/2022|Negative|260385009
10|4244|10D2214779||Sibilia|"Michael Giovanni"||09/29/1974||"1435 NE 180th"|"North Miami Beach"|FL|33162||Male|7866700437|"No Response"|0||0|0|0|1||0|Sibilia||||||||"SARS-CoV-2 (COVID-19)"|Antigen|97097-0|"SARS-CoV-2 Ag Upper resp Ql IA.rapid"|"Nasopharyngeal swab"|258500001|04/28/2022|Negative|260385009
11|4244|10D2214779||Schneidau|william||10/08/1956||"6271 shadow tree lane"|"lake worth"|FL|33463||Male|5613853825|"No Response"|1||0|0|0|0||0|Schneidau||||||||"SARS-CoV-2 (COVID-19)"|Antigen|97097-0|"SARS-CoV-2 Ag Upper resp Ql IA.rapid"|"Nasopharyngeal swab"|258500001|04/28/2022|Negative|260385009
12|4244|10D2214779||schneidau|louann||08/19/1960||"6271 shadow tree lane"|"lake worth"|FL|33463||Female|5616628841|"No Response"|1||0|0|0|0||0|schneidau||||||||"SARS-CoV-2 (COVID-19)"|Antigen|97097-0|"SARS-CoV-2 Ag Upper resp Ql IA.rapid"|"Nasopharyngeal swab"|258500001|04/28/2022|Negative|260385009
13|4244|10D2214779||Thompson|Judith||11/30/1968||"321 North Fort Lauderdale Beach Blvd"|"Fort Lauderdale"|FL|33304||Female|12424226665|"No Response"|0||0|0|0|0||0|Thompson||||||||"SARS-CoV-2 (COVID-19)"|Antigen|97097-0|"SARS-CoV-2 Ag Upper resp Ql IA.rapid"|"Nasopharyngeal swab"|258500001|04/28/2022|Negative|260385009
14|4244|10D2214779||Skemp|Susan||07/24/1944||"450 N Fed Hwy - Apt 807N"|"Boynton Beach"|FL|33435||Female|9999999999|"No Response"|1||0|0|0|0||0|Skemp||||||||"SARS-CoV-2 (COVID-19)"|Antigen|97097-0|"SARS-CoV-2 Ag Upper resp Ql IA.rapid"|"Nasopharyngeal swab"|258500001|04/28/2022|Negative|260385009
15|4244|10D2214779||Skemp|Susan||07/24/1944||"450 N Fed Hwy - Apt 807N"|"Boynton Beach"|FL|33435||Female|9999999999|"No Response"|1||0|0|0|0||0|Skemp||||||||"SARS-CoV-2 (COVID-19)"|Antigen|97097-0|"SARS-CoV-2 Ag Upper resp Ql IA.rapid"|"Nasopharyngeal swab"|258500001|04/28/2022|Negative|260385009
16|4244|10D2214779||Hirschman|Michael||11/11/1941||"201 Greenbrier A"|"West Palm Beach"|FL|33417||Male|9122663281|"No Response"|1||0|0|0|0||0|Hirschman||||||||"SARS-CoV-2 (COVID-19)"|Antigen|97097-0|"SARS-CoV-2 Ag Upper resp Ql IA.rapid"|"Nasopharyngeal swab"|258500001|04/28/2022|Negative|260385009
17|4244|10D2214779||Hirschman|Michael||11/11/1941||"201 Greenbrier A"|"West Palm Beach"|FL|33417||Male|9122663281|"No Response"|1||0|0|0|0||0|Hirschman||||||||"SARS-CoV-2 (COVID-19)"|Antigen|97097-0|"SARS-CoV-2 Ag Upper resp Ql IA.rapid"|"Nasopharyngeal swab"|258500001|04/28/2022|Negative|260385009
18|4244|10D2214779||Hirschman|Michael||11/11/1941||"201Greenbrier A"|"West Palm Beach"|FL|33417||Male|9122663281|"No Response"|1||0|0|0|0||0|Hirschman||||||||"SARS-CoV-2 (COVID-19)"|Antigen|97097-0|"SARS-CoV-2 Ag Upper resp Ql IA.rapid"|"Nasopharyngeal swab"|258500001|04/28/2022|Negative|260385009
19|4244|10D2214779||Hirschman|Michael||11/11/1941||"201Greenbrier A"|"West Palm Beach"|FL|33417||Male|9122663281|"No Response"|1||0|0|0|0||0|Hirschman||||||||"SARS-CoV-2 (COVID-19)"|Antigen|97097-0|"SARS-CoV-2 Ag Upper resp Ql IA.rapid"|"Nasopharyngeal swab"|258500001|04/28/2022|Negative|260385009
20|4244|10D2214779||Gajadien|Vinay||05/30/1976||"8501 Palm Parkway"|Orlando|FL|32836||Male|9999999999|"No Response"|0||0|0|0|1||0|Gajadien||||||||"SARS-CoV-2 (COVID-19)"|Antigen|97097-0|"SARS-CoV-2 Ag Upper resp Ql IA.rapid"|"Nasopharyngeal swab"|258500001|04/28/2022|Negative|260385009
21|4244|10D2214779||Mortimer|Juan||09/29/1993||"284 SW 33rd Court"|"Fort Lauderdale"|FL|33315||Male|9999999999|"No Response"|0||0|0|0|0||0|Mortimer||||||||"SARS-CoV-2 (COVID-19)"|Antigen|97097-0|"SARS-CoV-2 Ag Upper resp Ql IA.rapid"|"Nasopharyngeal swab"|258500001|04/28/2022|Negative|260385009
22|4244|10D2214779||McClure|Thomas||08/28/1965||"1431 NW 114th Avenue"|Plantation|FL|33323||Male|8472390073|"No Response"|1||0|0|0|0||0|McClure||||||||"SARS-CoV-2 (COVID-19)"|PCR|94500-6|"SARS-CoV-2 RNA Resp Ql NAA+probe"|"Nasopharyngeal swab"|258500001|04/28/2022|Negative|260385009
23|4244|10D2214779||McClure|Marianne||12/18/1964||"1431 NW 114th Avenue"|Plantation|FL|33323||Female|8472390074|"No Response"|1||0|0|0|0||0|McClure||||||||"SARS-CoV-2 (COVID-19)"|PCR|94500-6|"SARS-CoV-2 RNA Resp Ql NAA+probe"|"Nasopharyngeal swab"|258500001|04/28/2022|Negative|260385009
24|4244|10D2214779||Gajadien|Vinay||05/30/1976||"12490 S Apopka Vineland RD"|Orlando|FL|32836||Male|9999999999|"No Response"|0||0|0|0|1||0|Gajadien||||||||"SARS-CoV-2 (COVID-19)"|Antigen|97097-0|"SARS-CoV-2 Ag Upper resp Ql IA.rapid"|"Nasopharyngeal swab"|258500001|04/28/2022|Negative|260385009
25|4244|10D2214779||Spear|Sian||07/20/1951||"16641 Sunrise Vista Drive"|Clermont|FL|34714||Female|07460507325|"No Response"|1||0|0|0|0||0|Spear||||||||"SARS-CoV-2 (COVID-19)"|Antigen|97097-0|"SARS-CoV-2 Ag Upper resp Ql IA.rapid"|"Nasopharyngeal swab"|258500001|04/28/2022|Negative|260385009
26|4244|10D2214779||Spear|Sian||07/20/1951||"16641 Sunrise Vista Drive"|Clermont|FL|34714||Female|07460507325|"No Response"|1||0|0|0|0||0|Spear||||||||"SARS-CoV-2 (COVID-19)"|Antigen|97097-0|"SARS-CoV-2 Ag Upper resp Ql IA.rapid"|"Nasopharyngeal swab"|258500001|04/28/2022|Negative|260385009
27|4244|10D2214779||Spear|Colin||05/08/1948||"16641 Sunrise Vista Drive"|Clermont|FL|34714||Male|07927064233|"No Response"|1||0|0|0|0||0|Spear||||||||"SARS-CoV-2 (COVID-19)"|Antigen|97097-0|"SARS-CoV-2 Ag Upper resp Ql IA.rapid"|"Nasopharyngeal swab"|258500001|04/28/2022|Negative|260385009
28|4244|10D2214779||Hirschman|Michael||11/11/1941||"201 Greenbrier A"|"West Palm Beach"|FL|33417||Male|9122663281|"No Response"|1||0|0|0|0||0|Hirschman||||||||"SARS-CoV-2 (COVID-19)"|Antigen|97097-0|"SARS-CoV-2 Ag Upper resp Ql IA.rapid"|"Nasopharyngeal swab"|258500001|04/28/2022|Negative|260385009
29|4244|10D2214779||Hirschman|Michael||11/11/1941||"201 Greenbrier A"|"West Palm Beach"|FL|33417||Male|9122663281|"No Response"|1||0|0|0|0||0|Hirschman||||||||"SARS-CoV-2 (COVID-19)"|Antigen|97097-0|"SARS-CoV-2 Ag Upper resp Ql IA.rapid"|"Nasopharyngeal swab"|258500001|04/28/2022|Negative|260385009
30|4244|10D2214779||Schneidau|william||10/08/1956||"6271 Shadow Tree Lane"|"Lake Worth"|FL|33463||Male|5613853825|"No Response"|1||0|0|0|0||0|Schneidau||||||||"SARS-CoV-2 (COVID-19)"|Antigen|97097-0|"SARS-CoV-2 Ag Upper resp Ql IA.rapid"|"Nasopharyngeal swab"|258500001|04/28/2022|Negative|260385009
31|4244|10D2214779||schneidau|louann||08/19/1960||"6271 Shadow Tree Lane"|"Lake Worth"|FL|33463||Female|5616628841|"No Response"|1||0|0|0|0||0|schneidau||||||||"SARS-CoV-2 (COVID-19)"|Antigen|97097-0|"SARS-CoV-2 Ag Upper resp Ql IA.rapid"|"Nasopharyngeal swab"|258500001|04/28/2022|Negative|260385009
32|4244|10D2214779||Hernandez|Melissa||07/07/1970||"8760 Man O war road"|"Palm Beach Gardens"|FL|33418||Female|5613080884|"No Response"|1||0|0|0|0||0|Hernandez||||||||"SARS-CoV-2 (COVID-19)"|PCR|94500-6|"SARS-CoV-2 RNA Resp Ql NAA+probe"|"Nasopharyngeal swab"|258500001|04/28/2022|Negative|260385009
33|4244|10D2214779||Hernandez|Liliana||04/24/2003||"8760 Man O war road"|"Palm Beach Gardens"|FL|33418||Female|5614274171|"No Response"|0||0|0|0|0||0|Hernandez||||||||"SARS-CoV-2 (COVID-19)"|PCR|94500-6|"SARS-CoV-2 RNA Resp Ql NAA+probe"|"Nasopharyngeal swab"|258500001|04/28/2022|Negative|260385009
34|4244|10D2214779||Skemp|Susan||07/24/1944||"450 N Fed Hwy, Unit 807N"|"Boynton Beach"|FL|33435||Female|9999999999|"No Response"|1||0|0|0|0||0|Skemp||||||||"SARS-CoV-2 (COVID-19)"|Antigen|97097-0|"SARS-CoV-2 Ag Upper resp Ql IA.rapid"|"Nasopharyngeal swab"|258500001|04/28/2022|Negative|260385009
35|4244|10D2214779||Hirschman|Michael||11/11/1941||"201 Greenbrier A"|"West Palm Beach"|FL|33417||Male|9122663281|"No Response"|1||0|0|0|0||0|Hirschman||||||||"SARS-CoV-2 (COVID-19)"|Antigen|97097-0|"SARS-CoV-2 Ag Upper resp Ql IA.rapid"|"Nasopharyngeal swab"|258500001|04/28/2022|Negative|260385009
36|4244|10D2214779||Hirschman|Michael||11/11/1941||"201 Greenbrier A"|"West Palm Beach"|FL|33417||Male|9122663281|"No Response"|1||0|0|0|0||0|Hirschman||||||||"SARS-CoV-2 (COVID-19)"|Antigen|97097-0|"SARS-CoV-2 Ag Upper resp Ql IA.rapid"|"Nasopharyngeal swab"|258500001|04/28/2022|Negative|260385009
37|4244|10D2214779||Leemhuis|Dale||10/26/1954||"1601 East Hemmingway Drive"|"Juno Beach"|FL|33408||Male|2408326114|"No Response"|1||0|0|0|0||0|Leemhuis||||||||"SARS-CoV-2 (COVID-19)"|Antigen|97097-0|"SARS-CoV-2 Ag Upper resp Ql IA.rapid"|"Nasopharyngeal swab"|258500001|04/28/2022|Negative|260385009
38|4244|10D2214779||Leemhuis|Michael||02/25/1954||"1601 East Hemmingway Drive"|"Juno Beach"|FL|33408||Male|2408767819|"No Response"|1||0|0|0|0||0|Leemhuis||||||||"SARS-CoV-2 (COVID-19)"|Antigen|97097-0|"SARS-CoV-2 Ag Upper resp Ql IA.rapid"|"Nasopharyngeal swab"|258500001|04/28/2022|Negative|260385009
39|4244|10D2214779||Leemhuis|Michael||02/25/1954||"1601 East Hemmingway Drive"|"Juno Beach"|FL|33408||Male|2408767819|"No Response"|1||0|0|0|0||0|Leemhuis||||||||"SARS-CoV-2 (COVID-19)"|Antigen|97097-0|"SARS-CoV-2 Ag Upper resp Ql IA.rapid"|"Nasopharyngeal swab"|258500001|04/28/2022|Negative|260385009
40|4244|10D2214779||Hernandez|Liliana||04/24/2003||"8760 Man O War Road"|"Palm Beach Gardens"|FL|33418||Female|5614274171|"No Response"|1||0|0|0|0||0|Hernandez||||||||"SARS-CoV-2 (COVID-19)"|PCR|94500-6|"SARS-CoV-2 RNA Resp Ql NAA+probe"|"Nasopharyngeal swab"|258500001|04/28/2022|Negative|260385009
41|4244|10D2214779||Hehn|Eileen||06/23/1954||"2430 Nassau lane"|"Ft lauderdale"|FL|33312||Female|9548828082|"No Response"|1||0|0|0|0||0|Hehn||||||||"SARS-CoV-2 (COVID-19)"|Antigen|97097-0|"SARS-CoV-2 Ag Upper resp Ql IA.rapid"|"Nasopharyngeal swab"|258500001|04/28/2022|Negative|260385009
42|4244|10D2214779||Hehn|Stan||11/20/1949||"2430 Nassau lane"|"Ft lauderdale"|FL|33312||Male|9548826564|"No Response"|1||0|0|0|0||0|Hehn||||||||"SARS-CoV-2 (COVID-19)"|Antigen|97097-0|"SARS-CoV-2 Ag Upper resp Ql IA.rapid"|"Nasopharyngeal swab"|258500001|04/28/2022|Negative|260385009
43|4244|10D2214779||Thompson|Judith||11/30/1968||"130 N University Drive"|Plantation|FL|33324||Female|12424226665|"No Response"|0||0|0|0|0||0|Thompson||||||||"SARS-CoV-2 (COVID-19)"|Antigen|97097-0|"SARS-CoV-2 Ag Upper resp Ql IA.rapid"|"Nasopharyngeal swab"|258500001|04/28/2022|Negative|260385009
44|4244|10D2214779||Skemp|Susan||07/24/1944||"450 N Federal Hwy, Unit 807N"|"Boynton Beach"|FL|33435||Female|9999999999|"No Response"|1||0|0|0|0||0|Skemp||||||||"SARS-CoV-2 (COVID-19)"|Antigen|97097-0|"SARS-CoV-2 Ag Upper resp Ql IA.rapid"|"Nasopharyngeal swab"|258500001|04/28/2022|Negative|260385009
45|4244|10D2214779||Hirschman|Michael||11/11/1941||"201 Greenbrier A"|"West Palm Beach"|FL|33417||Male|9122663281|"No Response"|1||0|0|0|0||0|Hirschman||||||||"SARS-CoV-2 (COVID-19)"|Antigen|97097-0|"SARS-CoV-2 Ag Upper resp Ql IA.rapid"|"Nasopharyngeal swab"|258500001|04/28/2022|Negative|260385009
46|4244|10D2214779||Hirschman|Michael||11/11/1941||"201 Greenbrier A"|"West Palm Beach"|FL|33417||Male|9122663281|"No Response"|1||0|0|0|0||0|Hirschman||||||||"SARS-CoV-2 (COVID-19)"|Antigen|97097-0|"SARS-CoV-2 Ag Upper resp Ql IA.rapid"|"Nasopharyngeal swab"|258500001|04/28/2022|Negative|260385009
47|4244|10D2214779||Hirschman|Michael||11/11/1941||"201 Greenbrier A"|"West Palm  Beach"|FL|33417||Male|9122663281|"No Response"|1||0|0|0|0||0|Hirschman||||||||"SARS-CoV-2 (COVID-19)"|Antigen|97097-0|"SARS-CoV-2 Ag Upper resp Ql IA.rapid"|"Nasopharyngeal swab"|258500001|04/28/2022|Negative|260385009
48|4244|10D2214779||Hirschman|Michael||11/11/1941||"201 Greenbrier A"|"West Palm  Beach"|FL|33417||Male|9122663281|"No Response"|1||0|0|0|0||0|Hirschman||||||||"SARS-CoV-2 (COVID-19)"|Antigen|97097-0|"SARS-CoV-2 Ag Upper resp Ql IA.rapid"|"Nasopharyngeal swab"|258500001|04/28/2022|Negative|260385009
49|4244|10D2214779||Schneidau|william||10/08/1956||"6271 Shadow Tree Lane"|"Lake Worth"|FL|33463||Male|5613853825|"No Response"|1||0|0|0|0||0|Schneidau||||||||"SARS-CoV-2 (COVID-19)"|Antigen|97097-0|"SARS-CoV-2 Ag Upper resp Ql IA.rapid"|"Nasopharyngeal swab"|258500001|04/28/2022|Negative|260385009
50|4244|10D2214779||schneidau|louann||08/19/1960||"6271 Shadow Tree Lane"|"Lake Worth"|FL|33463||Female|5616628841|"No Response"|1||0|0|0|0||0|schneidau||||||||"SARS-CoV-2 (COVID-19)"|Antigen|97097-0|"SARS-CoV-2 Ag Upper resp Ql IA.rapid"|"Nasopharyngeal swab"|258500001|04/28/2022|Negative|260385009
51|4244|10D2214779||Hirschman|Michael||11/11/1941||"201 Greenbrier A"|"West Palm Beach"|FL|33435||Male|9122663281|"No Response"|1||0|0|0|0||0|Hirschman||||||||"SARS-CoV-2 (COVID-19)"|Antigen|97097-0|"SARS-CoV-2 Ag Upper resp Ql IA.rapid"|"Nasopharyngeal swab"|258500001|04/28/2022|Negative|260385009
52|4244|10D2214779||Hirschman|Michael||11/11/1941||"201 Greenbrier A"|"West Palm Beach"|FL|33435||Male|9122663281|"No Response"|1||0|0|0|0||0|Hirschman||||||||"SARS-CoV-2 (COVID-19)"|Antigen|97097-0|"SARS-CoV-2 Ag Upper resp Ql IA.rapid"|"Nasopharyngeal swab"|258500001|04/28/2022|Negative|260385009
53|4244|10D2214779||Skemp|Susan||07/24/1944||"450 N Federal Hwy, Unit  807N"|"Boynton beach"|FL|33435||Female|9999999999|"No Response"|1||0|0|0|0||0|Skemp||||||||"SARS-CoV-2 (COVID-19)"|Antigen|97097-0|"SARS-CoV-2 Ag Upper resp Ql IA.rapid"|"Nasopharyngeal swab"|258500001|04/28/2022|Negative|260385009
54|4244|10D2214779||Holland|Gerald||05/15/1935||"3231 N.E 59 TH STREET"|"FORT LAUDERDALE"|FL|03308||Male|2069159424|"No Response"|1||0|0|0|0||0|Holland||||||||"SARS-CoV-2 (COVID-19)"|Antigen|97097-0|"SARS-CoV-2 Ag Upper resp Ql IA.rapid"|"Nasopharyngeal swab"|258500001|04/28/2022|Negative|260385009
55|4244|10D2214779||Skemp|Susan||07/24/1944||"450 N Fed Hwy Unit 807N"|"Boynton Beach"|FL|33435||Female|9999999999|"No Response"|1||0|0|0|0||0|Skemp||||||||"SARS-CoV-2 (COVID-19)"|Antigen|97097-0|"SARS-CoV-2 Ag Upper resp Ql IA.rapid"|"Nasopharyngeal swab"|258500001|04/28/2022|Negative|260385009
56|4244|10D2214779||Hirschman|Michael||11/11/1941||"201 Greenbrier A"|"West Palm Beach"|FL|33417||Male|9122663281|"No Response"|1||0|0|0|0||0|Hirschman||||||||"SARS-CoV-2 (COVID-19)"|Antigen|97097-0|"SARS-CoV-2 Ag Upper resp Ql IA.rapid"|"Nasopharyngeal swab"|258500001|04/28/2022|Negative|260385009
57|4244|10D2214779||Hirschman|Michael||11/11/1941||"201 Greenbrier A"|"West Palm Beach"|FL|33417||Male|9122663281|"No Response"|1||0|0|0|0||0|Hirschman||||||||"SARS-CoV-2 (COVID-19)"|Antigen|97097-0|"SARS-CoV-2 Ag Upper resp Ql IA.rapid"|"Nasopharyngeal swab"|258500001|04/28/2022|Negative|260385009
58|4244|10D2214779||McGregor|Michelle||02/02/1974||"8010 Fairway Lane"|"West Palm Beach"|FL|33412||Female|2428276506|"No Response"|1||0|0|0|0||0|McGregor||||||||"SARS-CoV-2 (COVID-19)"|Antigen|97097-0|"SARS-CoV-2 Ag Upper resp Ql IA.rapid"|"Nasopharyngeal swab"|258500001|04/28/2022|Negative|260385009
59|4244|10D2214779||Holland|Gerald||05/15/1935||"3231 NE 59th St"|"Fort Lauderdale"|FL|33308||Male|2069159424|"No Response"|1||0|0|0|0||0|Holland||||||||"SARS-CoV-2 (COVID-19)"|Antigen|97097-0|"SARS-CoV-2 Ag Upper resp Ql IA.rapid"|"Nasopharyngeal swab"|258500001|04/28/2022|Negative|260385009
60|4244|10D2214779||Gajadien|Darsh||12/24/2010||"8501 Palm Pkwy"|Orlando|FL|32836||Male|9999999999|"No Response"|0||0|0|0|1||0|Gajadien||||||||"SARS-CoV-2 (COVID-19)"|Antigen|97097-0|"SARS-CoV-2 Ag Upper resp Ql IA.rapid"|"Nasopharyngeal swab"|258500001|04/15/2022|Negative|260385009
61|4244|10D2214779||Gajadien|Yash||12/24/2010||"8501 Palm Pkwy"|Orlando|FL|32836||Male|9999999999|"No Response"|0||0|0|0|1||0|Gajadien||||||||"SARS-CoV-2 (COVID-19)"|Antigen|97097-0|"SARS-CoV-2 Ag Upper resp Ql IA.rapid"|"Nasopharyngeal swab"|258500001|04/28/2022|Negative|260385009
62|4244|10D2214779||Gajadien|Vinay||05/30/1976||"8501 Palm Pkwy"|Orlando|FL|32836||Male|9999999999|"No Response"|0||0|0|0|1||0|Gajadien||||||||"SARS-CoV-2 (COVID-19)"|Antigen|97097-0|"SARS-CoV-2 Ag Upper resp Ql IA.rapid"|"Nasopharyngeal swab"|258500001|04/28/2022|Negative|260385009
63|4244|10D2214779||Gajadien|Diya||04/11/2006||"8501 Palm Pkwy"|Orlando|FL|32836||Female|9999999999|"No Response"|0||0|0|0|1||0|Gajadien||||||||"SARS-CoV-2 (COVID-19)"|Antigen|97097-0|"SARS-CoV-2 Ag Upper resp Ql IA.rapid"|"Nasopharyngeal swab"|258500001|04/28/2022|Negative|260385009
64|4244|10D2214779||"van Mourik"|Marinus||04/28/1957||"1850 Animation Way"|"Lake Buena Vista"|FL|32830||Male|9999999999|"No Response"|1||0|0|0|0||0|"van Mourik"||||||||"SARS-CoV-2 (COVID-19)"|Antigen|97097-0|"SARS-CoV-2 Ag Upper resp Ql IA.rapid"|"Nasopharyngeal swab"|258500001|04/28/2022|Positive|10828004
65|4244|10D2214779||Valk|Josepha||11/27/1961||"1850 Animation Way"|"Lake Buena Vista"|FL|32830||Female|9999999999|"No Response"|1||0|0|0|0||0|Valk||||||||"SARS-CoV-2 (COVID-19)"|Antigen|97097-0|"SARS-CoV-2 Ag Upper resp Ql IA.rapid"|"Nasopharyngeal swab"|258500001|04/28/2022|Negative|260385009
66|4244|10D2214779||"van Mourik"|Robin||01/28/1995||"1850 Animation Way"|"Lake Buena Vista"|FL|32830||Male|9999999999|"No Response"|1||0|0|0|0||0|"van Mourik"||||||||"SARS-CoV-2 (COVID-19)"|Antigen|97097-0|"SARS-CoV-2 Ag Upper resp Ql IA.rapid"|"Nasopharyngeal swab"|258500001|04/28/2022|Negative|260385009
67|4244|10D2214779||Santamaria|Victoria||06/10/1994||"1850 Animation Way"|"Lake Buena Vista"|FL|32830||Female|7863962445|"No Response"|1||0|0|0|0||0|Santamaria||||||||"SARS-CoV-2 (COVID-19)"|Antigen|97097-0|"SARS-CoV-2 Ag Upper resp Ql IA.rapid"|"Nasopharyngeal swab"|258500001|04/28/2022|Negative|260385009
68|4244|10D2214779||"de Wit"|Marnix||02/27/2009||"1850 Animation Way"|"Lake Buena Vista"|FL|32830||Male|7863962445|"No Response"|1||0|0|0|0||0|"de Wit"||||||||"SARS-CoV-2 (COVID-19)"|Antigen|97097-0|"SARS-CoV-2 Ag Upper resp Ql IA.rapid"|"Nasopharyngeal swab"|258500001|04/28/2022|Negative|260385009
69|4244|10D2214779||Sapharti|Eliu||08/31/1969||"4928 Whispering Way"|"Fort Lauderdale"|FL|33312||Male|7866833139|"No Response"|0||0|0|0|1||0|Sapharti||||||||"SARS-CoV-2 (COVID-19)"|PCR|94500-6|"SARS-CoV-2 RNA Resp Ql NAA+probe"|"Nasopharyngeal swab"|258500001|04/28/2022|Negative|260385009
70|4244|10D2214779||Kazmi|Syed||05/15/1969||"9857 Glenwood Ave"|"lasvegas, nevada"|FL|89141||Male|7343774987|"No Response"|0||0|0|0|1||0|Kazmi||||||||"SARS-CoV-2 (COVID-19)"|PCR|94500-6|"SARS-CoV-2 RNA Resp Ql NAA+probe"|"Nasopharyngeal swab"|258500001|04/27/2022|Negative|260385009
71|4244|10D2214779||Barr|Patrick||03/09/1987||"5780 Major Blvd, Orlando, FL 32819, United States"|Orlando|FL|32819||Male|9999999999|"No Response"|1||0|0|0|0||0|Barr||||||||"SARS-CoV-2 (COVID-19)"|Antigen|97097-0|"SARS-CoV-2 Ag Upper resp Ql IA.rapid"|"Nasopharyngeal swab"|258500001|04/28/2022|Negative|260385009
72|4244|10D2214779||Moore|Christina||12/25/1988||"5780 Major Blvd, Orlando, FL 32819, United States"|Orlando|FL|32819||Female|9999999999|"No Response"|1||0|0|0|0||0|Moore||||||||"SARS-CoV-2 (COVID-19)"|Antigen|97097-0|"SARS-CoV-2 Ag Upper resp Ql IA.rapid"|"Nasopharyngeal swab"|258500001|04/28/2022|Negative|260385009
73|4244|10D2214779||McClure|Marianne||12/18/1964||"1431 NW 114th Avenue"|Plantation|FL|33323||Female|8472390074|"No Response"|1||0|0|0|0||0|McClure||||||||"SARS-CoV-2 (COVID-19)"|PCR|94500-6|"SARS-CoV-2 RNA Resp Ql NAA+probe"|"Nasopharyngeal swab"|258500001|04/28/2022|Negative|260385009
74|4244|10D2214779||Golic|Josip||04/30/1996||"791 Crandon Boulevard"|Miami|FL|33149||Male|9999999999|"No Response"|1||0|0|0|0||0|Golic||||||||"SARS-CoV-2 (COVID-19)"|PCR|94500-6|"SARS-CoV-2 RNA Resp Ql NAA+probe"|"Nasopharyngeal swab"|258500001|04/28/2022|Negative|260385009
75|4244|10D2214779||McGrath|Shivaun||10/30/1965||"6504 carrier dr"|Orlando|FL|32819||Female|07936542033|"No Response"|1||0|0|0|0||0|McGrath||||||||"SARS-CoV-2 (COVID-19)"|Antigen|97097-0|"SARS-CoV-2 Ag Upper resp Ql IA.rapid"|"Nasopharyngeal swab"|258500001|04/28/2022|Negative|260385009
76|4244|10D2214779||McGrath|Trevor||11/27/1970||"6504 carrier dr"|Orlando|FL|32819||Male|07936542033|"No Response"|1||0|0|0|0||0|McGrath||||||||"SARS-CoV-2 (COVID-19)"|Antigen|97097-0|"SARS-CoV-2 Ag Upper resp Ql IA.rapid"|"Nasopharyngeal swab"|258500001|04/28/2022|Negative|260385009
77|4244|10D2214779||McClure|Thomas||08/28/1965||"1431 NW 114th Avenue"|Plantation|FL|33323||Male|8472390073|"No Response"|1||0|0|0|0||0|McClure||||||||"SARS-CoV-2 (COVID-19)"|PCR|94500-6|"SARS-CoV-2 RNA Resp Ql NAA+probe"|"Nasopharyngeal swab"|258500001|04/28/2022|Negative|260385009
78|4244|10D2214779||Craig|John||04/17/1972||"7125 UNIVERSAL BOULEVARD"|ORLANDO|FL|32819||Male|9999999999|"No Response"|1||0|0|0|0||0|Craig||||||||"SARS-CoV-2 (COVID-19)"|Antigen|97097-0|"SARS-CoV-2 Ag Upper resp Ql IA.rapid"|"Nasopharyngeal swab"|258500001|04/28/2022|Negative|260385009
79|4244|10D2214779||Velasquez|Angel||01/22/1977||"101 Southwood Dr"|Houma|FL|70365||Male|9857724191|"No Response"|0||0|0|0|0||0|Velasquez||||||||"SARS-CoV-2 (COVID-19)"|PCR|94500-6|"SARS-CoV-2 RNA Resp Ql NAA+probe"|"Nasopharyngeal swab"|258500001|04/28/2022|Negative|260385009
80|4244|10D2214779||Craig|"Ann Marie"||12/09/1969||"7125 Universal Boulevard"|Orlando|FL|32819||Female|9999999999|"No Response"|1||0|0|0|0||0|Craig||||||||"SARS-CoV-2 (COVID-19)"|Antigen|97097-0|"SARS-CoV-2 Ag Upper resp Ql IA.rapid"|"Nasopharyngeal swab"|258500001|04/28/2022|Negative|260385009
81|4244|10D2214779||Craig|"Eimear Clare"||06/15/2006||"7125 universal boulevard"|Orlando|FL|32819||Female|9999999999|"No Response"|1||0|0|0|0||0|Craig||||||||"SARS-CoV-2 (COVID-19)"|Antigen|97097-0|"SARS-CoV-2 Ag Upper resp Ql IA.rapid"|"Nasopharyngeal swab"|258500001|04/28/2022|Negative|260385009
82|4244|10D2214779||Craig|"Sean Anthony"||06/12/2008||"7125 Universal boulevard"|Orlando|FL|32819||Male|9999999999|"No Response"|1||0|0|0|0||0|Craig||||||||"SARS-CoV-2 (COVID-19)"|Antigen|97097-0|"SARS-CoV-2 Ag Upper resp Ql IA.rapid"|"Nasopharyngeal swab"|258500001|04/28/2022|Negative|260385009
83|4244|10D2214779||Stever|Christianne||09/15/1989||Unknown|Guelph|FL|99999||Female|12262201467|"No Response"|1||0|0|0|0||0|Stever||||||||"SARS-CoV-2 (COVID-19)"|Antigen|97097-0|"SARS-CoV-2 Ag Upper resp Ql IA.rapid"|"Nasopharyngeal swab"|258500001|04/28/2022|Negative|260385009
84|4244|10D2214779||Schneidau|william||10/08/1956||"6271 Shadow Tree Lane"|"Lake Worth"|FL|33463||Male|5613853825|"No Response"|1||0|0|0|0||0|Schneidau||||||||"SARS-CoV-2 (COVID-19)"|Antigen|97097-0|"SARS-CoV-2 Ag Upper resp Ql IA.rapid"|"Nasopharyngeal swab"|258500001|04/28/2022|Negative|260385009
85|4244|10D2214779||schneidau|louann||08/19/1960||"6271 Shadow Tree Lane"|"Lake Worth"|FL|33463||Female|5616628841|"No Response"|1||0|0|0|0||0|schneidau||||||||"SARS-CoV-2 (COVID-19)"|Antigen|97097-0|"SARS-CoV-2 Ag Upper resp Ql IA.rapid"|"Nasopharyngeal swab"|258500001|04/28/2022|Negative|260385009
86|4244|10D2214779||Gutin|Barry||12/12/1955||"25 N Exeter Ave"|"Margate City"|FL|08402||Male|9999999999|"No Response"|1||0|0|0|0||0|Gutin||||||||"SARS-CoV-2 (COVID-19)"|PCR|94500-6|"SARS-CoV-2 RNA Resp Ql NAA+probe"|"Nasopharyngeal swab"|258500001|04/28/2022|Negative|260385009
87|4244|10D2214779||Mortimer|Juan||09/29/1993||"284 SW 33rd court"|"Fort Lauderdale FL"|FL|33315||Male|9999999999|"No Response"|0||0|0|0|0||0|Mortimer||||||||"SARS-CoV-2 (COVID-19)"|Antigen|97097-0|"SARS-CoV-2 Ag Upper resp Ql IA.rapid"|"Nasopharyngeal swab"|258500001|04/28/2022|Negative|260385009
88|4244|10D2214779||DESHAY|AARON||01/08/1978||"2540 NE 17T ST"|"POMPANO BEACH"|FL|33062||Male|5612139131|"No Response"|1||0|0|0|0||0|DESHAY||||||||"SARS-CoV-2 (COVID-19)"|Antigen|97097-0|"SARS-CoV-2 Ag Upper resp Ql IA.rapid"|"Nasopharyngeal swab"|258500001|04/28/2022|Negative|260385009
89|4244|10D2214779||DESHAY|CHRISITINA||01/23/1980||"2640 NE 17TH ST"|"POMPANO BEACH"|FL|33062||Female|5612136635|"No Response"|1||0|0|0|0||0|DESHAY||||||||"SARS-CoV-2 (COVID-19)"|Antigen|97097-0|"SARS-CoV-2 Ag Upper resp Ql IA.rapid"|"Nasopharyngeal swab"|258500001|04/28/2022|Negative|260385009
90|4244|10D2214779||Bamrungwong|Sarandhorn||03/24/1981||"15684 87th Trl N"|"Palm Beach Gardens"|FL|33418||Female|5614525317|"No Response"|0||0|1|0|0||0|Bamrungwong||||||||"SARS-CoV-2 (COVID-19)"|Antigen|97097-0|"SARS-CoV-2 Ag Upper resp Ql IA.rapid"|"Nasopharyngeal swab"|258500001|04/28/2022|Negative|260385009
91|4244|10D2214779||McGregor|Michelle||02/02/1974||"334 20th St"|Miami|FL|33139||Female|2428276506|"No Response"|1||0|0|0|0||0|McGregor||||||||"SARS-CoV-2 (COVID-19)"|Antigen|97097-0|"SARS-CoV-2 Ag Upper resp Ql IA.rapid"|"Nasopharyngeal swab"|258500001|04/28/2022|Negative|260385009
92|4244|10D2214779||Thompson|Judith||11/30/1968||"400 Corporate Drive"|"Fort Lauderdale"|FL|33334||Female|12424226665|"No Response"|0||0|0|0|0||0|Thompson||||||||"SARS-CoV-2 (COVID-19)"|Antigen|97097-0|"SARS-CoV-2 Ag Upper resp Ql IA.rapid"|"Nasopharyngeal swab"|258500001|04/28/2022|Negative|260385009
93|4244|10D2214779||"Van Niekerk"|"Sharon Janine"||10/09/1960||Unknown|Unknown|FL|99999||Female|9999999999|"No Response"|0||0|0|0|0||1|"Van Niekerk"||||||||"SARS-CoV-2 (COVID-19)"|Antigen|97097-0|"SARS-CoV-2 Ag Upper resp Ql IA.rapid"|"Nasopharyngeal swab"|258500001|04/28/2022|Negative|260385009
94|4244|10D2214779||Hehn|Eileen||06/23/1954||"2430 Nassau lane"|"Fort Lauderdale"|FL|33312||Female|9548828082|"No Response"|1||0|0|0|0||0|Hehn||||||||"SARS-CoV-2 (COVID-19)"|Antigen|97097-0|"SARS-CoV-2 Ag Upper resp Ql IA.rapid"|"Nasopharyngeal swab"|258500001|04/28/2022|Negative|260385009
95|4244|10D2214779||Leemhuis|Dale||10/26/1954||"1601 E Hemingway Dr"|"Juno Beach"|FL|33408||Female|2408326114|"No Response"|1||0|0|0|0||0|Leemhuis||||||||"SARS-CoV-2 (COVID-19)"|Antigen|97097-0|"SARS-CoV-2 Ag Upper resp Ql IA.rapid"|"Nasopharyngeal swab"|258500001|04/28/2022|Negative|260385009
96|4244|10D2214779||Nel|"Faith Heather"||11/30/1965||Unknown|Unknown|FL|99999||Female|9999999999|"No Response"|0||0|0|0|1||0|Nel||||||||"SARS-CoV-2 (COVID-19)"|Antigen|97097-0|"SARS-CoV-2 Ag Upper resp Ql IA.rapid"|"Nasopharyngeal swab"|258500001|04/28/2022|Negative|260385009
97|4244|10D2214779||Tziser|Dmitry||03/25/1967||"1238 Collins Ave Miami Florida"|Unknown|FL|99999||Male|7863962445|"No Response"|1||0|0|0|0||0|Tziser||||||||"SARS-CoV-2 (COVID-19)"|Antigen|97097-0|"SARS-CoV-2 Ag Upper resp Ql IA.rapid"|"Nasopharyngeal swab"|258500001|04/28/2022|Negative|260385009
98|4244|10D2214779||Tziser|Dmitry||03/25/1967||"1238 Collins Ave Miami Florida"|Unknown|FL|99999||Male|7863962445|"No Response"|1||0|0|0|0||0|Tziser||||||||"SARS-CoV-2 (COVID-19)"|Antigen|97097-0|"SARS-CoV-2 Ag Upper resp Ql IA.rapid"|"Nasopharyngeal swab"|258500001|04/28/2022|Negative|260385009
99|4244|10D2214779||Leemhuis|Michael||02/25/1954||"1601 E Hemingway Dr"|"Juno Beach"|FL|33408||Male|2408767819|"No Response"|1||0|0|0|0||0|Leemhuis||||||||"SARS-CoV-2 (COVID-19)"|Antigen|97097-0|"SARS-CoV-2 Ag Upper resp Ql IA.rapid"|"Nasopharyngeal swab"|258500001|04/28/2022|Negative|260385009
100|4244|10D2214779||Tziser|Alla||05/13/1972||"1238 Collins ave"|Miami|FL|99999||Female|7863962445|"No Response"|1||0|0|0|0||0|Tziser||||||||"SARS-CoV-2 (COVID-19)"|Antigen|97097-0|"SARS-CoV-2 Ag Upper resp Ql IA.rapid"|"Nasopharyngeal swab"|258500001|04/28/2022|Negative|260385009
101|4244|10D2214779||Hehn|Stan||11/20/1949||"2430 Nassau lane"|"Fort Lauderdale"|FL|33312||Male|9548826564|"No Response"|1||0|0|0|0||0|Hehn||||||||"SARS-CoV-2 (COVID-19)"|Antigen|97097-0|"SARS-CoV-2 Ag Upper resp Ql IA.rapid"|"Nasopharyngeal swab"|258500001|04/28/2022|Negative|260385009
102|4244|10D2214779||Guma|Consuelo||05/17/1942||"441 Valencia Ave"|"Coral Gables"|FL|33134||Male|3055874433|"No Response"|0||0|0|0|0||0|Guma||||||||"SARS-CoV-2 (COVID-19)"|Antigen|97097-0|"SARS-CoV-2 Ag Upper resp Ql IA.rapid"|"Nasopharyngeal swab"|258500001|04/28/2022|Negative|260385009
103|4244|10D2214779||Spear|Sian||07/20/1951||16641|Clermont|FL|34714||Female|07460507325|"No Response"|1||0|0|0|0||0|Spear||||||||"SARS-CoV-2 (COVID-19)"|Antigen|97097-0|"SARS-CoV-2 Ag Upper resp Ql IA.rapid"|"Nasopharyngeal swab"|258500001|04/28/2022|Negative|260385009
104|4244|10D2214779||Spear|Sian||07/20/1951||16641|Clermont|FL|34714||Female|07460507325|"No Response"|1||0|0|0|0||0|Spear||||||||"SARS-CoV-2 (COVID-19)"|Antigen|97097-0|"SARS-CoV-2 Ag Upper resp Ql IA.rapid"|"Nasopharyngeal swab"|258500001|04/28/2022|Negative|260385009
105|4244|10D2214779||Spear|Colin||05/08/1948||"16641 Sunrise Vista Drive"|Clermont|FL|34714||Male|07927064233|"No Response"|1||0|0|0|0||0|Spear||||||||"SARS-CoV-2 (COVID-19)"|Antigen|97097-0|"SARS-CoV-2 Ag Upper resp Ql IA.rapid"|"Nasopharyngeal swab"|258500001|04/28/2022|Negative|260385009
106|4244|10D2214779||"Garay Gregor"|Kevin||05/04/1999||"1445 Northeast 182nd Street, North Miami Beach"|Florida|FL|33162||Male|19174152285|"No Response"|0||0|0|0|0||0|"Garay Gregor"||||||||"SARS-CoV-2 (COVID-19)"|Antigen|97097-0|"SARS-CoV-2 Ag Upper resp Ql IA.rapid"|"Nasopharyngeal swab"|258500001|04/28/2022|Negative|260385009
107|4244|10D2214779||Woods|Ruth||04/25/1965||"427 Saint Marys Drive"|Stevensville|FL|59870||Female|2089571746|"No Response"|1||0|0|0|0||0|Woods||||||||"SARS-CoV-2 (COVID-19)"|Antigen|97097-0|"SARS-CoV-2 Ag Upper resp Ql IA.rapid"|"Nasopharyngeal swab"|258500001|04/28/2022|Negative|260385009
108|4244|10D2214779||guma|Virgilio||09/03/1939||"441 Valencia Ave"|"coral gables"|FL|33134||Male|3058038030|"No Response"|0||0|0|0|0||0|guma||||||||"SARS-CoV-2 (COVID-19)"|Antigen|97097-0|"SARS-CoV-2 Ag Upper resp Ql IA.rapid"|"Nasopharyngeal swab"|258500001|04/28/2022|Negative|260385009
109|4244|10D2214779||Maples|Gregory||10/12/1964||"427 SAINT MARYS DRIVE"|STEVENSVILLE|FL|59870||Male|20895718745|"No Response"|1||0|0|0|0||0|Maples||||||||"SARS-CoV-2 (COVID-19)"|Antigen|97097-0|"SARS-CoV-2 Ag Upper resp Ql IA.rapid"|"Nasopharyngeal swab"|258500001|04/28/2022|Negative|260385009
110|4244|10D2214779||Drain|MARIAN||08/09/1955||"1140 SANFORD RANCH ROAD"|UKIAH|FL|95482||Female|17076211456|"No Response"|1||0|0|0|0||0|Drain||||||||"SARS-CoV-2 (COVID-19)"|Antigen|97097-0|"SARS-CoV-2 Ag Upper resp Ql IA.rapid"|"Nasopharyngeal swab"|258500001|04/28/2022|Negative|260385009
111|4244|10D2214779||DRAIN|MICHAEL||05/14/1954||"1140 sanford ranch road"|ukiah|FL|95482||Male|17076211456|"No Response"|1||0|0|0|0||0|DRAIN||||||||"SARS-CoV-2 (COVID-19)"|Antigen|97097-0|"SARS-CoV-2 Ag Upper resp Ql IA.rapid"|"Nasopharyngeal swab"|258500001|04/28/2022|Negative|260385009
112|4244|10D2214779||Wilson|Steve||03/30/1966||"9344 Cove Point circle"|"Boynton Beach"|FL|33472||Male|5615776271|"No Response"|1||0|0|0|0||0|Wilson||||||||"SARS-CoV-2 (COVID-19)"|Antigen|97097-0|"SARS-CoV-2 Ag Upper resp Ql IA.rapid"|"Nasopharyngeal swab"|258500001|04/28/2022|Negative|260385009
113|4244|10D2214779||Williams|Lewison||09/24/1955||"740 Robin Ct"|Kissimmee|FL|34759||Male|4076356335|"No Response"|0||0|0|0|0||0|Williams||||||||"SARS-CoV-2 (COVID-19)"|Antigen|97097-0|"SARS-CoV-2 Ag Upper resp Ql IA.rapid"|"Nasopharyngeal swab"|258500001|04/28/2022|Negative|260385009
114|4244|10D2214779||Williams|Avilu||04/26/1954||"740 Robin Ct"|Kissimmee|FL|34759||Male|4078970933|"No Response"|0||0|0|0|0||0|Williams||||||||"SARS-CoV-2 (COVID-19)"|Antigen|97097-0|"SARS-CoV-2 Ag Upper resp Ql IA.rapid"|"Nasopharyngeal swab"|258500001|04/28/2022|Negative|260385009
115|4244|10D2214779||Gamarra|Sarah||03/17/1964||"1825 Collins avenue"|Miami|FL|33139||Female|07717281589|"No Response"|1||0|0|0|0||0|Gamarra||||||||"SARS-CoV-2 (COVID-19)"|Antigen|97097-0|"SARS-CoV-2 Ag Upper resp Ql IA.rapid"|"Nasopharyngeal swab"|258500001|04/28/2022|Negative|260385009
116|4244|10D2214779||Hirschman|Michael||11/11/1941||"201 Greenbrier A"|"West Palm Beach"|FL|33417||Male|9122663281|"No Response"|1||0|0|0|0||0|Hirschman||||||||"SARS-CoV-2 (COVID-19)"|Antigen|97097-0|"SARS-CoV-2 Ag Upper resp Ql IA.rapid"|"Nasopharyngeal swab"|258500001|04/28/2022|Negative|260385009
117|4244|10D2214779||Hirschman|Michael||11/11/1941||"201 Greenbrier A"|"West Palm Beach"|FL|33417||Male|9122663281|"No Response"|1||0|0|0|0||0|Hirschman||||||||"SARS-CoV-2 (COVID-19)"|Antigen|97097-0|"SARS-CoV-2 Ag Upper resp Ql IA.rapid"|"Nasopharyngeal swab"|258500001|04/28/2022|Negative|260385009
118|4244|10D2214779||Skemp|Susan||07/24/1944||"450  N Federal Hwy, Apt 807N"|"Boynton Beach"|FL|33435||Female|9999999999|"No Response"|1||0|0|0|0||0|Skemp||||||||"SARS-CoV-2 (COVID-19)"|Antigen|97097-0|"SARS-CoV-2 Ag Upper resp Ql IA.rapid"|"Nasopharyngeal swab"|258500001|04/28/2022|Negative|260385009
119|4244|10D2214779||Kerstner|Sue||07/22/1965||"2377 Florida Mango Rd."|"West Palm Beach"|FL|33406||Female|5617688079|"No Response"|1||0|0|0|0||0|Kerstner||||||||"SARS-CoV-2 (COVID-19)"|Antigen|97097-0|"SARS-CoV-2 Ag Upper resp Ql IA.rapid"|"Nasopharyngeal swab"|258500001|04/28/2022|Negative|260385009
120|4244|10D2214779||Olavarria|Ismael||02/18/1969||"2377florida mango road"|"West palm beach"|FL|33406||Male|9999999999|"No Response"|0||0|0|0|0||0|Olavarria||||||||"SARS-CoV-2 (COVID-19)"|Antigen|97097-0|"SARS-CoV-2 Ag Upper resp Ql IA.rapid"|"Nasopharyngeal swab"|258500001|04/28/2022|Negative|260385009
121|4244|10D2214779||Pascazio|Steven||12/22/1985||"6629 w Schreiber Ave"|Chicago|FL|60631||Male|7739196605|"No Response"|1||0|0|0|0||0|Pascazio||||||||"SARS-CoV-2 (COVID-19)"|Antigen|97097-0|"SARS-CoV-2 Ag Upper resp Ql IA.rapid"|"Nasopharyngeal swab"|258500001|04/28/2022|Negative|260385009
122|4244|10D2214779||Parker|Jessica||11/12/1989||"6629 W Schreiber Ave"|Chicago|FL|60631||Female|8473310005|"No Response"|1||0|0|0|0||0|Parker||||||||"SARS-CoV-2 (COVID-19)"|Antigen|97097-0|"SARS-CoV-2 Ag Upper resp Ql IA.rapid"|"Nasopharyngeal swab"|258500001|04/28/2022|Negative|260385009
123|4244|10D2214779||Doerries|Ralf||08/04/1960||"4301 El Mar Drive"|"Lauderdale by the Sea"|FL|33308||Male|9999999999|"No Response"|1||0|0|0|0||0|Doerries||||||||"SARS-CoV-2 (COVID-19)"|Antigen|97097-0|"SARS-CoV-2 Ag Upper resp Ql IA.rapid"|"Nasopharyngeal swab"|258500001|04/28/2022|Negative|260385009
124|4244|10D2214779||Peller|Florian||01/11/1961||"4301 El Mar Drive"|"Lauderdale by the Sea"|FL|33308||Male|9999999999|"No Response"|1||0|0|0|0||0|Peller||||||||"SARS-CoV-2 (COVID-19)"|Antigen|97097-0|"SARS-CoV-2 Ag Upper resp Ql IA.rapid"|"Nasopharyngeal swab"|258500001|04/28/2022|Negative|260385009
125|4244|10D2214779||Hernandez|Liliana||04/24/2003||"8760 Man O War Road"|"Palm Beach Gardens"|FL|33418||Female|5614274171|"No Response"|0||0|0|0|0||0|Hernandez||||||||"SARS-CoV-2 (COVID-19)"|PCR|94500-6|"SARS-CoV-2 RNA Resp Ql NAA+probe"|"Nasopharyngeal swab"|258500001|04/28/2022|Negative|260385009
126|4244|10D2214779||Hernandez|Melissa||07/07/1970||"8760 Man O War Road"|"Palm Beach Gardens"|FL|33418||Female|5613080884|"No Response"|1||0|0|0|0||0|Hernandez||||||||"SARS-CoV-2 (COVID-19)"|PCR|94500-6|"SARS-CoV-2 RNA Resp Ql NAA+probe"|"Nasopharyngeal swab"|258500001|04/28/2022|Negative|260385009
127|4244|10D2214779||Marti|Raphael||01/03/2005||Unknown|Unknown|FL|99999||Male|9999999999|"No Response"|1||0|0|0|0||0|Marti||||||||"SARS-CoV-2 (COVID-19)"|Antigen|97097-0|"SARS-CoV-2 Ag Upper resp Ql IA.rapid"|"Nasopharyngeal swab"|258500001|04/28/2022|Negative|260385009
128|4244|10D2214779||Warren|James||09/18/1948||"4613 S. Ocean Blvd., Unit 4C"|"North Myrtle Beach"|FL|29582||Male|8033643822|"No Response"|1||0|0|0|0||0|Warren||||||||"SARS-CoV-2 (COVID-19)"|Antigen|97097-0|"SARS-CoV-2 Ag Upper resp Ql IA.rapid"|"Nasopharyngeal swab"|258500001|04/28/2022|Negative|260385009
129|4244|10D2214779||McCormick|Anne||12/20/1958||"Endless Summer Dockside"|Orlando|FL|32819||Female|9999999999|"No Response"|1||0|0|0|0||0|McCormick||||||||"SARS-CoV-2 (COVID-19)"|Antigen|97097-0|"SARS-CoV-2 Ag Upper resp Ql IA.rapid"|"Nasopharyngeal swab"|258500001|04/28/2022|Negative|260385009
130|4244|10D2214779||McCormick|William||07/01/1954||"Endless Summer Dockside"|Orlando|FL|32819||Male|9999999999|"No Response"|1||0|0|0|0||0|McCormick||||||||"SARS-CoV-2 (COVID-19)"|Antigen|97097-0|"SARS-CoV-2 Ag Upper resp Ql IA.rapid"|"Nasopharyngeal swab"|258500001|04/28/2022|Negative|260385009
131|4244|10D2214779||Dulan|Vishaal||03/24/2002||"3301 College Avenue"|Davie|FL|33314||Male|7542497424|"No Response"|0||0|1|0|0||0|Dulan||||||||"SARS-CoV-2 (COVID-19)"|Antigen|97097-0|"SARS-CoV-2 Ag Upper resp Ql IA.rapid"|"Nasopharyngeal swab"|258500001|04/28/2022|Negative|260385009
132|4244|10D2214779||Warren|"Mary Ellen"||06/27/1947||"4613 S. Ocean Blvd., Unit 4C"|"North Myrtle Beach"|FL|29582||Female|8032128186|"No Response"|1||0|0|0|0||0|Warren||||||||"SARS-CoV-2 (COVID-19)"|Antigen|97097-0|"SARS-CoV-2 Ag Upper resp Ql IA.rapid"|"Nasopharyngeal swab"|258500001|04/28/2022|Negative|260385009
133|4244|10D2214779||Grant|William||09/29/1943||"609 Birkdale Cir W"|Niceville|FL|32578||Male|8502263200|"No Response"|1||0|0|0|0||0|Grant||||||||"SARS-CoV-2 (COVID-19)"|Antigen|97097-0|"SARS-CoV-2 Ag Upper resp Ql IA.rapid"|"Nasopharyngeal swab"|258500001|04/28/2022|Negative|260385009
134|4244|10D2214779||Grant|Corine||07/09/1945||"609 Birkdale Cir W"|Niceville|FL|32578||Female|8502175997|"No Response"|1||0|0|0|0||0|Grant||||||||"SARS-CoV-2 (COVID-19)"|Antigen|97097-0|"SARS-CoV-2 Ag Upper resp Ql IA.rapid"|"Nasopharyngeal swab"|258500001|04/28/2022|Negative|260385009
135|4244|10D2214779||Gajadien|Vinay||05/30/1976||"8686 Palm Pkwy"|Orlando|FL|32836||Male|9999999999|"No Response"|0||0|0|0|1||0|Gajadien||||||||"SARS-CoV-2 (COVID-19)"|Antigen|97097-0|"SARS-CoV-2 Ag Upper resp Ql IA.rapid"|"Nasopharyngeal swab"|258500001|04/28/2022|Negative|260385009
136|4244|10D2214779||Gajadien|Diya||04/11/2006||"8686 Palm Pkwy"|Orlando|FL|32836||Female|9999999999|"No Response"|0||0|0|0|1||0|Gajadien||||||||"SARS-CoV-2 (COVID-19)"|Antigen|97097-0|"SARS-CoV-2 Ag Upper resp Ql IA.rapid"|"Nasopharyngeal swab"|258500001|04/28/2022|Negative|260385009
137|4244|10D2214779||Gajadien|Darsh||12/24/2010||"8686 Palm Pkwy"|Orlando|FL|32836||Male|9999999999|"No Response"|0||0|0|0|1||0|Gajadien||||||||"SARS-CoV-2 (COVID-19)"|Antigen|97097-0|"SARS-CoV-2 Ag Upper resp Ql IA.rapid"|"Nasopharyngeal swab"|258500001|04/15/2022|Negative|260385009
138|4244|10D2214779||Gajadien|Yash||12/24/2010||"8686 Palm Pkwy"|Orlando|FL|32836||Male|9999999999|"No Response"|0||0|0|0|1||0|Gajadien||||||||"SARS-CoV-2 (COVID-19)"|Antigen|97097-0|"SARS-CoV-2 Ag Upper resp Ql IA.rapid"|"Nasopharyngeal swab"|258500001|04/28/2022|Negative|260385009
139|4244|10D2214779||Johnson|David||01/12/1978||"3800 Galt Ocean Dr Apt 1215"|"Fort Lauderdale"|FL|00000||Male|8014486778|"No Response"|1||0|0|0|0||0|Johnson||||||||"SARS-CoV-2 (COVID-19)"|Antigen|97097-0|"SARS-CoV-2 Ag Upper resp Ql IA.rapid"|"Nasopharyngeal swab"|258500001|04/28/2022|Negative|260385009
140|4244|10D2214779||Roberts|Leslie||05/16/1944||"Gables Inn"|"Coral Gables"|FL|33146||Male|6472131944|"No Response"|1||0|0|0|0||0|Roberts||||||||"SARS-CoV-2 (COVID-19)"|Antigen|97097-0|"SARS-CoV-2 Ag Upper resp Ql IA.rapid"|"Nasopharyngeal swab"|258500001|04/28/2022|Negative|260385009
141|4244|10D2214779||"Da Silva"|"Cintia Nogueira"||09/29/1971||"2890 N Oakland Forest Drive"|"Oakland Park"|FL|33309||Female|9543940676|"No Response"|0||0|0|0|0||0|"Da Silva"||||||||"SARS-CoV-2 (COVID-19)"|PCR|94500-6|"SARS-CoV-2 RNA Resp Ql NAA+probe"|"Nasopharyngeal swab"|258500001|04/28/2022|Negative|260385009
142|4244|10D2214779||McDonald|Tonia||08/17/1963||"13400 West Sunrise Blvd"|Sunrise|FL|33323||Female|12425447258|"No Response"|0||0|0|0|0||0|McDonald||||||||"SARS-CoV-2 (COVID-19)"|Antigen|97097-0|"SARS-CoV-2 Ag Upper resp Ql IA.rapid"|"Nasopharyngeal swab"|258500001|04/28/2022|Negative|260385009
143|4244|10D2214779||McDonald|Vincent||01/18/1960||"13400 West Sunrise Blvd"|Sunrise|FL|33323||Male|2425447258|"No Response"|0||0|0|0|0||0|McDonald||||||||"SARS-CoV-2 (COVID-19)"|Antigen|97097-0|"SARS-CoV-2 Ag Upper resp Ql IA.rapid"|"Nasopharyngeal swab"|258500001|04/28/2022|Negative|260385009
144|4244|10D2214779||Atias|Clarisse||11/25/1957||Unknown|Unknown|FL|99999||Female|9999999999|"No Response"|0||0|0|0|1||0|Atias||||||||"SARS-CoV-2 (COVID-19)"|Antigen|97097-0|"SARS-CoV-2 Ag Upper resp Ql IA.rapid"|"Nasopharyngeal swab"|258500001|04/28/2022|Negative|260385009
145|4244|10D2214779||Atias|Pinchas||07/15/1955||Unknown|Unknown|FL|99999||Male|9999999999|"No Response"|0||0|0|0|1||0|Atias||||||||"SARS-CoV-2 (COVID-19)"|Antigen|97097-0|"SARS-CoV-2 Ag Upper resp Ql IA.rapid"|"Nasopharyngeal swab"|258500001|04/28/2022|Negative|260385009
146|4244|10D2214779||Schreiber|Daniel||07/08/2002||Unknown|Unknown|FL|99999||Female|9999999999|"No Response"|0||0|0|0|1||0|Schreiber||||||||"SARS-CoV-2 (COVID-19)"|Antigen|97097-0|"SARS-CoV-2 Ag Upper resp Ql IA.rapid"|"Nasopharyngeal swab"|258500001|04/28/2022|Negative|260385009
147|4244|10D2214779||Waring|"Linda Diane"||08/26/1945||Unknown|Unknown|FL|99999||Female|9256954288|"No Response"|0||0|0|0|0||1|Waring||||||||"SARS-CoV-2 (COVID-19)"|Antigen|97097-0|"SARS-CoV-2 Ag Upper resp Ql IA.rapid"|"Nasopharyngeal swab"|258500001|04/28/2022|Negative|260385009
148|4244|10D2214779||"Barrios Terry"|Deanna||05/01/1961||Unknown|Unknown|FL|99999||Female|15103349594|"No Response"|0||0|0|0|0||1|"Barrios Terry"||||||||"SARS-CoV-2 (COVID-19)"|PCR|94500-6|"SARS-CoV-2 RNA Resp Ql NAA+probe"|"Nasopharyngeal swab"|258500001|04/28/2022|Negative|260385009
149|4244|10D2214779||Lee|Gary||06/19/1948||Unknown|Unknown|FL|99999||Male|2083132093|"No Response"|1||0|0|0|0||0|Lee||||||||"SARS-CoV-2 (COVID-19)"|Antigen|97097-0|"SARS-CoV-2 Ag Upper resp Ql IA.rapid"|"Nasopharyngeal swab"|258500001|04/28/2022|Negative|260385009
150|4244|10D2214779||Lee|Lillian||07/22/1953||"4213 E 200 N"|Rigby|FL|83442||Female|8019600207|"No Response"|1||0|0|0|0||0|Lee||||||||"SARS-CoV-2 (COVID-19)"|Antigen|97097-0|"SARS-CoV-2 Ag Upper resp Ql IA.rapid"|"Nasopharyngeal swab"|258500001|04/28/2022|Negative|260385009
151|4244|10D2214779||Martinez|Apple||02/14/1971||"10617 Masters Drive"|Clermont|FL|34711||Female|4074858737|"No Response"|0||0|0|0|0||0|Martinez||||||||"SARS-CoV-2 (COVID-19)"|Antigen|97097-0|"SARS-CoV-2 Ag Upper resp Ql IA.rapid"|"Nasopharyngeal swab"|258500001|04/28/2022|Negative|260385009
152|4244|10D2214779||Rozenberg|Shay||05/30/2013||Unknown|Unknown|FL|99999||Female|9999999999|"No Response"|0||0|0|0|1||0|Rozenberg||||||||"SARS-CoV-2 (COVID-19)"|Antigen|97097-0|"SARS-CoV-2 Ag Upper resp Ql IA.rapid"|"Nasopharyngeal swab"|258500001|04/28/2022|Negative|260385009
153|4244|10D2214779||Rozenberg|Noa||07/07/2009||Unknown|Unknown|FL|99999||Female|9999999999|"No Response"|0||0|0|0|1||0|Rozenberg||||||||"SARS-CoV-2 (COVID-19)"|Antigen|97097-0|"SARS-CoV-2 Ag Upper resp Ql IA.rapid"|"Nasopharyngeal swab"|258500001|04/28/2022|Negative|260385009
154|4244|10D2214779||Rozenberg|Maayan||02/20/1979||Unknown|Unknown|FL|99999||Female|9999999999|"No Response"|0||0|0|0|1||0|Rozenberg||||||||"SARS-CoV-2 (COVID-19)"|Antigen|97097-0|"SARS-CoV-2 Ag Upper resp Ql IA.rapid"|"Nasopharyngeal swab"|258500001|04/28/2022|Negative|260385009
155|4244|10D2214779||Atias|Hili||10/06/2013||Unknown|Unknown|FL|99999||Female|9999999999|"No Response"|0||0|0|0|1||0|Atias||||||||"SARS-CoV-2 (COVID-19)"|Antigen|97097-0|"SARS-CoV-2 Ag Upper resp Ql IA.rapid"|"Nasopharyngeal swab"|258500001|04/28/2022|Negative|260385009
156|4244|10D2214779||Atias|Eliraz||07/01/1982||Unknown|Unknown|FL|99999||Male|9999999999|"No Response"|0||0|0|0|1||0|Atias||||||||"SARS-CoV-2 (COVID-19)"|Antigen|97097-0|"SARS-CoV-2 Ag Upper resp Ql IA.rapid"|"Nasopharyngeal swab"|258500001|04/28/2022|Negative|260385009
157|4244|10D2214779||Holland|Gerald||05/15/1935||"3231 NE 59th St"|"Fort Lauderdale"|FL|33308||Male|2069159424|"No Response"|1||0|0|0|0||0|Holland||||||||"SARS-CoV-2 (COVID-19)"|Antigen|97097-0|"SARS-CoV-2 Ag Upper resp Ql IA.rapid"|"Nasopharyngeal swab"|258500001|04/28/2022|Negative|260385009
158|4244|10D2214779||Pombrol|Yadira||12/10/1984||"1527 Magnolia Dr"|"West Palm Beach"|FL|33417||Female|5614601886|"No Response"|0||0|0|0|0||0|Pombrol||||||||"SARS-CoV-2 (COVID-19)"|PCR|94500-6|"SARS-CoV-2 RNA Resp Ql NAA+probe"|"Nasopharyngeal swab"|258500001|04/28/2022|Negative|260385009
159|4244|10D2214779||Diaz|Estefany||11/20/2013||"1527 Magnolia Dr"|"West Palm Beach"|FL|33417||Female|5614601886|"No Response"|0||0|0|0|0||0|Diaz||||||||"SARS-CoV-2 (COVID-19)"|PCR|94500-6|"SARS-CoV-2 RNA Resp Ql NAA+probe"|"Nasopharyngeal swab"|258500001|04/28/2022|Negative|260385009
160|4244|10D2214779||Forde|Maurice||01/01/1970||"6725 adventure way"|Orlando|FL|32819||Male|0877737539|"No Response"|1||0|0|0|0||0|Forde||||||||"SARS-CoV-2 (COVID-19)"|Antigen|97097-0|"SARS-CoV-2 Ag Upper resp Ql IA.rapid"|"Nasopharyngeal swab"|258500001|04/28/2022|Negative|260385009
161|4244|10D2214779||Sapharti|Eliu||08/31/1969||"4928 Whispering Way"|"Fort Lauderdale"|FL|33312||Male|7866833139|"No Response"|0||0|0|0|1||0|Sapharti||||||||"SARS-CoV-2 (COVID-19)"|PCR|94500-6|"SARS-CoV-2 RNA Resp Ql NAA+probe"|"Nasopharyngeal swab"|258500001|04/28/2022|Negative|260385009
162|4244|10D2214779||Forde|Jayden||01/06/2011||"6725 adventure way"|Orlando|FL|32819||Male|0877737539|"No Response"|1||0|0|0|0||0|Forde||||||||"SARS-CoV-2 (COVID-19)"|Antigen|97097-0|"SARS-CoV-2 Ag Upper resp Ql IA.rapid"|"Nasopharyngeal swab"|258500001|04/28/2022|Negative|260385009
163|4244|10D2214779||Sibilia|"Michael Giovanni"||09/29/1974||"1435 NE 180th Street"|"North Miami Beach"|FL|33162||Male|7866700437|"No Response"|0||0|0|0|0||0|Sibilia||||||||"SARS-CoV-2 (COVID-19)"|Antigen|97097-0|"SARS-CoV-2 Ag Upper resp Ql IA.rapid"|"Nasopharyngeal swab"|258500001|04/28/2022|Negative|260385009
164|4244|10D2214779||"O connor"|Helen||06/12/1981||"6725 Adventure way"|Orlando|FL|32819||Female|0874151017|"No Response"|1||0|0|0|0||0|"O connor"||||||||"SARS-CoV-2 (COVID-19)"|Antigen|97097-0|"SARS-CoV-2 Ag Upper resp Ql IA.rapid"|"Nasopharyngeal swab"|258500001|04/28/2022|Negative|260385009
165|4244|10D2214779||Solo|Edlyn||12/01/1981||"411 Flagler Avenue Winter Garden,Orlando,Florida 34787"|Orlando|FL|34787||Female|15874325054|"No Response"|0||0|1|0|0||0|Solo||||||||"SARS-CoV-2 (COVID-19)"|Antigen|97097-0|"SARS-CoV-2 Ag Upper resp Ql IA.rapid"|"Nasopharyngeal swab"|258500001|04/28/2022|Negative|260385009
166|4244|10D2214779||SOLO|JEFFREY||04/29/1975||"411 Flagler Ave. Winter Garden"|Orlando|FL|34787||Male|9999999999|"No Response"|0||0|1|0|0||0|SOLO||||||||"SARS-CoV-2 (COVID-19)"|Antigen|97097-0|"SARS-CoV-2 Ag Upper resp Ql IA.rapid"|"Nasopharyngeal swab"|258500001|04/28/2022|Negative|260385009
167|4244|10D2214779||Solo|LANCE||03/08/2012||"411 Flagler Ave Wintet Garden"|Orlando|FL|34787||Male|9999999999|"No Response"|0||0|1|0|0||0|Solo||||||||"SARS-CoV-2 (COVID-19)"|Antigen|97097-0|"SARS-CoV-2 Ag Upper resp Ql IA.rapid"|"Nasopharyngeal swab"|258500001|04/28/2022|Negative|260385009
168|4244|10D2214779||Solo|Charlize||04/08/2001||"411 Flagler Ave Winter Garden"|Orlando|FL|34787||Female|9999999999|"No Response"|0||0|1|0|0||0|Solo||||||||"SARS-CoV-2 (COVID-19)"|Antigen|97097-0|"SARS-CoV-2 Ag Upper resp Ql IA.rapid"|"Nasopharyngeal swab"|258500001|04/28/2022|Negative|260385009
169|4244|10D2214779||Solo|ERIN||03/27/2016||"411 Flagler Ave Winter Garden"|Orlando|FL|34787||Female|9999999999|"No Response"|0||0|1|0|0||0|Solo||||||||"SARS-CoV-2 (COVID-19)"|Antigen|97097-0|"SARS-CoV-2 Ag Upper resp Ql IA.rapid"|"Nasopharyngeal swab"|258500001|04/28/2022|Negative|260385009
170|4244|10D2214779||GIDWANI|JIHAN||05/19/2014||"Holiday Inn Express"|"Fort Lauderdale"|FL|33004||Male|8765035998|"No Response"|0||0|0|0|1||0|GIDWANI||||||||"SARS-CoV-2 (COVID-19)"|PCR|94500-6|"SARS-CoV-2 RNA Resp Ql NAA+probe"|"Nasopharyngeal swab"|258500001|04/28/2022|Negative|260385009
171|4244|10D2214779||Eheng|"Travis Paticual"||10/15/1982||Unknown|Unknown|FL|99999||Male|7862238719|"No Response"|0||0|0|0|0||1|Eheng||||||||"SARS-CoV-2 (COVID-19)"|Antigen|97097-0|"SARS-CoV-2 Ag Upper resp Ql IA.rapid"|"Nasopharyngeal swab"|258500001|04/28/2022|Negative|260385009
172|4244|10D2214779||Yamazaki|Rio||07/15/1998||"11029 Sw 88th St"|Miami|FL|33176||Female|7863277940|"No Response"|0||0|1|0|0||0|Yamazaki||||||||"SARS-CoV-2 (COVID-19)"|PCR|94500-6|"SARS-CoV-2 RNA Resp Ql NAA+probe"|"Nasopharyngeal swab"|258500001|04/28/2022|Negative|260385009
173|4244|10D2214779||Datchi|Pierrine||01/23/2011||"1684 NW 38th oakland park"|"Oakland park"|FL|33309||Female|9999999999|"No Response"|1||0|0|0|0||0|Datchi||||||||"SARS-CoV-2 (COVID-19)"|Antigen|97097-0|"SARS-CoV-2 Ag Upper resp Ql IA.rapid"|"Nasopharyngeal swab"|258500001|04/28/2022|Negative|260385009
174|4244|10D2214779||Kijak|"Zbigniew Jerzy"||10/05/1951||"4102 cedar creek ranch cir"|"lake worth"|FL|33467||Male|3126237059|"No Response"|0||0|0|0|0||1|Kijak||||||||"SARS-CoV-2 (COVID-19)"|Antigen|97097-0|"SARS-CoV-2 Ag Upper resp Ql IA.rapid"|"Nasopharyngeal swab"|258500001|04/28/2022|Negative|260385009
175|4244|10D2214779||Kohout|Lydia||02/09/1945||"5 South Lewis St"|Metter|FL|30439||Female|4042909968|"No Response"|1||0|0|0|0||0|Kohout||||||||"SARS-CoV-2 (COVID-19)"|Antigen|97097-0|"SARS-CoV-2 Ag Upper resp Ql IA.rapid"|"Nasopharyngeal swab"|258500001|04/28/2022|Negative|260385009
176|4244|10D2214779||Kijak|"Nadine stewart"||04/22/1954||"4102 cedar creekl ranch cir"|"lake worth"|FL|33467||Female|3129091109|"No Response"|0||0|0|0|0||1|Kijak||||||||"SARS-CoV-2 (COVID-19)"|Antigen|97097-0|"SARS-CoV-2 Ag Upper resp Ql IA.rapid"|"Nasopharyngeal swab"|258500001|04/28/2022|Negative|260385009
177|4244|10D2214779||Rakova|Nina||04/17/2012||Unknown|Unknown|FL|99999||Female|9999999999|"No Response"|1||0|0|0|0||0|Rakova||||||||"SARS-CoV-2 (COVID-19)"|Antigen|97097-0|"SARS-CoV-2 Ag Upper resp Ql IA.rapid"|"Nasopharyngeal swab"|258500001|04/28/2022|Negative|260385009
178|4244|10D2214779||Kohout|Jerry||12/27/1943||"5 South Lewis"|Metter|FL|30439||Male|4042909968|"No Response"|1||0|0|0|0||0|Kohout||||||||"SARS-CoV-2 (COVID-19)"|Antigen|97097-0|"SARS-CoV-2 Ag Upper resp Ql IA.rapid"|"Nasopharyngeal swab"|258500001|04/28/2022|Negative|260385009
179|4244|10D2214779||Boucicault|"Carl H"||07/01/1965||"4931 wedgewood beach"|"west palm beach"|FL|99999||Male|5615700445|"No Response"|0||0|0|0|1||0|Boucicault||||||||"SARS-CoV-2 (COVID-19)"|Antigen|97097-0|"SARS-CoV-2 Ag Upper resp Ql IA.rapid"|"Nasopharyngeal swab"|258500001|04/28/2022|Negative|260385009
180|4244|10D2214779||Rogers|Ann||01/01/1970||"225 Chalfonte Ave"|"Grosse Pointe Farms"|FL|48236||Female|3137275107|"No Response"|1||0|0|0|0||0|Rogers||||||||"SARS-CoV-2 (COVID-19)"|Antigen|97097-0|"SARS-CoV-2 Ag Upper resp Ql IA.rapid"|"Nasopharyngeal swab"|258500001|04/28/2022|Negative|260385009
181|4244|10D2214779||Rogers|Thomas||01/01/1970||"225 Chalfonte Ave"|"Grosse point farms"|FL|00000||Male|3137275107|"No Response"|1||0|0|0|0||0|Rogers||||||||"SARS-CoV-2 (COVID-19)"|Antigen|97097-0|"SARS-CoV-2 Ag Upper resp Ql IA.rapid"|"Nasopharyngeal swab"|258500001|04/28/2022|Negative|260385009
182|4244|10D2214779||Arends|Vincent||01/01/1970||"436 Ocean drive"|Miami|FL|33139||Male|9999999999|"No Response"|1||0|0|0|0||0|Arends||||||||"SARS-CoV-2 (COVID-19)"|Antigen|97097-0|"SARS-CoV-2 Ag Upper resp Ql IA.rapid"|"Nasopharyngeal swab"|258500001|04/28/2022|Negative|260385009
183|4244|10D2214779||Leppers|Ilja||01/01/1970||"436 Ocean Drive"|Miami|FL|33139||Female|9999999999|"No Response"|1||0|0|0|0||0|Leppers||||||||"SARS-CoV-2 (COVID-19)"|Antigen|97097-0|"SARS-CoV-2 Ag Upper resp Ql IA.rapid"|"Nasopharyngeal swab"|258500001|04/28/2022|Negative|260385009
184|4244|10D2214779||Arends|Amber||01/01/1970||"436 Ocean Drive"|Miami|FL|33139||Female|9999999999|"No Response"|1||0|0|0|0||0|Arends||||||||"SARS-CoV-2 (COVID-19)"|Antigen|97097-0|"SARS-CoV-2 Ag Upper resp Ql IA.rapid"|"Nasopharyngeal swab"|258500001|04/28/2022|Negative|260385009
185|4244|10D2214779||Arends|Thorsten||01/01/1970||"436 Ocean Drive"|Miami|FL|33139||Male|9999999999|"No Response"|1||0|0|0|0||0|Arends||||||||"SARS-CoV-2 (COVID-19)"|Antigen|97097-0|"SARS-CoV-2 Ag Upper resp Ql IA.rapid"|"Nasopharyngeal swab"|258500001|04/28/2022|Negative|260385009
186|4244|10D2214779||Clark|Penny||01/01/1970||"28580 wood rd"|Pioneer|FL|95666||Female|9166702286|"No Response"|1||0|0|0|0||0|Clark||||||||"SARS-CoV-2 (COVID-19)"|Antigen|97097-0|"SARS-CoV-2 Ag Upper resp Ql IA.rapid"|"Nasopharyngeal swab"|258500001|04/28/2022|Negative|260385009
187|4244|10D2214779||Clark|Penny||01/01/1970||"28580 wood rd"|Pioneer|FL|95666||Female|9166702286|"No Response"|1||0|0|0|0||0|Clark||||||||"SARS-CoV-2 (COVID-19)"|Antigen|97097-0|"SARS-CoV-2 Ag Upper resp Ql IA.rapid"|"Nasopharyngeal swab"|258500001|04/28/2022|Negative|260385009
188|4244|10D2214779||Douglas|Naldi||03/02/1958||"10003 Shortwood Lane"|Orlando|FL|32836||Male|4072224244|"No Response"|0||0|0|0|0||0|Douglas||||||||"SARS-CoV-2 (COVID-19)"|Antigen|97097-0|"SARS-CoV-2 Ag Upper resp Ql IA.rapid"|"Nasopharyngeal swab"|258500001|04/28/2022|Negative|260385009
189|4244|10D2214779||Clark|LeRoy||01/13/1962||"28580 wood rd."|Pioneer|FL|95666||Male|9162148299|"No Response"|1||0|0|0|0||0|Clark||||||||"SARS-CoV-2 (COVID-19)"|Antigen|97097-0|"SARS-CoV-2 Ag Upper resp Ql IA.rapid"|"Nasopharyngeal swab"|258500001|04/28/2022|Negative|260385009
190|4244|10D2214779||Gilbert|Brian||01/01/1970||"4481 superstition drive"|"Las cruces"|FL|88011||Male|5759939253|"No Response"|1||0|0|0|0||0|Gilbert||||||||"SARS-CoV-2 (COVID-19)"|Antigen|97097-0|"SARS-CoV-2 Ag Upper resp Ql IA.rapid"|"Nasopharyngeal swab"|258500001|04/28/2022|Negative|260385009
191|4244|10D2214779||TAI|Ruixuan||02/04/1989||"3113 plaza street, las vegas, NV 89121"|"las Vegas"|FL|89121||Female|9999999999|"No Response"|0||0|1|0|0||0|TAI||||||||"SARS-CoV-2 (COVID-19)"|Antigen|97097-0|"SARS-CoV-2 Ag Upper resp Ql IA.rapid"|"Nasopharyngeal swab"|258500001|04/21/2022|Negative|260385009
192|4244|10D2214779||Holland|Gerald||05/15/1935||"3231 NE 59th St"|"Fort Lauderdale"|FL|33308||Male|2069159424|"No Response"|1||0|0|0|0||0|Holland||||||||"SARS-CoV-2 (COVID-19)"|Antigen|97097-0|"SARS-CoV-2 Ag Upper resp Ql IA.rapid"|"Nasopharyngeal swab"|258500001|04/28/2022|Negative|260385009
193|4244|10D2214779||Holland|Gerald||05/15/1935||"3231 NE 59th St"|"Fort Lauderdale"|FL|33308||Male|2069159424|"No Response"|1||0|0|0|0||0|Holland||||||||"SARS-CoV-2 (COVID-19)"|Antigen|97097-0|"SARS-CoV-2 Ag Upper resp Ql IA.rapid"|"Nasopharyngeal swab"|258500001|04/28/2022|Negative|260385009
194|4244|10D2214779||Mortimer|Juan||09/29/1993||"284 SW 33rd Court"|"Fort Lauderdale"|FL|33315||Male|9999999999|"No Response"|0||0|0|0|0||0|Mortimer||||||||"SARS-CoV-2 (COVID-19)"|Antigen|97097-0|"SARS-CoV-2 Ag Upper resp Ql IA.rapid"|"Nasopharyngeal swab"|258500001|04/28/2022|Negative|260385009
195|4244|10D2214779||Thompson|Judith||11/30/1968||"30 South Federal Highway"|"Ft Lauderdale"|FL|33301||Female|12424226665|"No Response"|0||0|0|0|0||0|Thompson||||||||"SARS-CoV-2 (COVID-19)"|Antigen|97097-0|"SARS-CoV-2 Ag Upper resp Ql IA.rapid"|"Nasopharyngeal swab"|258500001|04/28/2022|Negative|260385009
196|4244|10D2214779||Leemhuis|Dale||10/26/1954||"1601 E Hemingway Dr"|"Juno Beach"|FL|33408||Female|2408326114|"No Response"|1||0|0|0|0||0|Leemhuis||||||||"SARS-CoV-2 (COVID-19)"|Antigen|97097-0|"SARS-CoV-2 Ag Upper resp Ql IA.rapid"|"Nasopharyngeal swab"|258500001|04/28/2022|Negative|260385009
197|4244|10D2214779||Leemhuis|Michael||02/25/1954||"1601 E Hemingway Dr"|"Juno Beach"|FL|33408||Male|2408767819|"No Response"|1||0|0|0|0||0|Leemhuis||||||||"SARS-CoV-2 (COVID-19)"|Antigen|97097-0|"SARS-CoV-2 Ag Upper resp Ql IA.rapid"|"Nasopharyngeal swab"|258500001|04/28/2022|Negative|260385009
198|4244|10D2214779||Leemhuis|Dale||10/26/1954||"1601 E Hemingway Dr"|"North Palm Beach"|FL|33408||Female|2408326114|"No Response"|1||0|0|0|0||0|Leemhuis||||||||"SARS-CoV-2 (COVID-19)"|Antigen|97097-0|"SARS-CoV-2 Ag Upper resp Ql IA.rapid"|"Nasopharyngeal swab"|258500001|04/28/2022|Negative|260385009
199|4244|10D2214779||Schneidau|william||10/08/1956||"6271 shadow tree lane"|"lake worth"|FL|33463||Male|5613853825|"No Response"|1||0|0|0|0||0|Schneidau||||||||"SARS-CoV-2 (COVID-19)"|Antigen|97097-0|"SARS-CoV-2 Ag Upper resp Ql IA.rapid"|"Nasopharyngeal swab"|258500001|04/28/2022|Negative|260385009
200|4244|10D2214779||schneidau|louann||08/19/1960||"6271 shadow tree lane"|"lake worth"|FL|33463||Female|5616628841|"No Response"|1||0|0|0|0||0|schneidau||||||||"SARS-CoV-2 (COVID-19)"|Antigen|97097-0|"SARS-CoV-2 Ag Upper resp Ql IA.rapid"|"Nasopharyngeal swab"|258500001|04/28/2022|Negative|260385009
201|4244|10D2214779||McGregor|Michelle||02/02/1974||"Renaissance Hotel 17th st"|"Fort Lauderdale"|FL|33316||Female|2428276506|"No Response"|1||0|0|0|0||0|McGregor||||||||"SARS-CoV-2 (COVID-19)"|Antigen|97097-0|"SARS-CoV-2 Ag Upper resp Ql IA.rapid"|"Nasopharyngeal swab"|258500001|04/28/2022|Negative|260385009
