RecordID|FacilityID|CLIAID|PatientID|LastName|FirstName|MiddleName|DOB|SSN|StreetAddress|City|State|Zip|County|Gender|PhoneNumber|Ethnicity|RaceWhite|RaceBlack|RaceAmericanIndianAlaskanNative|RaceAsian|RaceNativeHawaiianOrOtherPacificIslander|RaceOther|RaceUnknown|RaceNoResponse|ProviderName|NPI|Pregnant|SchoolAssociation|SchoolName|MeetILIDefinition|PerformingLab|AccessionNumber|Pathogen|TestType|LOINC|LOINCShortName|SpecimenCollectionType|SpecimenSNOMED|SpecimenCollectedDate|Result|ResultSNOMED
1|4244|10D2214779||Ackley|Billy||07/23/1967||"3920 NW 79th Way"|Hollywood|FL|33024||Male|9547321170|"No Response"|1||0|0|0|0||0|Ackley||||||||"SARS-CoV-2 (COVID-19)"|PCR|94500-6|"SARS-CoV-2 RNA Resp Ql NAA+probe"|"Nasopharyngeal swab"|258500001|04/12/2022|Negative|260385009
2|4244|10D2214779||Ackley|Billy||07/23/1967||"13803 88th Place N"|"West Palm Beach"|FL|33412||Male|9547321170|"No Response"|1||0|0|0|0||0|Ackley||||||||"SARS-CoV-2 (COVID-19)"|PCR|94500-6|"SARS-CoV-2 RNA Resp Ql NAA+probe"|"Nasopharyngeal swab"|258500001|04/12/2022|Negative|260385009
3|4244|10D2214779||Majewski|Edward||01/07/1980||"8153 NW 5th Street"|"Coral Springs"|FL|33071||Male|9999999999|"No Response"|1||0|0|0|0||0|Majewski||||||||"SARS-CoV-2 (COVID-19)"|Antigen|97097-0|"SARS-CoV-2 Ag Upper resp Ql IA.rapid"|"Nasopharyngeal swab"|258500001|04/12/2022|Negative|260385009
4|4244|10D2214779||Ackley|Billy||07/23/1967||"13803 88th Pl N"|"West Palm Beach"|FL|33412||Male|9547321170|"No Response"|1||0|0|0|0||0|Ackley||||||||"SARS-CoV-2 (COVID-19)"|PCR|94500-6|"SARS-CoV-2 RNA Resp Ql NAA+probe"|"Nasopharyngeal swab"|258500001|04/12/2022|Negative|260385009
5|4244|10D2214779||Majewski|Edward||01/07/1980||"8153 NW 5th street"|"Coral Springs"|FL|33071||Male|9999999999|"No Response"|1||0|0|0|0||0|Majewski||||||||"SARS-CoV-2 (COVID-19)"|Antigen|97097-0|"SARS-CoV-2 Ag Upper resp Ql IA.rapid"|"Nasopharyngeal swab"|258500001|04/12/2022|Negative|260385009
6|4244|10D2214779||Ackley|Billy||07/23/1967||"13803 88th Pl"|"West Palm Beach"|FL|33412||Male|9547321170|"No Response"|1||0|0|0|0||0|Ackley||||||||"SARS-CoV-2 (COVID-19)"|PCR|94500-6|"SARS-CoV-2 RNA Resp Ql NAA+probe"|"Nasopharyngeal swab"|258500001|04/12/2022|Negative|260385009
7|4244|10D2214779||Majewski|Edward||01/07/1980||"8153 NW 5th Street"|"Coral Springs"|FL|33071||Male|9999999999|"No Response"|1||0|0|0|0||0|Majewski||||||||"SARS-CoV-2 (COVID-19)"|Antigen|97097-0|"SARS-CoV-2 Ag Upper resp Ql IA.rapid"|"Nasopharyngeal swab"|258500001|04/12/2022|Negative|260385009
8|4244|10D2214779||Butler|Ariff||06/06/1983||"3816 shelley rd s"|"West palm beach"|FL|33417||Male|8763109337|"No Response"|0||0|0|0|0||0|Butler||||||||"SARS-CoV-2 (COVID-19)"|Antigen|97097-0|"SARS-CoV-2 Ag Upper resp Ql IA.rapid"|"Nasopharyngeal swab"|258500001|04/12/2022|Negative|260385009
9|4244|10D2214779||Ackley|Billy||07/23/1967||"13803 88th pl N"|"West Palm Beach"|FL|33412||Male|9547321170|"No Response"|1||0|0|0|0||0|Ackley||||||||"SARS-CoV-2 (COVID-19)"|PCR|94500-6|"SARS-CoV-2 RNA Resp Ql NAA+probe"|"Nasopharyngeal swab"|258500001|04/12/2022|Negative|260385009
10|4244|10D2214779||Godfrey|Ronald||05/08/1958||"2717 Emory drive"|"Green Acres"|FL|33415||Male|9544016044|"No Response"|0||0|0|0|1||0|Godfrey||||||||"SARS-CoV-2 (COVID-19)"|Antigen|97097-0|"SARS-CoV-2 Ag Upper resp Ql IA.rapid"|"Nasopharyngeal swab"|258500001|04/12/2022|Negative|260385009
11|4244|10D2214779||Ackley|Billy||07/23/1967||"13803 88th Pl N"|"West Palm Beach"|FL|33412||Male|9547321170|"No Response"|1||0|0|0|0||0|Ackley||||||||"SARS-CoV-2 (COVID-19)"|PCR|94500-6|"SARS-CoV-2 RNA Resp Ql NAA+probe"|"Nasopharyngeal swab"|258500001|04/12/2022|Negative|260385009
12|4244|10D2214779||Bleyl|Kiyono||12/18/1976||"8517 Legend Club Dr."|"West Palm Beach"|FL|33412||Female|5617069199|"No Response"|0||0|1|0|0||0|Bleyl||||||||"SARS-CoV-2 (COVID-19)"|PCR|94500-6|"SARS-CoV-2 RNA Resp Ql NAA+probe"|"Nasopharyngeal swab"|258500001|04/10/2022|Negative|260385009
13|4244|10D2214779||MEIHANA|HEATHER||01/18/1959||"26 GARDEN TERRACE PLACE"|AUCKLAND|FL|02120||Female|9999999999|"No Response"|1||0|0|0|0||0|MEIHANA||||||||"SARS-CoV-2 (COVID-19)"|PCR|94500-6|"SARS-CoV-2 RNA Resp Ql NAA+probe"|"Nasopharyngeal swab"|258500001|04/12/2022|Negative|260385009
14|4244|10D2214779||Sobczak|Francis||02/16/1971||"861 SE 7th ave"|"Pompano Beach"|FL|33060||Male|9548546432|"No Response"|1||0|0|0|0||0|Sobczak||||||||"SARS-CoV-2 (COVID-19)"|Antigen|97097-0|"SARS-CoV-2 Ag Upper resp Ql IA.rapid"|"Nasopharyngeal swab"|258500001|04/12/2022|Negative|260385009
15|4244|10D2214779||Sobczak|Drew||03/28/2007||"861 SE 7th Ave"|"Pompano Beach"|FL|33060||Male|9548546432|"No Response"|0||0|0|0|0||0|Sobczak||||||||"SARS-CoV-2 (COVID-19)"|Antigen|97097-0|"SARS-CoV-2 Ag Upper resp Ql IA.rapid"|"Nasopharyngeal swab"|258500001|04/12/2022|Negative|260385009
16|4244|10D2214779||Sobczak|Cameron||02/02/2005||"861 SE 7th Ave"|"Pompano Beach"|FL|33060||Male|9548546432|"No Response"|0||0|0|0|0||0|Sobczak||||||||"SARS-CoV-2 (COVID-19)"|Antigen|97097-0|"SARS-CoV-2 Ag Upper resp Ql IA.rapid"|"Nasopharyngeal swab"|258500001|04/12/2022|Negative|260385009
17|4244|10D2214779||Sobczak|Lisa||08/17/1974||"861 SE 7th Ave"|"Pompano Beach"|FL|33060||Female|9544017180|"No Response"|0||0|0|0|0||0|Sobczak||||||||"SARS-CoV-2 (COVID-19)"|Antigen|97097-0|"SARS-CoV-2 Ag Upper resp Ql IA.rapid"|"Nasopharyngeal swab"|258500001|04/12/2022|Negative|260385009
18|4244|10D2214779||Teodoro|Rocio||10/20/1999||"Av collins"|Gavá|FL|08850||Female|9999999999|"No Response"|0||0|0|0|0||0|Teodoro||||||||"SARS-CoV-2 (COVID-19)"|Antigen|97097-0|"SARS-CoV-2 Ag Upper resp Ql IA.rapid"|"Nasopharyngeal swab"|258500001|04/12/2022|Negative|260385009
19|4244|10D2214779||Oulton|Tanner||04/13/2005||"1960 NE 31 Street"|"Lighthouse Point"|FL|33064||Male|9545402638|"No Response"|1||0|0|0|0||0|Oulton||||||||"SARS-CoV-2 (COVID-19)"|Antigen|97097-0|"SARS-CoV-2 Ag Upper resp Ql IA.rapid"|"Nasopharyngeal swab"|258500001|04/12/2022|Negative|260385009
20|4244|10D2214779||MEIHANA|HEATHER||01/18/1959||Unknown|Unknown|FL|99999||Female|9999999999|"No Response"|1||0|0|0|0||0|MEIHANA||||||||"SARS-CoV-2 (COVID-19)"|PCR|94500-6|"SARS-CoV-2 RNA Resp Ql NAA+probe"|"Nasopharyngeal swab"|258500001|04/12/2022|Negative|260385009
21|4244|10D2214779||Ackley|Billy||07/23/1967||"13803 88th Pl N"|"West Palm Beach"|FL|33412||Male|9547321170|"No Response"|1||0|0|0|0||0|Ackley||||||||"SARS-CoV-2 (COVID-19)"|PCR|94500-6|"SARS-CoV-2 RNA Resp Ql NAA+probe"|"Nasopharyngeal swab"|258500001|04/12/2022|Negative|260385009
22|4244|10D2214779||Nicholls|Jamila||04/04/1990||"1695 NW 111th Avenue Suite B Sweetwater"|Miami|FL|33172||Female|9999999999|"No Response"|0||0|0|0|0||0|Nicholls||||||||"SARS-CoV-2 (COVID-19)"|Antigen|97097-0|"SARS-CoV-2 Ag Upper resp Ql IA.rapid"|"Nasopharyngeal swab"|258500001|04/12/2022|Negative|260385009
23|4244|10D2214779||Barrow|Sonny||07/23/2009||Unknown|Unknown|FL|99999||Male|9999999999|"No Response"|1||0|0|0|0||0|Barrow||||||||"SARS-CoV-2 (COVID-19)"|Antigen|97097-0|"SARS-CoV-2 Ag Upper resp Ql IA.rapid"|"Nasopharyngeal swab"|258500001|04/12/2022|Negative|260385009
24|4244|10D2214779||Barrow|Ruby||03/02/2013||Unknown|Unknown|FL|99999||Female|9999999999|"No Response"|1||0|0|0|0||0|Barrow||||||||"SARS-CoV-2 (COVID-19)"|Antigen|97097-0|"SARS-CoV-2 Ag Upper resp Ql IA.rapid"|"Nasopharyngeal swab"|258500001|04/12/2022|Negative|260385009
25|4244|10D2214779||Barrow|Lottie||12/23/2015||Unknown|Unknown|FL|99999||Female|9999999999|"No Response"|1||0|0|0|0||0|Barrow||||||||"SARS-CoV-2 (COVID-19)"|Antigen|97097-0|"SARS-CoV-2 Ag Upper resp Ql IA.rapid"|"Nasopharyngeal swab"|258500001|04/12/2022|Negative|260385009
26|4244|10D2214779||Prot-Charles|Hervé||09/17/1963||"blanc kara hôtel"|miami|FL|33139||Male|0648162778|"No Response"|1||0|0|0|0||0|Prot-Charles||||||||"SARS-CoV-2 (COVID-19)"|Antigen|97097-0|"SARS-CoV-2 Ag Upper resp Ql IA.rapid"|"Nasopharyngeal swab"|258500001|04/12/2022|Negative|260385009
27|4244|10D2214779||Prot-Charles|Myriam||06/01/1964||"blanc Kara hôtel"|Miami|FL|33139||Female|0688173891|"No Response"|1||0|0|0|0||0|Prot-Charles||||||||"SARS-CoV-2 (COVID-19)"|Antigen|97097-0|"SARS-CoV-2 Ag Upper resp Ql IA.rapid"|"Nasopharyngeal swab"|258500001|04/12/2022|Negative|260385009
28|4244|10D2214779||Barn|Dennis||07/30/1942||"5350 E Deer Valley Drive, Unit 1261"|Phoenix|FL|85054||Male|9529133897|"No Response"|1||0|0|0|0||0|Barn||||||||"SARS-CoV-2 (COVID-19)"|Antigen|97097-0|"SARS-CoV-2 Ag Upper resp Ql IA.rapid"|"Nasopharyngeal swab"|258500001|04/12/2022|Negative|260385009
29|4244|10D2214779||Barn|Susan||01/19/1949||"5350 E Deer Valley Drive, Unit 1261"|Phoenix|FL|85054||Female|9529133898|"No Response"|1||0|0|0|0||0|Barn||||||||"SARS-CoV-2 (COVID-19)"|Antigen|97097-0|"SARS-CoV-2 Ag Upper resp Ql IA.rapid"|"Nasopharyngeal swab"|258500001|04/12/2022|Negative|260385009
30|4244|10D2214779||OWEN|STEPHEN||11/15/1954||"1508 NEW MADRID"|"CAPE GIRARDEAU"|FL|63701||Male|9999999999|"No Response"|1||0|0|0|0||0|OWEN||||||||"SARS-CoV-2 (COVID-19)"|Antigen|97097-0|"SARS-CoV-2 Ag Upper resp Ql IA.rapid"|"Nasopharyngeal swab"|258500001|04/12/2022|Negative|260385009
31|4244|10D2214779||OWEN|CHRISTINE||09/14/1952||"1508 NEW MADRID"|"CAPE GIRARDEAU"|FL|63701||Female|9999999999|"No Response"|1||0|0|0|0||0|OWEN||||||||"SARS-CoV-2 (COVID-19)"|Antigen|97097-0|"SARS-CoV-2 Ag Upper resp Ql IA.rapid"|"Nasopharyngeal swab"|258500001|04/12/2022|Negative|260385009
32|4244|10D2214779||Bell|Jonathan||06/06/1966||"Gaylord Convention Center"|Orlando|FL|99999||Male|9999999999|"No Response"|1||0|0|0|0||0|Bell||||||||"SARS-CoV-2 (COVID-19)"|Antigen|97097-0|"SARS-CoV-2 Ag Upper resp Ql IA.rapid"|"Nasopharyngeal swab"|258500001|04/12/2022|Negative|260385009
33|4244|10D2214779||Bell|Sarah||04/17/1970||"Gaylord Convention Centre"|Orlando|FL|99999||Female|9999999999|"No Response"|1||0|0|0|0||0|Bell||||||||"SARS-CoV-2 (COVID-19)"|Antigen|97097-0|"SARS-CoV-2 Ag Upper resp Ql IA.rapid"|"Nasopharyngeal swab"|258500001|04/12/2022|Negative|260385009
34|4244|10D2214779||Bell|Megan||01/28/1998||"Gaylord Convention Centre"|Orlando|FL|99999||Female|9999999999|"No Response"|1||0|0|0|0||0|Bell||||||||"SARS-CoV-2 (COVID-19)"|Antigen|97097-0|"SARS-CoV-2 Ag Upper resp Ql IA.rapid"|"Nasopharyngeal swab"|258500001|04/12/2022|Negative|260385009
35|4244|10D2214779||Hall|Ewan||01/04/2005||"Gaylord Convention Centre"|Orlando|FL|99999||Male|9999999999|"No Response"|1||0|0|0|0||0|Hall||||||||"SARS-CoV-2 (COVID-19)"|Antigen|97097-0|"SARS-CoV-2 Ag Upper resp Ql IA.rapid"|"Nasopharyngeal swab"|258500001|04/12/2022|Negative|260385009
36|4244|10D2214779||Collins|John||06/20/1960||"1959 Branchwater Trail"|Orlando|FL|32825||Male|4074063023|"No Response"|1||0|0|0|0||0|Collins||||||||"SARS-CoV-2 (COVID-19)"|Antigen|97097-0|"SARS-CoV-2 Ag Upper resp Ql IA.rapid"|"Nasopharyngeal swab"|258500001|04/12/2022|Negative|260385009
37|4244|10D2214779||Hall|Max||01/26/2007||"Gaylord Convention Centre"|Orlando|FL|99999||Male|9999999999|"No Response"|1||0|0|0|0||0|Hall||||||||"SARS-CoV-2 (COVID-19)"|Antigen|97097-0|"SARS-CoV-2 Ag Upper resp Ql IA.rapid"|"Nasopharyngeal swab"|258500001|04/12/2022|Negative|260385009
38|4244|10D2214779||Hall|Frederick||01/26/2007||"Gaylord Convention Centre"|Orlando|FL|99999||Male|9999999999|"No Response"|1||0|0|0|0||0|Hall||||||||"SARS-CoV-2 (COVID-19)"|Antigen|97097-0|"SARS-CoV-2 Ag Upper resp Ql IA.rapid"|"Nasopharyngeal swab"|258500001|04/12/2022|Negative|260385009
39|4244|10D2214779||Suazo|"Dioscora Dugos"||04/09/1960||"111 Mango Rd NE"|"Lake Placid"|FL|33852||Female|8638404411|"No Response"|0||0|1|0|0||0|Suazo||||||||"SARS-CoV-2 (COVID-19)"|Antigen|97097-0|"SARS-CoV-2 Ag Upper resp Ql IA.rapid"|"Nasopharyngeal swab"|258500001|04/12/2022|Negative|260385009
40|4244|10D2214779||Pardoe|"Juanita Dugos"||03/24/1948||"481 Archie Summers Rd"|"Lake Placid"|FL|33852||Female|8638404411|"No Response"|0||0|1|0|0||0|Pardoe||||||||"SARS-CoV-2 (COVID-19)"|Antigen|97097-0|"SARS-CoV-2 Ag Upper resp Ql IA.rapid"|"Nasopharyngeal swab"|258500001|04/12/2022|Negative|260385009
41|4244|10D2214779||Lenart|Szabolcs||07/07/1996||Unknown|Unknown|FL|99999||Male|9547991316|"No Response"|1||0|0|0|0||0|Lenart||||||||"SARS-CoV-2 (COVID-19)"|Antigen|97097-0|"SARS-CoV-2 Ag Upper resp Ql IA.rapid"|"Nasopharyngeal swab"|258500001|04/12/2022|Negative|260385009
42|4244|10D2214779||Lenart|Szabolcs||07/07/1996||Unknown|Unknown|FL|99999||Male|9547991316|"No Response"|1||0|0|0|0||0|Lenart||||||||"SARS-CoV-2 (COVID-19)"|Antigen|97097-0|"SARS-CoV-2 Ag Upper resp Ql IA.rapid"|"Nasopharyngeal swab"|258500001|04/12/2022|Negative|260385009
43|4244|10D2214779||Ortiz|Humberto||10/03/1958||"13135 SW 10 ter"|Míami|FL|33184||Male|7863724201|"No Response"|0||0|0|0|0||0|Ortiz||||||||"SARS-CoV-2 (COVID-19)"|Antigen|97097-0|"SARS-CoV-2 Ag Upper resp Ql IA.rapid"|"Nasopharyngeal swab"|258500001|04/12/2022|Negative|260385009
44|4244|10D2214779||Frenkiel|Dino||07/18/1968||"6526 Greenbush Ave"|"Van Nuys"|FL|91401||Male|5057108149|"No Response"|0||0|0|0|0||0|Frenkiel||||||||"SARS-CoV-2 (COVID-19)"|Antigen|97097-0|"SARS-CoV-2 Ag Upper resp Ql IA.rapid"|"Nasopharyngeal swab"|258500001|04/12/2022|Negative|260385009
45|4244|10D2214779||Dionisio|Flotilda||04/04/1954||"10407 Gwynns Falls Street"|"Las Vegas"|FL|89183||Female|7024153901|"No Response"|0||0|1|0|0||0|Dionisio||||||||"SARS-CoV-2 (COVID-19)"|Antigen|97097-0|"SARS-CoV-2 Ag Upper resp Ql IA.rapid"|"Nasopharyngeal swab"|258500001|04/12/2022|Negative|260385009
46|4244|10D2214779||Aguilar|Mario||05/02/1987||"475 SE 1st st"|"Pompano beach"|FL|33060||Male|8186027215|"No Response"|0||0|0|0|0||0|Aguilar||||||||"SARS-CoV-2 (COVID-19)"|Antigen|97097-0|"SARS-CoV-2 Ag Upper resp Ql IA.rapid"|"Nasopharyngeal swab"|258500001|04/12/2022|Negative|260385009
47|4244|10D2214779||Gray|Barbara||02/08/1959||"400 Corporate Drive"|"Fort Lauderdale"|FL|33334||Female|61409391820|"No Response"|1||0|0|0|0||0|Gray||||||||"SARS-CoV-2 (COVID-19)"|Antigen|97097-0|"SARS-CoV-2 Ag Upper resp Ql IA.rapid"|"Nasopharyngeal swab"|258500001|04/12/2022|Negative|260385009
48|4244|10D2214779||Volcy|"Lucien Joseph"||06/19/1970||Unknown|Unknown|FL|99999||Male|3054235453|"No Response"|0||0|0|0|1||0|Volcy||||||||"SARS-CoV-2 (COVID-19)"|PCR|94500-6|"SARS-CoV-2 RNA Resp Ql NAA+probe"|"Nasopharyngeal swab"|258500001|04/12/2022|Negative|260385009
49|4244|10D2214779||Gray|"Robert John"||07/29/1958||"400 Corporate Drive"|"Fort Lauderdale"|FL|33334||Male|61409391820|"No Response"|1||0|0|0|0||0|Gray||||||||"SARS-CoV-2 (COVID-19)"|Antigen|97097-0|"SARS-CoV-2 Ag Upper resp Ql IA.rapid"|"Nasopharyngeal swab"|258500001|04/12/2022|Negative|260385009
50|4244|10D2214779||Jenard|Francis||02/21/1961||"356 Golfview Rd #301"|NPB|FL|33497||Male|5616449819|"No Response"|1||0|0|0|0||0|Jenard||||||||"SARS-CoV-2 (COVID-19)"|Antigen|97097-0|"SARS-CoV-2 Ag Upper resp Ql IA.rapid"|"Nasopharyngeal swab"|258500001|04/12/2022|Negative|260385009
51|4244|10D2214779||Jenard|Francis||02/21/1961||"356 Golfview Rd #301"|NPB|FL|33497||Male|5616449819|"No Response"|1||0|0|0|0||0|Jenard||||||||"SARS-CoV-2 (COVID-19)"|Antigen|97097-0|"SARS-CoV-2 Ag Upper resp Ql IA.rapid"|"Nasopharyngeal swab"|258500001|04/12/2022|Positive|10828004
52|4244|10D2214779||Majewski|Edward||01/07/1980||"8153 Nw 5th Street"|"Coral Springs"|FL|33071||Male|9999999999|"No Response"|1||0|0|0|0||0|Majewski||||||||"SARS-CoV-2 (COVID-19)"|Antigen|97097-0|"SARS-CoV-2 Ag Upper resp Ql IA.rapid"|"Nasopharyngeal swab"|258500001|04/12/2022|Negative|260385009
53|4244|10D2214779||Murawski|Mariusz||02/04/1987||"6911 environ blvd. Apt 3j"|Lauderhill|FL|33319||Male|9544780629|"No Response"|1||0|0|0|0||0|Murawski||||||||"SARS-CoV-2 (COVID-19)"|Antigen|97097-0|"SARS-CoV-2 Ag Upper resp Ql IA.rapid"|"Nasopharyngeal swab"|258500001|04/12/2022|Negative|260385009
54|4244|10D2214779||Pressoir|"Jimi Roberto"||10/26/1972||"437 NE 107 Street"|Miami|FL|33161||Male|7862530577|"No Response"|1||0|0|0|0||0|Pressoir||||||||"SARS-CoV-2 (COVID-19)"|Antigen|97097-0|"SARS-CoV-2 Ag Upper resp Ql IA.rapid"|"Nasopharyngeal swab"|258500001|04/12/2022|Negative|260385009
55|4244|10D2214779||Allam|Nader||02/20/1976||"1601 Collins Avenue"|"Miami Beach"|FL|33139||Male|16138527684|"No Response"|0||0|0|0|1||0|Allam||||||||"SARS-CoV-2 (COVID-19)"|Antigen|97097-0|"SARS-CoV-2 Ag Upper resp Ql IA.rapid"|"Nasopharyngeal swab"|258500001|04/12/2022|Negative|260385009
56|4244|10D2214779||Pritchard|Francoise||07/21/1982||"1601 Collins Ave"|"Miami Beach"|FL|33139||Female|1638638228|"No Response"|1||0|0|0|0||0|Pritchard||||||||"SARS-CoV-2 (COVID-19)"|Antigen|97097-0|"SARS-CoV-2 Ag Upper resp Ql IA.rapid"|"Nasopharyngeal swab"|258500001|04/12/2022|Negative|260385009
57|4244|10D2214779||Hodgins|Ursula||03/12/1970||"1601 Collins ave"|Miami|FL|33139||Female|6132906445|"No Response"|1||0|0|0|0||0|Hodgins||||||||"SARS-CoV-2 (COVID-19)"|Antigen|97097-0|"SARS-CoV-2 Ag Upper resp Ql IA.rapid"|"Nasopharyngeal swab"|258500001|04/12/2022|Negative|260385009
58|4244|10D2214779||Hodgins|Anthony||07/26/1969||"1601 Collins ave"|Miami|FL|33139||Male|9999999999|"No Response"|1||0|0|0|0||0|Hodgins||||||||"SARS-CoV-2 (COVID-19)"|Antigen|97097-0|"SARS-CoV-2 Ag Upper resp Ql IA.rapid"|"Nasopharyngeal swab"|258500001|04/12/2022|Negative|260385009
59|4244|10D2214779||PULECIO|LORENA||12/24/1981||"255 BISCAYNE BLVD WAY"|MIAMI|FL|33131||Female|9999999999|"No Response"|0||0|0|0|0||0|PULECIO||||||||"SARS-CoV-2 (COVID-19)"|Antigen|97097-0|"SARS-CoV-2 Ag Upper resp Ql IA.rapid"|"Nasopharyngeal swab"|258500001|04/12/2022|Negative|260385009
60|4244|10D2214779||SALVINO|ALEJANDRO||06/15/1971||"255 BISCAYNE BLVD WAY"|MIAMI|FL|33131||Male|9999999999|"No Response"|0||0|0|0|0||0|SALVINO||||||||"SARS-CoV-2 (COVID-19)"|Antigen|97097-0|"SARS-CoV-2 Ag Upper resp Ql IA.rapid"|"Nasopharyngeal swab"|258500001|04/12/2022|Negative|260385009
61|4244|10D2214779||SALVINO|SALVATORE||08/19/2014||"255 BISCAYNE BVLD WAY"|MIAMI|FL|33131||Male|9999999999|"No Response"|0||0|0|0|0||0|SALVINO||||||||"SARS-CoV-2 (COVID-19)"|Antigen|97097-0|"SARS-CoV-2 Ag Upper resp Ql IA.rapid"|"Nasopharyngeal swab"|258500001|04/12/2022|Negative|260385009
62|4244|10D2214779||SALVINO|FRANCESCA||09/08/2017||"255 BISCAYNE BVLD WAY"|MIAMI|FL|33131||Female|9999999999|"No Response"|0||0|0|0|0||0|SALVINO||||||||"SARS-CoV-2 (COVID-19)"|Antigen|97097-0|"SARS-CoV-2 Ag Upper resp Ql IA.rapid"|"Nasopharyngeal swab"|258500001|04/12/2022|Negative|260385009
63|4244|10D2214779||Butler|Ariff||06/06/1983||Unknown|Unknown|FL|99999||Male|8763109337|"No Response"|0||0|0|0|0||0|Butler||||||||"SARS-CoV-2 (COVID-19)"|Antigen|97097-0|"SARS-CoV-2 Ag Upper resp Ql IA.rapid"|"Nasopharyngeal swab"|258500001|04/12/2022|Negative|260385009
64|4244|10D2214779||Green|Matthew||02/02/1989||"1601 Collins ave"|Miami|FL|33139||Male|9999999999|"No Response"|1||0|0|0|0||0|Green||||||||"SARS-CoV-2 (COVID-19)"|Antigen|97097-0|"SARS-CoV-2 Ag Upper resp Ql IA.rapid"|"Nasopharyngeal swab"|258500001|04/13/2022|Negative|260385009
65|4244|10D2214779||"Van camp"|Susan||03/29/1987||"1601 Collins ave"|Miami|FL|33139||Female|6136977778|"No Response"|1||0|0|0|0||0|"Van camp"||||||||"SARS-CoV-2 (COVID-19)"|Antigen|97097-0|"SARS-CoV-2 Ag Upper resp Ql IA.rapid"|"Nasopharyngeal swab"|258500001|04/12/2022|Negative|260385009
66|4244|10D2214779||Muniz|Fred||02/15/1951||"12462 Maria Circle"|Broomfield|FL|80020||Male|7204366746|"No Response"|1||0|0|0|0||0|Muniz||||||||"SARS-CoV-2 (COVID-19)"|Antigen|97097-0|"SARS-CoV-2 Ag Upper resp Ql IA.rapid"|"Nasopharyngeal swab"|258500001|04/12/2022|Negative|260385009
67|4244|10D2214779||Muniz|Denise||04/13/1956||"12462 Maria Circle"|Broomfield|FL|80020||Female|7204366746|"No Response"|1||0|0|0|0||0|Muniz||||||||"SARS-CoV-2 (COVID-19)"|Antigen|97097-0|"SARS-CoV-2 Ag Upper resp Ql IA.rapid"|"Nasopharyngeal swab"|258500001|04/12/2022|Negative|260385009
68|4244|10D2214779||Godfrey|Ronald||05/08/1958||"2717D Emory drive W"|"Green Acres"|FL|33415||Male|9544016044|"No Response"|0||0|0|0|1||0|Godfrey||||||||"SARS-CoV-2 (COVID-19)"|Antigen|97097-0|"SARS-CoV-2 Ag Upper resp Ql IA.rapid"|"Nasopharyngeal swab"|258500001|04/12/2022|Negative|260385009
69|4244|10D2214779||Lawrence|Nicole||11/01/1979||"15146 west colonial dr"|"Winter garden"|FL|34787||Female|14076766790|"No Response"|0||0|0|0|0||0|Lawrence||||||||"SARS-CoV-2 (COVID-19)"|Antigen|97097-0|"SARS-CoV-2 Ag Upper resp Ql IA.rapid"|"Nasopharyngeal swab"|258500001|04/12/2022|Negative|260385009
70|4244|10D2214779||Weems|Johnie||09/26/1967||"981 Hwy. 98 E., Suite 3424"|Destin|FL|32541||Male|6019420919|"No Response"|1||0|0|0|0||0|Weems||||||||"SARS-CoV-2 (COVID-19)"|Antigen|97097-0|"SARS-CoV-2 Ag Upper resp Ql IA.rapid"|"Nasopharyngeal swab"|258500001|04/12/2022|Negative|260385009
71|4244|10D2214779||Weems|Dawn||06/27/1969||"981 Highway 98 E, Suite 3424"|Destin|FL|32541||Female|6016136668|"No Response"|1||0|0|0|0||0|Weems||||||||"SARS-CoV-2 (COVID-19)"|Antigen|97097-0|"SARS-CoV-2 Ag Upper resp Ql IA.rapid"|"Nasopharyngeal swab"|258500001|04/12/2022|Negative|260385009
72|4244|10D2214779||Duchesne-Guillaume|Brandon||12/15/2000||Unknown|Unknown|FL|99999||Male|5144413155|"No Response"|0||0|0|0|0||1|Duchesne-Guillaume||||||||"SARS-CoV-2 (COVID-19)"|Antigen|97097-0|"SARS-CoV-2 Ag Upper resp Ql IA.rapid"|"Nasopharyngeal swab"|258500001|04/12/2022|Negative|260385009
73|4244|10D2214779||Newton|"Christopher Anthony"||04/21/1969||"801s federal hwy unit 1012"|"Pompano beach fl"|FL|33062||Male|8644192609|"No Response"|1||0|0|0|0||0|Newton||||||||"SARS-CoV-2 (COVID-19)"|Antigen|97097-0|"SARS-CoV-2 Ag Upper resp Ql IA.rapid"|"Nasopharyngeal swab"|258500001|04/12/2022|Negative|260385009
74|4244|10D2214779||Standifer|"Richard Manning"||09/13/1965||Unknown|Unknown|FL|99999||Male|3057992526|"No Response"|0||0|0|0|0||1|Standifer||||||||"SARS-CoV-2 (COVID-19)"|PCR|94500-6|"SARS-CoV-2 RNA Resp Ql NAA+probe"|"Nasopharyngeal swab"|258500001|04/12/2022|Positive|10828004
75|4244|10D2214779||Haynes|Justin||05/29/1987||Unknown|Unknown|FL|99999||Male|3474201141|"No Response"|0||0|0|0|0||0|Haynes||||||||"SARS-CoV-2 (COVID-19)"|Antigen|97097-0|"SARS-CoV-2 Ag Upper resp Ql IA.rapid"|"Nasopharyngeal swab"|258500001|04/12/2022|Negative|260385009
76|4244|10D2214779||Pichardo|Sophia||06/06/2005||Unknown|Unknown|FL|99999||Female|3055279961|"No Response"|1||0|0|0|0||0|Pichardo||||||||"SARS-CoV-2 (COVID-19)"|Antigen|97097-0|"SARS-CoV-2 Ag Upper resp Ql IA.rapid"|"Nasopharyngeal swab"|258500001|04/12/2022|Negative|260385009
77|4244|10D2214779||Prieto|Fabiola||06/07/1963||Unknown|Unknown|FL|99999||Female|3055279961|"No Response"|0||0|0|0|0||0|Prieto||||||||"SARS-CoV-2 (COVID-19)"|Antigen|97097-0|"SARS-CoV-2 Ag Upper resp Ql IA.rapid"|"Nasopharyngeal swab"|258500001|04/12/2022|Negative|260385009
78|4244|10D2214779||Ryan|Mark||12/22/1962||"Plaza Casino 1 Main St"|"Las Vegas"|FL|99999||Male|7863962445|"No Response"|1||0|0|0|0||0|Ryan||||||||"SARS-CoV-2 (COVID-19)"|Antigen|97097-0|"SARS-CoV-2 Ag Upper resp Ql IA.rapid"|"Nasopharyngeal swab"|258500001|04/12/2022|Negative|260385009
79|4244|10D2214779||Mackie|Kenneth||04/18/1962||"The plaza 1 Main Street Las Vegas"|"Las vegas"|FL|99999||Male|7863962445|"No Response"|1||0|0|0|0||0|Mackie||||||||"SARS-CoV-2 (COVID-19)"|Antigen|97097-0|"SARS-CoV-2 Ag Upper resp Ql IA.rapid"|"Nasopharyngeal swab"|258500001|04/12/2022|Negative|260385009
80|4244|10D2214779||Barrow|Sonny||07/23/2009||Unknown|Unknown|FL|99999||Male|9999999999|"No Response"|1||0|0|0|0||0|Barrow||||||||"SARS-CoV-2 (COVID-19)"|Antigen|97097-0|"SARS-CoV-2 Ag Upper resp Ql IA.rapid"|"Nasopharyngeal swab"|258500001|04/12/2022|Negative|260385009
81|4244|10D2214779||Barrow|Ruby||03/02/2013||Unknown|Unknown|FL|99999||Female|9999999999|"No Response"|1||0|0|0|0||0|Barrow||||||||"SARS-CoV-2 (COVID-19)"|Antigen|97097-0|"SARS-CoV-2 Ag Upper resp Ql IA.rapid"|"Nasopharyngeal swab"|258500001|04/12/2022|Negative|260385009
82|4244|10D2214779||Barrow|Lottie||12/23/2015||Unknown|Unknown|FL|99999||Female|9999999999|"No Response"|1||0|0|0|0||0|Barrow||||||||"SARS-CoV-2 (COVID-19)"|Antigen|97097-0|"SARS-CoV-2 Ag Upper resp Ql IA.rapid"|"Nasopharyngeal swab"|258500001|04/12/2022|Negative|260385009
83|4244|10D2214779||Ackley|Billy||07/23/1967||"13803 88th Pl N"|"West Palm Beach"|FL|33412||Male|9547321170|"No Response"|1||0|0|0|0||0|Ackley||||||||"SARS-CoV-2 (COVID-19)"|PCR|94500-6|"SARS-CoV-2 RNA Resp Ql NAA+probe"|"Nasopharyngeal swab"|258500001|04/12/2022|Negative|260385009
84|4244|10D2214779||Ackley|Billy||07/23/1967||"13803 88th Pl N"|"West Palm Beach"|FL|33412||Male|9547321170|"No Response"|1||0|0|0|0||0|Ackley||||||||"SARS-CoV-2 (COVID-19)"|PCR|94500-6|"SARS-CoV-2 RNA Resp Ql NAA+probe"|"Nasopharyngeal swab"|258500001|04/12/2022|Negative|260385009
85|4244|10D2214779||Ackley|Billy||07/23/1967||"13803 88th PL N"|"West Palm Beach"|FL|33412||Male|9547321170|"No Response"|1||0|0|0|0||0|Ackley||||||||"SARS-CoV-2 (COVID-19)"|PCR|94500-6|"SARS-CoV-2 RNA Resp Ql NAA+probe"|"Nasopharyngeal swab"|258500001|04/12/2022|Negative|260385009
