RecordID|FacilityID|CLIAID|PatientID|LastName|FirstName|MiddleName|DOB|SSN|StreetAddress|City|State|Zip|County|Gender|PhoneNumber|Ethnicity|RaceWhite|RaceBlack|RaceAmericanIndianAlaskanNative|RaceAsian|RaceNativeHawaiianOrOtherPacificIslander|RaceOther|RaceUnknown|RaceNoResponse|ProviderName|NPI|Pregnant|SchoolAssociation|SchoolName|MeetILIDefinition|PerformingLab|AccessionNumber|Pathogen|TestType|LOINC|LOINCShortName|SpecimenCollectionType|SpecimenSNOMED|SpecimenCollectedDate|Result|ResultSNOMED
1|4244|10D2214779||Belin|Angelina||06/06/2008||"1075 NE 99th Street"|Miami|FL|33138||Female|4043849815|"No Response"|1||0|0|0|0||0|Belin||||||||"SARS-CoV-2 (COVID-19)"|Antigen|97097-0|"SARS-CoV-2 Ag Upper resp Ql IA.rapid"|"Nasopharyngeal swab"|258500001|02/18/2022|Negative|260385009
2|4244|10D2214779||Williams|Herbert||02/16/1958||"2194 Stillwood Way"|"Saint Cloud"|FL|34771||Male|2035368007|"No Response"|0||0|0|0|0||0|Williams||||||||"SARS-CoV-2 (COVID-19)"|Antigen|97097-0|"SARS-CoV-2 Ag Upper resp Ql IA.rapid"|"Nasopharyngeal swab"|258500001|04/26/2022|Negative|260385009
3|4244|10D2214779||Belin|Angelina||06/06/2008||Unknown|Unknown|FL|99999||Male|4043849815|"No Response"|1||0|0|0|0||0|Belin||||||||"SARS-CoV-2 (COVID-19)"|Antigen|97097-0|"SARS-CoV-2 Ag Upper resp Ql IA.rapid"|"Nasopharyngeal swab"|258500001|02/18/2022|Negative|260385009
4|4244|10D2214779||Peterson|Sharon||11/13/1972||"2744 Lake Pickett Place"|Chuluota|FL|32766||Female|3212775265|"No Response"|1||0|0|0|0||0|Peterson||||||||"SARS-CoV-2 (COVID-19)"|PCR|94500-6|"SARS-CoV-2 RNA Resp Ql NAA+probe"|"Nasopharyngeal swab"|258500001|04/25/2022|Negative|260385009
5|4244|10D2214779||Peterson|Sharon||11/13/1972||"2744 Lake Pickett Place"|Chuluota|FL|32766||Female|3212775265|"No Response"|1||0|0|0|0||0|Peterson||||||||"SARS-CoV-2 (COVID-19)"|PCR|94500-6|"SARS-CoV-2 RNA Resp Ql NAA+probe"|"Nasopharyngeal swab"|258500001|04/25/2022|Negative|260385009
6|4244|10D2214779||Lai|Wins||11/07/1989||"1610 Collins Ave."|Florida|FL|33139||Female|4169037032|"No Response"|0||0|1|0|0||0|Lai||||||||"SARS-CoV-2 (COVID-19)"|Antigen|97097-0|"SARS-CoV-2 Ag Upper resp Ql IA.rapid"|"Nasopharyngeal swab"|258500001|04/26/2022|Negative|260385009
7|4244|10D2214779||Belin|Angelina||06/06/2008||"1504 Bay Rd, apt 3008"|"Miami Beach"|FL|33139||Female|4043849815|"No Response"|1||0|0|0|0||0|Belin||||||||"SARS-CoV-2 (COVID-19)"|Antigen|97097-0|"SARS-CoV-2 Ag Upper resp Ql IA.rapid"|"Nasopharyngeal swab"|258500001|02/18/2022|Negative|260385009
8|4244|10D2214779||Duncan|Danielle||05/19/1991||"901 NE 38th St"|"Oakland Park"|FL|33334||Female|3058909873|"No Response"|1||0|0|0|0||0|Duncan||||||||"SARS-CoV-2 (COVID-19)"|Antigen|97097-0|"SARS-CoV-2 Ag Upper resp Ql IA.rapid"|"Nasopharyngeal swab"|258500001|04/26/2022|Negative|260385009
9|4244|10D2214779||Dryland|Nicholas||09/25/1955||"3701 NE 27th Terrace"|"Lighthouse Point, FL"|FL|33064||Male|2022978333|"No Response"|1||0|0|0|0||0|Dryland||||||||"SARS-CoV-2 (COVID-19)"|Antigen|97097-0|"SARS-CoV-2 Ag Upper resp Ql IA.rapid"|"Nasopharyngeal swab"|258500001|04/26/2022|Negative|260385009
10|4244|10D2214779||Marienau|"Michael David"||10/04/1975||"12477 Equine Lane"|Wellington|FL|33414||Male|9708461486|"No Response"|1||0|0|0|0||0|Marienau||||||||"SARS-CoV-2 (COVID-19)"|Antigen|97097-0|"SARS-CoV-2 Ag Upper resp Ql IA.rapid"|"Nasopharyngeal swab"|258500001|04/26/2022|Negative|260385009
11|4244|10D2214779||Marienau|"Michael David"||10/04/1975||"12477 Equine Lane"|Wellington|FL|33414||Male|9708461486|"No Response"|1||0|0|0|0||0|Marienau||||||||"SARS-CoV-2 (COVID-19)"|PCR|94500-6|"SARS-CoV-2 RNA Resp Ql NAA+probe"|"Nasopharyngeal swab"|258500001|04/26/2022|Negative|260385009
12|4244|10D2214779||Marienau|Beatrice||05/30/1970||"12477 Equine Lane"|Wellington|FL|33414||Female|9708465996|"No Response"|1||0|0|0|0||0|Marienau||||||||"SARS-CoV-2 (COVID-19)"|Antigen|97097-0|"SARS-CoV-2 Ag Upper resp Ql IA.rapid"|"Nasopharyngeal swab"|258500001|04/26/2022|Negative|260385009
13|4244|10D2214779||Marienau|Beatrice||05/30/1970||"12477 Equine Lane"|Wellington|FL|33414||Female|9708465996|"No Response"|1||0|0|0|0||0|Marienau||||||||"SARS-CoV-2 (COVID-19)"|PCR|94500-6|"SARS-CoV-2 RNA Resp Ql NAA+probe"|"Nasopharyngeal swab"|258500001|04/26/2022|Negative|260385009
14|4244|10D2214779||Duncan|Danielle||05/19/1991||"901 NE 38th St"|"Oakland Park"|FL|33334||Female|3058909873|"No Response"|1||0|0|0|0||0|Duncan||||||||"SARS-CoV-2 (COVID-19)"|Antigen|97097-0|"SARS-CoV-2 Ag Upper resp Ql IA.rapid"|"Nasopharyngeal swab"|258500001|04/26/2022|Negative|260385009
15|4244|10D2214779||Cawood|Michael||07/18/1960||"1545 Collins Ave, Miami Beach, FL 33139"|"Miami Beach"|FL|33139||Male|9999999999|"No Response"|1||0|0|0|0||0|Cawood||||||||"SARS-CoV-2 (COVID-19)"|Antigen|97097-0|"SARS-CoV-2 Ag Upper resp Ql IA.rapid"|"Nasopharyngeal swab"|258500001|04/26/2022|Negative|260385009
16|4244|10D2214779||Cawood|Macie||01/02/2015||"1545 Collins Ave, Miami Beach, FL 33139"|"Miami Beach"|FL|33139||Female|9999999999|"No Response"|1||0|0|0|0||0|Cawood||||||||"SARS-CoV-2 (COVID-19)"|Antigen|97097-0|"SARS-CoV-2 Ag Upper resp Ql IA.rapid"|"Nasopharyngeal swab"|258500001|04/26/2022|Negative|260385009
17|4244|10D2214779||Cho|"Shin Hee"||01/25/1963||"2880 S Las Vegas Blvd"|"Las Vegas"|FL|89109||Male|6505173273|"No Response"|0||0|1|0|0||0|Cho||||||||"SARS-CoV-2 (COVID-19)"|PCR|94500-6|"SARS-CoV-2 RNA Resp Ql NAA+probe"|"Nasopharyngeal swab"|258500001|04/25/2022|Negative|260385009
18|4244|10D2214779||Peterson|Sharon||11/13/1972||"2744 Lake Pickett Place"|Chuluota|FL|32766||Female|3212775265|"No Response"|1||0|0|0|0||0|Peterson||||||||"SARS-CoV-2 (COVID-19)"|PCR|94500-6|"SARS-CoV-2 RNA Resp Ql NAA+probe"|"Nasopharyngeal swab"|258500001|04/25/2022|Negative|260385009
19|4244|10D2214779||"Dias De CASTRO"|"CAROLINA De Fatima"||01/01/1970||"110000 WESTWOOD BLVD"|ORLANDO|FL|32821||Female|9999999999|"No Response"|1||0|0|0|0||0|"Dias De CASTRO"||||||||"SARS-CoV-2 (COVID-19)"|PCR|94500-6|"SARS-CoV-2 RNA Resp Ql NAA+probe"|"Nasopharyngeal swab"|258500001|04/26/2022|Negative|260385009
20|4244|10D2214779||Miguel|"Shai Faye"||10/09/1999||"9467 Bachelors Fortune St."|"Las Vegas"|FL|89178||Female|7026730515|"No Response"|0||0|1|0|0||0|Miguel||||||||"SARS-CoV-2 (COVID-19)"|Antigen|97097-0|"SARS-CoV-2 Ag Upper resp Ql IA.rapid"|"Nasopharyngeal swab"|258500001|04/26/2022|Negative|260385009
21|4244|10D2214779||Manniste|Andres||02/07/1969||"1510 se 24th ave"|"Pompano beach"|FL|33062||Male|9542571825|"No Response"|1||0|0|0|0||0|Manniste||||||||"SARS-CoV-2 (COVID-19)"|Antigen|97097-0|"SARS-CoV-2 Ag Upper resp Ql IA.rapid"|"Nasopharyngeal swab"|258500001|04/26/2022|Negative|260385009
22|4244|10D2214779||Manniste|Eileen||03/21/1969||"1510 se 24th ave"|"Pompano beach"|FL|33062||Female|9542531057|"No Response"|1||0|0|0|0||0|Manniste||||||||"SARS-CoV-2 (COVID-19)"|Antigen|97097-0|"SARS-CoV-2 Ag Upper resp Ql IA.rapid"|"Nasopharyngeal swab"|258500001|04/26/2022|Negative|260385009
23|4244|10D2214779||Bautista|Pena||11/16/1979||"9467 Bachelors Fortune St."|"Las Vegas"|FL|89178||Female|7028569338|"No Response"|0||0|1|0|0||0|Bautista||||||||"SARS-CoV-2 (COVID-19)"|Antigen|97097-0|"SARS-CoV-2 Ag Upper resp Ql IA.rapid"|"Nasopharyngeal swab"|258500001|04/26/2022|Negative|260385009
24|4244|10D2214779||Cawood|Michael||07/18/1960||"1545 Collins Ave"|"Miami Beach"|FL|33139||Male|9999999999|"No Response"|1||0|0|0|0||0|Cawood||||||||"SARS-CoV-2 (COVID-19)"|Antigen|97097-0|"SARS-CoV-2 Ag Upper resp Ql IA.rapid"|"Nasopharyngeal swab"|258500001|04/26/2022|Negative|260385009
25|4244|10D2214779||Cawood|Clinton||04/12/2010||"1545 Collins Ave"|"Miami Beach"|FL|33139||Male|9999999999|"No Response"|1||0|0|0|0||0|Cawood||||||||"SARS-CoV-2 (COVID-19)"|Antigen|97097-0|"SARS-CoV-2 Ag Upper resp Ql IA.rapid"|"Nasopharyngeal swab"|258500001|04/26/2022|Negative|260385009
26|4244|10D2214779||Cawood|Macie||01/02/2015||"1545 Collins Ave"|"Miami Beach"|FL|33139||Female|9999999999|"No Response"|1||0|0|0|0||0|Cawood||||||||"SARS-CoV-2 (COVID-19)"|Antigen|97097-0|"SARS-CoV-2 Ag Upper resp Ql IA.rapid"|"Nasopharyngeal swab"|258500001|04/26/2022|Negative|260385009
27|4244|10D2214779||O’Mahony|John||01/12/1961||"11301 S Gardens Dr #304"|"Palm beach gardens"|FL|33418||Male|15617070206|"No Response"|0||0|0|0|1||0|O’Mahony||||||||"SARS-CoV-2 (COVID-19)"|Antigen|97097-0|"SARS-CoV-2 Ag Upper resp Ql IA.rapid"|"Nasopharyngeal swab"|258500001|04/26/2022|Negative|260385009
28|4244|10D2214779||Lai|Wins||11/07/1989||Unknown|Toronto|FL|99999||Female|4169037032|"No Response"|0||0|1|0|0||0|Lai||||||||"SARS-CoV-2 (COVID-19)"|Antigen|97097-0|"SARS-CoV-2 Ag Upper resp Ql IA.rapid"|"Nasopharyngeal swab"|258500001|04/26/2022|Negative|260385009
29|4244|10D2214779||Galphin|Margaret||11/16/1962||"3443 NE 166th street"|"North Miami Beach"|FL|33160||Female|3053084436|"No Response"|1||0|0|0|0||0|Galphin||||||||"SARS-CoV-2 (COVID-19)"|Antigen|97097-0|"SARS-CoV-2 Ag Upper resp Ql IA.rapid"|"Nasopharyngeal swab"|258500001|04/26/2022|Negative|260385009
30|4244|10D2214779||Frijhoff|Tom||01/01/1970||Unknown|Unknown|FL|99999||Male|9999999999|"No Response"|1||0|0|0|0||0|Frijhoff||||||||"SARS-CoV-2 (COVID-19)"|Antigen|97097-0|"SARS-CoV-2 Ag Upper resp Ql IA.rapid"|"Nasopharyngeal swab"|258500001|04/26/2022|Negative|260385009
31|4244|10D2214779||Cramlet|Eddie||07/08/1955||"235 Serena Dr"|"Palm Desert, Ca"|FL|92260||Male|7602757618|"No Response"|1||0|0|0|0||0|Cramlet||||||||"SARS-CoV-2 (COVID-19)"|Antigen|97097-0|"SARS-CoV-2 Ag Upper resp Ql IA.rapid"|"Nasopharyngeal swab"|258500001|04/26/2022|Negative|260385009
32|4244|10D2214779||Busby|Gloria||03/23/1957||"PO Box 4286"|"Palm Desert"|FL|92261||Female|19165954616|"No Response"|1||0|0|0|0||0|Busby||||||||"SARS-CoV-2 (COVID-19)"|Antigen|97097-0|"SARS-CoV-2 Ag Upper resp Ql IA.rapid"|"Nasopharyngeal swab"|258500001|04/26/2022|Negative|260385009
33|4244|10D2214779||Bell|Makambo||09/20/1983||Unknown|Unknown|FL|99999||Male|9999999999|"No Response"|0||0|0|0|0||0|Bell||||||||"SARS-CoV-2 (COVID-19)"|Antigen|97097-0|"SARS-CoV-2 Ag Upper resp Ql IA.rapid"|"Nasopharyngeal swab"|258500001|04/26/2022|Negative|260385009
34|4244|10D2214779||Gumbs|Kyle||09/11/1989||Unknown|Unknown|FL|99999||Male|7863962445|"No Response"|0||0|0|0|0||0|Gumbs||||||||"SARS-CoV-2 (COVID-19)"|Antigen|97097-0|"SARS-CoV-2 Ag Upper resp Ql IA.rapid"|"Nasopharyngeal swab"|258500001|04/26/2022|Negative|260385009
35|4244|10D2214779||Wright|Matthew||10/16/1985||Unknown|Unknown|FL|99999||Male|9999999999|"No Response"|1||0|0|0|0||0|Wright||||||||"SARS-CoV-2 (COVID-19)"|PCR|94500-6|"SARS-CoV-2 RNA Resp Ql NAA+probe"|"Nasopharyngeal swab"|258500001|04/26/2022|Negative|260385009
36|4244|10D2214779||Wright|Matthew||10/16/1985||Unknown|Unknown|FL|99999||Male|9999999999|"No Response"|1||0|0|0|0||0|Wright||||||||"SARS-CoV-2 (COVID-19)"|PCR|94500-6|"SARS-CoV-2 RNA Resp Ql NAA+probe"|"Nasopharyngeal swab"|258500001|04/26/2022|Negative|260385009
37|4244|10D2214779||Fitzhugh|"Russell Edward"||10/01/1951||"124 Texas Street NE"|"Fort Walton Beach, Florida"|FL|32548||Male|6614002310|"No Response"|1||0|0|0|0||0|Fitzhugh||||||||"SARS-CoV-2 (COVID-19)"|PCR|94500-6|"SARS-CoV-2 RNA Resp Ql NAA+probe"|"Nasopharyngeal swab"|258500001|04/26/2022|Negative|260385009
38|4244|10D2214779||crooks|kenneth||01/13/1975||"107 e 126 st 11O"|"new york"|FL|10035||Male|7863962445|"No Response"|0||0|0|0|0||0|crooks||||||||"SARS-CoV-2 (COVID-19)"|Antigen|97097-0|"SARS-CoV-2 Ag Upper resp Ql IA.rapid"|"Nasopharyngeal swab"|258500001|04/26/2022|Negative|260385009
39|4244|10D2214779||Sornberger|James||03/19/1946||"25126  overland dr"|volcano|FL|95689||Male|2092560072|"No Response"|1||0|0|0|0||0|Sornberger||||||||"SARS-CoV-2 (COVID-19)"|Antigen|97097-0|"SARS-CoV-2 Ag Upper resp Ql IA.rapid"|"Nasopharyngeal swab"|258500001|04/26/2022|Negative|260385009
40|4244|10D2214779||Gray|Laurence||05/12/1960||"501 W Ward St"|Beatty|FL|89003||Male|7022757077|"No Response"|1||0|0|0|0||0|Gray||||||||"SARS-CoV-2 (COVID-19)"|Antigen|97097-0|"SARS-CoV-2 Ag Upper resp Ql IA.rapid"|"Nasopharyngeal swab"|258500001|04/26/2022|Negative|260385009
41|4244|10D2214779||Marienau|Beatrice||05/30/1970||"12477 Equine Lane"|Wellington|FL|33414||Female|9708465996|"No Response"|1||0|0|0|0||0|Marienau||||||||"SARS-CoV-2 (COVID-19)"|Antigen|97097-0|"SARS-CoV-2 Ag Upper resp Ql IA.rapid"|"Nasopharyngeal swab"|258500001|04/26/2022|Negative|260385009
42|4244|10D2214779||Marienau|Beatrice||05/30/1970||"12477 Equine Lane"|Wellington|FL|33414||Female|9708465996|"No Response"|1||0|0|0|0||0|Marienau||||||||"SARS-CoV-2 (COVID-19)"|PCR|94500-6|"SARS-CoV-2 RNA Resp Ql NAA+probe"|"Nasopharyngeal swab"|258500001|04/26/2022|Negative|260385009
43|4244|10D2214779||Marienau|"Michael David"||10/04/1975||"12477 Equine Lane"|Wellington|FL|33414||Male|9708461486|"No Response"|1||0|0|0|0||0|Marienau||||||||"SARS-CoV-2 (COVID-19)"|Antigen|97097-0|"SARS-CoV-2 Ag Upper resp Ql IA.rapid"|"Nasopharyngeal swab"|258500001|04/26/2022|Negative|260385009
44|4244|10D2214779||Marienau|"Michael David"||10/04/1975||"12477 Equine Lane"|Wellington|FL|33414||Male|9708461486|"No Response"|1||0|0|0|0||0|Marienau||||||||"SARS-CoV-2 (COVID-19)"|PCR|94500-6|"SARS-CoV-2 RNA Resp Ql NAA+probe"|"Nasopharyngeal swab"|258500001|04/26/2022|Negative|260385009
45|4244|10D2214779||Williams|Herbert||02/16/1958||"2194 Stillwood Way"|"Saint Cloud"|FL|34771||Male|2035368007|"No Response"|0||0|0|0|0||0|Williams||||||||"SARS-CoV-2 (COVID-19)"|Antigen|97097-0|"SARS-CoV-2 Ag Upper resp Ql IA.rapid"|"Nasopharyngeal swab"|258500001|04/26/2022|Negative|260385009
46|4244|10D2214779||HAN|"HYUNG SEOK"||06/21/1971||"3535 LAS VAGAS BOULEVARD SOUTH, LAS VEGAS STRIP"|"LAS VEGAS"|FL|89109||Male|9999999999|"No Response"|0||0|1|0|0||0|HAN||||||||"SARS-CoV-2 (COVID-19)"|PCR|94500-6|"SARS-CoV-2 RNA Resp Ql NAA+probe"|"Nasopharyngeal swab"|258500001|04/27/2022|Negative|260385009
47|4244|10D2214779||JEON|"MIN YONG"||07/04/1973||"3535 Las Vegas Boulevard South, Las Vegas Strip"|"Las Vegas"|FL|89109||Male|9999999999|"No Response"|0||0|1|0|0||0|JEON||||||||"SARS-CoV-2 (COVID-19)"|PCR|94500-6|"SARS-CoV-2 RNA Resp Ql NAA+probe"|"Nasopharyngeal swab"|258500001|04/26/2022|Negative|260385009
48|4244|10D2214779||Manniste|Alexander||07/20/2003||"1510  se 24th ave"|"Pompano beach"|FL|33062||Male|9548126965|"No Response"|1||0|0|0|0||0|Manniste||||||||"SARS-CoV-2 (COVID-19)"|Antigen|97097-0|"SARS-CoV-2 Ag Upper resp Ql IA.rapid"|"Nasopharyngeal swab"|258500001|04/26/2022|Negative|260385009
49|4244|10D2214779||Bose|"Nicola Marianne"||06/13/1979||"3700 W Flamingo Road"|"Las Vegas"|FL|89103||Female|9999999999|"No Response"|1||0|0|0|0||0|Bose||||||||"SARS-CoV-2 (COVID-19)"|Antigen|97097-0|"SARS-CoV-2 Ag Upper resp Ql IA.rapid"|"Nasopharyngeal swab"|258500001|04/26/2022|Negative|260385009
50|4244|10D2214779||Deletra|"John Pierre"||07/19/1975||"50 SW 10 Street Apt 1212"|Miami|FL|33130||Male|+7867106497|"No Response"|1||0|0|0|0||0|Deletra||||||||"SARS-CoV-2 (COVID-19)"|Antigen|97097-0|"SARS-CoV-2 Ag Upper resp Ql IA.rapid"|"Nasopharyngeal swab"|258500001|04/26/2022|Negative|260385009
51|4244|10D2214779||Juez|Fulton||10/20/1976||"2216 SW 52pl"|Miami|FL|33185||Male|9999999999|"No Response"|0||0|0|0|0||0|Juez||||||||"SARS-CoV-2 (COVID-19)"|Antigen|97097-0|"SARS-CoV-2 Ag Upper resp Ql IA.rapid"|"Nasopharyngeal swab"|258500001|04/26/2022|Negative|260385009
52|4244|10D2214779||Belin|Angelina||06/06/2008||Unknown|Unknown|FL|99999||Female|4043849815|"No Response"|1||0|0|0|0||0|Belin||||||||"SARS-CoV-2 (COVID-19)"|Antigen|97097-0|"SARS-CoV-2 Ag Upper resp Ql IA.rapid"|"Nasopharyngeal swab"|258500001|02/18/2022|Negative|260385009
53|4244|10D2214779||Farnell|Jodie||01/05/1990||"Viajero hostel"|Miami|FL|99999||Female|9999999999|"No Response"|1||0|0|0|0||0|Farnell||||||||"SARS-CoV-2 (COVID-19)"|Antigen|97097-0|"SARS-CoV-2 Ag Upper resp Ql IA.rapid"|"Nasopharyngeal swab"|258500001|04/26/2022|Negative|260385009
54|4244|10D2214779||Shamburger|Kalinda||11/03/1988||Unknown|Unknown|FL|99999||Female|4423696677|"No Response"|0||0|0|0|1||0|Shamburger||||||||"SARS-CoV-2 (COVID-19)"|Antigen|97097-0|"SARS-CoV-2 Ag Upper resp Ql IA.rapid"|"Nasopharyngeal swab"|258500001|04/26/2022|Negative|260385009
55|4244|10D2214779||Wheeler|Shawntil||08/26/1986||"3585 Seneca Club Loop (unit A)"|Orlando|FL|32808||Female|4077580296|"No Response"|0||0|0|0|0||0|Wheeler||||||||"SARS-CoV-2 (COVID-19)"|Antigen|97097-0|"SARS-CoV-2 Ag Upper resp Ql IA.rapid"|"Nasopharyngeal swab"|258500001|04/26/2022|Negative|260385009
56|4244|10D2214779||Cartaya|Lazaro||09/18/1991||Unknown|Unknown|FL|99999||Male|7865601069|"No Response"|0||0|0|0|0||1|Cartaya||||||||"SARS-CoV-2 (COVID-19)"|Antigen|97097-0|"SARS-CoV-2 Ag Upper resp Ql IA.rapid"|"Nasopharyngeal swab"|258500001|04/26/2022|Negative|260385009
57|4244|10D2214779||Ollivierra|"Kai Kevin Liam"||08/30/2007||Unknown|Unknown|FL|99999||Male|3054388162|"No Response"|0||0|0|0|0||1|Ollivierra||||||||"SARS-CoV-2 (COVID-19)"|Antigen|97097-0|"SARS-CoV-2 Ag Upper resp Ql IA.rapid"|"Nasopharyngeal swab"|258500001|04/26/2022|Negative|260385009
58|4244|10D2214779||Ryan|"Stacey Tamika"||09/29/1979||Unknown|Unknown|FL|99999||Female|3054388162|"No Response"|0||0|0|0|0||1|Ryan||||||||"SARS-CoV-2 (COVID-19)"|Antigen|97097-0|"SARS-CoV-2 Ag Upper resp Ql IA.rapid"|"Nasopharyngeal swab"|258500001|04/26/2022|Negative|260385009
59|4244|10D2214779||Prolo|"Philip Theodore"||01/01/1970||"725 Hummingbird Way, Apt 203"|"North Palm Beach"|FL|33408||Male|6315590875|"No Response"|1||0|0|0|0||0|Prolo||||||||"SARS-CoV-2 (COVID-19)"|Antigen|97097-0|"SARS-CoV-2 Ag Upper resp Ql IA.rapid"|"Nasopharyngeal swab"|258500001|04/26/2022|Negative|260385009
60|4244|10D2214779||"Vargas Acosta"|"Ivan Oscar"||02/04/1972||Unknown|Unknown|FL|99999||Male|7862969430|"No Response"|0||0|0|0|0||0|"Vargas Acosta"||||||||"SARS-CoV-2 (COVID-19)"|Antigen|97097-0|"SARS-CoV-2 Ag Upper resp Ql IA.rapid"|"Nasopharyngeal swab"|258500001|04/26/2022|Negative|260385009
61|4244|10D2214779||Thoma|Jeanne||11/30/1959||"1112 Ocean Terrace, Unit 1A"|"Delray Beach"|FL|33483||Female|2016754699|"No Response"|1||0|0|0|0||0|Thoma||||||||"SARS-CoV-2 (COVID-19)"|Antigen|97097-0|"SARS-CoV-2 Ag Upper resp Ql IA.rapid"|"Nasopharyngeal swab"|258500001|04/26/2022|Negative|260385009
62|4244|10D2214779||Amaro|Sandra||07/23/1968||"9967 Three Lakes Circle"|"Boca Raton"|FL|33428||Female|5613594140|"No Response"|0||0|0|0|0||0|Amaro||||||||"SARS-CoV-2 (COVID-19)"|Antigen|97097-0|"SARS-CoV-2 Ag Upper resp Ql IA.rapid"|"Nasopharyngeal swab"|258500001|04/26/2022|Negative|260385009
63|4244|10D2214779||Green|Madison||12/28/2001||"8984 Lakes Blvd"|"west palm beach"|FL|33412||Female|5612340556|"No Response"|1||0|0|0|0||0|Green||||||||"SARS-CoV-2 (COVID-19)"|Antigen|97097-0|"SARS-CoV-2 Ag Upper resp Ql IA.rapid"|"Nasopharyngeal swab"|258500001|04/26/2022|Positive|10828004
64|4244|10D2214779||Statham|Nia||09/23/1988||"Crest Hotel, 1670 James Avenue"|Unknown|FL|99999||Female|9999999999|"No Response"|1||0|0|0|0||0|Statham||||||||"SARS-CoV-2 (COVID-19)"|Antigen|97097-0|"SARS-CoV-2 Ag Upper resp Ql IA.rapid"|"Nasopharyngeal swab"|258500001|04/26/2022|Negative|260385009
65|4244|10D2214779||Johnston|James||05/24/1962||Unknown|Unknown|FL|99999||Male|2069092453|"No Response"|1||0|0|0|0||0|Johnston||||||||"SARS-CoV-2 (COVID-19)"|PCR|94500-6|"SARS-CoV-2 RNA Resp Ql NAA+probe"|"Nasopharyngeal swab"|258500001|04/26/2022|Negative|260385009
66|4244|10D2214779||Stoffel|Timothy||01/16/1961||"10515 Trail Drive"|Reno|FL|89506||Male|7757411504|"No Response"|1||0|0|0|0||0|Stoffel||||||||"SARS-CoV-2 (COVID-19)"|Antigen|97097-0|"SARS-CoV-2 Ag Upper resp Ql IA.rapid"|"Nasopharyngeal swab"|258500001|04/26/2022|Negative|260385009
67|4244|10D2214779||Albert|Lenore||09/21/1966||"31872 Joshua Drive Apt 22C"|"Trabuco Canyon"|FL|92679||Female|4243650741|"No Response"|1||0|0|0|0||0|Albert||||||||"SARS-CoV-2 (COVID-19)"|Antigen|97097-0|"SARS-CoV-2 Ag Upper resp Ql IA.rapid"|"Nasopharyngeal swab"|258500001|04/26/2022|Negative|260385009
68|4244|10D2214779||Neumüller|Melanie||01/01/1970||Unknown|Unknown|FL|99999||Female|9999999999|"No Response"|1||0|0|0|0||0|Neumüller||||||||"SARS-CoV-2 (COVID-19)"|Antigen|97097-0|"SARS-CoV-2 Ag Upper resp Ql IA.rapid"|"Nasopharyngeal swab"|258500001|04/26/2022|Negative|260385009
69|4244|10D2214779||Dryland|Nicholas||09/25/1955||"3701 NE 27 th Terrace"|"Lighthouse Point"|FL|33064||Male|2022978333|"No Response"|1||0|0|0|0||0|Dryland||||||||"SARS-CoV-2 (COVID-19)"|Antigen|97097-0|"SARS-CoV-2 Ag Upper resp Ql IA.rapid"|"Nasopharyngeal swab"|258500001|04/26/2022|Negative|260385009
70|4244|10D2214779||Richardson|Sandra||10/25/1955||"3701 NE 27th Terrace"|"Lighthouse Point"|FL|33064||Female|3015187799|"No Response"|1||0|0|0|0||0|Richardson||||||||"SARS-CoV-2 (COVID-19)"|Antigen|97097-0|"SARS-CoV-2 Ag Upper resp Ql IA.rapid"|"Nasopharyngeal swab"|258500001|04/26/2022|Negative|260385009
71|4244|10D2214779||"Rodrigues Moreira"|Tatiana||04/23/1988||Unknown|Unknown|FL|99999||Female|55386653859|"No Response"|0||0|0|0|0||1|"Rodrigues Moreira"||||||||"SARS-CoV-2 (COVID-19)"|Antigen|97097-0|"SARS-CoV-2 Ag Upper resp Ql IA.rapid"|"Nasopharyngeal swab"|258500001|04/26/2022|Negative|260385009
72|4244|10D2214779||Moreira|Fabio||02/06/1983||Unknown|Unknown|FL|99999||Male|9999999999|"No Response"|0||0|0|0|0||1|Moreira||||||||"SARS-CoV-2 (COVID-19)"|Antigen|97097-0|"SARS-CoV-2 Ag Upper resp Ql IA.rapid"|"Nasopharyngeal swab"|258500001|04/26/2022|Negative|260385009
73|4244|10D2214779||Arrundell|"Dino Marcelino"||08/07/1972||Unknown|Unknown|FL|99999||Male|7215246395|"No Response"|0||0|0|0|0||1|Arrundell||||||||"SARS-CoV-2 (COVID-19)"|Antigen|97097-0|"SARS-CoV-2 Ag Upper resp Ql IA.rapid"|"Nasopharyngeal swab"|258500001|04/26/2022|Negative|260385009
74|4244|10D2214779||Duncan|Danielle||05/19/1991||"901 NE 38th St"|"Oakland Park"|FL|33334||Female|3058909873|"No Response"|1||0|0|0|0||0|Duncan||||||||"SARS-CoV-2 (COVID-19)"|Antigen|97097-0|"SARS-CoV-2 Ag Upper resp Ql IA.rapid"|"Nasopharyngeal swab"|258500001|04/26/2022|Negative|260385009
75|4244|10D2214779||Sosa|Carlos||05/19/1977||"1672 Plantation Dr"|"West  Palm Beach"|FL|33417||Male|5617229690|"No Response"|0||0|0|0|0||0|Sosa||||||||"SARS-CoV-2 (COVID-19)"|PCR|94500-6|"SARS-CoV-2 RNA Resp Ql NAA+probe"|"Nasopharyngeal swab"|258500001|04/26/2022|Negative|260385009
76|4244|10D2214779||Panzardi|"Jorge E"||01/31/1970||"370 Eagles Path Xing"|Ocoee|FL|34761||Male|4076301785|"No Response"|0||0|0|0|0||0|Panzardi||||||||"SARS-CoV-2 (COVID-19)"|Antigen|97097-0|"SARS-CoV-2 Ag Upper resp Ql IA.rapid"|"Nasopharyngeal swab"|258500001|04/26/2022|Negative|260385009
77|4244|10D2214779||Valle|Karin||01/01/1970||"370 Eagles Path Crossing"|Ocoee|FL|34761||Female|7879949901|"No Response"|0||0|0|0|0||0|Valle||||||||"SARS-CoV-2 (COVID-19)"|Antigen|97097-0|"SARS-CoV-2 Ag Upper resp Ql IA.rapid"|"Nasopharyngeal swab"|258500001|04/26/2022|Negative|260385009
78|4244|10D2214779||Reutter|"Emily Hanna"||04/03/2003||Unknown|Unknown|FL|99999||Female|4423697094|"No Response"|0||0|0|0|0||1|Reutter||||||||"SARS-CoV-2 (COVID-19)"|Antigen|97097-0|"SARS-CoV-2 Ag Upper resp Ql IA.rapid"|"Nasopharyngeal swab"|258500001|04/26/2022|Negative|260385009
79|4244|10D2214779||Panzardi|Gianna||06/21/2018||"370 Eagles Path Crossing"|Ocoee|FL|34761||Female|7879949901|"No Response"|0||0|0|0|0||0|Panzardi||||||||"SARS-CoV-2 (COVID-19)"|Antigen|97097-0|"SARS-CoV-2 Ag Upper resp Ql IA.rapid"|"Nasopharyngeal swab"|258500001|04/26/2022|Negative|260385009
80|4244|10D2214779||Thomsen|Ben||11/17/2003||"1007 Oasis Mews Dr"|Freinsheim|FL|67251||Male|01788028334|"No Response"|1||0|0|0|0||0|Thomsen||||||||"SARS-CoV-2 (COVID-19)"|Antigen|97097-0|"SARS-CoV-2 Ag Upper resp Ql IA.rapid"|"Nasopharyngeal swab"|258500001|04/26/2022|Negative|260385009
81|4244|10D2214779||Marienau|Beatrice||05/30/1970||"12477 Equine Lane"|Wellington|FL|33414||Female|9708465996|"No Response"|1||0|0|0|0||0|Marienau||||||||"SARS-CoV-2 (COVID-19)"|Antigen|97097-0|"SARS-CoV-2 Ag Upper resp Ql IA.rapid"|"Nasopharyngeal swab"|258500001|04/26/2022|Negative|260385009
82|4244|10D2214779||Marienau|Beatrice||05/30/1970||"12477 Equine Lane"|Wellington|FL|33414||Female|9708465996|"No Response"|1||0|0|0|0||0|Marienau||||||||"SARS-CoV-2 (COVID-19)"|PCR|94500-6|"SARS-CoV-2 RNA Resp Ql NAA+probe"|"Nasopharyngeal swab"|258500001|04/26/2022|Negative|260385009
