RecordID|FacilityID|CLIAID|PatientID|LastName|FirstName|MiddleName|DOB|SSN|StreetAddress|City|State|Zip|County|Gender|PhoneNumber|Ethnicity|RaceWhite|RaceBlack|RaceAmericanIndianAlaskanNative|RaceAsian|RaceNativeHawaiianOrOtherPacificIslander|RaceOther|RaceUnknown|RaceNoResponse|ProviderName|NPI|Pregnant|SchoolAssociation|SchoolName|MeetILIDefinition|PerformingLab|AccessionNumber|Pathogen|TestType|LOINC|LOINCShortName|SpecimenCollectionType|SpecimenSNOMED|SpecimenCollectedDate|Result|ResultSNOMED
1|4244|10D2214779||Altidor|Rubens||06/30/1992||"17890 w dixie hwy north miami beach fl  fl 33160"|"Lake Worth"|FL|33460||Male|5616312276|"No Response"|0||0|0|0|0||0|Altidor||||||||"SARS-CoV-2 (COVID-19)"|Antigen|97097-0|"SARS-CoV-2 Ag Upper resp Ql IA.rapid"|"Nasopharyngeal swab"|258500001|04/10/2022|Negative|260385009
2|4244|10D2214779||Roberts|Craig||10/24/1951||"2720 Biarritz Drive"|"Palm beach Gardens"|FL|33410||Male|15617580003|"No Response"|1||0|0|0|0||0|Roberts||||||||"SARS-CoV-2 (COVID-19)"|Antigen|97097-0|"SARS-CoV-2 Ag Upper resp Ql IA.rapid"|"Nasopharyngeal swab"|258500001|04/10/2022|Negative|260385009
3|4244|10D2214779||Fabricant|Carol||05/29/1950||"100 sunrise ave"|"Palm beach"|FL|33480||Female|7863962445|"No Response"|1||0|0|0|0||0|Fabricant||||||||"SARS-CoV-2 (COVID-19)"|Antigen|97097-0|"SARS-CoV-2 Ag Upper resp Ql IA.rapid"|"Nasopharyngeal swab"|258500001|04/10/2022|Negative|260385009
4|4244|10D2214779||Fabricant|Carol||05/29/1950||"100 sunrise ave"|"Palm beach"|FL|33480||Female|7863962445|"No Response"|1||0|0|0|0||0|Fabricant||||||||"SARS-CoV-2 (COVID-19)"|Antigen|97097-0|"SARS-CoV-2 Ag Upper resp Ql IA.rapid"|"Nasopharyngeal swab"|258500001|04/10/2022|Negative|260385009
5|4244|10D2214779||Roberts|Craig||10/24/1951||"2720 Biarritz Dr"|"Palm Beach Gardens"|FL|00000||Male|15617580003|"No Response"|1||0|0|0|0||0|Roberts||||||||"SARS-CoV-2 (COVID-19)"|Antigen|97097-0|"SARS-CoV-2 Ag Upper resp Ql IA.rapid"|"Nasopharyngeal swab"|258500001|04/10/2022|Negative|260385009
6|4244|10D2214779||Lindow|David||04/06/1980||"999 NW 8th Street"|"Boca Raton"|FL|33486||Male|5613536137|"No Response"|1||0|0|0|0||0|Lindow||||||||"SARS-CoV-2 (COVID-19)"|Antigen|97097-0|"SARS-CoV-2 Ag Upper resp Ql IA.rapid"|"Nasopharyngeal swab"|258500001|04/10/2022|Negative|260385009
7|4244|10D2214779||Roberts|Craig||10/24/1951||"2720 Biarritz Drive"|"Palm Beach Gardens"|FL|33410||Male|15617580003|"No Response"|1||0|0|0|0||0|Roberts||||||||"SARS-CoV-2 (COVID-19)"|Antigen|97097-0|"SARS-CoV-2 Ag Upper resp Ql IA.rapid"|"Nasopharyngeal swab"|258500001|04/10/2022|Negative|260385009
8|4244|10D2214779||Lindow|David||04/06/1980||"999 NW 8th Street"|"Boca Raton"|FL|33486||Male|5613536137|"No Response"|1||0|0|0|0||0|Lindow||||||||"SARS-CoV-2 (COVID-19)"|Antigen|97097-0|"SARS-CoV-2 Ag Upper resp Ql IA.rapid"|"Nasopharyngeal swab"|258500001|04/10/2022|Negative|260385009
9|4244|10D2214779||Fabricant|Carol||05/29/1950||"100 sunrise ave"|"Palm beach"|FL|33480||Female|7863962445|"No Response"|1||0|0|0|0||0|Fabricant||||||||"SARS-CoV-2 (COVID-19)"|Antigen|97097-0|"SARS-CoV-2 Ag Upper resp Ql IA.rapid"|"Nasopharyngeal swab"|258500001|04/10/2022|Negative|260385009
10|4244|10D2214779||Fabricant|Carol||05/29/1950||"100 sunrise ave"|"Palm beach"|FL|33480||Female|7863962445|"No Response"|1||0|0|0|0||0|Fabricant||||||||"SARS-CoV-2 (COVID-19)"|Antigen|97097-0|"SARS-CoV-2 Ag Upper resp Ql IA.rapid"|"Nasopharyngeal swab"|258500001|04/10/2022|Negative|260385009
11|4244|10D2214779||Roberts|Craig||10/24/1951||"2720 Biarritz Drive"|"Palm Beach Gardens"|FL|33410||Male|15617580003|"No Response"|1||0|0|0|0||0|Roberts||||||||"SARS-CoV-2 (COVID-19)"|Antigen|97097-0|"SARS-CoV-2 Ag Upper resp Ql IA.rapid"|"Nasopharyngeal swab"|258500001|04/10/2022|Negative|260385009
12|4244|10D2214779||Lindow|David||04/06/1980||"999 NW 8TH STREET"|"Boca Raton"|FL|33486||Male|5613536137|"No Response"|1||0|0|0|0||0|Lindow||||||||"SARS-CoV-2 (COVID-19)"|Antigen|97097-0|"SARS-CoV-2 Ag Upper resp Ql IA.rapid"|"Nasopharyngeal swab"|258500001|04/10/2022|Negative|260385009
13|4244|10D2214779||Fabricant|Carol||05/29/1950||"100 sunrise ave"|"Palm beach"|FL|33480||Female|7863962445|"No Response"|1||0|0|0|0||0|Fabricant||||||||"SARS-CoV-2 (COVID-19)"|Antigen|97097-0|"SARS-CoV-2 Ag Upper resp Ql IA.rapid"|"Nasopharyngeal swab"|258500001|04/10/2022|Negative|260385009
14|4244|10D2214779||Fabricant|Carol||05/29/1950||"100 sunrise ave"|"Palm beach"|FL|33480||Female|7863962445|"No Response"|1||0|0|0|0||0|Fabricant||||||||"SARS-CoV-2 (COVID-19)"|Antigen|97097-0|"SARS-CoV-2 Ag Upper resp Ql IA.rapid"|"Nasopharyngeal swab"|258500001|04/10/2022|Negative|260385009
15|4244|10D2214779||Cupidore|Andrew||04/03/1971||"3316 Jackson Bluff Way"|Clermont|FL|34711||Male|9174053720|"No Response"|0||0|0|0|0||0|Cupidore||||||||"SARS-CoV-2 (COVID-19)"|Antigen|97097-0|"SARS-CoV-2 Ag Upper resp Ql IA.rapid"|"Nasopharyngeal swab"|258500001|04/10/2022|Negative|260385009
16|4244|10D2214779||Fabricant|Arthur||08/08/1935||"100 sunrise"|"PALM BEACH"|FL|33480||Male|4042770061|"No Response"|1||0|0|0|0||0|Fabricant||||||||"SARS-CoV-2 (COVID-19)"|Antigen|97097-0|"SARS-CoV-2 Ag Upper resp Ql IA.rapid"|"Nasopharyngeal swab"|258500001|04/10/2022|Negative|260385009
17|4244|10D2214779||Roberts|Craig||10/24/1951||"2720 Biarritz Drive"|"Palm Beach Gardens"|FL|33410||Male|15617580003|"No Response"|1||0|0|0|0||0|Roberts||||||||"SARS-CoV-2 (COVID-19)"|Antigen|97097-0|"SARS-CoV-2 Ag Upper resp Ql IA.rapid"|"Nasopharyngeal swab"|258500001|04/10/2022|Negative|260385009
18|4244|10D2214779||Fabricant|Carol||05/29/1950||"100 sunrise ave"|"Palm beach"|FL|33480||Female|7863962445|"No Response"|1||0|0|0|0||0|Fabricant||||||||"SARS-CoV-2 (COVID-19)"|Antigen|97097-0|"SARS-CoV-2 Ag Upper resp Ql IA.rapid"|"Nasopharyngeal swab"|258500001|04/10/2022|Negative|260385009
19|4244|10D2214779||Fabricant|Carol||05/29/1950||"100 sunrise ave"|"Palm beach"|FL|33480||Female|7863962445|"No Response"|1||0|0|0|0||0|Fabricant||||||||"SARS-CoV-2 (COVID-19)"|Antigen|97097-0|"SARS-CoV-2 Ag Upper resp Ql IA.rapid"|"Nasopharyngeal swab"|258500001|04/10/2022|Negative|260385009
20|4244|10D2214779||Fabricant|Carol||05/29/1950||"100 sunrise ave"|"PALM BEACH"|FL|33480||Female|7863962445|"No Response"|1||0|0|0|0||0|Fabricant||||||||"SARS-CoV-2 (COVID-19)"|Antigen|97097-0|"SARS-CoV-2 Ag Upper resp Ql IA.rapid"|"Nasopharyngeal swab"|258500001|04/10/2022|Negative|260385009
21|4244|10D2214779||Fabricant|Carol||05/29/1950||"100 sunrise ave"|"PALM BEACH"|FL|33480||Female|7863962445|"No Response"|1||0|0|0|0||0|Fabricant||||||||"SARS-CoV-2 (COVID-19)"|Antigen|97097-0|"SARS-CoV-2 Ag Upper resp Ql IA.rapid"|"Nasopharyngeal swab"|258500001|04/10/2022|Negative|260385009
22|4244|10D2214779||Wallace|Alistair||01/03/1990||"4502 Northwest Albion Avenue"|"Port St. Lucie"|FL|34983||Male|7723614622|"No Response"|0||0|0|0|0||0|Wallace||||||||"SARS-CoV-2 (COVID-19)"|Antigen|97097-0|"SARS-CoV-2 Ag Upper resp Ql IA.rapid"|"Nasopharyngeal swab"|258500001|04/10/2022|Negative|260385009
23|4244|10D2214779||Burggraf|Heidi||04/13/1976||"1319 w 16th st"|"Webb city"|FL|64870||Female|4174382577|"No Response"|1||0|0|0|0||0|Burggraf||||||||"SARS-CoV-2 (COVID-19)"|Antigen|97097-0|"SARS-CoV-2 Ag Upper resp Ql IA.rapid"|"Nasopharyngeal swab"|258500001|01/08/2022|Negative|260385009
24|4244|10D2214779||Fabricant|Carol||05/29/1950||"100 sunrise Ave"|"Palm beach"|FL|33480||Female|7863962445|"No Response"|1||0|0|0|0||0|Fabricant||||||||"SARS-CoV-2 (COVID-19)"|Antigen|97097-0|"SARS-CoV-2 Ag Upper resp Ql IA.rapid"|"Nasopharyngeal swab"|258500001|04/10/2022|Negative|260385009
25|4244|10D2214779||Fabricant|Carol||05/29/1950||"100 sunrise Ave"|"Palm beach"|FL|33480||Female|7863962445|"No Response"|1||0|0|0|0||0|Fabricant||||||||"SARS-CoV-2 (COVID-19)"|Antigen|97097-0|"SARS-CoV-2 Ag Upper resp Ql IA.rapid"|"Nasopharyngeal swab"|258500001|04/10/2022|Negative|260385009
26|4244|10D2214779||Lindow|David||04/06/1980||"999 NW 8TH ST"|"Boca Raton"|FL|33486||Male|5613536137|"No Response"|1||0|0|0|0||0|Lindow||||||||"SARS-CoV-2 (COVID-19)"|Antigen|97097-0|"SARS-CoV-2 Ag Upper resp Ql IA.rapid"|"Nasopharyngeal swab"|258500001|04/10/2022|Negative|260385009
27|4244|10D2214779||Fabricant|Carol||05/29/1950||"100 sunrise ave"|"Palm beach"|FL|33480||Female|7863962445|"No Response"|1||0|0|0|0||0|Fabricant||||||||"SARS-CoV-2 (COVID-19)"|Antigen|97097-0|"SARS-CoV-2 Ag Upper resp Ql IA.rapid"|"Nasopharyngeal swab"|258500001|04/10/2022|Negative|260385009
28|4244|10D2214779||Fabricant|Carol||05/29/1950||"100 sunrise ave"|"Palm beach"|FL|33480||Female|7863962445|"No Response"|1||0|0|0|0||0|Fabricant||||||||"SARS-CoV-2 (COVID-19)"|Antigen|97097-0|"SARS-CoV-2 Ag Upper resp Ql IA.rapid"|"Nasopharyngeal swab"|258500001|04/10/2022|Negative|260385009
29|4244|10D2214779||Altidor|Rubens||06/30/1992||"1120 S L str"|"Lake Worth"|FL|33460||Male|5616312276|"No Response"|0||0|0|0|0||0|Altidor||||||||"SARS-CoV-2 (COVID-19)"|Antigen|97097-0|"SARS-CoV-2 Ag Upper resp Ql IA.rapid"|"Nasopharyngeal swab"|258500001|04/10/2022|Negative|260385009
30|4244|10D2214779||Lindow|David||04/06/1980||"999 NW 8th Street"|"Boca Raton"|FL|33486||Male|5613536137|"No Response"|1||0|0|0|0||0|Lindow||||||||"SARS-CoV-2 (COVID-19)"|Antigen|97097-0|"SARS-CoV-2 Ag Upper resp Ql IA.rapid"|"Nasopharyngeal swab"|258500001|04/10/2022|Negative|260385009
31|4244|10D2214779||Lindow|David||04/06/1980||"999 NW 8TH Street"|"Boca Raton"|FL|33486||Male|5613536137|"No Response"|1||0|0|0|0||0|Lindow||||||||"SARS-CoV-2 (COVID-19)"|Antigen|97097-0|"SARS-CoV-2 Ag Upper resp Ql IA.rapid"|"Nasopharyngeal swab"|258500001|04/10/2022|Negative|260385009
32|4244|10D2214779||Islava|Jacquelyn||02/15/1983||"781 ne 37th st"|"Oakland park"|FL|33334||Female|5206032219|"No Response"|0||0|0|0|0||0|Islava||||||||"SARS-CoV-2 (COVID-19)"|Antigen|97097-0|"SARS-CoV-2 Ag Upper resp Ql IA.rapid"|"Nasopharyngeal swab"|258500001|04/10/2022|Negative|260385009
33|4244|10D2214779||MACNEIL|"JOHN FRANCIS"||01/10/1972||"AC HOTEL, 154 N Compass Way"|"Dania Beach"|FL|33004||Male|4164585804|"No Response"|1||0|0|0|0||0|MACNEIL||||||||"SARS-CoV-2 (COVID-19)"|Antigen|97097-0|"SARS-CoV-2 Ag Upper resp Ql IA.rapid"|"Nasopharyngeal swab"|258500001|04/10/2022|Negative|260385009
34|4244|10D2214779||Chasse|"Dominique  Jean Roger"||02/06/1969||Unknown|Unknown|FL|99999||Male|7863962445|"No Response"|0||0|0|0|0||1|Chasse||||||||"SARS-CoV-2 (COVID-19)"|PCR|94500-6|"SARS-CoV-2 RNA Resp Ql NAA+probe"|"Nasopharyngeal swab"|258500001|04/07/2022|Negative|260385009
35|4244|10D2214779||Roberts|Craig||10/24/1951||"2720 Biarritz Druve"|"Palm Beach Gardens"|FL|33410||Male|15617580003|"No Response"|1||0|0|0|0||0|Roberts||||||||"SARS-CoV-2 (COVID-19)"|Antigen|97097-0|"SARS-CoV-2 Ag Upper resp Ql IA.rapid"|"Nasopharyngeal swab"|258500001|04/10/2022|Negative|260385009
36|4244|10D2214779||Young|David||07/28/1954||"3110 SW 47th Avenue"|"West park"|FL|33023||Male|3057855086|"No Response"|0||0|0|0|1||0|Young||||||||"SARS-CoV-2 (COVID-19)"|Antigen|97097-0|"SARS-CoV-2 Ag Upper resp Ql IA.rapid"|"Nasopharyngeal swab"|258500001|04/10/2022|Negative|260385009
37|4244|10D2214779||Islava|Jacquelyn||02/15/1983||Unknown|Unknown|FL|99999||Female|5206032219|"No Response"|1||0|0|0|0||0|Islava||||||||"SARS-CoV-2 (COVID-19)"|Antigen|97097-0|"SARS-CoV-2 Ag Upper resp Ql IA.rapid"|"Nasopharyngeal swab"|258500001|04/10/2022|Negative|260385009
38|4244|10D2214779||Chasse|"Dominique  Jean Roger"||02/06/1969||Unknown|Unknown|FL|99999||Male|7863962445|"No Response"|0||0|0|0|0||1|Chasse||||||||"SARS-CoV-2 (COVID-19)"|PCR|94500-6|"SARS-CoV-2 RNA Resp Ql NAA+probe"|"Nasopharyngeal swab"|258500001|04/07/2022|Negative|260385009
39|4244|10D2214779||Ramdass|Siewnarine||07/04/1955||"2731 NW 26th ST."|"Fort lauderdale"|FL|33311||Male|9547736037|"No Response"|0||0|0|0|1||0|Ramdass||||||||"SARS-CoV-2 (COVID-19)"|Antigen|97097-0|"SARS-CoV-2 Ag Upper resp Ql IA.rapid"|"Nasopharyngeal swab"|258500001|04/10/2022|Negative|260385009
40|4244|10D2214779||Ramdass|Siewnarine||07/04/1955||"2731 NW 26th ST."|"Fort lauderdale"|FL|33311||Male|9547736037|"No Response"|0||0|0|0|1||0|Ramdass||||||||"SARS-CoV-2 (COVID-19)"|Antigen|97097-0|"SARS-CoV-2 Ag Upper resp Ql IA.rapid"|"Nasopharyngeal swab"|258500001|04/10/2022|Negative|260385009
41|4244|10D2214779||Ramdass|Siewnarine||07/04/1955||"2731 NW 26th ST."|"Fort lauderdale"|FL|33311||Male|9547736037|"No Response"|0||0|0|0|1||0|Ramdass||||||||"SARS-CoV-2 (COVID-19)"|Antigen|97097-0|"SARS-CoV-2 Ag Upper resp Ql IA.rapid"|"Nasopharyngeal swab"|258500001|04/10/2022|Negative|260385009
42|4244|10D2214779||Johnson|Kristine||10/08/1991||"8 taxi way"|Baltimore|FL|21220||Female|4435648519|"No Response"|0||0|1|0|0||0|Johnson||||||||"SARS-CoV-2 (COVID-19)"|PCR|94500-6|"SARS-CoV-2 RNA Resp Ql NAA+probe"|"Nasopharyngeal swab"|258500001|04/10/2022|Negative|260385009
43|4244|10D2214779||Caldicott|Alexa||01/26/2011||"4101 collins avenue"|Miami|FL|33140||Female|07368335058|"No Response"|1||0|0|0|0||0|Caldicott||||||||"SARS-CoV-2 (COVID-19)"|PCR|94500-6|"SARS-CoV-2 RNA Resp Ql NAA+probe"|"Nasopharyngeal swab"|258500001|04/08/2022|Negative|260385009
44|4244|10D2214779||Caldicott|Leo||03/11/2012||"4101 collins avenue"|Miami|FL|33140||Male|07368335058|"No Response"|1||0|0|0|0||0|Caldicott||||||||"SARS-CoV-2 (COVID-19)"|PCR|94500-6|"SARS-CoV-2 RNA Resp Ql NAA+probe"|"Nasopharyngeal swab"|258500001|04/08/2022|Negative|260385009
45|4244|10D2214779||Jensen|Kristi||09/19/1970||"6351 N -13th E"|"Idaho Falls"|FL|83401||Female|9999999999|"No Response"|1||0|0|0|0||0|Jensen||||||||"SARS-CoV-2 (COVID-19)"|Antigen|97097-0|"SARS-CoV-2 Ag Upper resp Ql IA.rapid"|"Nasopharyngeal swab"|258500001|04/10/2022|Negative|260385009
46|4244|10D2214779||Jensen|Norman||05/24/1968||"6351 N 13th E"|"Idaho Falls"|FL|93401||Male|2082430091|"No Response"|1||0|0|0|0||0|Jensen||||||||"SARS-CoV-2 (COVID-19)"|Antigen|97097-0|"SARS-CoV-2 Ag Upper resp Ql IA.rapid"|"Nasopharyngeal swab"|258500001|04/10/2022|Negative|260385009
47|4244|10D2214779||Quadri|Olayinka||07/29/1965||"Marriott Fort Lauderdale north"|Florida|FL|33309||Male|9999999999|"No Response"|0||0|0|0|0||0|Quadri||||||||"SARS-CoV-2 (COVID-19)"|Antigen|97097-0|"SARS-CoV-2 Ag Upper resp Ql IA.rapid"|"Nasopharyngeal swab"|258500001|04/09/2022|Negative|260385009
48|4244|10D2214779||Cate|Nicole||12/04/1969||"334 Serena Dr"|Hixson|FL|37343||Female|4234211335|"No Response"|1||0|0|0|0||0|Cate||||||||"SARS-CoV-2 (COVID-19)"|Antigen|97097-0|"SARS-CoV-2 Ag Upper resp Ql IA.rapid"|"Nasopharyngeal swab"|258500001|04/10/2022|Negative|260385009
49|4244|10D2214779||Cate|Mitchell||12/30/2000||"334 Serena Dr"|Hixson|FL|37343||Male|4232806215|"No Response"|1||0|0|0|0||0|Cate||||||||"SARS-CoV-2 (COVID-19)"|Antigen|97097-0|"SARS-CoV-2 Ag Upper resp Ql IA.rapid"|"Nasopharyngeal swab"|258500001|04/10/2022|Negative|260385009
50|4244|10D2214779||Stankiewicz|Amy||01/07/1982||"3 Applewood Road"|Cromwell|FL|06416||Female|8606041878|"No Response"|1||0|0|0|0||0|Stankiewicz||||||||"SARS-CoV-2 (COVID-19)"|Antigen|97097-0|"SARS-CoV-2 Ag Upper resp Ql IA.rapid"|"Nasopharyngeal swab"|258500001|04/10/2022|Negative|260385009
51|4244|10D2214779||Stankiewicz|Matthew||07/02/1980||"3 Applewood Road"|Cromwell|FL|06416||Male|8606041878|"No Response"|1||0|0|0|0||0|Stankiewicz||||||||"SARS-CoV-2 (COVID-19)"|Antigen|97097-0|"SARS-CoV-2 Ag Upper resp Ql IA.rapid"|"Nasopharyngeal swab"|258500001|04/10/2022|Negative|260385009
52|4244|10D2214779||Stankiewicz|Summer||04/09/2012||"3 Applewood Road"|Cromwell|FL|06416||Female|8606041878|"No Response"|1||0|0|0|0||0|Stankiewicz||||||||"SARS-CoV-2 (COVID-19)"|Antigen|97097-0|"SARS-CoV-2 Ag Upper resp Ql IA.rapid"|"Nasopharyngeal swab"|258500001|04/10/2022|Negative|260385009
53|4244|10D2214779||Stankiewicz|Doctor||02/26/2014||"3 Applewood Road"|Cromwell|FL|06416||Male|8606041878|"No Response"|1||0|0|0|0||0|Stankiewicz||||||||"SARS-CoV-2 (COVID-19)"|Antigen|97097-0|"SARS-CoV-2 Ag Upper resp Ql IA.rapid"|"Nasopharyngeal swab"|258500001|04/10/2022|Negative|260385009
54|4244|10D2214779||Stankiewicz|Sierra||01/13/2016||"3 Applewood Road"|Cromwell|FL|06416||Female|8606041878|"No Response"|1||0|0|0|0||0|Stankiewicz||||||||"SARS-CoV-2 (COVID-19)"|Antigen|97097-0|"SARS-CoV-2 Ag Upper resp Ql IA.rapid"|"Nasopharyngeal swab"|258500001|04/10/2022|Negative|260385009
55|4244|10D2214779||Stankiewicz|Sierra||01/13/2016||"3 Applewood Road"|Cromwell|FL|06416||Female|8606041878|"No Response"|1||0|0|0|0||0|Stankiewicz||||||||"SARS-CoV-2 (COVID-19)"|Antigen|97097-0|"SARS-CoV-2 Ag Upper resp Ql IA.rapid"|"Nasopharyngeal swab"|258500001|04/10/2022|Negative|260385009
56|4244|10D2214779||Venturina|"Sara Ann"||03/02/1979||"Las Vegas Marriot, 325 Convention Center"|"Las Vegas"|FL|89109||Female|9999999999|"No Response"|0||0|1|0|0||0|Venturina||||||||"SARS-CoV-2 (COVID-19)"|Antigen|97097-0|"SARS-CoV-2 Ag Upper resp Ql IA.rapid"|"Nasopharyngeal swab"|258500001|04/10/2022|Negative|260385009
57|4244|10D2214779||Wallace|Alistair||01/03/1990||"4502 NW Albion Avenue"|"Port Saint Lucie"|FL|34983||Male|7723614622|"No Response"|0||0|0|0|0||0|Wallace||||||||"SARS-CoV-2 (COVID-19)"|Antigen|97097-0|"SARS-CoV-2 Ag Upper resp Ql IA.rapid"|"Nasopharyngeal swab"|258500001|04/10/2022|Negative|260385009
58|4244|10D2214779||Rubio|Teresita||01/01/1970||"15711 Cedar Grove ln"|Wellington|FL|33414||Female|4168240543|"No Response"|0||0|0|0|1||0|Rubio||||||||"SARS-CoV-2 (COVID-19)"|Antigen|97097-0|"SARS-CoV-2 Ag Upper resp Ql IA.rapid"|"Nasopharyngeal swab"|258500001|04/10/2022|Negative|260385009
59|4244|10D2214779||Nachazel|Petr||12/25/1976||"1490 15th street WPB"|"West Palm Beach"|FL|33404||Male|9999999999|"No Response"|1||0|0|0|0||0|Nachazel||||||||"SARS-CoV-2 (COVID-19)"|Antigen|97097-0|"SARS-CoV-2 Ag Upper resp Ql IA.rapid"|"Nasopharyngeal swab"|258500001|04/10/2022|Negative|260385009
60|4244|10D2214779||"PETIT BURGGRAF"|Hadrien||01/01/1970||"1244 ocean drive"|Miami|FL|33139||Male|9999999999|"No Response"|1||0|0|0|0||0|"PETIT BURGGRAF"||||||||"SARS-CoV-2 (COVID-19)"|Antigen|97097-0|"SARS-CoV-2 Ag Upper resp Ql IA.rapid"|"Nasopharyngeal swab"|258500001|04/10/2022|Negative|260385009
61|4244|10D2214779||Cuares|"Gerian Felice Halili"||01/20/2003||Unknown|Unknown|FL|99999||Female|+6598159286|"No Response"|0||0|1|0|0||0|Cuares||||||||"SARS-CoV-2 (COVID-19)"|Antigen|97097-0|"SARS-CoV-2 Ag Upper resp Ql IA.rapid"|"Nasopharyngeal swab"|258500001|04/10/2022|Negative|260385009
62|4244|10D2214779||Janda|Pavel||01/01/1970||"1490 15 th street WPB"|"West Palm Beach"|FL|33404||Male|9999999999|"No Response"|1||0|0|0|0||0|Janda||||||||"SARS-CoV-2 (COVID-19)"|Antigen|97097-0|"SARS-CoV-2 Ag Upper resp Ql IA.rapid"|"Nasopharyngeal swab"|258500001|04/10/2022|Negative|260385009
63|4244|10D2214779||Wendzich|Chamone||03/28/1991||Unknown|"West palm beach"|FL|33407||Female|15619079131|"No Response"|1||0|0|0|0||0|Wendzich||||||||"SARS-CoV-2 (COVID-19)"|PCR|94500-6|"SARS-CoV-2 RNA Resp Ql NAA+probe"|"Nasopharyngeal swab"|258500001|04/10/2022|Negative|260385009
64|4244|10D2214779||"Reilly Ashiru"|Olaseni||07/01/1998||Unknown|Unknown|FL|99999||Male|9999999999|"No Response"|0||0|0|0|0||0|"Reilly Ashiru"||||||||"SARS-CoV-2 (COVID-19)"|Antigen|97097-0|"SARS-CoV-2 Ag Upper resp Ql IA.rapid"|"Nasopharyngeal swab"|258500001|04/10/2022|Negative|260385009
65|4244|10D2214779||Donnelly|Aoife||06/30/1997||Unknown|Unknown|FL|99999||Female|0862610583|"No Response"|1||0|0|0|0||0|Donnelly||||||||"SARS-CoV-2 (COVID-19)"|Antigen|97097-0|"SARS-CoV-2 Ag Upper resp Ql IA.rapid"|"Nasopharyngeal swab"|258500001|04/10/2022|Negative|260385009
66|4244|10D2214779||Laska|Keith||05/18/1977||"77 Richmond Hill Rd"|"New Canaan"|FL|06840||Male|2038931280|"No Response"|0||0|0|0|1||0|Laska||||||||"SARS-CoV-2 (COVID-19)"|Antigen|97097-0|"SARS-CoV-2 Ag Upper resp Ql IA.rapid"|"Nasopharyngeal swab"|258500001|04/10/2022|Negative|260385009
67|4244|10D2214779||Laska|Chloe||03/07/2008||"77 Richmond Hill Rd"|"New Canaan"|FL|06840||Female|2038931280|"No Response"|1||0|0|0|0||0|Laska||||||||"SARS-CoV-2 (COVID-19)"|Antigen|97097-0|"SARS-CoV-2 Ag Upper resp Ql IA.rapid"|"Nasopharyngeal swab"|258500001|04/10/2022|Negative|260385009
68|4244|10D2214779||Laska|Bradley||09/08/2011||"77 Richmond Hill Rd"|"New Canaan"|FL|06840||Male|2038931280|"No Response"|1||0|0|0|0||0|Laska||||||||"SARS-CoV-2 (COVID-19)"|Antigen|97097-0|"SARS-CoV-2 Ag Upper resp Ql IA.rapid"|"Nasopharyngeal swab"|258500001|04/10/2022|Negative|260385009
69|4244|10D2214779||Lang|Mark||12/12/1966||"105 via Amalfi"|"New Smyrna beach"|FL|32169||Male|4074674287|"No Response"|1||0|0|0|0||0|Lang||||||||"SARS-CoV-2 (COVID-19)"|Antigen|97097-0|"SARS-CoV-2 Ag Upper resp Ql IA.rapid"|"Nasopharyngeal swab"|258500001|04/10/2022|Negative|260385009
70|4244|10D2214779||Jensen|Norman||05/24/1968||"6351 N 13th E"|"Idaho Falls"|FL|83401||Male|2082430091|"No Response"|1||0|0|0|0||0|Jensen||||||||"SARS-CoV-2 (COVID-19)"|Antigen|97097-0|"SARS-CoV-2 Ag Upper resp Ql IA.rapid"|"Nasopharyngeal swab"|258500001|04/10/2022|Negative|260385009
71|4244|10D2214779||Jensen|Kristi||09/19/1970||"6351 N 13th E"|"Idaho Falls"|FL|83401||Female|9999999999|"No Response"|1||0|0|0|0||0|Jensen||||||||"SARS-CoV-2 (COVID-19)"|Antigen|97097-0|"SARS-CoV-2 Ag Upper resp Ql IA.rapid"|"Nasopharyngeal swab"|258500001|04/10/2022|Negative|260385009
72|4244|10D2214779||Young|David||07/28/1954||"3110 SW 47th Avenue"|"West Park"|FL|33023||Male|3057855086|"No Response"|0||0|0|0|1||0|Young||||||||"SARS-CoV-2 (COVID-19)"|Antigen|97097-0|"SARS-CoV-2 Ag Upper resp Ql IA.rapid"|"Nasopharyngeal swab"|258500001|04/10/2022|Negative|260385009
73|4244|10D2214779||Laska|Caroline||11/04/1976||"77 Richmond Hill Rd"|"New Canaan"|FL|06840||Female|2038931141|"No Response"|1||0|0|0|0||0|Laska||||||||"SARS-CoV-2 (COVID-19)"|Antigen|97097-0|"SARS-CoV-2 Ag Upper resp Ql IA.rapid"|"Nasopharyngeal swab"|258500001|04/10/2022|Negative|260385009
74|4244|10D2214779||Lang|Crystal||07/17/1968||"105 via Amalfi"|Sanford|FL|32169||Female|4074670868|"No Response"|1||0|0|0|0||0|Lang||||||||"SARS-CoV-2 (COVID-19)"|Antigen|97097-0|"SARS-CoV-2 Ag Upper resp Ql IA.rapid"|"Nasopharyngeal swab"|258500001|04/10/2022|Negative|260385009
75|4244|10D2214779||Pinder|Quianna||12/28/1994||"760 Taylor Lane"|Dania|FL|33004||Female|9548425599|"No Response"|1||0|0|0|0||0|Pinder||||||||"SARS-CoV-2 (COVID-19)"|Antigen|97097-0|"SARS-CoV-2 Ag Upper resp Ql IA.rapid"|"Nasopharyngeal swab"|258500001|04/10/2022|Negative|260385009
76|4244|10D2214779||Pinder|Thomas||09/03/1989||"760 Taylor Lane"|Dania|FL|33004||Male|9548425594|"No Response"|1||0|0|0|0||0|Pinder||||||||"SARS-CoV-2 (COVID-19)"|Antigen|97097-0|"SARS-CoV-2 Ag Upper resp Ql IA.rapid"|"Nasopharyngeal swab"|258500001|04/10/2022|Negative|260385009
77|4244|10D2214779||PFEIFFER|Stella||08/12/1971||"6100 Destination Parkway"|Orlando|FL|32819||Female|9999999999|"No Response"|0||0|0|0|0||0|PFEIFFER||||||||"SARS-CoV-2 (COVID-19)"|PCR|94500-6|"SARS-CoV-2 RNA Resp Ql NAA+probe"|"Nasopharyngeal swab"|258500001|04/10/2022|Negative|260385009
78|4244|10D2214779||Petit|Jean||02/21/1949||"121 Oyster Bay Circle"|"Altamonte Springs"|FL|32710||Male|+7274598262|"No Response"|0||0|0|0|0||0|Petit||||||||"SARS-CoV-2 (COVID-19)"|Antigen|97097-0|"SARS-CoV-2 Ag Upper resp Ql IA.rapid"|"Nasopharyngeal swab"|258500001|04/10/2022|Negative|260385009
79|4244|10D2214779||Nguyen|"Thi Be Nho"||02/28/1975||"7450 Ocean Terrace"|Miami|FL|33141||Female|14385268407|"No Response"|0||0|1|0|0||0|Nguyen||||||||"SARS-CoV-2 (COVID-19)"|Antigen|97097-0|"SARS-CoV-2 Ag Upper resp Ql IA.rapid"|"Nasopharyngeal swab"|258500001|04/10/2022|Negative|260385009
80|4244|10D2214779||"Demmerle Nguyen"|"Emily Thi Loan"||10/22/2007||"7450 Ocean Terrace, 33141"|Miami|FL|33141||Female|14385268407|"No Response"|0||0|1|0|0||0|"Demmerle Nguyen"||||||||"SARS-CoV-2 (COVID-19)"|Antigen|97097-0|"SARS-CoV-2 Ag Upper resp Ql IA.rapid"|"Nasopharyngeal swab"|258500001|04/10/2022|Negative|260385009
81|4244|10D2214779||Lindow|David||04/06/1980||"999 NW 8TH Street"|"Boca Raton"|FL|33486||Male|5613536137|"No Response"|1||0|0|0|0||0|Lindow||||||||"SARS-CoV-2 (COVID-19)"|Antigen|97097-0|"SARS-CoV-2 Ag Upper resp Ql IA.rapid"|"Nasopharyngeal swab"|258500001|04/10/2022|Negative|260385009
82|4244|10D2214779||Axinn|Michael||10/05/1990||"10800 Brighton Bay Blvd NE Apt 17-306"|"Saint Petersburg"|FL|33331||Male|7867979906|"No Response"|1||0|0|0|0||0|Axinn||||||||"SARS-CoV-2 (COVID-19)"|Antigen|97097-0|"SARS-CoV-2 Ag Upper resp Ql IA.rapid"|"Nasopharyngeal swab"|258500001|04/10/2022|Negative|260385009
83|4244|10D2214779||Fabricant|Carol||05/29/1950||"100 sunrise ave"|"Palm beach"|FL|33480||Female|7863962445|"No Response"|1||0|0|0|0||0|Fabricant||||||||"SARS-CoV-2 (COVID-19)"|Antigen|97097-0|"SARS-CoV-2 Ag Upper resp Ql IA.rapid"|"Nasopharyngeal swab"|258500001|04/10/2022|Negative|260385009
84|4244|10D2214779||Fabricant|Carol||05/29/1950||"100 sunrise ave"|"Palm beach"|FL|33480||Female|7863962445|"No Response"|1||0|0|0|0||0|Fabricant||||||||"SARS-CoV-2 (COVID-19)"|Antigen|97097-0|"SARS-CoV-2 Ag Upper resp Ql IA.rapid"|"Nasopharyngeal swab"|258500001|04/10/2022|Negative|260385009
85|4244|10D2214779||Fabricant|Arthur||08/08/1935||"100 sunrise ave"|"Palm beach"|FL|33480||Male|4042770061|"No Response"|1||0|0|0|0||0|Fabricant||||||||"SARS-CoV-2 (COVID-19)"|Antigen|97097-0|"SARS-CoV-2 Ag Upper resp Ql IA.rapid"|"Nasopharyngeal swab"|258500001|04/10/2022|Negative|260385009
86|4244|10D2214779||joseph|burton||12/29/1967||"5449 Bartlett Blvd"|Mound|FL|55364||Male|6127083011|"No Response"|1||0|0|0|0||0|joseph||||||||"SARS-CoV-2 (COVID-19)"|Antigen|97097-0|"SARS-CoV-2 Ag Upper resp Ql IA.rapid"|"Nasopharyngeal swab"|258500001|04/10/2022|Negative|260385009
87|4244|10D2214779||Hameed|Renae||12/05/1968||"4355 Shorewood Trail"|Medina|FL|55340||Female|6127035527|"No Response"|1||0|0|0|0||0|Hameed||||||||"SARS-CoV-2 (COVID-19)"|Antigen|97097-0|"SARS-CoV-2 Ag Upper resp Ql IA.rapid"|"Nasopharyngeal swab"|258500001|04/10/2022|Negative|260385009
88|4244|10D2214779||Huang|Huei-Tong||08/27/1941||"400 E Colonial Dr. 1209"|Orlando|FL|32803||Female|4079288403|"No Response"|0||0|1|0|0||0|Huang||||||||"SARS-CoV-2 (COVID-19)"|PCR|94500-6|"SARS-CoV-2 RNA Resp Ql NAA+probe"|"Nasopharyngeal swab"|258500001|04/10/2022|Negative|260385009
89|4244|10D2214779||Ramdass|Siewnarine||07/04/1955||"2731 nw 27 street"|"Fort lauderdale"|FL|33311||Male|9547736037|"No Response"|0||0|0|0|1||0|Ramdass||||||||"SARS-CoV-2 (COVID-19)"|Antigen|97097-0|"SARS-CoV-2 Ag Upper resp Ql IA.rapid"|"Nasopharyngeal swab"|258500001|04/10/2022|Negative|260385009
90|4244|10D2214779||Ramdass|Siewnarine||07/04/1955||"2731 nw 27 street"|"Fort lauderdale"|FL|33311||Male|9547736037|"No Response"|0||0|0|0|1||0|Ramdass||||||||"SARS-CoV-2 (COVID-19)"|Antigen|97097-0|"SARS-CoV-2 Ag Upper resp Ql IA.rapid"|"Nasopharyngeal swab"|258500001|04/10/2022|Negative|260385009
91|4244|10D2214779||Ramdass|Siewnarine||07/04/1955||"2731 nw 27 street"|"Fort lauderdale"|FL|33311||Male|9547736037|"No Response"|0||0|0|0|1||0|Ramdass||||||||"SARS-CoV-2 (COVID-19)"|Antigen|97097-0|"SARS-CoV-2 Ag Upper resp Ql IA.rapid"|"Nasopharyngeal swab"|258500001|04/10/2022|Negative|260385009
92|4244|10D2214779||"Emma Sophie"|Kropf||10/13/2012||Unknown|Unknown|FL|99999||Female|9999999999|"No Response"|1||0|0|0|0||0|"Emma Sophie"||||||||"SARS-CoV-2 (COVID-19)"|Antigen|97097-0|"SARS-CoV-2 Ag Upper resp Ql IA.rapid"|"Nasopharyngeal swab"|258500001|04/10/2022|Negative|260385009
93|4244|10D2214779||Pelletier|Dominique||01/01/1970||"9035 campground Cir,"|"Cape Canaveral"|FL|32920||Female|15149519401|"No Response"|1||0|0|0|0||0|Pelletier||||||||"SARS-CoV-2 (COVID-19)"|Antigen|97097-0|"SARS-CoV-2 Ag Upper resp Ql IA.rapid"|"Nasopharyngeal swab"|258500001|04/10/2022|Negative|260385009
94|4244|10D2214779||"Pelletier Ferraro"|René-Alexandre||01/01/1970||"9035 campgroundCir,"|"Capa Canavaral"|FL|32920||Male|15149519401|"No Response"|1||0|0|0|0||0|"Pelletier Ferraro"||||||||"SARS-CoV-2 (COVID-19)"|Antigen|97097-0|"SARS-CoV-2 Ag Upper resp Ql IA.rapid"|"Nasopharyngeal swab"|258500001|04/10/2022|Negative|260385009
95|4244|10D2214779||Ferraro|Jean-François||01/01/1970||"9035 Campground Cir"|"Cape Canaveral"|FL|32920||Male|15149519401|"No Response"|1||0|0|0|0||0|Ferraro||||||||"SARS-CoV-2 (COVID-19)"|Antigen|97097-0|"SARS-CoV-2 Ag Upper resp Ql IA.rapid"|"Nasopharyngeal swab"|258500001|04/10/2022|Negative|260385009
96|4244|10D2214779||Pelletier|Claude||01/01/1970||"9035 Campgroung Cir"|"Capa Canavaral"|FL|32920||Male|15149519401|"No Response"|1||0|0|0|0||0|Pelletier||||||||"SARS-CoV-2 (COVID-19)"|Antigen|97097-0|"SARS-CoV-2 Ag Upper resp Ql IA.rapid"|"Nasopharyngeal swab"|258500001|04/10/2022|Negative|260385009
97|4244|10D2214779||"Girard Pelletier"|Carole||01/01/1970||"9035 camperont cir"|"Cape Canaveral"|FL|32920||Female|15149519401|"No Response"|1||0|0|0|0||0|"Girard Pelletier"||||||||"SARS-CoV-2 (COVID-19)"|Antigen|97097-0|"SARS-CoV-2 Ag Upper resp Ql IA.rapid"|"Nasopharyngeal swab"|258500001|04/10/2022|Negative|260385009
98|4244|10D2214779||Senatore|Antonio||05/09/1977||Unknown|Unknown|FL|99999||Male|9999999999|"No Response"|1||0|0|0|0||0|Senatore||||||||"SARS-CoV-2 (COVID-19)"|Antigen|97097-0|"SARS-CoV-2 Ag Upper resp Ql IA.rapid"|"Nasopharyngeal swab"|258500001|04/10/2022|Negative|260385009
99|4244|10D2214779||Escobar|"Luz M"||12/15/1966||"7800 Camino Real"|Miami|FL|33143||Female|9999999999|"No Response"|0||0|0|0|0||0|Escobar||||||||"SARS-CoV-2 (COVID-19)"|Antigen|97097-0|"SARS-CoV-2 Ag Upper resp Ql IA.rapid"|"Nasopharyngeal swab"|258500001|04/10/2022|Negative|260385009
100|4244|10D2214779||Quintero|Sylvia||09/21/1975||"6360 East Sahara apt 1126"|"Las Vegas"|FL|88142||Female|7022412564|"No Response"|0||0|0|0|0||0|Quintero||||||||"SARS-CoV-2 (COVID-19)"|Antigen|97097-0|"SARS-CoV-2 Ag Upper resp Ql IA.rapid"|"Nasopharyngeal swab"|258500001|04/10/2022|Negative|260385009
101|4244|10D2214779||Acosta|Barbara||09/03/1973||"2056 Chagall Cir"|"West Palm Beach"|FL|33409||Female|3055464690|"No Response"|0||0|0|0|0||0|Acosta||||||||"SARS-CoV-2 (COVID-19)"|Antigen|97097-0|"SARS-CoV-2 Ag Upper resp Ql IA.rapid"|"Nasopharyngeal swab"|258500001|04/10/2022|Negative|260385009
102|4244|10D2214779||"De Roeck"|Dimitri||03/24/1973||"The Goodtime Hotel"|Miami|FL|99999||Male|9999999999|"No Response"|1||0|0|0|0||0|"De Roeck"||||||||"SARS-CoV-2 (COVID-19)"|Antigen|97097-0|"SARS-CoV-2 Ag Upper resp Ql IA.rapid"|"Nasopharyngeal swab"|258500001|04/10/2022|Negative|260385009
103|4244|10D2214779||"De Roeck"|Andrea||12/02/2004||"The goodtime hotel"|Miami|FL|99999||Male|7863962445|"No Response"|1||0|0|0|0||0|"De Roeck"||||||||"SARS-CoV-2 (COVID-19)"|Antigen|97097-0|"SARS-CoV-2 Ag Upper resp Ql IA.rapid"|"Nasopharyngeal swab"|258500001|04/10/2022|Negative|260385009
104|4244|10D2214779||"De Roeck"|Valentina||02/17/2009||"Goodtime Hotel"|Miami|FL|99999||Female|7863962445|"No Response"|1||0|0|0|0||0|"De Roeck"||||||||"SARS-CoV-2 (COVID-19)"|Antigen|97097-0|"SARS-CoV-2 Ag Upper resp Ql IA.rapid"|"Nasopharyngeal swab"|258500001|04/10/2022|Negative|260385009
105|4244|10D2214779||Verdonck|Caroline||12/03/1975||Unknown|Unknown|FL|99999||Female|7863962445|"No Response"|1||0|0|0|0||0|Verdonck||||||||"SARS-CoV-2 (COVID-19)"|Antigen|97097-0|"SARS-CoV-2 Ag Upper resp Ql IA.rapid"|"Nasopharyngeal swab"|258500001|04/10/2022|Negative|260385009
106|4244|10D2214779||Hesters|Veroniek||08/29/1976||Unknown|Unknown|FL|99999||Female|9999999999|"No Response"|1||0|0|0|0||0|Hesters||||||||"SARS-CoV-2 (COVID-19)"|Antigen|97097-0|"SARS-CoV-2 Ag Upper resp Ql IA.rapid"|"Nasopharyngeal swab"|258500001|04/10/2022|Negative|260385009
107|4244|10D2214779||Jansen|Erwin||06/02/1971||Unknown|Antwerp|FL|02018||Male|9999999999|"No Response"|1||0|0|0|0||0|Jansen||||||||"SARS-CoV-2 (COVID-19)"|Antigen|97097-0|"SARS-CoV-2 Ag Upper resp Ql IA.rapid"|"Nasopharyngeal swab"|258500001|04/10/2022|Negative|260385009
108|4244|10D2214779||Jansen|Ella-June||06/14/2007||Unknown|Antwerp|FL|02018||Female|9999999999|"No Response"|1||0|0|0|0||0|Jansen||||||||"SARS-CoV-2 (COVID-19)"|Antigen|97097-0|"SARS-CoV-2 Ag Upper resp Ql IA.rapid"|"Nasopharyngeal swab"|258500001|04/10/2022|Negative|260385009
109|4244|10D2214779||Jansen|Lewis||03/18/2010||Unknown|Antwerp|FL|02018||Male|9999999999|"No Response"|1||0|0|0|0||0|Jansen||||||||"SARS-CoV-2 (COVID-19)"|Antigen|97097-0|"SARS-CoV-2 Ag Upper resp Ql IA.rapid"|"Nasopharyngeal swab"|258500001|04/10/2022|Negative|260385009
110|4244|10D2214779||Maharaj|Satyan||03/06/1993||Unknown|Unknown|FL|99999||Male|8684984982|"No Response"|0||0|0|0|0||1|Maharaj||||||||"SARS-CoV-2 (COVID-19)"|Antigen|97097-0|"SARS-CoV-2 Ag Upper resp Ql IA.rapid"|"Nasopharyngeal swab"|258500001|04/10/2022|Negative|260385009
111|4244|10D2214779||MACNEIL|"JOHN FRANCIS"||01/10/1972||"17 E Monroe St. (Palmer House - A Hilton Hotel"|CHICAGO|FL|60603||Male|4164585804|"No Response"|1||0|0|0|0||0|MACNEIL||||||||"SARS-CoV-2 (COVID-19)"|Antigen|97097-0|"SARS-CoV-2 Ag Upper resp Ql IA.rapid"|"Nasopharyngeal swab"|258500001|04/10/2022|Negative|260385009
112|4244|10D2214779||Samaroo|Gaitree||02/26/1995||Unknown|Unknown|FL|99999||Female|8684984982|"No Response"|0||0|0|0|0||1|Samaroo||||||||"SARS-CoV-2 (COVID-19)"|Antigen|97097-0|"SARS-CoV-2 Ag Upper resp Ql IA.rapid"|"Nasopharyngeal swab"|258500001|04/10/2022|Negative|260385009
113|4244|10D2214779||Herbst|David||03/16/2002||"107 oak drive"|"Morehead city"|FL|28557||Male|2523421124|"No Response"|1||0|0|0|0||0|Herbst||||||||"SARS-CoV-2 (COVID-19)"|Antigen|97097-0|"SARS-CoV-2 Ag Upper resp Ql IA.rapid"|"Nasopharyngeal swab"|258500001|04/10/2022|Negative|260385009
114|4244|10D2214779||Miller|Janet||09/19/1962||Unknown|Unknown|FL|99999||Female|7863962445|"No Response"|0||0|0|0|0||0|Miller||||||||"SARS-CoV-2 (COVID-19)"|Antigen|97097-0|"SARS-CoV-2 Ag Upper resp Ql IA.rapid"|"Nasopharyngeal swab"|258500001|04/10/2022|Negative|260385009
115|4244|10D2214779||Fox|Shavonne||09/05/1982||Unknown|Unknown|FL|99999||Female|7863962445|"No Response"|0||0|0|0|0||0|Fox||||||||"SARS-CoV-2 (COVID-19)"|Antigen|97097-0|"SARS-CoV-2 Ag Upper resp Ql IA.rapid"|"Nasopharyngeal swab"|258500001|04/10/2022|Negative|260385009
116|4244|10D2214779||Dorsett|Linda||12/20/1960||Unknown|Unknown|FL|99999||Female|7863962445|"No Response"|0||0|0|0|0||0|Dorsett||||||||"SARS-CoV-2 (COVID-19)"|Antigen|97097-0|"SARS-CoV-2 Ag Upper resp Ql IA.rapid"|"Nasopharyngeal swab"|258500001|04/10/2022|Negative|260385009
117|4244|10D2214779||Fox|Velma||05/11/1956||Unknown|Unknown|FL|99999||Female|7863962445|"No Response"|0||0|0|0|0||0|Fox||||||||"SARS-CoV-2 (COVID-19)"|Antigen|97097-0|"SARS-CoV-2 Ag Upper resp Ql IA.rapid"|"Nasopharyngeal swab"|258500001|04/10/2022|Negative|260385009
118|4244|10D2214779||Fox|Shanea||10/08/1980||Unknown|Unknown|FL|99999||Female|7863962445|"No Response"|0||0|0|0|0||0|Fox||||||||"SARS-CoV-2 (COVID-19)"|Antigen|97097-0|"SARS-CoV-2 Ag Upper resp Ql IA.rapid"|"Nasopharyngeal swab"|258500001|04/10/2022|Negative|260385009
119|4244|10D2214779||O’Brien|Ken||05/20/1959||"10880 Marks Way"|Miramar|FL|33025||Male|7097656055|"No Response"|1||0|0|0|0||0|O’Brien||||||||"SARS-CoV-2 (COVID-19)"|Antigen|97097-0|"SARS-CoV-2 Ag Upper resp Ql IA.rapid"|"Nasopharyngeal swab"|258500001|04/10/2022|Negative|260385009
120|4244|10D2214779||O’Brien|Donna||04/30/1959||"10880 Marks Way"|Miramar|FL|33025||Female|7097656055|"No Response"|1||0|0|0|0||0|O’Brien||||||||"SARS-CoV-2 (COVID-19)"|Antigen|97097-0|"SARS-CoV-2 Ag Upper resp Ql IA.rapid"|"Nasopharyngeal swab"|258500001|04/10/2022|Negative|260385009
121|4244|10D2214779||Valle|Yesenia||08/08/1998||"881 flamango ct e"|"West Palm beach"|FL|00000||Female|15613039995|"No Response"|0||0|0|0|0||0|Valle||||||||"SARS-CoV-2 (COVID-19)"|Antigen|97097-0|"SARS-CoV-2 Ag Upper resp Ql IA.rapid"|"Nasopharyngeal swab"|258500001|04/10/2022|Negative|260385009
122|4244|10D2214779||Almazan|Justin||03/09/1993||"5646 Lincoln circle"|"Lake worth"|FL|33463||Male|5616358836|"No Response"|1||0|0|0|0||0|Almazan||||||||"SARS-CoV-2 (COVID-19)"|Antigen|97097-0|"SARS-CoV-2 Ag Upper resp Ql IA.rapid"|"Nasopharyngeal swab"|258500001|04/10/2022|Negative|260385009
123|4244|10D2214779||Bisnath|Somdath||02/25/1974||Unknown|Unknown|FL|99999||Male|18683742203|"No Response"|0||0|0|0|1||0|Bisnath||||||||"SARS-CoV-2 (COVID-19)"|Antigen|97097-0|"SARS-CoV-2 Ag Upper resp Ql IA.rapid"|"Nasopharyngeal swab"|258500001|04/10/2022|Negative|260385009
124|4244|10D2214779||Bisnath|Chandrowatie||03/30/1976||Unknown|Unknown|FL|99999||Female|9999999999|"No Response"|0||0|0|0|1||0|Bisnath||||||||"SARS-CoV-2 (COVID-19)"|Antigen|97097-0|"SARS-CoV-2 Ag Upper resp Ql IA.rapid"|"Nasopharyngeal swab"|258500001|04/10/2022|Negative|260385009
125|4244|10D2214779||Simpson|Mark||05/10/1975||"1156 Easy Street"|Sebring|FL|33872||Male|9054428135|"No Response"|1||0|0|0|0||0|Simpson||||||||"SARS-CoV-2 (COVID-19)"|Antigen|97097-0|"SARS-CoV-2 Ag Upper resp Ql IA.rapid"|"Nasopharyngeal swab"|258500001|04/10/2022|Negative|260385009
126|4244|10D2214779||Simpson|John||08/20/1998||"1156 Easy Street"|Sebring|FL|33872||Male|9054422101|"No Response"|1||0|0|0|0||0|Simpson||||||||"SARS-CoV-2 (COVID-19)"|Antigen|97097-0|"SARS-CoV-2 Ag Upper resp Ql IA.rapid"|"Nasopharyngeal swab"|258500001|04/10/2022|Negative|260385009
127|4244|10D2214779||Simpson|Liam||06/08/2000||"1156 east street"|Sebring|FL|33872||Male|9999999999|"No Response"|1||0|0|0|0||0|Simpson||||||||"SARS-CoV-2 (COVID-19)"|Antigen|97097-0|"SARS-CoV-2 Ag Upper resp Ql IA.rapid"|"Nasopharyngeal swab"|258500001|04/10/2022|Negative|260385009
128|4244|10D2214779||"Ramos Rivera"|"Jesus Alfaro"||07/27/2004||Unknown|Unknown|FL|99999||Male|5612945357|"No Response"|0||0|0|0|0||0|"Ramos Rivera"||||||||"SARS-CoV-2 (COVID-19)"|Antigen|97097-0|"SARS-CoV-2 Ag Upper resp Ql IA.rapid"|"Nasopharyngeal swab"|258500001|04/10/2022|Negative|260385009
129|4244|10D2214779||Chin|Kyle||06/15/1982||"6354 W. Sample Rd.  Bldg. 13"|"Coral Springs"|FL|99999||Male|9545016872|"No Response"|0||0|0|0|1||0|Chin||||||||"SARS-CoV-2 (COVID-19)"|Antigen|97097-0|"SARS-CoV-2 Ag Upper resp Ql IA.rapid"|"Nasopharyngeal swab"|258500001|04/10/2022|Positive|10828004
130|4244|10D2214779||SEEBALACK|"NIRMALA AMNESA"||08/05/1980||Unknown|Unknown|FL|99999||Female|2027733472|"No Response"|0||0|0|0|1||0|SEEBALACK||||||||"SARS-CoV-2 (COVID-19)"|Antigen|97097-0|"SARS-CoV-2 Ag Upper resp Ql IA.rapid"|"Nasopharyngeal swab"|258500001|04/10/2022|Negative|260385009
131|4244|10D2214779||Seebalack|"Arthur Tulsie"||12/24/1948||Unknown|Unknown|FL|99999||Male|8684668382|"No Response"|0||0|0|0|0||1|Seebalack||||||||"SARS-CoV-2 (COVID-19)"|Antigen|97097-0|"SARS-CoV-2 Ag Upper resp Ql IA.rapid"|"Nasopharyngeal swab"|258500001|04/10/2022|Negative|260385009
132|4244|10D2214779||Seebalack|Simon||04/07/1981||Unknown|Unknown|FL|99999||Male|8687609805|"No Response"|0||0|0|0|1||0|Seebalack||||||||"SARS-CoV-2 (COVID-19)"|Antigen|97097-0|"SARS-CoV-2 Ag Upper resp Ql IA.rapid"|"Nasopharyngeal swab"|258500001|04/10/2022|Negative|260385009
133|4244|10D2214779||Seebalack|Simon||04/07/1981||Unknown|Unknown|FL|99999||Male|8687609805|"No Response"|0||0|0|0|1||0|Seebalack||||||||"SARS-CoV-2 (COVID-19)"|Antigen|97097-0|"SARS-CoV-2 Ag Upper resp Ql IA.rapid"|"Nasopharyngeal swab"|258500001|04/10/2022|Negative|260385009
134|4244|10D2214779||Seebalack|Simon||04/07/1981||Unknown|Unknown|FL|99999||Male|8687609805|"No Response"|0||0|0|0|1||0|Seebalack||||||||"SARS-CoV-2 (COVID-19)"|Antigen|97097-0|"SARS-CoV-2 Ag Upper resp Ql IA.rapid"|"Nasopharyngeal swab"|258500001|04/10/2022|Negative|260385009
135|4244|10D2214779||SEEBALACK|"DANTE ARTHUR"||04/04/2014||Unknown|Unknown|FL|99999||Male|18684668382|"No Response"|0||0|0|0|0||1|SEEBALACK||||||||"SARS-CoV-2 (COVID-19)"|Antigen|97097-0|"SARS-CoV-2 Ag Upper resp Ql IA.rapid"|"Nasopharyngeal swab"|258500001|04/10/2022|Negative|260385009
136|4244|10D2214779||Seebalack|"Gail Marina"||10/06/1955||Unknown|Unknown|FL|99999||Female|8684668382|"No Response"|0||0|0|0|0||1|Seebalack||||||||"SARS-CoV-2 (COVID-19)"|Antigen|97097-0|"SARS-CoV-2 Ag Upper resp Ql IA.rapid"|"Nasopharyngeal swab"|258500001|04/10/2022|Negative|260385009
137|4244|10D2214779||Bhagwandass|Molly||11/02/1938||Unknown|Unknown|FL|99999||Female|18684668382|"No Response"|0||0|0|0|0||1|Bhagwandass||||||||"SARS-CoV-2 (COVID-19)"|Antigen|97097-0|"SARS-CoV-2 Ag Upper resp Ql IA.rapid"|"Nasopharyngeal swab"|258500001|04/10/2022|Negative|260385009
138|4244|10D2214779||Torres|Luis||02/12/1992||Unknown|Unknown|FL|99999||Male|7874206412|"No Response"|0||0|0|0|0||0|Torres||||||||"SARS-CoV-2 (COVID-19)"|Antigen|97097-0|"SARS-CoV-2 Ag Upper resp Ql IA.rapid"|"Nasopharyngeal swab"|258500001|04/10/2022|Negative|260385009
139|4244|10D2214779||Roberts|Craig||10/24/1951||"2720 Biarritz Druve"|"Palm Beach Club"|FL|33510||Male|15617580003|"No Response"|1||0|0|0|0||0|Roberts||||||||"SARS-CoV-2 (COVID-19)"|Antigen|97097-0|"SARS-CoV-2 Ag Upper resp Ql IA.rapid"|"Nasopharyngeal swab"|258500001|04/10/2022|Negative|260385009
140|4244|10D2214779||Townsend|Eric||06/01/1979||"1108 Hobson Court"|Raleigh|FL|27607||Male|9192645878|"No Response"|0||0|0|0|1||0|Townsend||||||||"SARS-CoV-2 (COVID-19)"|Antigen|97097-0|"SARS-CoV-2 Ag Upper resp Ql IA.rapid"|"Nasopharyngeal swab"|258500001|04/10/2022|Negative|260385009
141|4244|10D2214779||Townsend|Megan||07/02/1980||"1108 Hobson Ct"|Raleigh|FL|27607||Female|9192645878|"No Response"|1||0|0|0|0||0|Townsend||||||||"SARS-CoV-2 (COVID-19)"|Antigen|97097-0|"SARS-CoV-2 Ag Upper resp Ql IA.rapid"|"Nasopharyngeal swab"|258500001|04/10/2022|Negative|260385009
142|4244|10D2214779||Townsend|Madeleine||12/22/2007||"1108 Hobson ct"|Raleigh|FL|27607||Female|9192645878|"No Response"|1||0|0|0|0||0|Townsend||||||||"SARS-CoV-2 (COVID-19)"|Antigen|97097-0|"SARS-CoV-2 Ag Upper resp Ql IA.rapid"|"Nasopharyngeal swab"|258500001|04/10/2022|Negative|260385009
143|4244|10D2214779||Townsend|Violet||04/05/2010||"1108 Hobson ct"|Raleigh|FL|27607||Female|9192645878|"No Response"|1||0|0|0|0||0|Townsend||||||||"SARS-CoV-2 (COVID-19)"|Antigen|97097-0|"SARS-CoV-2 Ag Upper resp Ql IA.rapid"|"Nasopharyngeal swab"|258500001|04/10/2022|Negative|260385009
144|4244|10D2214779||Jones|Mason||09/08/2007||"1740 st Rt 716"|"Maria stein"|FL|45860||Male|9372161276|"No Response"|1||0|0|0|0||0|Jones||||||||"SARS-CoV-2 (COVID-19)"|Antigen|97097-0|"SARS-CoV-2 Ag Upper resp Ql IA.rapid"|"Nasopharyngeal swab"|258500001|04/10/2022|Negative|260385009
145|4244|10D2214779||Hewitt|Sarah||03/03/1986||"1406 18th Ave N"|Minneapolis|FL|55411||Female|2697535683|"No Response"|1||0|0|0|0||0|Hewitt||||||||"SARS-CoV-2 (COVID-19)"|PCR|94500-6|"SARS-CoV-2 RNA Resp Ql NAA+probe"|"Nasopharyngeal swab"|258500001|04/10/2022|Negative|260385009
146|4244|10D2214779||Schaenzer|Brendan||10/24/1983||"1406 18th Ave N"|Minneapolis|FL|55411||Male|8109195919|"No Response"|1||0|0|0|0||0|Schaenzer||||||||"SARS-CoV-2 (COVID-19)"|PCR|94500-6|"SARS-CoV-2 RNA Resp Ql NAA+probe"|"Nasopharyngeal swab"|258500001|04/10/2022|Negative|260385009
147|4244|10D2214779||Flagg|Reginald||01/01/1970||"901 Illinois st"|Golden|FL|80401||Male|8135982445|"No Response"|1||0|0|0|0||0|Flagg||||||||"SARS-CoV-2 (COVID-19)"|Antigen|97097-0|"SARS-CoV-2 Ag Upper resp Ql IA.rapid"|"Nasopharyngeal swab"|258500001|04/10/2022|Negative|260385009
148|4244|10D2214779||Flagg|Sherie||01/01/1970||"16539 w ellsworth dr"|Golden|FL|80401||Female|8135982445|"No Response"|1||0|0|0|0||0|Flagg||||||||"SARS-CoV-2 (COVID-19)"|Antigen|97097-0|"SARS-CoV-2 Ag Upper resp Ql IA.rapid"|"Nasopharyngeal swab"|258500001|04/10/2022|Negative|260385009
149|4244|10D2214779||Altidor|Rubens||06/30/1992||"1120 S L str"|"Lake worth"|FL|33460||Male|5616312276|"No Response"|0||0|0|0|0||0|Altidor||||||||"SARS-CoV-2 (COVID-19)"|Antigen|97097-0|"SARS-CoV-2 Ag Upper resp Ql IA.rapid"|"Nasopharyngeal swab"|258500001|04/10/2022|Negative|260385009
150|4244|10D2214779||Szczotka|Tomasz||01/21/1984||Unknown|Unknown|FL|99999||Male|14127584284|"No Response"|1||0|0|0|0||0|Szczotka||||||||"SARS-CoV-2 (COVID-19)"|Antigen|97097-0|"SARS-CoV-2 Ag Upper resp Ql IA.rapid"|"Nasopharyngeal swab"|258500001|04/10/2022|Positive|10828004
151|4244|10D2214779||Szczotka|Tomasz||01/21/1984||Unknown|Unknown|FL|99999||Male|14127584284|"No Response"|1||0|0|0|0||0|Szczotka||||||||"SARS-CoV-2 (COVID-19)"|Antigen|97097-0|"SARS-CoV-2 Ag Upper resp Ql IA.rapid"|"Nasopharyngeal swab"|258500001|04/10/2022|Positive|10828004
152|4244|10D2214779||"Moreno Pérez"|Fabiola||07/03/1978||"1691 NW 107th ave"|Miami|FL|33172||Female|9999999999|"No Response"|0||0|0|0|0||0|"Moreno Pérez"||||||||"SARS-CoV-2 (COVID-19)"|Antigen|97097-0|"SARS-CoV-2 Ag Upper resp Ql IA.rapid"|"Nasopharyngeal swab"|258500001|04/10/2022|Negative|260385009
153|4244|10D2214779||"López Preciado"|"Eduardo antonio"||09/16/1973||"1691 NW 107th av"|Miami|FL|33172||Male|9999999999|"No Response"|0||0|0|0|0||0|"López Preciado"||||||||"SARS-CoV-2 (COVID-19)"|Antigen|97097-0|"SARS-CoV-2 Ag Upper resp Ql IA.rapid"|"Nasopharyngeal swab"|258500001|04/10/2022|Negative|260385009
154|4244|10D2214779||Bandsma|Adelia||05/04/2006||Unknown|Scarsdale|FL|10583||Female|6464794526|"No Response"|1||0|0|0|0||0|Bandsma||||||||"SARS-CoV-2 (COVID-19)"|Antigen|97097-0|"SARS-CoV-2 Ag Upper resp Ql IA.rapid"|"Nasopharyngeal swab"|258500001|04/10/2022|Negative|260385009
155|4244|10D2214779||"López moreno"|"Leonardo Gael"||06/23/2009||"1691 NW 107th av"|Miami|FL|33172||Male|9999999999|"No Response"|0||0|0|0|0||0|"López moreno"||||||||"SARS-CoV-2 (COVID-19)"|Antigen|97097-0|"SARS-CoV-2 Ag Upper resp Ql IA.rapid"|"Nasopharyngeal swab"|258500001|04/10/2022|Negative|260385009
156|4244|10D2214779||Chasse|"Dominique  Jean Roger"||02/06/1969||Unknown|Unknown|FL|99999||Male|7863962445|"No Response"|0||0|0|0|0||1|Chasse||||||||"SARS-CoV-2 (COVID-19)"|PCR|94500-6|"SARS-CoV-2 RNA Resp Ql NAA+probe"|"Nasopharyngeal swab"|258500001|04/07/2022|Negative|260385009
157|4244|10D2214779||"Madrigal Hernández"|"María Fernanda"||06/12/1995||Unknown|Unknown|FL|99999||Female|9999999999|"No Response"|0||0|0|0|0||0|"Madrigal Hernández"||||||||"SARS-CoV-2 (COVID-19)"|Antigen|97097-0|"SARS-CoV-2 Ag Upper resp Ql IA.rapid"|"Nasopharyngeal swab"|258500001|04/10/2022|Negative|260385009
158|4244|10D2214779||"Barrantes Solorzano"|Raymond||01/01/1970||Unknown|Unknown|FL|99999||Male|9999999999|"No Response"|0||0|0|0|0||0|"Barrantes Solorzano"||||||||"SARS-CoV-2 (COVID-19)"|PCR|94500-6|"SARS-CoV-2 RNA Resp Ql NAA+probe"|"Nasopharyngeal swab"|258500001|04/10/2022|Negative|260385009
159|4244|10D2214779||Wilkinson|Claudia||01/01/1970||"Grand Beach Hotel"|"Surfside, Florida"|FL|33154||Female|9999999999|"No Response"|1||0|0|0|0||0|Wilkinson||||||||"SARS-CoV-2 (COVID-19)"|Antigen|97097-0|"SARS-CoV-2 Ag Upper resp Ql IA.rapid"|"Nasopharyngeal swab"|258500001|04/10/2022|Negative|260385009
160|4244|10D2214779||"Barrantes Jiminez"|"Jorge Luis"||04/30/1946||Unknown|Unknown|FL|99999||Male|9999999999|"No Response"|0||0|0|0|0||0|"Barrantes Jiminez"||||||||"SARS-CoV-2 (COVID-19)"|Antigen|97097-0|"SARS-CoV-2 Ag Upper resp Ql IA.rapid"|"Nasopharyngeal swab"|258500001|04/10/2022|Negative|260385009
161|4244|10D2214779||"Chacon Elizondo"|Gladys||01/01/1970||Unknown|Unknown|FL|99999||Female|7863962445|"No Response"|0||0|0|0|0||1|"Chacon Elizondo"||||||||"SARS-CoV-2 (COVID-19)"|Antigen|97097-0|"SARS-CoV-2 Ag Upper resp Ql IA.rapid"|"Nasopharyngeal swab"|258500001|04/10/2022|Negative|260385009
162|4244|10D2214779||"Barrantes Chacon"|Raimundo||01/11/1974||Unknown|Unknown|FL|99999||Female|7863962445|"No Response"|0||0|0|0|0||1|"Barrantes Chacon"||||||||"SARS-CoV-2 (COVID-19)"|Antigen|97097-0|"SARS-CoV-2 Ag Upper resp Ql IA.rapid"|"Nasopharyngeal swab"|258500001|04/10/2022|Negative|260385009
163|4244|10D2214779||karram|vanessa||01/17/1982||"3333 port royal drive south #519"|"fort lauderdale"|FL|33308||Female|7863767174|"No Response"|1||0|0|0|0||0|karram||||||||"SARS-CoV-2 (COVID-19)"|Antigen|97097-0|"SARS-CoV-2 Ag Upper resp Ql IA.rapid"|"Nasopharyngeal swab"|258500001|04/10/2022|Negative|260385009
164|4244|10D2214779||"Barrantes Arias"|Gabriel||03/23/2016||Unknown|Unknown|FL|99999||Male|7863962445|"No Response"|0||0|0|0|0||1|"Barrantes Arias"||||||||"SARS-CoV-2 (COVID-19)"|Antigen|97097-0|"SARS-CoV-2 Ag Upper resp Ql IA.rapid"|"Nasopharyngeal swab"|258500001|04/10/2022|Negative|260385009
165|4244|10D2214779||"Barrantes Arias"|Gabriel||03/23/2016||Unknown|Unknown|FL|99999||Male|7863962445|"No Response"|0||0|0|0|0||1|"Barrantes Arias"||||||||"SARS-CoV-2 (COVID-19)"|PCR|94500-6|"SARS-CoV-2 RNA Resp Ql NAA+probe"|"Nasopharyngeal swab"|258500001|04/10/2022|Negative|260385009
166|4244|10D2214779||"Arias Hernandez"|"Marlen Vanessa"||01/05/1981||Unknown|Unknown|FL|99999||Female|7863962445|"No Response"|0||0|0|0|0||0|"Arias Hernandez"||||||||"SARS-CoV-2 (COVID-19)"|Antigen|97097-0|"SARS-CoV-2 Ag Upper resp Ql IA.rapid"|"Nasopharyngeal swab"|258500001|04/10/2022|Negative|260385009
167|4244|10D2214779||"BARRANTES ARIAS"|EMILY||10/26/2012||Unknown|Unknown|FL|99999||Female|7863962445|"No Response"|0||0|0|0|0||0|"BARRANTES ARIAS"||||||||"SARS-CoV-2 (COVID-19)"|PCR|94500-6|"SARS-CoV-2 RNA Resp Ql NAA+probe"|"Nasopharyngeal swab"|258500001|04/10/2022|Negative|260385009
168|4244|10D2214779||"HERNANDEZ CARRILLO"|VIRGINIA||05/30/1960||Unknown|Unknown|FL|99999||Female|7863962445|"No Response"|0||0|0|0|0||0|"HERNANDEZ CARRILLO"||||||||"SARS-CoV-2 (COVID-19)"|Antigen|97097-0|"SARS-CoV-2 Ag Upper resp Ql IA.rapid"|"Nasopharyngeal swab"|258500001|04/10/2022|Negative|260385009
169|4244|10D2214779||"De Boer"|Elphina||10/28/2009||"1191 Banyan Road"|"Boca Raton"|FL|34432||Female|9999999999|"No Response"|1||0|0|0|0||0|"De Boer"||||||||"SARS-CoV-2 (COVID-19)"|Antigen|97097-0|"SARS-CoV-2 Ag Upper resp Ql IA.rapid"|"Nasopharyngeal swab"|258500001|04/10/2022|Negative|260385009
170|4244|10D2214779||Guajardo|"Andrea Del Mar"||08/16/2006||"1620 S. Michigan Ave."|Chicago|FL|60616||Female|3122188645|"No Response"|0||0|0|0|0||0|Guajardo||||||||"SARS-CoV-2 (COVID-19)"|Antigen|97097-0|"SARS-CoV-2 Ag Upper resp Ql IA.rapid"|"Nasopharyngeal swab"|258500001|04/10/2022|Negative|260385009
171|4244|10D2214779||Guajardo|"Juan Carlos"||01/13/1966||"719  e Main Street"|"West Chicago"|FL|60185||Male|6309654389|"No Response"|0||0|0|0|0||0|Guajardo||||||||"SARS-CoV-2 (COVID-19)"|Antigen|97097-0|"SARS-CoV-2 Ag Upper resp Ql IA.rapid"|"Nasopharyngeal swab"|258500001|04/10/2022|Negative|260385009
172|4244|10D2214779||"Garcia Rivera"|"Maria De Lourdes"||08/26/1967||"1620 S. Michigan Ave."|Chicago|FL|60616||Female|3122188645|"No Response"|0||0|0|0|0||0|"Garcia Rivera"||||||||"SARS-CoV-2 (COVID-19)"|Antigen|97097-0|"SARS-CoV-2 Ag Upper resp Ql IA.rapid"|"Nasopharyngeal swab"|258500001|04/10/2022|Negative|260385009
173|4244|10D2214779||Champion|Nathan||03/06/1979||"2106 Lancelot Dr"|Irwin|FL|15642||Male|9999999999|"No Response"|1||0|0|0|0||0|Champion||||||||"SARS-CoV-2 (COVID-19)"|PCR|94500-6|"SARS-CoV-2 RNA Resp Ql NAA+probe"|"Nasopharyngeal swab"|258500001|04/10/2022|Negative|260385009
174|4244|10D2214779||"Mathies Hill"|"Florence Maria"||12/01/1962||"881 Ocean dr, apt 13-A Key Biscayne , Fl. 33149"|"Key Biscayne"|FL|33149||Female|7863006278|"No Response"|0||0|0|0|0||0|"Mathies Hill"||||||||"SARS-CoV-2 (COVID-19)"|Antigen|97097-0|"SARS-CoV-2 Ag Upper resp Ql IA.rapid"|"Nasopharyngeal swab"|258500001|04/10/2022|Negative|260385009
175|4244|10D2214779||Eraso|Omar||11/09/1936||"4350 Hillcrest dr."|Hollywood|FL|33021||Male|9543949413|"No Response"|0||0|0|0|0||0|Eraso||||||||"SARS-CoV-2 (COVID-19)"|Antigen|97097-0|"SARS-CoV-2 Ag Upper resp Ql IA.rapid"|"Nasopharyngeal swab"|258500001|04/10/2022|Negative|260385009
176|4244|10D2214779||Ramsamooj|Chandprakash||01/24/1961||"6029 NW 79th way"|Parkland|FL|33067||Male|4435699203|"No Response"|0||0|1|0|0||0|Ramsamooj||||||||"SARS-CoV-2 (COVID-19)"|Antigen|97097-0|"SARS-CoV-2 Ag Upper resp Ql IA.rapid"|"Nasopharyngeal swab"|258500001|04/10/2022|Negative|260385009
177|4244|10D2214779||Islava|Jacquelyn||02/15/1983||Unknown|Unknown|FL|99999|||5206032219|"No Response"|0||0|0|0|0||1|Islava||||||||"SARS-CoV-2 (COVID-19)"|Antigen|97097-0|"SARS-CoV-2 Ag Upper resp Ql IA.rapid"|"Nasopharyngeal swab"|258500001|04/10/2022|Negative|260385009
178|4244|10D2214779||Gorospe|Rene||07/19/1972||"333 fern st"|"West palm beach"|FL|33401||Male|12423763229|"No Response"|0||0|1|0|0||0|Gorospe||||||||"SARS-CoV-2 (COVID-19)"|Antigen|97097-0|"SARS-CoV-2 Ag Upper resp Ql IA.rapid"|"Nasopharyngeal swab"|258500001|04/10/2022|Negative|260385009
179|4244|10D2214779||Gorospe|Rene||07/19/1972||"333 fern st"|"West palm beach"|FL|33401||Male|12423763229|"No Response"|0||0|1|0|0||0|Gorospe||||||||"SARS-CoV-2 (COVID-19)"|Antigen|97097-0|"SARS-CoV-2 Ag Upper resp Ql IA.rapid"|"Nasopharyngeal swab"|258500001|04/10/2022|Negative|260385009
180|4244|10D2214779||Ramsamooj|Sumintra||08/13/1965||Unknown|Unknown|FL|99999||Female|4565699203|"No Response"|0||0|0|0|1||0|Ramsamooj||||||||"SARS-CoV-2 (COVID-19)"|Antigen|97097-0|"SARS-CoV-2 Ag Upper resp Ql IA.rapid"|"Nasopharyngeal swab"|258500001|04/10/2022|Negative|260385009
181|4244|10D2214779||Esco|Elijah||07/31/1998||"14545 dolce vista"|"Fort myers"|FL|33908||Male|9999999999|"No Response"|1||0|0|0|0||0|Esco||||||||"SARS-CoV-2 (COVID-19)"|Antigen|97097-0|"SARS-CoV-2 Ag Upper resp Ql IA.rapid"|"Nasopharyngeal swab"|258500001|04/10/2022|Negative|260385009
182|4244|10D2214779||Chappell|Alexander||02/23/1998||"14545 dolce Vista"|"Fort Myers"|FL|33908||Male|5198172860|"No Response"|1||0|0|0|0||0|Chappell||||||||"SARS-CoV-2 (COVID-19)"|Antigen|97097-0|"SARS-CoV-2 Ag Upper resp Ql IA.rapid"|"Nasopharyngeal swab"|258500001|04/10/2022|Negative|260385009
183|4244|10D2214779||Mclaughlin|Gwendolyn||01/01/1966||"5328 avion park drive"|Tampa|FL|33626||Female|13459168055|"No Response"|0||0|0|0|1||0|Mclaughlin||||||||"SARS-CoV-2 (COVID-19)"|Antigen|97097-0|"SARS-CoV-2 Ag Upper resp Ql IA.rapid"|"Nasopharyngeal swab"|258500001|04/10/2022|Negative|260385009
184|4244|10D2214779||Mclaughlin|Redford||12/09/1963||"5329 avion park drive"|Tampa|FL|33626||Male|13459363912|"No Response"|0||0|0|0|0||0|Mclaughlin||||||||"SARS-CoV-2 (COVID-19)"|Antigen|97097-0|"SARS-CoV-2 Ag Upper resp Ql IA.rapid"|"Nasopharyngeal swab"|258500001|04/10/2022|Negative|260385009
185|4244|10D2214779||Cupidore|Andrew||04/03/1971||"3316 Jackson Bluff Way"|Clermont|FL|34711||Male|9174053720|"No Response"|0||0|0|0|0||0|Cupidore||||||||"SARS-CoV-2 (COVID-19)"|Antigen|97097-0|"SARS-CoV-2 Ag Upper resp Ql IA.rapid"|"Nasopharyngeal swab"|258500001|04/10/2022|Negative|260385009
186|4244|10D2214779||Miller|Janet||09/19/1962||Unknown|Unknown|FL|99999||Female|7863962445|"No Response"|0||0|0|0|0||0|Miller||||||||"SARS-CoV-2 (COVID-19)"|Antigen|97097-0|"SARS-CoV-2 Ag Upper resp Ql IA.rapid"|"Nasopharyngeal swab"|258500001|04/10/2022|Negative|260385009
187|4244|10D2214779||Fabricant|Carol||05/29/1950||"100 sunrise ave"|"Palm beach"|FL|33480||Female|7863962445|"No Response"|1||0|0|0|0||0|Fabricant||||||||"SARS-CoV-2 (COVID-19)"|Antigen|97097-0|"SARS-CoV-2 Ag Upper resp Ql IA.rapid"|"Nasopharyngeal swab"|258500001|04/10/2022|Negative|260385009
188|4244|10D2214779||Fabricant|Carol||05/29/1950||"100 sunrise ave"|"Palm beach"|FL|33480||Female|7863962445|"No Response"|1||0|0|0|0||0|Fabricant||||||||"SARS-CoV-2 (COVID-19)"|Antigen|97097-0|"SARS-CoV-2 Ag Upper resp Ql IA.rapid"|"Nasopharyngeal swab"|258500001|04/10/2022|Negative|260385009
189|4244|10D2214779||Nachazel|Petr||12/25/1976||"720 summit blvd"|"West Palm Beach"|FL|33405||Male|9999999999|"No Response"|1||0|0|0|0||0|Nachazel||||||||"SARS-CoV-2 (COVID-19)"|Antigen|97097-0|"SARS-CoV-2 Ag Upper resp Ql IA.rapid"|"Nasopharyngeal swab"|258500001|04/10/2022|Negative|260385009
190|4244|10D2214779||Fabricant|Carol||05/29/1950||"100 sunrise ave"|"Palm beach"|FL|33480||Female|7863962445|"No Response"|1||0|0|0|0||0|Fabricant||||||||"SARS-CoV-2 (COVID-19)"|Antigen|97097-0|"SARS-CoV-2 Ag Upper resp Ql IA.rapid"|"Nasopharyngeal swab"|258500001|04/10/2022|Negative|260385009
191|4244|10D2214779||Fabricant|Carol||05/29/1950||"100 sunrise ave"|"Palm beach"|FL|33480||Female|7863962445|"No Response"|1||0|0|0|0||0|Fabricant||||||||"SARS-CoV-2 (COVID-19)"|Antigen|97097-0|"SARS-CoV-2 Ag Upper resp Ql IA.rapid"|"Nasopharyngeal swab"|258500001|04/10/2022|Negative|260385009
