RecordID|FacilityID|CLIAID|PatientID|LastName|FirstName|MiddleName|DOB|SSN|StreetAddress|City|State|Zip|County|Gender|PhoneNumber|Ethnicity|RaceWhite|RaceBlack|RaceAmericanIndianAlaskanNative|RaceAsian|RaceNativeHawaiianOrOtherPacificIslander|RaceOther|RaceUnknown|RaceNoResponse|ProviderName|NPI|Pregnant|SchoolAssociation|SchoolName|MeetILIDefinition|PerformingLab|AccessionNumber|Pathogen|TestType|LOINC|LOINCShortName|SpecimenCollectionType|SpecimenSNOMED|SpecimenCollectedDate|Result|ResultSNOMED
1|4244|10D2214779||"Tunes Junior"|Mauro||02/14/1964||"1000 South Pointe Dr Apt 1502"|"Miami Beach"|FL|33139||Male|7867693105|"No Response"|0||0|0|0|0||0|"Tunes Junior"||||||||"SARS-CoV-2 (COVID-19)"|Antigen|97097-0|"SARS-CoV-2 Ag Upper resp Ql IA.rapid"|"Nasopharyngeal swab"|258500001|04/02/2022|Negative|260385009
2|4244|10D2214779||Tunes|"Lilian Denise Araujo"||05/18/1967||"1000 South Pointe Dr Apt 1502"|"Miami Beach"|FL|33139||Female|3059047174|"No Response"|0||0|0|0|0||0|Tunes||||||||"SARS-CoV-2 (COVID-19)"|Antigen|97097-0|"SARS-CoV-2 Ag Upper resp Ql IA.rapid"|"Nasopharyngeal swab"|258500001|04/02/2022|Negative|260385009
3|4244|10D2214779||PINDER|SUE-ANNE||06/09/1977||"2000 North congress lot 12"|"West palm beach"|FL|33409||Female|2425776866|"No Response"|1||0|0|0|0||0|PINDER||||||||"SARS-CoV-2 (COVID-19)"|Antigen|97097-0|"SARS-CoV-2 Ag Upper resp Ql IA.rapid"|"Nasopharyngeal swab"|258500001|04/02/2022|Negative|260385009
4|4244|10D2214779||Albury|Charles||05/24/1967||"2000 North Congress lot 12"|"West palm beach"|FL|33409||Male|2423576894|"No Response"|1||0|0|0|0||0|Albury||||||||"SARS-CoV-2 (COVID-19)"|Antigen|97097-0|"SARS-CoV-2 Ag Upper resp Ql IA.rapid"|"Nasopharyngeal swab"|258500001|04/02/2022|Negative|260385009
5|4244|10D2214779||PINDER|SUE-ANNE||06/09/1977||"2000 north congress"|"West palm beach"|FL|33409||Female|2425776866|"No Response"|1||0|0|0|0||0|PINDER||||||||"SARS-CoV-2 (COVID-19)"|Antigen|97097-0|"SARS-CoV-2 Ag Upper resp Ql IA.rapid"|"Nasopharyngeal swab"|258500001|04/02/2022|Negative|260385009
6|4244|10D2214779||Almario|Romualdo||07/31/1976||"1338 N Lake Way, AZUCAR  - Sailfish Club Dock Master"|"Palm Beach"|FL|33480||Male|9545982640|"No Response"|0||0|1|0|0||0|Almario||||||||"SARS-CoV-2 (COVID-19)"|Antigen|97097-0|"SARS-CoV-2 Ag Upper resp Ql IA.rapid"|"Nasopharyngeal swab"|258500001|04/02/2022|Negative|260385009
7|4244|10D2214779||Nerves|Glenn||06/20/1965||"1338 N. Lake way sailfish club"|"Palm beach"|FL|33480||Male|5612980824|"No Response"|0||0|1|0|0||0|Nerves||||||||"SARS-CoV-2 (COVID-19)"|Antigen|97097-0|"SARS-CoV-2 Ag Upper resp Ql IA.rapid"|"Nasopharyngeal swab"|258500001|04/02/2022|Negative|260385009
8|4244|10D2214779||Danesi|Alessandro||05/26/1963||"7920 Glades Road"|"Boca Raton"|FL|33434||Male|9999999999|"No Response"|1||0|0|0|0||0|Danesi||||||||"SARS-CoV-2 (COVID-19)"|Antigen|97097-0|"SARS-CoV-2 Ag Upper resp Ql IA.rapid"|"Nasopharyngeal swab"|258500001|04/02/2022|Negative|260385009
9|4244|10D2214779||Kuzniar|Kamil||08/28/1988||Unknown|Unknown|FL|99999||Male|4078644289|"No Response"|1||0|0|0|0||0|Kuzniar||||||||"SARS-CoV-2 (COVID-19)"|Antigen|97097-0|"SARS-CoV-2 Ag Upper resp Ql IA.rapid"|"Nasopharyngeal swab"|258500001|04/02/2022|Negative|260385009
10|4244|10D2214779||"Tunes Junior"|Mauro||02/14/1964||"1000 South Pointe Dr apt 1502"|"Mimai Beach"|FL|33139||Male|7867693105|"No Response"|0||0|0|0|0||0|"Tunes Junior"||||||||"SARS-CoV-2 (COVID-19)"|Antigen|97097-0|"SARS-CoV-2 Ag Upper resp Ql IA.rapid"|"Nasopharyngeal swab"|258500001|04/02/2022|Negative|260385009
11|4244|10D2214779||Tunes|"Lilian Denise Araujo"||05/18/1967||"1000 South Pointe Dr Apt 1502"|"Miami Beach"|FL|33139||Female|3059047174|"No Response"|0||0|0|0|0||0|Tunes||||||||"SARS-CoV-2 (COVID-19)"|Antigen|97097-0|"SARS-CoV-2 Ag Upper resp Ql IA.rapid"|"Nasopharyngeal swab"|258500001|04/02/2022|Negative|260385009
12|4244|10D2214779||Danesi|Alessandro||05/26/1963||"7920 Glades Road"|"Boca Raton"|FL|33434||Male|9999999999|"No Response"|1||0|0|0|0||0|Danesi||||||||"SARS-CoV-2 (COVID-19)"|Antigen|97097-0|"SARS-CoV-2 Ag Upper resp Ql IA.rapid"|"Nasopharyngeal swab"|258500001|04/02/2022|Negative|260385009
13|4244|10D2214779||PINDER|SUE-ANNE||06/09/1977||Unknown|Unknown|FL|99999||Female|2425776866|"No Response"|1||0|0|0|0||0|PINDER||||||||"SARS-CoV-2 (COVID-19)"|Antigen|97097-0|"SARS-CoV-2 Ag Upper resp Ql IA.rapid"|"Nasopharyngeal swab"|258500001|04/02/2022|Negative|260385009
14|4244|10D2214779||Albury|Charles||05/24/1967||Unknown|Unknown|FL|99999||Male|2423576894|"No Response"|1||0|0|0|0||0|Albury||||||||"SARS-CoV-2 (COVID-19)"|Antigen|97097-0|"SARS-CoV-2 Ag Upper resp Ql IA.rapid"|"Nasopharyngeal swab"|258500001|04/02/2022|Negative|260385009
15|4244|10D2214779||Jaeger|Thorsten||11/19/1963||"1340 NE 28 AVE"|"Pompano Beach"|FL|33062||Male|6269011466|"No Response"|1||0|0|0|0||0|Jaeger||||||||"SARS-CoV-2 (COVID-19)"|Antigen|97097-0|"SARS-CoV-2 Ag Upper resp Ql IA.rapid"|"Nasopharyngeal swab"|258500001|04/02/2022|Negative|260385009
16|4244|10D2214779||Ortiz|Samuel||11/03/1960||"14573 Temple Blvd"|Loxahatchee|FL|33470||Male|5613097056|"No Response"|0||0|0|0|0||0|Ortiz||||||||"SARS-CoV-2 (COVID-19)"|Antigen|97097-0|"SARS-CoV-2 Ag Upper resp Ql IA.rapid"|"Nasopharyngeal swab"|258500001|04/02/2022|Negative|260385009
17|4244|10D2214779||BROSS|SHARON||10/04/1943||"8202 Quail Meadow Trace"|"West Palm Beach"|FL|33412||Female|5613298150|"No Response"|1||0|0|0|0||0|BROSS||||||||"SARS-CoV-2 (COVID-19)"|Antigen|97097-0|"SARS-CoV-2 Ag Upper resp Ql IA.rapid"|"Nasopharyngeal swab"|258500001|04/02/2022|Negative|260385009
18|4244|10D2214779||Heidinger|Kenneth||06/19/1972||"445 Gazetta Way"|"West Palm Beach"|FL|33413||Male|9547165357|"No Response"|1||0|0|0|0||0|Heidinger||||||||"SARS-CoV-2 (COVID-19)"|Antigen|97097-0|"SARS-CoV-2 Ag Upper resp Ql IA.rapid"|"Nasopharyngeal swab"|258500001|04/02/2022|Negative|260385009
19|4244|10D2214779||Weiss|Gregory||02/18/1964||"1323 Dingens Ave"|Windermere|FL|34786||Male|4077187226|"No Response"|1||0|0|0|0||0|Weiss||||||||"SARS-CoV-2 (COVID-19)"|Antigen|97097-0|"SARS-CoV-2 Ag Upper resp Ql IA.rapid"|"Nasopharyngeal swab"|258500001|04/02/2022|Negative|260385009
20|4244|10D2214779||Calil|Thiago||11/16/1986||"7125 Universal Boulevard"|Orlando|FL|32819||Male|9999999999|"No Response"|0||0|0|0|0||0|Calil||||||||"SARS-CoV-2 (COVID-19)"|Antigen|97097-0|"SARS-CoV-2 Ag Upper resp Ql IA.rapid"|"Nasopharyngeal swab"|258500001|04/02/2022|Negative|260385009
21|4244|10D2214779||Meyer|David||12/18/1965||"27 Kennerly Manor Drive"|"St. Louis"|FL|63128||Male|3146166405|"No Response"|1||0|0|0|0||0|Meyer||||||||"SARS-CoV-2 (COVID-19)"|Antigen|97097-0|"SARS-CoV-2 Ag Upper resp Ql IA.rapid"|"Nasopharyngeal swab"|258500001|04/02/2022|Negative|260385009
22|4244|10D2214779||Meyer|David||12/18/1965||"27 Kennerly Manor Drive"|"St. Louis"|FL|63128||Male|3146166405|"No Response"|1||0|0|0|0||0|Meyer||||||||"SARS-CoV-2 (COVID-19)"|Antigen|97097-0|"SARS-CoV-2 Ag Upper resp Ql IA.rapid"|"Nasopharyngeal swab"|258500001|04/02/2022|Negative|260385009
23|4244|10D2214779||Loiars|Joseph||11/02/1961||"185 Shady Lane"|"Orange City"|FL|32763||Male|4079279992|"No Response"|1||0|0|0|0||0|Loiars||||||||"SARS-CoV-2 (COVID-19)"|PCR|94500-6|"SARS-CoV-2 RNA Resp Ql NAA+probe"|"Nasopharyngeal swab"|258500001|04/01/2022|Negative|260385009
24|4244|10D2214779||Loiars|Cheryll||07/24/1961||"185 Shady Lane"|"Orange City"|FL|32763||Female|4079290675|"No Response"|1||0|0|0|0||0|Loiars||||||||"SARS-CoV-2 (COVID-19)"|PCR|94500-6|"SARS-CoV-2 RNA Resp Ql NAA+probe"|"Nasopharyngeal swab"|258500001|04/01/2022|Negative|260385009
25|4244|10D2214779||Wallace|Dwain||01/26/1966||"2905 Sheridan St"|Hollywood|FL|33020||Male|2424226779|"No Response"|0||0|0|0|0||0|Wallace||||||||"SARS-CoV-2 (COVID-19)"|Antigen|97097-0|"SARS-CoV-2 Ag Upper resp Ql IA.rapid"|"Nasopharyngeal swab"|258500001|04/02/2022|Negative|260385009
26|4244|10D2214779||Brown|Patsy||06/29/1955||"424 Belforte Ave"|Lakeway|FL|78734||Female|9547780490|"No Response"|1||0|0|0|0||0|Brown||||||||"SARS-CoV-2 (COVID-19)"|PCR|94500-6|"SARS-CoV-2 RNA Resp Ql NAA+probe"|"Nasopharyngeal swab"|258500001|04/02/2022|Negative|260385009
27|4244|10D2214779||Buesing|"Jeffrey Nicholas"||06/29/1986||"2560 S Ocean Blvd #708"|"Palm Beach"|FL|33480||Male|9737030808|"No Response"|1||0|0|0|0||0|Buesing||||||||"SARS-CoV-2 (COVID-19)"|Antigen|97097-0|"SARS-CoV-2 Ag Upper resp Ql IA.rapid"|"Nasopharyngeal swab"|258500001|04/02/2022|Negative|260385009
28|4244|10D2214779||Yeligepally|Vamshi||05/02/1983||"800 Uno Lago dr, Apt# 304, Juno Beach"|"Juno Beach"|FL|33408||Male|9282656288|"No Response"|0||0|1|0|0||0|Yeligepally||||||||"SARS-CoV-2 (COVID-19)"|PCR|94500-6|"SARS-CoV-2 RNA Resp Ql NAA+probe"|"Nasopharyngeal swab"|258500001|04/02/2022|Negative|260385009
29|4244|10D2214779||Ortiz|Samuel||11/03/1960||"14573 Temple Blvd"|Loxahatchee|FL|33470||Male|5613097056|"No Response"|0||0|0|0|0||0|Ortiz||||||||"SARS-CoV-2 (COVID-19)"|Antigen|97097-0|"SARS-CoV-2 Ag Upper resp Ql IA.rapid"|"Nasopharyngeal swab"|258500001|04/02/2022|Negative|260385009
30|4244|10D2214779||Griggs|Louellen||12/19/1946||"2 Castle Lane"|Basalt|FL|81621||Female|9703791364|"No Response"|1||0|0|0|0||0|Griggs||||||||"SARS-CoV-2 (COVID-19)"|Antigen|97097-0|"SARS-CoV-2 Ag Upper resp Ql IA.rapid"|"Nasopharyngeal swab"|258500001|04/02/2022|Negative|260385009
31|4244|10D2214779||Arcadipane|"Mary Lou"||01/02/1946||"3326 Devonshire Way"|"Palm Beach Gardens"|FL|33418||Female|2404615500|"No Response"|1||0|0|0|0||0|Arcadipane||||||||"SARS-CoV-2 (COVID-19)"|Antigen|97097-0|"SARS-CoV-2 Ag Upper resp Ql IA.rapid"|"Nasopharyngeal swab"|258500001|04/02/2022|Negative|260385009
32|4244|10D2214779||Thomas|Sarah||03/27/1966||"436 Ocean Drive"|Miami|FL|33139||Female|07908264115|"No Response"|1||0|0|0|0||0|Thomas||||||||"SARS-CoV-2 (COVID-19)"|Antigen|97097-0|"SARS-CoV-2 Ag Upper resp Ql IA.rapid"|"Nasopharyngeal swab"|258500001|04/02/2022|Negative|260385009
33|4244|10D2214779||Thomas|Sarah||03/27/1966||"436 Ocean Drive"|Miami|FL|33139||Female|07908264115|"No Response"|1||0|0|0|0||0|Thomas||||||||"SARS-CoV-2 (COVID-19)"|Antigen|97097-0|"SARS-CoV-2 Ag Upper resp Ql IA.rapid"|"Nasopharyngeal swab"|258500001|04/02/2022|Negative|260385009
34|4244|10D2214779||"Floriano da Silva"|Darci||10/13/1947||"5012 Pebblebrook Ter"|"Coconut Creek"|FL|33073||Male|7867209865|"No Response"|0||0|0|0|0||0|"Floriano da Silva"||||||||"SARS-CoV-2 (COVID-19)"|Antigen|97097-0|"SARS-CoV-2 Ag Upper resp Ql IA.rapid"|"Nasopharyngeal swab"|258500001|04/02/2022|Negative|260385009
35|4244|10D2214779||Thomas|Martin||02/17/1968||"436 Ocean Drive"|Miami|FL|33139||Male|07816511185|"No Response"|1||0|0|0|0||0|Thomas||||||||"SARS-CoV-2 (COVID-19)"|Antigen|97097-0|"SARS-CoV-2 Ag Upper resp Ql IA.rapid"|"Nasopharyngeal swab"|258500001|04/02/2022|Negative|260385009
36|4244|10D2214779||Thomas|Martin||02/17/1968||"436 Ocean Drive"|Miami|FL|33139||Male|07816511185|"No Response"|1||0|0|0|0||0|Thomas||||||||"SARS-CoV-2 (COVID-19)"|Antigen|97097-0|"SARS-CoV-2 Ag Upper resp Ql IA.rapid"|"Nasopharyngeal swab"|258500001|04/02/2022|Negative|260385009
37|4244|10D2214779||FERREIRA|VINICIUS||05/03/1980||"9380 SUNSHINE RIDGE LOOP"|KISSIMMEE|FL|34747||Male|9999999999|"No Response"|0||0|0|0|0||0|FERREIRA||||||||"SARS-CoV-2 (COVID-19)"|PCR|94500-6|"SARS-CoV-2 RNA Resp Ql NAA+probe"|"Nasopharyngeal swab"|258500001|04/02/2022|Negative|260385009
38|4244|10D2214779||FERREIRA|CATARINA||01/01/1970||"9083 SUNSHINE RIDGE LOOP"|KISSIMMEE|FL|34747||Female|9999999999|"No Response"|0||0|0|0|0||0|FERREIRA||||||||"SARS-CoV-2 (COVID-19)"|PCR|94500-6|"SARS-CoV-2 RNA Resp Ql NAA+probe"|"Nasopharyngeal swab"|258500001|04/02/2022|Negative|260385009
39|4244|10D2214779||FERREIRA|CAROLINA||09/24/1980||"9083 SUNSHINE RIDGE LOOP"|KISSIMMEE|FL|34747||Female|9999999999|"No Response"|0||0|0|0|0||0|FERREIRA||||||||"SARS-CoV-2 (COVID-19)"|PCR|94500-6|"SARS-CoV-2 RNA Resp Ql NAA+probe"|"Nasopharyngeal swab"|258500001|04/09/2022|Negative|260385009
40|4244|10D2214779||Douglass|William||01/01/1970||"3232 Polo Drive"|"Gulf Stream"|FL|33483||Male|9548701577|"No Response"|1||0|0|0|0||0|Douglass||||||||"SARS-CoV-2 (COVID-19)"|Antigen|97097-0|"SARS-CoV-2 Ag Upper resp Ql IA.rapid"|"Nasopharyngeal swab"|258500001|04/02/2022|Negative|260385009
41|4244|10D2214779||Mastin|Peter||11/17/1958||"10315 Cortez Rd W, Lot 30-3rd"|Bradenton|FL|34210||Male|6135391611|"No Response"|1||0|0|0|0||0|Mastin||||||||"SARS-CoV-2 (COVID-19)"|Antigen|97097-0|"SARS-CoV-2 Ag Upper resp Ql IA.rapid"|"Nasopharyngeal swab"|258500001|04/02/2022|Negative|260385009
42|4244|10D2214779||Ritter|Trevor||03/12/1990||"1084 cyrus rd"|witingham|FL|05361||Male|8026813690|"No Response"|1||0|0|0|0||0|Ritter||||||||"SARS-CoV-2 (COVID-19)"|Antigen|97097-0|"SARS-CoV-2 Ag Upper resp Ql IA.rapid"|"Nasopharyngeal swab"|258500001|04/02/2022|Negative|260385009
43|4244|10D2214779||Ray|"Shari Lynn"||09/14/1966||"10315 Cortez Rd W, Lot 30-3rd"|Bradenton|FL|34210||Female|4169314092|"No Response"|1||0|0|0|0||0|Ray||||||||"SARS-CoV-2 (COVID-19)"|Antigen|97097-0|"SARS-CoV-2 Ag Upper resp Ql IA.rapid"|"Nasopharyngeal swab"|258500001|04/02/2022|Negative|260385009
44|4244|10D2214779||Wangler|Lisa||10/17/1961||"8864 Lakes Blvd"|"West Palm Beach"|FL|33412||Female|+3014618804|"No Response"|1||0|0|0|0||0|Wangler||||||||"SARS-CoV-2 (COVID-19)"|Antigen|97097-0|"SARS-CoV-2 Ag Upper resp Ql IA.rapid"|"Nasopharyngeal swab"|258500001|04/02/2022|Negative|260385009
45|4244|10D2214779||al-khoory|james||05/28/1970||"winter haven hotel, 1400 ocean drive"|miami|FL|33139||Male|9999999999|"No Response"|1||0|0|0|0||0|al-khoory||||||||"SARS-CoV-2 (COVID-19)"|Antigen|97097-0|"SARS-CoV-2 Ag Upper resp Ql IA.rapid"|"Nasopharyngeal swab"|258500001|04/02/2022|Negative|260385009
46|4244|10D2214779||alkhoory|fiona||06/02/1971||"winter have hotel, 1400 ocean drive"|miami|FL|33139||Female|9999999999|"No Response"|1||0|0|0|0||0|alkhoory||||||||"SARS-CoV-2 (COVID-19)"|Antigen|97097-0|"SARS-CoV-2 Ag Upper resp Ql IA.rapid"|"Nasopharyngeal swab"|258500001|04/02/2022|Negative|260385009
47|4244|10D2214779||Weiss|Gregory||02/18/1964||"1323 Dingens Ave"|Windermere|FL|34786||Male|4077187226|"No Response"|1||0|0|0|0||0|Weiss||||||||"SARS-CoV-2 (COVID-19)"|Antigen|97097-0|"SARS-CoV-2 Ag Upper resp Ql IA.rapid"|"Nasopharyngeal swab"|258500001|04/02/2022|Negative|260385009
48|4244|10D2214779||Adames|Leonardo||06/26/1959||"1504 Bay Road #3302"|"Miami Beach"|FL|33139||Male|7869992846|"No Response"|0||0|0|0|0||0|Adames||||||||"SARS-CoV-2 (COVID-19)"|Antigen|97097-0|"SARS-CoV-2 Ag Upper resp Ql IA.rapid"|"Nasopharyngeal swab"|258500001|04/02/2022|Negative|260385009
49|4244|10D2214779||McDonald|Barbara||01/01/1970||"195 Via Condado Way"|"Palm Beach Gardens"|FL|33412||Female|8027342411|"No Response"|1||0|0|0|0||0|McDonald||||||||"SARS-CoV-2 (COVID-19)"|Antigen|97097-0|"SARS-CoV-2 Ag Upper resp Ql IA.rapid"|"Nasopharyngeal swab"|258500001|04/02/2022|Negative|260385009
50|4244|10D2214779||Adames|Jessica||03/30/1968||"1504 Bay Road #3302"|"Miami Beach"|FL|33139||Female|7862102558|"No Response"|0||0|0|0|0||0|Adames||||||||"SARS-CoV-2 (COVID-19)"|Antigen|97097-0|"SARS-CoV-2 Ag Upper resp Ql IA.rapid"|"Nasopharyngeal swab"|258500001|04/02/2022|Negative|260385009
51|4244|10D2214779||BROSS|SHARON||10/04/1943||"8202 QUAIL MEADOW TRACE"|"WEST PALM BEACH"|FL|33412||Female|5613298150|"No Response"|1||0|0|0|0||0|BROSS||||||||"SARS-CoV-2 (COVID-19)"|Antigen|97097-0|"SARS-CoV-2 Ag Upper resp Ql IA.rapid"|"Nasopharyngeal swab"|258500001|04/02/2022|Negative|260385009
52|4244|10D2214779||Jackson|Shelby||01/01/1970||"8803 Lakes Blvd."|"West Palm Beach"|FL|33412||Female|7656613117|"No Response"|1||0|0|0|0||0|Jackson||||||||"SARS-CoV-2 (COVID-19)"|Antigen|97097-0|"SARS-CoV-2 Ag Upper resp Ql IA.rapid"|"Nasopharyngeal swab"|258500001|04/02/2022|Negative|260385009
53|4244|10D2214779||SUCHODOLSKY|ESTA||02/26/1949||"6540 Otter Drive"|"West Palm Beach"|FL|33412||Female|5614442906|"No Response"|1||0|0|0|0||0|SUCHODOLSKY||||||||"SARS-CoV-2 (COVID-19)"|Antigen|97097-0|"SARS-CoV-2 Ag Upper resp Ql IA.rapid"|"Nasopharyngeal swab"|258500001|04/02/2022|Negative|260385009
54|4244|10D2214779||Hemmings|Joanne||04/05/1967||"Cadillac Hotel"|Miami|FL|99999||Female|07809041101|"No Response"|1||0|0|0|0||0|Hemmings||||||||"SARS-CoV-2 (COVID-19)"|Antigen|97097-0|"SARS-CoV-2 Ag Upper resp Ql IA.rapid"|"Nasopharyngeal swab"|258500001|04/02/2022|Negative|260385009
55|4244|10D2214779||Hemmings|Mark||04/07/1964||"Cadillac Hotel"|Miami|FL|99999||Male|07808122801|"No Response"|1||0|0|0|0||0|Hemmings||||||||"SARS-CoV-2 (COVID-19)"|Antigen|97097-0|"SARS-CoV-2 Ag Upper resp Ql IA.rapid"|"Nasopharyngeal swab"|258500001|04/02/2022|Negative|260385009
56|4244|10D2214779||Almeida|Carollyne||04/10/1986||"7125 Universal Blvd"|Orlando|FL|32819||Female|9999999999|"No Response"|0||0|0|0|0||0|Almeida||||||||"SARS-CoV-2 (COVID-19)"|Antigen|97097-0|"SARS-CoV-2 Ag Upper resp Ql IA.rapid"|"Nasopharyngeal swab"|258500001|04/02/2022|Negative|260385009
57|4244|10D2214779||MUNT|Pier||12/07/1948||"Sheraton Vistana Resort, 8800 Vistana Center Drive."|Orlando|FL|32821||Male|9999999999|"No Response"|1||0|0|0|0||0|MUNT||||||||"SARS-CoV-2 (COVID-19)"|Antigen|97097-0|"SARS-CoV-2 Ag Upper resp Ql IA.rapid"|"Nasopharyngeal swab"|258500001|04/02/2022|Negative|260385009
58|4244|10D2214779||Lanier|Tex||07/26/1950||"3822 Fulham Rd"|Frederick|FL|21704||Male|2403673684|"No Response"|1||0|0|0|0||0|Lanier||||||||"SARS-CoV-2 (COVID-19)"|Antigen|97097-0|"SARS-CoV-2 Ag Upper resp Ql IA.rapid"|"Nasopharyngeal swab"|258500001|04/02/2022|Negative|260385009
59|4244|10D2214779||Lanier|Tex||07/26/1950||"3822 Fulham Rd"|Frederick|FL|21704||Male|2403673684|"No Response"|1||0|0|0|0||0|Lanier||||||||"SARS-CoV-2 (COVID-19)"|Antigen|97097-0|"SARS-CoV-2 Ag Upper resp Ql IA.rapid"|"Nasopharyngeal swab"|258500001|04/02/2022|Negative|260385009
60|4244|10D2214779||McCormack|Sharon||07/16/1958||"Urbanica The Euclid Hotel    Miami South Beach"|Wakefield|FL|99999||Female|9999999999|"No Response"|1||0|0|0|0||0|McCormack||||||||"SARS-CoV-2 (COVID-19)"|Antigen|97097-0|"SARS-CoV-2 Ag Upper resp Ql IA.rapid"|"Nasopharyngeal swab"|258500001|04/02/2022|Negative|260385009
61|4244|10D2214779||Costa|Amanda||08/22/1986||"85 Winter ridge circle"|Orlando|FL|32835||Female|9999999999|"No Response"|0||0|0|0|1||0|Costa||||||||"SARS-CoV-2 (COVID-19)"|Antigen|97097-0|"SARS-CoV-2 Ag Upper resp Ql IA.rapid"|"Nasopharyngeal swab"|258500001|04/02/2022|Negative|260385009
62|4244|10D2214779||"Tunes Junior"|Mauro||02/14/1964||"1000 South Pointe Dr apt 1502"|"Miami Beach"|FL|33139||Male|7867693105|"No Response"|0||0|0|0|0||0|"Tunes Junior"||||||||"SARS-CoV-2 (COVID-19)"|Antigen|97097-0|"SARS-CoV-2 Ag Upper resp Ql IA.rapid"|"Nasopharyngeal swab"|258500001|04/02/2022|Negative|260385009
63|4244|10D2214779||Tunes|"Lilian Denise Araujo"||05/18/1967||"1000 South Pointe Dr Apt 1502"|"Miami Beach"|FL|33139||Female|3059047174|"No Response"|0||0|0|0|0||0|Tunes||||||||"SARS-CoV-2 (COVID-19)"|Antigen|97097-0|"SARS-CoV-2 Ag Upper resp Ql IA.rapid"|"Nasopharyngeal swab"|258500001|04/02/2022|Negative|260385009
64|4244|10D2214779||MUNT|Janet||05/25/1952||"Sheraton Vistana Resort, 8800 Vistana Central Drive."|Orlando|FL|32821||Female|9999999999|"No Response"|1||0|0|0|0||0|MUNT||||||||"SARS-CoV-2 (COVID-19)"|Antigen|97097-0|"SARS-CoV-2 Ag Upper resp Ql IA.rapid"|"Nasopharyngeal swab"|258500001|04/02/2022|Negative|260385009
65|4244|10D2214779||Young|Barry||01/25/1963||"Urbanica The Euclid Hotel    Miami South Beach"|Wakefield|FL|99999||Male|9999999999|"No Response"|1||0|0|0|0||0|Young||||||||"SARS-CoV-2 (COVID-19)"|Antigen|97097-0|"SARS-CoV-2 Ag Upper resp Ql IA.rapid"|"Nasopharyngeal swab"|258500001|04/02/2022|Negative|260385009
66|4244|10D2214779||Lanier|Joan||06/26/1952||"3822 Fulham Road"|"Frederick, MD"|FL|21704||Female|2404091338|"No Response"|1||0|0|0|0||0|Lanier||||||||"SARS-CoV-2 (COVID-19)"|Antigen|97097-0|"SARS-CoV-2 Ag Upper resp Ql IA.rapid"|"Nasopharyngeal swab"|258500001|04/02/2022|Negative|260385009
67|4244|10D2214779||Knudsen|Andrew||09/22/1963||"Winter Haven , Autograph Collection ,1400 Ocean Drive Miami Beach 33139"|Miami|FL|33139||Male|07500056636|"No Response"|1||0|0|0|0||0|Knudsen||||||||"SARS-CoV-2 (COVID-19)"|Antigen|97097-0|"SARS-CoV-2 Ag Upper resp Ql IA.rapid"|"Nasopharyngeal swab"|258500001|04/02/2022|Negative|260385009
68|4244|10D2214779||Briggs|Sarah||07/26/1974||"Winter Haven , Autograph Collection , 1400 Ocean Drive , Miami Beach 33139"|Miami|FL|33139||Female|07500056636|"No Response"|1||0|0|0|0||0|Briggs||||||||"SARS-CoV-2 (COVID-19)"|Antigen|97097-0|"SARS-CoV-2 Ag Upper resp Ql IA.rapid"|"Nasopharyngeal swab"|258500001|04/02/2022|Negative|260385009
69|4244|10D2214779||Grum|Christopher||08/26/1969||"9126 Eckert Road"|"Iowa Colony"|FL|77583||Male|8326564223|"No Response"|1||0|0|0|0||0|Grum||||||||"SARS-CoV-2 (COVID-19)"|Antigen|97097-0|"SARS-CoV-2 Ag Upper resp Ql IA.rapid"|"Nasopharyngeal swab"|258500001|04/02/2022|Negative|260385009
70|4244|10D2214779||Annecharico|Megan||03/05/1953||"12706 Bounty Lane"|Tomball|FL|77377||Female|2817827828|"No Response"|1||0|0|0|0||0|Annecharico||||||||"SARS-CoV-2 (COVID-19)"|Antigen|97097-0|"SARS-CoV-2 Ag Upper resp Ql IA.rapid"|"Nasopharyngeal swab"|258500001|04/02/2022|Negative|260385009
71|4244|10D2214779||Annecharico|Louis||04/29/1944||"12706 Bounty Lane"|Tomball|FL|77377||Male|7138549297|"No Response"|1||0|0|0|0||0|Annecharico||||||||"SARS-CoV-2 (COVID-19)"|Antigen|97097-0|"SARS-CoV-2 Ag Upper resp Ql IA.rapid"|"Nasopharyngeal swab"|258500001|04/02/2022|Negative|260385009
72|4244|10D2214779||Kuzniar|Kamil||08/28/1988||"12333 N Egret Pt"|"Crystal River"|FL|34429||Male|4078644289|"No Response"|1||0|0|0|0||0|Kuzniar||||||||"SARS-CoV-2 (COVID-19)"|Antigen|97097-0|"SARS-CoV-2 Ag Upper resp Ql IA.rapid"|"Nasopharyngeal swab"|258500001|04/02/2022|Negative|260385009
73|4244|10D2214779||Devolder|Carl||09/12/1966||"3255 NW 87th Ave"|Miami|FL|33172||Male|3054620914|"No Response"|1||0|0|0|0||0|Devolder||||||||"SARS-CoV-2 (COVID-19)"|Antigen|97097-0|"SARS-CoV-2 Ag Upper resp Ql IA.rapid"|"Nasopharyngeal swab"|258500001|04/02/2022|Negative|260385009
74|4244|10D2214779||Schilo|Melissa||07/04/1973||"298 Buckhead Ave NE 1011"|Atlanta|FL|30305||Female|4048388186|"No Response"|1||0|0|0|0||0|Schilo||||||||"SARS-CoV-2 (COVID-19)"|Antigen|97097-0|"SARS-CoV-2 Ag Upper resp Ql IA.rapid"|"Nasopharyngeal swab"|258500001|04/02/2022|Negative|260385009
75|4244|10D2214779||Devenney|David||12/22/1979||Unknown|Unknown|FL|99999||Male|9999999999|"No Response"|1||0|0|0|0||0|Devenney||||||||"SARS-CoV-2 (COVID-19)"|Antigen|97097-0|"SARS-CoV-2 Ag Upper resp Ql IA.rapid"|"Nasopharyngeal swab"|258500001|04/02/2022|Negative|260385009
76|4244|10D2214779||Frame|Stephen||05/04/1982||"The Gale Hotel, 1690 Collins Avenue, Miami Beach"|Miami|FL|33139||Male|9999999999|"No Response"|1||0|0|0|0||0|Frame||||||||"SARS-CoV-2 (COVID-19)"|Antigen|97097-0|"SARS-CoV-2 Ag Upper resp Ql IA.rapid"|"Nasopharyngeal swab"|258500001|04/02/2022|Negative|260385009
77|4244|10D2214779||Budzynski|Nicky||08/25/1986||Unknown|Unknown|FL|99999||Male|9999999999|"No Response"|1||0|0|0|0||0|Budzynski||||||||"SARS-CoV-2 (COVID-19)"|Antigen|97097-0|"SARS-CoV-2 Ag Upper resp Ql IA.rapid"|"Nasopharyngeal swab"|258500001|04/02/2022|Negative|260385009
78|4244|10D2214779||Dumayne|Peter||08/10/1980||Unknown|Unknown|FL|99999||Male|9999999999|"No Response"|1||0|0|0|0||0|Dumayne||||||||"SARS-CoV-2 (COVID-19)"|Antigen|97097-0|"SARS-CoV-2 Ag Upper resp Ql IA.rapid"|"Nasopharyngeal swab"|258500001|04/02/2022|Negative|260385009
79|4244|10D2214779||Narayanan|Vidhya||06/17/1980||"1801 Poppy Drive, unit 1"|"simi valley"|FL|93065||Female|8058137432|"No Response"|0||0|1|0|0||0|Narayanan||||||||"SARS-CoV-2 (COVID-19)"|Antigen|97097-0|"SARS-CoV-2 Ag Upper resp Ql IA.rapid"|"Nasopharyngeal swab"|258500001|04/02/2022|Negative|260385009
80|4244|10D2214779||Houk|William||11/23/1943||"38 Harrogate Drive"|Lumberton|FL|08048||Male|6097605875|"No Response"|1||0|0|0|0||0|Houk||||||||"SARS-CoV-2 (COVID-19)"|Antigen|97097-0|"SARS-CoV-2 Ag Upper resp Ql IA.rapid"|"Nasopharyngeal swab"|258500001|04/02/2022|Negative|260385009
81|4244|10D2214779||Houk|Sandra||06/28/1944||"38 Harrogate Drive"|Lumberton|FL|08048||Female|6097605875|"No Response"|1||0|0|0|0||0|Houk||||||||"SARS-CoV-2 (COVID-19)"|Antigen|97097-0|"SARS-CoV-2 Ag Upper resp Ql IA.rapid"|"Nasopharyngeal swab"|258500001|04/02/2022|Negative|260385009
82|4244|10D2214779||Danesi|Alessandro||05/26/1963||"10290 Courtside Lane"|"Boca Raton"|FL|33422||Male|9999999999|"No Response"|1||0|0|0|0||0|Danesi||||||||"SARS-CoV-2 (COVID-19)"|Antigen|97097-0|"SARS-CoV-2 Ag Upper resp Ql IA.rapid"|"Nasopharyngeal swab"|258500001|04/02/2022|Negative|260385009
83|4244|10D2214779||Jaeger|Thorsten||11/19/1963||"1340 Ne 28 Ave"|"Pompano Beach"|FL|33062||Male|6269011466|"No Response"|1||0|0|0|0||0|Jaeger||||||||"SARS-CoV-2 (COVID-19)"|Antigen|97097-0|"SARS-CoV-2 Ag Upper resp Ql IA.rapid"|"Nasopharyngeal swab"|258500001|04/02/2022|Negative|260385009
84|4244|10D2214779||Moreto|Andre||09/21/1980||"2016 SW 16th Terrace"|"Fort Lauderdale"|FL|33315||Male|9174451740|"No Response"|1||0|0|0|0||0|Moreto||||||||"SARS-CoV-2 (COVID-19)"|Antigen|97097-0|"SARS-CoV-2 Ag Upper resp Ql IA.rapid"|"Nasopharyngeal swab"|258500001|04/02/2022|Negative|260385009
85|4244|10D2214779||Jaeger|Yvonne||08/07/1970||"1340 Ne 28 Ave"|"Pompano Beach"|FL|33062||Female|9098706509|"No Response"|1||0|0|0|0||0|Jaeger||||||||"SARS-CoV-2 (COVID-19)"|Antigen|97097-0|"SARS-CoV-2 Ag Upper resp Ql IA.rapid"|"Nasopharyngeal swab"|258500001|04/02/2022|Negative|260385009
86|4244|10D2214779||"Magalhaes Paes de Barros Filho"|"Marcos F"||09/08/1972||"10366 Lake Sheen Reserve Blvd"|Orlando|FL|32836||Male|4075907379|"No Response"|0||0|0|0|0||0|"Magalhaes Paes de Barros Filho"||||||||"SARS-CoV-2 (COVID-19)"|Antigen|97097-0|"SARS-CoV-2 Ag Upper resp Ql IA.rapid"|"Nasopharyngeal swab"|258500001|04/02/2022|Negative|260385009
87|4244|10D2214779||"DE VERA"|CORA||09/17/1952||"3397 BLUE RIBBON DOWNS STREET"|"LAS VEGAS"|FL|89122||Female|4085048857|"No Response"|0||0|1|0|0||0|"DE VERA"||||||||"SARS-CoV-2 (COVID-19)"|PCR|94500-6|"SARS-CoV-2 RNA Resp Ql NAA+probe"|"Nasopharyngeal swab"|258500001|04/02/2022|Negative|260385009
88|4244|10D2214779||Farley|Edward||11/25/1976||"757 se 17 th st"|"Ft Lauderdale"|FL|33316||Male|9999999999|"No Response"|1||0|0|0|0||0|Farley||||||||"SARS-CoV-2 (COVID-19)"|PCR|94500-6|"SARS-CoV-2 RNA Resp Ql NAA+probe"|"Nasopharyngeal swab"|258500001|04/02/2022|Negative|260385009
89|4244|10D2214779||Derose|Thomas||05/07/1967||"7116 colony club dr"|Lakeworth|FL|33463||Male|6094251651|"No Response"|1||0|0|0|0||0|Derose||||||||"SARS-CoV-2 (COVID-19)"|PCR|94500-6|"SARS-CoV-2 RNA Resp Ql NAA+probe"|"Nasopharyngeal swab"|258500001|04/02/2022|Negative|260385009
90|4244|10D2214779||Cecchettini|Luigi||06/06/1984||Unknown|Unknown|FL|99999||Male|4073611250|"No Response"|1||0|0|0|0||0|Cecchettini||||||||"SARS-CoV-2 (COVID-19)"|Antigen|97097-0|"SARS-CoV-2 Ag Upper resp Ql IA.rapid"|"Nasopharyngeal swab"|258500001|04/02/2022|Negative|260385009
91|4244|10D2214779||Verga|Bianca||04/14/1985||Unknown|Unknown|FL|99999||Female|4073611250|"No Response"|1||0|0|0|0||0|Verga||||||||"SARS-CoV-2 (COVID-19)"|Antigen|97097-0|"SARS-CoV-2 Ag Upper resp Ql IA.rapid"|"Nasopharyngeal swab"|258500001|04/02/2022|Negative|260385009
92|4244|10D2214779||PURSER|Alan||05/04/1975||"12360 Hepler Ridge Ct"|"Glen Allen"|FL|23059||Male|8046406006|"No Response"|1||0|0|0|0||0|PURSER||||||||"SARS-CoV-2 (COVID-19)"|Antigen|97097-0|"SARS-CoV-2 Ag Upper resp Ql IA.rapid"|"Nasopharyngeal swab"|258500001|04/02/2022|Negative|260385009
93|4244|10D2214779||PURSER|Alan||05/04/1975||"12360 Hepler Ridge Ct"|"Glen Allen"|FL|23059||Male|8046406006|"No Response"|1||0|0|0|0||0|PURSER||||||||"SARS-CoV-2 (COVID-19)"|Antigen|97097-0|"SARS-CoV-2 Ag Upper resp Ql IA.rapid"|"Nasopharyngeal swab"|258500001|04/02/2022|Negative|260385009
94|4244|10D2214779||PURSER|Alan||05/04/1975||"12360 Hepler Ridge Ct"|"Glen Allen"|FL|23059||Male|8046406006|"No Response"|1||0|0|0|0||0|PURSER||||||||"SARS-CoV-2 (COVID-19)"|Antigen|97097-0|"SARS-CoV-2 Ag Upper resp Ql IA.rapid"|"Nasopharyngeal swab"|258500001|04/02/2022|Negative|260385009
95|4244|10D2214779||Purser|"Mi Young"||12/27/1974||"12360 Hepler Ridge Ct"|"Glen Allen"|FL|23059||Female|8046406006|"No Response"|0||0|1|0|0||0|Purser||||||||"SARS-CoV-2 (COVID-19)"|Antigen|97097-0|"SARS-CoV-2 Ag Upper resp Ql IA.rapid"|"Nasopharyngeal swab"|258500001|04/02/2022|Negative|260385009
96|4244|10D2214779||Purser|"Mi Young"||12/27/1974||"12360 Hepler Ridge Ct"|"Glen Allen"|FL|23059||Female|8046406006|"No Response"|0||0|1|0|0||0|Purser||||||||"SARS-CoV-2 (COVID-19)"|Antigen|97097-0|"SARS-CoV-2 Ag Upper resp Ql IA.rapid"|"Nasopharyngeal swab"|258500001|04/02/2022|Negative|260385009
97|4244|10D2214779||Purser|Shelly||03/10/2008||"12360 Hepler Ridge Ct"|"Glen Allen"|FL|23059||Female|8046406006|"No Response"|1||0|0|0|0||0|Purser||||||||"SARS-CoV-2 (COVID-19)"|Antigen|97097-0|"SARS-CoV-2 Ag Upper resp Ql IA.rapid"|"Nasopharyngeal swab"|258500001|04/02/2022|Negative|260385009
98|4244|10D2214779||Purser|Shelly||03/10/2008||"12360 Hepler Ridge Ct"|"Glen Allen"|FL|23059||Female|8046406006|"No Response"|1||0|0|0|0||0|Purser||||||||"SARS-CoV-2 (COVID-19)"|Antigen|97097-0|"SARS-CoV-2 Ag Upper resp Ql IA.rapid"|"Nasopharyngeal swab"|258500001|04/02/2022|Negative|260385009
99|4244|10D2214779||Heltibridle|Chela||11/20/1992||"2341 Old Whites Mill Rd."|Sumter|FL|29153||Female|8163853326|"No Response"|1||0|0|0|0||0|Heltibridle||||||||"SARS-CoV-2 (COVID-19)"|Antigen|97097-0|"SARS-CoV-2 Ag Upper resp Ql IA.rapid"|"Nasopharyngeal swab"|258500001|04/02/2022|Negative|260385009
100|4244|10D2214779||Kretzer|Deshon||12/01/1993||"2341 Old Whites Mill Rd."|Sumter|FL|29153||Male|8163853326|"No Response"|1||0|0|0|0||0|Kretzer||||||||"SARS-CoV-2 (COVID-19)"|Antigen|97097-0|"SARS-CoV-2 Ag Upper resp Ql IA.rapid"|"Nasopharyngeal swab"|258500001|04/02/2022|Negative|260385009
101|4244|10D2214779||Heidinger|Kenneth||06/19/1972||"445 Gazetta Way"|"West Palm Beach"|FL|33413||Male|9547165357|"No Response"|1||0|0|0|0||0|Heidinger||||||||"SARS-CoV-2 (COVID-19)"|Antigen|97097-0|"SARS-CoV-2 Ag Upper resp Ql IA.rapid"|"Nasopharyngeal swab"|258500001|04/02/2022|Negative|260385009
102|4244|10D2214779||Brillinger|Rodrigo||09/06/1983||"6231 International Drive  Orlando, FL 32819"|Florianopolis|FL|88030||Male|9999999999|"No Response"|1||0|0|0|0||0|Brillinger||||||||"SARS-CoV-2 (COVID-19)"|Antigen|97097-0|"SARS-CoV-2 Ag Upper resp Ql IA.rapid"|"Nasopharyngeal swab"|258500001|04/02/2022|Negative|260385009
103|4244|10D2214779||Brillinger|Bruna||03/18/1983||"6231 International Drive  Orlando, FL 32819"|Florianopolis|FL|88030||Female|9999999999|"No Response"|1||0|0|0|0||0|Brillinger||||||||"SARS-CoV-2 (COVID-19)"|Antigen|97097-0|"SARS-CoV-2 Ag Upper resp Ql IA.rapid"|"Nasopharyngeal swab"|258500001|04/02/2022|Negative|260385009
104|4244|10D2214779||Brillinger|Bruna||03/18/1983||"6231 International Drive  Orlando, FL 32819"|Florianopolis|FL|88030||Female|9999999999|"No Response"|1||0|0|0|0||0|Brillinger||||||||"SARS-CoV-2 (COVID-19)"|Antigen|97097-0|"SARS-CoV-2 Ag Upper resp Ql IA.rapid"|"Nasopharyngeal swab"|258500001|04/02/2022|Negative|260385009
105|4244|10D2214779||Brillinger|"Maria Luiza"||03/04/2011||"6231 International Drive  Orlando, FL 32819"|Florianopolis|FL|88030||Female|9999999999|"No Response"|1||0|0|0|0||0|Brillinger||||||||"SARS-CoV-2 (COVID-19)"|Antigen|97097-0|"SARS-CoV-2 Ag Upper resp Ql IA.rapid"|"Nasopharyngeal swab"|258500001|04/02/2022|Negative|260385009
106|4244|10D2214779||Brillinger|"Maria Luiza"||03/04/2011||"6231 International Drive  Orlando, FL 32819"|Florianopolis|FL|88030||Female|9999999999|"No Response"|1||0|0|0|0||0|Brillinger||||||||"SARS-CoV-2 (COVID-19)"|Antigen|97097-0|"SARS-CoV-2 Ag Upper resp Ql IA.rapid"|"Nasopharyngeal swab"|258500001|04/02/2022|Negative|260385009
107|4244|10D2214779||Sun|Wen||01/16/1965||"3550 Ocean Blvd Unit 5D"|"Palm Beach"|FL|33480||Female|6094391063|"No Response"|0||0|1|0|0||0|Sun||||||||"SARS-CoV-2 (COVID-19)"|Antigen|97097-0|"SARS-CoV-2 Ag Upper resp Ql IA.rapid"|"Nasopharyngeal swab"|258500001|04/02/2022|Negative|260385009
108|4244|10D2214779||Sun|Wen||01/16/1965||"3550 Ocean Blvd Unit 5D"|"Palm Beach"|FL|33480||Female|6094391063|"No Response"|0||0|1|0|0||0|Sun||||||||"SARS-CoV-2 (COVID-19)"|Antigen|97097-0|"SARS-CoV-2 Ag Upper resp Ql IA.rapid"|"Nasopharyngeal swab"|258500001|04/02/2022|Negative|260385009
109|4244|10D2214779||"Alliende Wielandt"|"Alvaro Javier"||01/01/1970||"804 N Federal Hwy"|"Lake Park"|FL|33403||Male|9999999999|"No Response"|0||0|0|0|1||0|"Alliende Wielandt"||||||||"SARS-CoV-2 (COVID-19)"|PCR|94500-6|"SARS-CoV-2 RNA Resp Ql NAA+probe"|"Nasopharyngeal swab"|258500001|04/02/2022|Negative|260385009
110|4244|10D2214779||"Ronco Sartori"|Valentina||01/01/1970||"804 N Federal Hwy"|"Lake Park"|FL|33403||Female|9999999999|"No Response"|0||0|0|0|1||0|"Ronco Sartori"||||||||"SARS-CoV-2 (COVID-19)"|PCR|94500-6|"SARS-CoV-2 RNA Resp Ql NAA+probe"|"Nasopharyngeal swab"|258500001|04/02/2022|Negative|260385009
111|4244|10D2214779||Parker|Martin||05/17/1953||"400 Gulf Stream Way"|"Fort Lauderdale"|FL|03304||Male|9999999999|"No Response"|1||0|0|0|0||0|Parker||||||||"SARS-CoV-2 (COVID-19)"|Antigen|97097-0|"SARS-CoV-2 Ag Upper resp Ql IA.rapid"|"Nasopharyngeal swab"|258500001|04/02/2022|Negative|260385009
112|4244|10D2214779||Gagnon|Richard||11/09/1961||"4506 s ocean blvd"|Highlandbeach|FL|33487||Male|7863962445|"No Response"|1||0|0|0|0||0|Gagnon||||||||"SARS-CoV-2 (COVID-19)"|PCR|94500-6|"SARS-CoV-2 RNA Resp Ql NAA+probe"|"Nasopharyngeal swab"|258500001|04/02/2022|Negative|260385009
113|4244|10D2214779||Parker|Diana||09/02/1956||"400 Gulf Stream Way"|"Fort Lauderdale"|FL|03304||Female|9999999999|"No Response"|1||0|0|0|0||0|Parker||||||||"SARS-CoV-2 (COVID-19)"|Antigen|97097-0|"SARS-CoV-2 Ag Upper resp Ql IA.rapid"|"Nasopharyngeal swab"|258500001|04/02/2022|Negative|260385009
114|4244|10D2214779||Cooke|shelly||10/24/1962||"17718 sw 36st"|miramar|FL|33029||Female|7863962445|"No Response"|0||0|0|0|0||0|Cooke||||||||"SARS-CoV-2 (COVID-19)"|Antigen|97097-0|"SARS-CoV-2 Ag Upper resp Ql IA.rapid"|"Nasopharyngeal swab"|258500001|04/02/2022|Negative|260385009
115|4244|10D2214779||Cooke|Shelly||10/24/1962||"17718 sw 36st"|miramar|FL|33029||Female|7863962445|"No Response"|0||0|0|0|0||0|Cooke||||||||"SARS-CoV-2 (COVID-19)"|Antigen|97097-0|"SARS-CoV-2 Ag Upper resp Ql IA.rapid"|"Nasopharyngeal swab"|258500001|04/02/2022|Negative|260385009
116|4244|10D2214779||Gauthier|"Marie Valérie-Ann"||02/05/1978||"14050 me 3rd cr"|Miami|FL|33161||Female|9548319230|"No Response"|0||0|0|0|0||0|Gauthier||||||||"SARS-CoV-2 (COVID-19)"|Antigen|97097-0|"SARS-CoV-2 Ag Upper resp Ql IA.rapid"|"Nasopharyngeal swab"|258500001|04/02/2022|Negative|260385009
117|4244|10D2214779||Caruso|"Helen Catherine"||08/25/1962||"4755 NW 2nd St Apt B"|"Delray Beach"|FL|33445||Female|9176740187|"No Response"|1||0|0|0|0||0|Caruso||||||||"SARS-CoV-2 (COVID-19)"|Antigen|97097-0|"SARS-CoV-2 Ag Upper resp Ql IA.rapid"|"Nasopharyngeal swab"|258500001|04/02/2022|Negative|260385009
118|4244|10D2214779||Caruso|Pietro||10/21/1960||"4755 NW 2nd St Apt B"|"Delray Beach"|FL|33445||Male|5168513780|"No Response"|1||0|0|0|0||0|Caruso||||||||"SARS-CoV-2 (COVID-19)"|Antigen|97097-0|"SARS-CoV-2 Ag Upper resp Ql IA.rapid"|"Nasopharyngeal swab"|258500001|04/02/2022|Negative|260385009
119|4244|10D2214779||"Jefferson Bulgin"|Cindy||01/01/1970||"3069 Hamblin Way"|Wellington|FL|33414||Female|3459165985|"No Response"|0||0|0|0|1||0|"Jefferson Bulgin"||||||||"SARS-CoV-2 (COVID-19)"|Antigen|97097-0|"SARS-CoV-2 Ag Upper resp Ql IA.rapid"|"Nasopharyngeal swab"|258500001|04/02/2022|Negative|260385009
120|4244|10D2214779||"Hassim rankin"|"Zaheda khan"||12/14/1962||"3069 hamblinway"|Wellinton|FL|33414||Female|5616954276|"No Response"|0||0|0|0|1||0|"Hassim rankin"||||||||"SARS-CoV-2 (COVID-19)"|Antigen|97097-0|"SARS-CoV-2 Ag Upper resp Ql IA.rapid"|"Nasopharyngeal swab"|258500001|04/02/2022|Negative|260385009
121|4244|10D2214779||Bulgin|"Sami Lynne"||01/01/1970||"3069 Hamblin Way"|Wellington|FL|33414||Female|3459232762|"No Response"|0||0|0|0|1||0|Bulgin||||||||"SARS-CoV-2 (COVID-19)"|Antigen|97097-0|"SARS-CoV-2 Ag Upper resp Ql IA.rapid"|"Nasopharyngeal swab"|258500001|04/02/2022|Negative|260385009
122|4244|10D2214779||Lynch|Shaun||10/28/1979||Unknown|Unknown|FL|99999||Male|18683845740|"No Response"|0||0|0|0|0||0|Lynch||||||||"SARS-CoV-2 (COVID-19)"|Antigen|97097-0|"SARS-CoV-2 Ag Upper resp Ql IA.rapid"|"Nasopharyngeal swab"|258500001|04/02/2022|Negative|260385009
123|4244|10D2214779||Rankin|"Isha sufiya"||01/05/2004||"3069 hamblinway"|Wellinton|FL|33414||Female|5616954276|"No Response"|0||0|0|0|1||0|Rankin||||||||"SARS-CoV-2 (COVID-19)"|Antigen|97097-0|"SARS-CoV-2 Ag Upper resp Ql IA.rapid"|"Nasopharyngeal swab"|258500001|04/02/2022|Negative|260385009
124|4244|10D2214779||Marchan|Quinta||02/23/1986||Unknown|Unknown|FL|99999||Female|18683845740|"No Response"|0||0|0|0|0||0|Marchan||||||||"SARS-CoV-2 (COVID-19)"|Antigen|97097-0|"SARS-CoV-2 Ag Upper resp Ql IA.rapid"|"Nasopharyngeal swab"|258500001|04/02/2022|Negative|260385009
125|4244|10D2214779||Galey|Eric||08/27/1970||"514 Americas Way PMB 14214"|"Box Elder"|FL|57719||Male|9372163168|"No Response"|1||0|0|0|0||0|Galey||||||||"SARS-CoV-2 (COVID-19)"|Antigen|97097-0|"SARS-CoV-2 Ag Upper resp Ql IA.rapid"|"Nasopharyngeal swab"|258500001|04/02/2022|Negative|260385009
126|4244|10D2214779||Galey|Kristyn||07/22/1981||"514 Americas Way PMB 14214"|"Box Elder"|FL|57719||Female|3054074566|"No Response"|1||0|0|0|0||0|Galey||||||||"SARS-CoV-2 (COVID-19)"|Antigen|97097-0|"SARS-CoV-2 Ag Upper resp Ql IA.rapid"|"Nasopharyngeal swab"|258500001|04/02/2022|Negative|260385009
127|4244|10D2214779||Gonçalves|Susana||09/07/1982||Unknown|"Sao paulo"|FL|34240||Female|12033087384|"No Response"|1||0|0|0|0||0|Gonçalves||||||||"SARS-CoV-2 (COVID-19)"|Antigen|97097-0|"SARS-CoV-2 Ag Upper resp Ql IA.rapid"|"Nasopharyngeal swab"|258500001|04/02/2022|Negative|260385009
128|4244|10D2214779||Tanaka|Marcio||01/31/1980||Unknown|"Sao paulo"|FL|34240||Male|12033087384|"No Response"|0||0|1|0|0||0|Tanaka||||||||"SARS-CoV-2 (COVID-19)"|Antigen|97097-0|"SARS-CoV-2 Ag Upper resp Ql IA.rapid"|"Nasopharyngeal swab"|258500001|04/02/2022|Negative|260385009
129|4244|10D2214779||Xavier|Hudson||06/05/1964||"10622 Boca Entrada Blvd"|"Boca Raton"|FL|33428||Male|5619698599|"No Response"|1||0|0|0|0||0|Xavier||||||||"SARS-CoV-2 (COVID-19)"|Antigen|97097-0|"SARS-CoV-2 Ag Upper resp Ql IA.rapid"|"Nasopharyngeal swab"|258500001|04/02/2022|Negative|260385009
130|4244|10D2214779||Meyer|David||12/18/1965||"27 Kennerly Manor Drive"|"Sunset Hills"|FL|63128||Male|3146166405|"No Response"|1||0|0|0|0||0|Meyer||||||||"SARS-CoV-2 (COVID-19)"|Antigen|97097-0|"SARS-CoV-2 Ag Upper resp Ql IA.rapid"|"Nasopharyngeal swab"|258500001|04/02/2022|Negative|260385009
131|4244|10D2214779||Meyer|David||12/18/1965||"27 Kennerly Manor Drive"|"Sunset Hills"|FL|63128||Male|3146166405|"No Response"|1||0|0|0|0||0|Meyer||||||||"SARS-CoV-2 (COVID-19)"|Antigen|97097-0|"SARS-CoV-2 Ag Upper resp Ql IA.rapid"|"Nasopharyngeal swab"|258500001|04/02/2022|Negative|260385009
132|4244|10D2214779||Glasgow|Amaris||07/19/1988||"358 Cidermill Pl"|"Lake Mary"|FL|32746||Female|8508329961|"No Response"|0||0|0|0|0||0|Glasgow||||||||"SARS-CoV-2 (COVID-19)"|Antigen|97097-0|"SARS-CoV-2 Ag Upper resp Ql IA.rapid"|"Nasopharyngeal swab"|258500001|04/02/2022|Negative|260385009
133|4244|10D2214779||Innocent|"Joseph Pierre"||06/08/1956||"107 Huron Pl"|WPB|FL|33409||Male|5615023421|"No Response"|0||0|0|0|0||0|Innocent||||||||"SARS-CoV-2 (COVID-19)"|Antigen|97097-0|"SARS-CoV-2 Ag Upper resp Ql IA.rapid"|"Nasopharyngeal swab"|258500001|04/02/2022|Negative|260385009
134|4244|10D2214779||Hooverson|"David Adolph"||06/16/1949||Unknown|Unknown|FL|99999||Male|6088813894|"No Response"|0||0|0|0|0||1|Hooverson||||||||"SARS-CoV-2 (COVID-19)"|Antigen|97097-0|"SARS-CoV-2 Ag Upper resp Ql IA.rapid"|"Nasopharyngeal swab"|258500001|04/02/2022|Negative|260385009
135|4244|10D2214779||Hooverson|Cathryn||03/16/1953||Unknown|Unknown|FL|99999||Female|6088813894|"No Response"|1||0|0|0|0||0|Hooverson||||||||"SARS-CoV-2 (COVID-19)"|Antigen|97097-0|"SARS-CoV-2 Ag Upper resp Ql IA.rapid"|"Nasopharyngeal swab"|258500001|04/02/2022|Negative|260385009
136|4244|10D2214779||"Hernandez Quintana"|Christian||10/14/2001||"123500 39th St N"|WPB|FL|33411||Male|5617209224|"No Response"|0||0|0|0|0||0|"Hernandez Quintana"||||||||"SARS-CoV-2 (COVID-19)"|Antigen|97097-0|"SARS-CoV-2 Ag Upper resp Ql IA.rapid"|"Nasopharyngeal swab"|258500001|04/02/2022|Negative|260385009
137|4244|10D2214779||Penn|Kaseem||03/10/1979||"2455 West Serene Avenue"|"Las Vegas"|FL|89123||Male|7863962445|"No Response"|0||0|0|0|0||0|Penn||||||||"SARS-CoV-2 (COVID-19)"|PCR|94500-6|"SARS-CoV-2 RNA Resp Ql NAA+probe"|"Nasopharyngeal swab"|258500001|04/02/2022|Negative|260385009
138|4244|10D2214779||Almario|Romualdo||07/31/1976||"1338 North Lakeway, APT E"|PB|FL|33480||Male|9545982640|"No Response"|0||0|1|0|0||0|Almario||||||||"SARS-CoV-2 (COVID-19)"|Antigen|97097-0|"SARS-CoV-2 Ag Upper resp Ql IA.rapid"|"Nasopharyngeal swab"|258500001|04/02/2022|Negative|260385009
139|4244|10D2214779||Nerves|Glenn||06/20/1965||"1338 North Lakeway, Shellfish Club Master"|PB|FL|33480||Male|5612980824|"No Response"|0||0|1|0|0||0|Nerves||||||||"SARS-CoV-2 (COVID-19)"|Antigen|97097-0|"SARS-CoV-2 Ag Upper resp Ql IA.rapid"|"Nasopharyngeal swab"|258500001|04/02/2022|Negative|260385009
140|4244|10D2214779||Rage|Vanessa||06/28/1959||"1819 79th Street Causeway"|Miami|FL|99999||Female|31984775092|"No Response"|1||0|0|0|0||0|Rage||||||||"SARS-CoV-2 (COVID-19)"|Antigen|97097-0|"SARS-CoV-2 Ag Upper resp Ql IA.rapid"|"Nasopharyngeal swab"|258500001|04/02/2022|Negative|260385009
141|4244|10D2214779||Raheel|Zeeshan||12/18/1984||"804 N Federal Hwy"|"Lake Park"|FL|33403||Male|6476676460|"No Response"|0||0|0|0|1||0|Raheel||||||||"SARS-CoV-2 (COVID-19)"|PCR|94500-6|"SARS-CoV-2 RNA Resp Ql NAA+probe"|"Nasopharyngeal swab"|258500001|04/02/2022|Negative|260385009
142|4244|10D2214779||Zacharias|Paulo||06/29/1959||Unknown|Unknown|FL|99999||Male|31984640275|"No Response"|1||0|0|0|0||0|Zacharias||||||||"SARS-CoV-2 (COVID-19)"|Antigen|97097-0|"SARS-CoV-2 Ag Upper resp Ql IA.rapid"|"Nasopharyngeal swab"|258500001|04/02/2022|Negative|260385009
143|4244|10D2214779||Rodney|Andre||08/21/1977||"6637 Schooner Terrace"|Margate|FL|33063||Male|9542631004|"No Response"|0||0|0|0|0||0|Rodney||||||||"SARS-CoV-2 (COVID-19)"|Antigen|97097-0|"SARS-CoV-2 Ag Upper resp Ql IA.rapid"|"Nasopharyngeal swab"|258500001|04/02/2022|Negative|260385009
144|4244|10D2214779||Gourdet|Claude||05/24/1988||"1675 NW 4th Ave apt 408"|"Boca Raton"|FL|33432||Male|5613768088|"No Response"|0||0|0|0|0||0|Gourdet||||||||"SARS-CoV-2 (COVID-19)"|Antigen|97097-0|"SARS-CoV-2 Ag Upper resp Ql IA.rapid"|"Nasopharyngeal swab"|258500001|04/02/2022|Negative|260385009
145|4244|10D2214779||Melvin|John||05/06/1955||"360 W Massachusetts St"|Hernando|FL|34442||Male|3867470953|"No Response"|1||0|0|0|0||0|Melvin||||||||"SARS-CoV-2 (COVID-19)"|PCR|94500-6|"SARS-CoV-2 RNA Resp Ql NAA+probe"|"Nasopharyngeal swab"|258500001|04/02/2022|Negative|260385009
146|4244|10D2214779||Olsen|Jon||12/12/1974||Unknown|Unknown|FL|99999||Male|7863962445|"No Response"|0||0|0|0|0||1|Olsen||||||||"SARS-CoV-2 (COVID-19)"|Antigen|97097-0|"SARS-CoV-2 Ag Upper resp Ql IA.rapid"|"Nasopharyngeal swab"|258500001|04/02/2022|Negative|260385009
147|4244|10D2214779||Albury|Charles||05/24/1967||"2000 NORTH CONGRESS"|"WEST PALM BEACH"|FL|33409||Male|2423576894|"No Response"|1||0|0|0|0||0|Albury||||||||"SARS-CoV-2 (COVID-19)"|Antigen|97097-0|"SARS-CoV-2 Ag Upper resp Ql IA.rapid"|"Nasopharyngeal swab"|258500001|04/02/2022|Negative|260385009
148|4244|10D2214779||PINDER|SUE-ANNE||06/09/1977||"2000 NORTH CONGRESS"|"WEST PALM BEACH"|FL|33409||Female|2425776866|"No Response"|1||0|0|0|0||0|PINDER||||||||"SARS-CoV-2 (COVID-19)"|Antigen|97097-0|"SARS-CoV-2 Ag Upper resp Ql IA.rapid"|"Nasopharyngeal swab"|258500001|04/02/2022|Negative|260385009
149|4244|10D2214779||"KELTKE MAGALHÃES"|HENRIQUE||03/16/1986||"5200 N Ocean BLVD"|"Fort Lauderdale"|FL|33308||Male|9999999999|"No Response"|0||0|0|0|0||0|"KELTKE MAGALHÃES"||||||||"SARS-CoV-2 (COVID-19)"|Antigen|97097-0|"SARS-CoV-2 Ag Upper resp Ql IA.rapid"|"Nasopharyngeal swab"|258500001|04/02/2022|Negative|260385009
150|4244|10D2214779||Olijarczyk|Sophia||03/10/2010||"5 Hamden heights qt"|"New City"|FL|10956||Female|8458935757|"No Response"|1||0|0|0|0||0|Olijarczyk||||||||"SARS-CoV-2 (COVID-19)"|Antigen|97097-0|"SARS-CoV-2 Ag Upper resp Ql IA.rapid"|"Nasopharyngeal swab"|258500001|04/02/2022|Negative|260385009
151|4244|10D2214779||Johnson|"Johna Till"||12/10/1964||"13370 Joy Rd"|"Lusby Md"|FL|20657||Female|9179911468|"No Response"|1||0|0|0|0||0|Johnson||||||||"SARS-CoV-2 (COVID-19)"|Antigen|97097-0|"SARS-CoV-2 Ag Upper resp Ql IA.rapid"|"Nasopharyngeal swab"|258500001|04/02/2022|Negative|260385009
152|4244|10D2214779||STURRUP|ANGELICA||11/16/1987||Unknown|Unknown|FL|99999||Female|12424240650|"No Response"|0||0|0|0|1||0|STURRUP||||||||"SARS-CoV-2 (COVID-19)"|Antigen|97097-0|"SARS-CoV-2 Ag Upper resp Ql IA.rapid"|"Nasopharyngeal swab"|258500001|04/02/2022|Negative|260385009
153|4244|10D2214779||"COOPER JR"|LEON||11/07/2009||Unknown|Unknown|FL|99999||Female|12424240650|"No Response"|0||0|0|0|1||0|"COOPER JR"||||||||"SARS-CoV-2 (COVID-19)"|Antigen|97097-0|"SARS-CoV-2 Ag Upper resp Ql IA.rapid"|"Nasopharyngeal swab"|258500001|04/02/2022|Negative|260385009
154|4244|10D2214779||"Costa de Oliveira Filho"|Sinesio||01/24/1977||"3008 45th St"|Astoria|FL|11103||Male|7189742580|"No Response"|1||0|0|0|0||0|"Costa de Oliveira Filho"||||||||"SARS-CoV-2 (COVID-19)"|Antigen|97097-0|"SARS-CoV-2 Ag Upper resp Ql IA.rapid"|"Nasopharyngeal swab"|258500001|04/02/2022|Negative|260385009
155|4244|10D2214779||"Silva Chaves de Oliveira"|Barbara||01/01/1970||"3008 45th St"|Astoria|FL|11104||Female|7189742580|"No Response"|1||0|0|0|0||0|"Silva Chaves de Oliveira"||||||||"SARS-CoV-2 (COVID-19)"|Antigen|97097-0|"SARS-CoV-2 Ag Upper resp Ql IA.rapid"|"Nasopharyngeal swab"|258500001|04/02/2022|Negative|260385009
156|4244|10D2214779||"de Araujo Filho"|Natanael||11/10/1992||Unknown|Unknown|FL|99999||Male|7863962445|"No Response"|0||0|0|0|0||0|"de Araujo Filho"||||||||"SARS-CoV-2 (COVID-19)"|Antigen|97097-0|"SARS-CoV-2 Ag Upper resp Ql IA.rapid"|"Nasopharyngeal swab"|258500001|04/02/2022|Negative|260385009
157|4244|10D2214779||"Euflausino de Araujo"|"Elisabete de Fatima"||11/04/1967||Unknown|Unknown|FL|99999||Female|7863962445|"No Response"|0||0|0|0|0||0|"Euflausino de Araujo"||||||||"SARS-CoV-2 (COVID-19)"|Antigen|97097-0|"SARS-CoV-2 Ag Upper resp Ql IA.rapid"|"Nasopharyngeal swab"|258500001|04/02/2022|Negative|260385009
158|4244|10D2214779||Costa|Amanda||08/22/1986||"85 Winter ridge circle"|Orlando|FL|32835||Female|9999999999|"No Response"|0||0|0|0|1||0|Costa||||||||"SARS-CoV-2 (COVID-19)"|Antigen|97097-0|"SARS-CoV-2 Ag Upper resp Ql IA.rapid"|"Nasopharyngeal swab"|258500001|04/02/2022|Negative|260385009
159|4244|10D2214779||Griggs|Louellen||12/19/1946||"2 Castle Lane"|Basalt|FL|81621||Female|9703791364|"No Response"|1||0|0|0|0||0|Griggs||||||||"SARS-CoV-2 (COVID-19)"|Antigen|97097-0|"SARS-CoV-2 Ag Upper resp Ql IA.rapid"|"Nasopharyngeal swab"|258500001|04/02/2022|Negative|260385009
160|4244|10D2214779||BROSS|SHARON||10/04/1943||"8202 Quail Meadow Trace"|"West Palm Beach"|FL|33412||Female|5613298150|"No Response"|1||0|0|0|0||0|BROSS||||||||"SARS-CoV-2 (COVID-19)"|Antigen|97097-0|"SARS-CoV-2 Ag Upper resp Ql IA.rapid"|"Nasopharyngeal swab"|258500001|04/02/2022|Negative|260385009
161|4244|10D2214779||Weiss|Gregory||02/18/1964||"1323 Dingens Ave"|Windermere|FL|34786||Male|4077187226|"No Response"|1||0|0|0|0||0|Weiss||||||||"SARS-CoV-2 (COVID-19)"|Antigen|97097-0|"SARS-CoV-2 Ag Upper resp Ql IA.rapid"|"Nasopharyngeal swab"|258500001|04/02/2022|Negative|260385009
162|4244|10D2214779||Adames|Leonardo||06/26/1959||"1504 Bay Road #3204"|"Miami Beach"|FL|33139||Male|7869992846|"No Response"|0||0|0|0|0||0|Adames||||||||"SARS-CoV-2 (COVID-19)"|Antigen|97097-0|"SARS-CoV-2 Ag Upper resp Ql IA.rapid"|"Nasopharyngeal swab"|258500001|04/02/2022|Negative|260385009
163|4244|10D2214779||PINDER|SUE-ANNE||06/09/1977||"990 Old Dixie Highway, FA# 169"|"Lake Park"|FL|33403||Female|2425776866|"No Response"|1||0|0|0|0||0|PINDER||||||||"SARS-CoV-2 (COVID-19)"|Antigen|97097-0|"SARS-CoV-2 Ag Upper resp Ql IA.rapid"|"Nasopharyngeal swab"|258500001|04/02/2022|Negative|260385009
164|4244|10D2214779||Albury|Charles||05/24/1967||"2000 North congress"|"West palm beach"|FL|33409||Male|2423576894|"No Response"|1||0|0|0|0||0|Albury||||||||"SARS-CoV-2 (COVID-19)"|Antigen|97097-0|"SARS-CoV-2 Ag Upper resp Ql IA.rapid"|"Nasopharyngeal swab"|258500001|04/02/2022|Negative|260385009
165|4244|10D2214779||Almario|Romualdo||07/31/1976||"M/Y Azucar, Sailfish Club Dock Master, 1338 N Lake Way"|"Palm Beach"|FL|33480||Male|9545982640|"No Response"|0||0|1|0|0||0|Almario||||||||"SARS-CoV-2 (COVID-19)"|Antigen|97097-0|"SARS-CoV-2 Ag Upper resp Ql IA.rapid"|"Nasopharyngeal swab"|258500001|04/02/2022|Negative|260385009
166|4244|10D2214779||Farley|Edward||11/25/1976||"757 se 17 th"|"Ft Lauderdale"|FL|34416||Male|9999999999|"No Response"|1||0|0|0|0||0|Farley||||||||"SARS-CoV-2 (COVID-19)"|PCR|94500-6|"SARS-CoV-2 RNA Resp Ql NAA+probe"|"Nasopharyngeal swab"|258500001|04/02/2022|Negative|260385009
167|4244|10D2214779||Albury|Charles||05/24/1967||"2000 North Congress Ave, Lot 12"|"West Palm Beach"|FL|33409||Male|2423576894|"No Response"|1||0|0|0|0||0|Albury||||||||"SARS-CoV-2 (COVID-19)"|Antigen|97097-0|"SARS-CoV-2 Ag Upper resp Ql IA.rapid"|"Nasopharyngeal swab"|258500001|04/02/2022|Negative|260385009
168|4244|10D2214779||Adames|Leonardo||06/26/1959||"1504 Bay Road, Apt 3204"|"Miami Beach"|FL|33139||Male|7869992846|"No Response"|0||0|0|0|0||0|Adames||||||||"SARS-CoV-2 (COVID-19)"|Antigen|97097-0|"SARS-CoV-2 Ag Upper resp Ql IA.rapid"|"Nasopharyngeal swab"|258500001|04/02/2022|Negative|260385009
169|4244|10D2214779||Wallace|Dwain||01/26/1966||"2905 Sheridan St"|Hollywood|FL|33334||Male|2424226779|"No Response"|0||0|0|0|0||0|Wallace||||||||"SARS-CoV-2 (COVID-19)"|Antigen|97097-0|"SARS-CoV-2 Ag Upper resp Ql IA.rapid"|"Nasopharyngeal swab"|258500001|04/02/2022|Negative|260385009
170|4244|10D2214779||Derose|Thomas||05/07/1967||"7116 Colony Club Drive"|"Lake Worth"|FL|33463||Male|6094251651|"No Response"|1||0|0|0|0||0|Derose||||||||"SARS-CoV-2 (COVID-19)"|PCR|94500-6|"SARS-CoV-2 RNA Resp Ql NAA+probe"|"Nasopharyngeal swab"|258500001|04/02/2022|Negative|260385009
171|4244|10D2214779||PINDER|SUE-ANNE||06/09/1977||"2000 north congress"|"West Palm beach"|FL|33409||Female|2425776866|"No Response"|1||0|0|0|0||0|PINDER||||||||"SARS-CoV-2 (COVID-19)"|Antigen|97097-0|"SARS-CoV-2 Ag Upper resp Ql IA.rapid"|"Nasopharyngeal swab"|258500001|04/02/2022|Negative|260385009
