RecordID|FacilityID|CLIAID|PatientID|LastName|FirstName|MiddleName|DOB|SSN|StreetAddress|City|State|Zip|County|Gender|PhoneNumber|Ethnicity|RaceWhite|RaceBlack|RaceAmericanIndianAlaskanNative|RaceAsian|RaceNativeHawaiianOrOtherPacificIslander|RaceOther|RaceUnknown|RaceNoResponse|ProviderName|NPI|Pregnant|SchoolAssociation|SchoolName|MeetILIDefinition|PerformingLab|AccessionNumber|Pathogen|TestType|LOINC|LOINCShortName|SpecimenCollectionType|SpecimenSNOMED|SpecimenCollectedDate|Result|ResultSNOMED
1|4244|10D2214779||Reid|Charlene||09/22/1976||"90 sw 18th ave"|"Dania beach"|FL|33004||Female|2427273279|"No Response"|0||0|0|0|0||0|Reid||||||||"SARS-CoV-2 (COVID-19)"|Antigen|97097-0|"SARS-CoV-2 Ag Upper resp Ql IA.rapid"|"Nasopharyngeal swab"|258500001|04/11/2022|Negative|260385009
2|4244|10D2214779||Shahi|Dennis||02/13/1988||"4307 Brewster lane"|"West palm beach"|FL|33417||Male|5616660708|"No Response"|0||0|1|0|0||0|Shahi||||||||"SARS-CoV-2 (COVID-19)"|Antigen|97097-0|"SARS-CoV-2 Ag Upper resp Ql IA.rapid"|"Nasopharyngeal swab"|258500001|04/11/2022|Negative|260385009
3|4244|10D2214779||"Chhetri Shahi"|Ranjita||06/01/1990||"4307 Brewster lane"|"West palm beach"|FL|33417||Female|5616660708|"No Response"|0||0|1|0|0||0|"Chhetri Shahi"||||||||"SARS-CoV-2 (COVID-19)"|Antigen|97097-0|"SARS-CoV-2 Ag Upper resp Ql IA.rapid"|"Nasopharyngeal swab"|258500001|04/11/2022|Negative|260385009
4|4244|10D2214779||Sirju|Varoon||12/31/1981||"6321 domenico ct"|Groveland|FL|34736||Male|6122395869|"No Response"|0||0|0|0|1||0|Sirju||||||||"SARS-CoV-2 (COVID-19)"|Antigen|97097-0|"SARS-CoV-2 Ag Upper resp Ql IA.rapid"|"Nasopharyngeal swab"|258500001|04/11/2022|Negative|260385009
5|4244|10D2214779||Garson|Arlene||05/28/2034||Unknown|"west Palm Beach"|FL|33401||Female|9999999999|"No Response"|1||0|0|0|0||0|Garson||||||||"SARS-CoV-2 (COVID-19)"|Antigen|97097-0|"SARS-CoV-2 Ag Upper resp Ql IA.rapid"|"Nasopharyngeal swab"|258500001|09/09/2021|Negative|260385009
6|4244|10D2214779||Vega|Piet||01/28/1982||"7193 SE Seagate Lane"|Stuart|FL|34997||Male|7723481128|"No Response"|0||0|0|0|0||0|Vega||||||||"SARS-CoV-2 (COVID-19)"|PCR|94500-6|"SARS-CoV-2 RNA Resp Ql NAA+probe"|"Nasopharyngeal swab"|258500001|04/11/2022|Negative|260385009
7|4244|10D2214779||Shahi|Dennis||02/13/1988||"4307 Brewster lane"|"West Pam beach"|FL|33417||Male|5616660708|"No Response"|0||0|1|0|0||0|Shahi||||||||"SARS-CoV-2 (COVID-19)"|Antigen|97097-0|"SARS-CoV-2 Ag Upper resp Ql IA.rapid"|"Nasopharyngeal swab"|258500001|04/11/2022|Negative|260385009
8|4244|10D2214779||Zitza|Ronald||03/25/1957||"2886 ponkan ridge blvd"|Apopka|FL|32712||Male|4074481853|"No Response"|1||0|0|0|0||0|Zitza||||||||"SARS-CoV-2 (COVID-19)"|Antigen|97097-0|"SARS-CoV-2 Ag Upper resp Ql IA.rapid"|"Nasopharyngeal swab"|258500001|04/11/2022|Negative|260385009
9|4244|10D2214779||Zitza|Marie||06/28/1960||"2886 ponkan ridge blvd"|Apopka|FL|32712||Female|4072223588|"No Response"|1||0|0|0|0||0|Zitza||||||||"SARS-CoV-2 (COVID-19)"|Antigen|97097-0|"SARS-CoV-2 Ag Upper resp Ql IA.rapid"|"Nasopharyngeal swab"|258500001|04/11/2022|Negative|260385009
10|4244|10D2214779||Zitza|Ronald||03/25/1957||"2886 Ponkan Ridge Blvd"|Apopka|FL|32712||Male|4074481853|"No Response"|1||0|0|0|0||0|Zitza||||||||"SARS-CoV-2 (COVID-19)"|Antigen|97097-0|"SARS-CoV-2 Ag Upper resp Ql IA.rapid"|"Nasopharyngeal swab"|258500001|04/11/2022|Negative|260385009
11|4244|10D2214779||Zitza|Marie||06/28/1960||"2886 Ponkan Ridge Blvd"|Apopka|FL|32712||Female|4072223588|"No Response"|1||0|0|0|0||0|Zitza||||||||"SARS-CoV-2 (COVID-19)"|Antigen|97097-0|"SARS-CoV-2 Ag Upper resp Ql IA.rapid"|"Nasopharyngeal swab"|258500001|04/11/2022|Negative|260385009
12|4244|10D2214779||Bullard|Germaine||12/18/1979||"311 n university dr plantation"|Plantation|FL|33324||Male|2424249899|"No Response"|0||0|0|0|0||0|Bullard||||||||"SARS-CoV-2 (COVID-19)"|Antigen|97097-0|"SARS-CoV-2 Ag Upper resp Ql IA.rapid"|"Nasopharyngeal swab"|258500001|04/11/2022|Negative|260385009
13|4244|10D2214779||"Osadebay- Bullard"|jeunesse||09/20/1974||"311 N University Drive"|Plantation|FL|33324||Female|2424249899|"No Response"|0||0|0|0|0||0|"Osadebay- Bullard"||||||||"SARS-CoV-2 (COVID-19)"|Antigen|97097-0|"SARS-CoV-2 Ag Upper resp Ql IA.rapid"|"Nasopharyngeal swab"|258500001|04/11/2022|Negative|260385009
14|4244|10D2214779||Vega|Piet||01/28/1982||"7193 SE Seagate Lane"|Stuart|FL|34997||Male|7723481128|"No Response"|0||0|0|0|0||0|Vega||||||||"SARS-CoV-2 (COVID-19)"|PCR|94500-6|"SARS-CoV-2 RNA Resp Ql NAA+probe"|"Nasopharyngeal swab"|258500001|04/11/2022|Negative|260385009
15|4244|10D2214779||Reimer|David||01/28/1974||"50 South Pointe Drive, Apt 805"|"Miami Beach"|FL|33139||Male|9299204761|"No Response"|1||0|0|0|0||0|Reimer||||||||"SARS-CoV-2 (COVID-19)"|Antigen|97097-0|"SARS-CoV-2 Ag Upper resp Ql IA.rapid"|"Nasopharyngeal swab"|258500001|04/11/2022|Negative|260385009
16|4244|10D2214779||Zitza|Ronald||03/25/1957||"2886 ponkan ridge blvd"|Apopka|FL|32712||Male|4074481853|"No Response"|1||0|0|0|0||0|Zitza||||||||"SARS-CoV-2 (COVID-19)"|Antigen|97097-0|"SARS-CoV-2 Ag Upper resp Ql IA.rapid"|"Nasopharyngeal swab"|258500001|04/11/2022|Negative|260385009
17|4244|10D2214779||Zitza|Marie||06/28/1960||"2886 ponkan ridge blvd"|Apopka|FL|32712||Female|4072223588|"No Response"|1||0|0|0|0||0|Zitza||||||||"SARS-CoV-2 (COVID-19)"|Antigen|97097-0|"SARS-CoV-2 Ag Upper resp Ql IA.rapid"|"Nasopharyngeal swab"|258500001|04/11/2022|Negative|260385009
18|4244|10D2214779||Vega|Piet||01/28/1982||"7193 SE Seagate Lane"|Stuart|FL|34997||Male|7723481128|"No Response"|0||0|0|0|0||0|Vega||||||||"SARS-CoV-2 (COVID-19)"|PCR|94500-6|"SARS-CoV-2 RNA Resp Ql NAA+probe"|"Nasopharyngeal swab"|258500001|04/11/2022|Negative|260385009
19|4244|10D2214779||Sirju|Varoon||12/31/1981||"6321 Domenico Court"|Groveland|FL|34736||Male|6122395869|"No Response"|0||0|0|0|1||0|Sirju||||||||"SARS-CoV-2 (COVID-19)"|Antigen|97097-0|"SARS-CoV-2 Ag Upper resp Ql IA.rapid"|"Nasopharyngeal swab"|258500001|04/11/2022|Negative|260385009
20|4244|10D2214779||Bullard|Germaine||12/18/1979||Unknown|Unknown|FL|99999||Male|2424249899|"No Response"|0||0|0|0|0||0|Bullard||||||||"SARS-CoV-2 (COVID-19)"|Antigen|97097-0|"SARS-CoV-2 Ag Upper resp Ql IA.rapid"|"Nasopharyngeal swab"|258500001|04/11/2022|Negative|260385009
21|4244|10D2214779||Vega|Piet||01/28/1982||"7193 SE Seagate Lane"|Stuart|FL|34997||Male|7723481128|"No Response"|0||0|0|0|0||0|Vega||||||||"SARS-CoV-2 (COVID-19)"|PCR|94500-6|"SARS-CoV-2 RNA Resp Ql NAA+probe"|"Nasopharyngeal swab"|258500001|04/11/2022|Negative|260385009
22|4244|10D2214779||Vega|Piet||01/28/1982||"7193 SE Seagate Lane"|STUART|FL|34997||Male|7723481128|"No Response"|0||0|0|0|0||0|Vega||||||||"SARS-CoV-2 (COVID-19)"|PCR|94500-6|"SARS-CoV-2 RNA Resp Ql NAA+probe"|"Nasopharyngeal swab"|258500001|04/11/2022|Negative|260385009
23|4244|10D2214779||Zitza|Ronald||03/25/1957||"2886 Ponkan Ridge Blvd"|Apopka|FL|32712||Male|4074481853|"No Response"|1||0|0|0|0||0|Zitza||||||||"SARS-CoV-2 (COVID-19)"|Antigen|97097-0|"SARS-CoV-2 Ag Upper resp Ql IA.rapid"|"Nasopharyngeal swab"|258500001|04/11/2022|Negative|260385009
24|4244|10D2214779||Zitza|Marie||06/28/1960||Unknown|Apopka|FL|32712||Female|4072223588|"No Response"|1||0|0|0|0||0|Zitza||||||||"SARS-CoV-2 (COVID-19)"|Antigen|97097-0|"SARS-CoV-2 Ag Upper resp Ql IA.rapid"|"Nasopharyngeal swab"|258500001|04/11/2022|Negative|260385009
25|4244|10D2214779||Dee|Jon||11/18/1941||"3880 N 37th Avenue"|Hollywood|FL|33021||Male|9544395713|"No Response"|1||0|0|0|0||0|Dee||||||||"SARS-CoV-2 (COVID-19)"|Antigen|97097-0|"SARS-CoV-2 Ag Upper resp Ql IA.rapid"|"Nasopharyngeal swab"|258500001|04/11/2022|Negative|260385009
26|4244|10D2214779||Zitza|Marie||06/28/1960||"2886 ponkan ridge blvd"|Apopka|FL|32712||Female|4072223588|"No Response"|1||0|0|0|0||0|Zitza||||||||"SARS-CoV-2 (COVID-19)"|Antigen|97097-0|"SARS-CoV-2 Ag Upper resp Ql IA.rapid"|"Nasopharyngeal swab"|258500001|04/11/2022|Negative|260385009
27|4244|10D2214779||Zitza|Ronald||03/25/1957||"2886 ponkan ridge blvd"|Apopka|FL|32712||Male|4074481853|"No Response"|1||0|0|0|0||0|Zitza||||||||"SARS-CoV-2 (COVID-19)"|Antigen|97097-0|"SARS-CoV-2 Ag Upper resp Ql IA.rapid"|"Nasopharyngeal swab"|258500001|04/11/2022|Negative|260385009
28|4244|10D2214779||Sirju|Varoon||12/31/1981||"6321 Domenico Ct"|Groveland|FL|34736||Male|6122395869|"No Response"|0||0|0|0|1||0|Sirju||||||||"SARS-CoV-2 (COVID-19)"|Antigen|97097-0|"SARS-CoV-2 Ag Upper resp Ql IA.rapid"|"Nasopharyngeal swab"|258500001|04/11/2022|Negative|260385009
29|4244|10D2214779||Forbes|Dykstra||10/11/1986||"13655 Jonquil PI"|Wellington|FL|33411||Male|2423577584|"No Response"|0||0|0|0|0||0|Forbes||||||||"SARS-CoV-2 (COVID-19)"|Antigen|97097-0|"SARS-CoV-2 Ag Upper resp Ql IA.rapid"|"Nasopharyngeal swab"|258500001|04/11/2022|Negative|260385009
30|4244|10D2214779||Vega|Piet||01/28/1982||Unknown|Unknown|FL|99999||Male|7723481128|"No Response"|0||0|0|0|0||0|Vega||||||||"SARS-CoV-2 (COVID-19)"|PCR|94500-6|"SARS-CoV-2 RNA Resp Ql NAA+probe"|"Nasopharyngeal swab"|258500001|04/11/2022|Negative|260385009
31|4244|10D2214779||Zitza|Marie||06/28/1960||"2886 Ponkan Ridge Blvd"|Apopka|FL|32712||Female|4072223588|"No Response"|1||0|0|0|0||0|Zitza||||||||"SARS-CoV-2 (COVID-19)"|Antigen|97097-0|"SARS-CoV-2 Ag Upper resp Ql IA.rapid"|"Nasopharyngeal swab"|258500001|04/11/2022|Negative|260385009
32|4244|10D2214779||"Osadebay- Bullard"|jeunesse||09/20/1974||"311 n university drive"|Plantation|FL|33324||Female|2424249899|"No Response"|0||0|0|0|0||0|"Osadebay- Bullard"||||||||"SARS-CoV-2 (COVID-19)"|Antigen|97097-0|"SARS-CoV-2 Ag Upper resp Ql IA.rapid"|"Nasopharyngeal swab"|258500001|04/11/2022|Negative|260385009
33|4244|10D2214779||Bullard|Germaine||12/18/1979||"312 north university drive"|Plantation|FL|99999||Male|2424249899|"No Response"|0||0|0|0|0||0|Bullard||||||||"SARS-CoV-2 (COVID-19)"|Antigen|97097-0|"SARS-CoV-2 Ag Upper resp Ql IA.rapid"|"Nasopharyngeal swab"|258500001|04/11/2022|Negative|260385009
34|4244|10D2214779||Zitza|Marie||06/28/1960||"2886 ponkan ridge blvd"|Apopka|FL|32712||Female|4072223588|"No Response"|1||0|0|0|0||0|Zitza||||||||"SARS-CoV-2 (COVID-19)"|Antigen|97097-0|"SARS-CoV-2 Ag Upper resp Ql IA.rapid"|"Nasopharyngeal swab"|258500001|04/11/2022|Negative|260385009
35|4244|10D2214779||Vega|Piet||01/28/1982||"7193 SE Seagate Lane"|Stuart|FL|34997||Male|7723481128|"No Response"|0||0|0|0|0||0|Vega||||||||"SARS-CoV-2 (COVID-19)"|PCR|94500-6|"SARS-CoV-2 RNA Resp Ql NAA+probe"|"Nasopharyngeal swab"|258500001|04/11/2022|Negative|260385009
36|4244|10D2214779||Weiss|Gregory||02/18/1964||"1323 Dingens Ave"|Windermere|FL|34786||Male|4077187226|"No Response"|1||0|0|0|0||0|Weiss||||||||"SARS-CoV-2 (COVID-19)"|Antigen|97097-0|"SARS-CoV-2 Ag Upper resp Ql IA.rapid"|"Nasopharyngeal swab"|258500001|04/11/2022|Negative|260385009
37|4244|10D2214779||Zitza|Ronald||03/25/1957||"2886 Ponkan Ridge Blvd"|Apopka|FL|32712||Male|4074481853|"No Response"|1||0|0|0|0||0|Zitza||||||||"SARS-CoV-2 (COVID-19)"|Antigen|97097-0|"SARS-CoV-2 Ag Upper resp Ql IA.rapid"|"Nasopharyngeal swab"|258500001|04/11/2022|Negative|260385009
38|4244|10D2214779||Zitza|Marie||06/28/1960||"2886 ponkan ridge blvd"|Apopka|FL|32712||Female|4072223588|"No Response"|1||0|0|0|0||0|Zitza||||||||"SARS-CoV-2 (COVID-19)"|Antigen|97097-0|"SARS-CoV-2 Ag Upper resp Ql IA.rapid"|"Nasopharyngeal swab"|258500001|04/11/2022|Negative|260385009
39|4244|10D2214779||Jampol|Brandon||07/01/1993||Unknown|Unknown|FL|99999||Male|7863962445|"No Response"|0||0|0|0|0||1|Jampol||||||||"SARS-CoV-2 (COVID-19)"|Antigen|97097-0|"SARS-CoV-2 Ag Upper resp Ql IA.rapid"|"Nasopharyngeal swab"|258500001|04/11/2022|Negative|260385009
40|4244|10D2214779||Davis|Garrett||11/02/1993||Unknown|Unknown|FL|99999||Male|7863962445|"No Response"|0||0|0|0|0||1|Davis||||||||"SARS-CoV-2 (COVID-19)"|Antigen|97097-0|"SARS-CoV-2 Ag Upper resp Ql IA.rapid"|"Nasopharyngeal swab"|258500001|04/11/2022|Negative|260385009
41|4244|10D2214779||Zitza|Marie||06/28/1960||"2886 ponkan ridge blvd"|Apopka|FL|32712||Female|4072223588|"No Response"|1||0|0|0|0||0|Zitza||||||||"SARS-CoV-2 (COVID-19)"|Antigen|97097-0|"SARS-CoV-2 Ag Upper resp Ql IA.rapid"|"Nasopharyngeal swab"|258500001|04/11/2022|Negative|260385009
42|4244|10D2214779||Osgood|Rosalind||09/30/1865||"1819 NW 3rd Court"|"Fort Lauderdale"|FL|33311||Female|9542614398|"No Response"|0||0|0|0|0||0|Osgood||||||||"SARS-CoV-2 (COVID-19)"|Antigen|97097-0|"SARS-CoV-2 Ag Upper resp Ql IA.rapid"|"Nasopharyngeal swab"|258500001|04/11/2022|Negative|260385009
43|4244|10D2214779||Osgood|Rosalind||09/30/1865||"1819 NW 3rd Court"|"Fort Lauderdale"|FL|33311||Female|9542614398|"No Response"|0||0|0|0|0||0|Osgood||||||||"SARS-CoV-2 (COVID-19)"|Antigen|97097-0|"SARS-CoV-2 Ag Upper resp Ql IA.rapid"|"Nasopharyngeal swab"|258500001|04/11/2022|Negative|260385009
44|4244|10D2214779||Reid|Charlene||09/22/1976||"398e dania beach Blvd"|"Dania beach"|FL|33004||Female|2427273279|"No Response"|0||0|0|0|0||0|Reid||||||||"SARS-CoV-2 (COVID-19)"|Antigen|97097-0|"SARS-CoV-2 Ag Upper resp Ql IA.rapid"|"Nasopharyngeal swab"|258500001|04/11/2022|Negative|260385009
45|4244|10D2214779||Morris|Wellington||01/01/1970||"398E Dania beach Blvd  33004 FL"|"Dania beach"|FL|33004||Male|2427278128|"No Response"|0||0|0|0|0||0|Morris||||||||"SARS-CoV-2 (COVID-19)"|Antigen|97097-0|"SARS-CoV-2 Ag Upper resp Ql IA.rapid"|"Nasopharyngeal swab"|258500001|04/11/2022|Negative|260385009
46|4244|10D2214779||Weiss|Gregory||02/18/1964||"1323 Dingens Ave"|Windermere|FL|34786||Male|4077187226|"No Response"|1||0|0|0|0||0|Weiss||||||||"SARS-CoV-2 (COVID-19)"|Antigen|97097-0|"SARS-CoV-2 Ag Upper resp Ql IA.rapid"|"Nasopharyngeal swab"|258500001|04/11/2022|Negative|260385009
47|4244|10D2214779||Sarjad|Nazim||10/28/1958||Unknown|Unknown|FL|99999||Male|18686846145|"No Response"|0||0|0|0|0||1|Sarjad||||||||"SARS-CoV-2 (COVID-19)"|Antigen|97097-0|"SARS-CoV-2 Ag Upper resp Ql IA.rapid"|"Nasopharyngeal swab"|258500001|04/11/2022|Negative|260385009
48|4244|10D2214779||Osgood|Rosalind||09/30/1865||"1819 NW 3rd Court"|"Fort Lauderdale"|FL|33311||Female|9542614398|"No Response"|0||0|0|0|0||0|Osgood||||||||"SARS-CoV-2 (COVID-19)"|Antigen|97097-0|"SARS-CoV-2 Ag Upper resp Ql IA.rapid"|"Nasopharyngeal swab"|258500001|04/11/2022|Negative|260385009
49|4244|10D2214779||Osgood|Rosalind||09/30/1865||"1819 NW 3rd Court"|"Fort Lauderdale"|FL|33311||Female|9542614398|"No Response"|0||0|0|0|0||0|Osgood||||||||"SARS-CoV-2 (COVID-19)"|Antigen|97097-0|"SARS-CoV-2 Ag Upper resp Ql IA.rapid"|"Nasopharyngeal swab"|258500001|04/11/2022|Negative|260385009
50|4244|10D2214779||Tenjo|Carlos||08/16/1965||"202 Bella vista way"|"Royal Palm  Beach"|FL|33411||Male|3148916015|"No Response"|0||0|0|0|0||0|Tenjo||||||||"SARS-CoV-2 (COVID-19)"|Antigen|97097-0|"SARS-CoV-2 Ag Upper resp Ql IA.rapid"|"Nasopharyngeal swab"|258500001|04/11/2022|Negative|260385009
51|4244|10D2214779||Navia|"Maria Fernanda"||04/27/1972||"202 Bella vista way"|"Royal palm beach"|FL|33411||Female|3148917282|"No Response"|0||0|0|0|0||0|Navia||||||||"SARS-CoV-2 (COVID-19)"|Antigen|97097-0|"SARS-CoV-2 Ag Upper resp Ql IA.rapid"|"Nasopharyngeal swab"|258500001|04/11/2022|Negative|260385009
52|4244|10D2214779||Ines|Denise||10/21/1987||"14131 Tecoma Dr"|Wellington|FL|33414||Female|3468181120|"No Response"|1||0|0|0|0||0|Ines||||||||"SARS-CoV-2 (COVID-19)"|Antigen|97097-0|"SARS-CoV-2 Ag Upper resp Ql IA.rapid"|"Nasopharyngeal swab"|258500001|04/11/2022|Negative|260385009
53|4244|10D2214779||Reger|William||01/21/2004||"206 Upland Way"|Wayne|FL|19087||Male|4849650374|"No Response"|1||0|0|0|0||0|Reger||||||||"SARS-CoV-2 (COVID-19)"|Antigen|97097-0|"SARS-CoV-2 Ag Upper resp Ql IA.rapid"|"Nasopharyngeal swab"|258500001|04/11/2022|Negative|260385009
54|4244|10D2214779||Cagalingan|Luvi||08/19/1959||"3004 Binaggio Ct Las Vegas NEVADA 89141 United States"|Nevada|FL|89141||Female|7024961987|"No Response"|0||0|1|0|0||0|Cagalingan||||||||"SARS-CoV-2 (COVID-19)"|Antigen|97097-0|"SARS-CoV-2 Ag Upper resp Ql IA.rapid"|"Nasopharyngeal swab"|258500001|04/11/2022|Negative|260385009
55|4244|10D2214779||Magno|"Kaylie Celah"||09/27/2018||"3004 Binaggio Ct Las Vegas NEVADA United States"|NEVADA|FL|89141||Female|7028036334|"No Response"|0||0|1|0|0||0|Magno||||||||"SARS-CoV-2 (COVID-19)"|Antigen|97097-0|"SARS-CoV-2 Ag Upper resp Ql IA.rapid"|"Nasopharyngeal swab"|258500001|04/11/2022|Negative|260385009
56|4244|10D2214779||Forbes|Dykstra||10/11/1986||"710 NW 65 Terrance"|Margate|FL|33063||Male|2423577584|"No Response"|0||0|0|0|0||0|Forbes||||||||"SARS-CoV-2 (COVID-19)"|Antigen|97097-0|"SARS-CoV-2 Ag Upper resp Ql IA.rapid"|"Nasopharyngeal swab"|258500001|04/11/2022|Negative|260385009
57|4244|10D2214779||Weiss|Gregory||02/18/1964||"1323 Dingens Ave"|Windermere|FL|34786||Male|4077187226|"No Response"|1||0|0|0|0||0|Weiss||||||||"SARS-CoV-2 (COVID-19)"|Antigen|97097-0|"SARS-CoV-2 Ag Upper resp Ql IA.rapid"|"Nasopharyngeal swab"|258500001|04/11/2022|Negative|260385009
58|4244|10D2214779||Zitza|Marie||06/28/1960||"2886 ponkan ridge blvd"|Apopka|FL|32712||Female|4072223588|"No Response"|1||0|0|0|0||0|Zitza||||||||"SARS-CoV-2 (COVID-19)"|Antigen|97097-0|"SARS-CoV-2 Ag Upper resp Ql IA.rapid"|"Nasopharyngeal swab"|258500001|04/11/2022|Negative|260385009
59|4244|10D2214779||Zitza|Ronald||03/25/1957||Unknown|Apopka|FL|32712||Male|4074481853|"No Response"|1||0|0|0|0||0|Zitza||||||||"SARS-CoV-2 (COVID-19)"|Antigen|97097-0|"SARS-CoV-2 Ag Upper resp Ql IA.rapid"|"Nasopharyngeal swab"|258500001|04/11/2022|Negative|260385009
60|4244|10D2214779||Wolff|William||07/02/1961||"6860 Cardindale Drive"|Knoxville|FL|37918||Male|8653612794|"No Response"|1||0|0|0|0||0|Wolff||||||||"SARS-CoV-2 (COVID-19)"|Antigen|97097-0|"SARS-CoV-2 Ag Upper resp Ql IA.rapid"|"Nasopharyngeal swab"|258500001|04/11/2022|Negative|260385009
61|4244|10D2214779||Wolff|Pamela||01/01/1970||"6860 Cardindale Drive"|Knoxville|FL|37818||Female|8653612794|"No Response"|1||0|0|0|0||0|Wolff||||||||"SARS-CoV-2 (COVID-19)"|Antigen|97097-0|"SARS-CoV-2 Ag Upper resp Ql IA.rapid"|"Nasopharyngeal swab"|258500001|04/11/2022|Negative|260385009
62|4244|10D2214779||Liddle|Henry||02/24/2012||"1850 Animation Way"|"Lake Buena Vista"|FL|32830||Male|9999999999|"No Response"|0||0|0|0|1||0|Liddle||||||||"SARS-CoV-2 (COVID-19)"|Antigen|97097-0|"SARS-CoV-2 Ag Upper resp Ql IA.rapid"|"Nasopharyngeal swab"|258500001|04/11/2022|Negative|260385009
63|4244|10D2214779||Linton|Fabianna||09/18/1996||Unknown|Unknown|FL|99999||Female|9999999999|"No Response"|1||0|0|0|0||0|Linton||||||||"SARS-CoV-2 (COVID-19)"|Antigen|97097-0|"SARS-CoV-2 Ag Upper resp Ql IA.rapid"|"Nasopharyngeal swab"|258500001|04/11/2022|Negative|260385009
64|4244|10D2214779||Liddle|Matilda||01/05/2017||"1850 Animation Way"|"Lake Buena Vista"|FL|32830||Female|9999999999|"No Response"|0||0|0|0|1||0|Liddle||||||||"SARS-CoV-2 (COVID-19)"|Antigen|97097-0|"SARS-CoV-2 Ag Upper resp Ql IA.rapid"|"Nasopharyngeal swab"|258500001|04/11/2022|Negative|260385009
65|4244|10D2214779||Liddle|Beatrix||08/21/2018||"1850 Animation Way"|"Lake Buena Vista"|FL|32830||Female|9999999999|"No Response"|0||0|0|0|1||0|Liddle||||||||"SARS-CoV-2 (COVID-19)"|Antigen|97097-0|"SARS-CoV-2 Ag Upper resp Ql IA.rapid"|"Nasopharyngeal swab"|258500001|04/11/2022|Negative|260385009
66|4244|10D2214779||Sirju|Varoon||12/31/1981||"6321 Domenico Court"|Groveland|FL|34736||Male|6122395869|"No Response"|0||0|0|0|1||0|Sirju||||||||"SARS-CoV-2 (COVID-19)"|Antigen|97097-0|"SARS-CoV-2 Ag Upper resp Ql IA.rapid"|"Nasopharyngeal swab"|258500001|04/11/2022|Negative|260385009
67|4244|10D2214779||bubanja|marko||02/25/1987||"3708 Las Vegas Blvd S"|"Las vegas,Nv"|FL|89109||Male|9999999999|"No Response"|1||0|0|0|0||0|bubanja||||||||"SARS-CoV-2 (COVID-19)"|PCR|94500-6|"SARS-CoV-2 RNA Resp Ql NAA+probe"|"Nasopharyngeal swab"|258500001|04/11/2022|Negative|260385009
68|4244|10D2214779||Tasevski|Adrian||04/12/1991||"3708 Las Vegas Blvd S, Las Vegas, NV 89109"|"Las Vegas"|FL|89109||Male|9999999999|"No Response"|1||0|0|0|0||0|Tasevski||||||||"SARS-CoV-2 (COVID-19)"|PCR|94500-6|"SARS-CoV-2 RNA Resp Ql NAA+probe"|"Nasopharyngeal swab"|258500001|04/11/2022|Negative|260385009
69|4244|10D2214779||Figaro|Nickey||01/26/1976||"1500 North Congress Avenue"|"West Palm Beach"|FL|33401||Male|15618275189|"No Response"|0||0|0|0|0||0|Figaro||||||||"SARS-CoV-2 (COVID-19)"|Antigen|97097-0|"SARS-CoV-2 Ag Upper resp Ql IA.rapid"|"Nasopharyngeal swab"|258500001|04/11/2022|Negative|260385009
70|4244|10D2214779||Reimer|David||01/28/1974||"50 South Pointe Drive, Apt 805"|MIami|FL|33139||Male|9299204761|"No Response"|1||0|0|0|0||0|Reimer||||||||"SARS-CoV-2 (COVID-19)"|Antigen|97097-0|"SARS-CoV-2 Ag Upper resp Ql IA.rapid"|"Nasopharyngeal swab"|258500001|04/11/2022|Negative|260385009
71|4244|10D2214779||Reimer|Lexie||09/10/1963||"50 South Pointe Drive, Apt 805"|"Miami Beach"|FL|33139||Female|3476011196|"No Response"|1||0|0|0|0||0|Reimer||||||||"SARS-CoV-2 (COVID-19)"|Antigen|97097-0|"SARS-CoV-2 Ag Upper resp Ql IA.rapid"|"Nasopharyngeal swab"|258500001|04/11/2022|Negative|260385009
72|4244|10D2214779||Rahael|Annette||10/18/1954||"4300 North Ocean Blvd"|"Fort Lauderdale"|FL|33308||Female|9542050829|"No Response"|1||0|0|0|0||0|Rahael||||||||"SARS-CoV-2 (COVID-19)"|Antigen|97097-0|"SARS-CoV-2 Ag Upper resp Ql IA.rapid"|"Nasopharyngeal swab"|258500001|04/11/2022|Negative|260385009
73|4244|10D2214779||Dee|Jon||11/18/1941||"3880 N 37th Avenue"|Hollywood|FL|33021||Male|9544395713|"No Response"|1||0|0|0|0||0|Dee||||||||"SARS-CoV-2 (COVID-19)"|Antigen|97097-0|"SARS-CoV-2 Ag Upper resp Ql IA.rapid"|"Nasopharyngeal swab"|258500001|04/11/2022|Negative|260385009
74|4244|10D2214779||Smith|Odis||12/28/1967||"43115 Eastman Ridge Road"|Pomeroy|FL|45669||Male|7408568394|"No Response"|1||0|0|0|0||0|Smith||||||||"SARS-CoV-2 (COVID-19)"|Antigen|97097-0|"SARS-CoV-2 Ag Upper resp Ql IA.rapid"|"Nasopharyngeal swab"|258500001|04/11/2022|Negative|260385009
75|4244|10D2214779||Calix|Emma||07/25/2017||"245 Kettering Rd"|Davenport|FL|33897||Female|50497714511|"No Response"|0||0|0|0|0||0|Calix||||||||"SARS-CoV-2 (COVID-19)"|Antigen|97097-0|"SARS-CoV-2 Ag Upper resp Ql IA.rapid"|"Nasopharyngeal swab"|258500001|04/11/2022|Negative|260385009
76|4244|10D2214779||Black|Ella||05/04/2016||"35 Hussar avenue"|Hamilton|FL|99999||Female|9055127512|"No Response"|1||0|0|0|0||0|Black||||||||"SARS-CoV-2 (COVID-19)"|Antigen|97097-0|"SARS-CoV-2 Ag Upper resp Ql IA.rapid"|"Nasopharyngeal swab"|258500001|04/11/2022|Negative|260385009
77|4244|10D2214779||Black|Owen||09/26/2013||"35 Hussar avenue"|Hamilton|FL|99999||Male|9055127512|"No Response"|1||0|0|0|0||0|Black||||||||"SARS-CoV-2 (COVID-19)"|Antigen|97097-0|"SARS-CoV-2 Ag Upper resp Ql IA.rapid"|"Nasopharyngeal swab"|258500001|04/11/2022|Negative|260385009
78|4244|10D2214779||LOURES|FABIANO||02/17/1980||Unknown|Unknown|FL|99999||Male|5619296608|"No Response"|0||0|0|0|1||0|LOURES||||||||"SARS-CoV-2 (COVID-19)"|PCR|94500-6|"SARS-CoV-2 RNA Resp Ql NAA+probe"|"Nasopharyngeal swab"|258500001|04/11/2022|Negative|260385009
79|4244|10D2214779||BROWN|TODD||11/22/1969||Unknown|Unknown|FL|99999||Male|3037922374|"No Response"|0||0|0|0|1||0|BROWN||||||||"SARS-CoV-2 (COVID-19)"|PCR|94500-6|"SARS-CoV-2 RNA Resp Ql NAA+probe"|"Nasopharyngeal swab"|258500001|04/11/2022|Negative|260385009
80|4244|10D2214779||Henriquez|Andres||01/09/1947||"3800 oaks clubhouse dr apt 505"|"Pompano Beach"|FL|33069||Male|9542964539|"No Response"|0||0|0|0|0||0|Henriquez||||||||"SARS-CoV-2 (COVID-19)"|Antigen|97097-0|"SARS-CoV-2 Ag Upper resp Ql IA.rapid"|"Nasopharyngeal swab"|258500001|04/11/2022|Negative|260385009
81|4244|10D2214779||"VIDEGARAY CASO"|EDUARDO||07/16/1969||"480 NE 30th St."|Miami|FL|33137||Male|9999999999|"No Response"|1||0|0|0|0||0|"VIDEGARAY CASO"||||||||"SARS-CoV-2 (COVID-19)"|Antigen|97097-0|"SARS-CoV-2 Ag Upper resp Ql IA.rapid"|"Nasopharyngeal swab"|258500001|04/11/2022|Negative|260385009
82|4244|10D2214779||"Rivera Torrez"|Sofia||08/18/1992||"480 NE 30th St."|Miami|FL|33137||Female|9999999999|"No Response"|1||0|0|0|0||0|"Rivera Torrez"||||||||"SARS-CoV-2 (COVID-19)"|Antigen|97097-0|"SARS-CoV-2 Ag Upper resp Ql IA.rapid"|"Nasopharyngeal swab"|258500001|04/11/2022|Negative|260385009
83|4244|10D2214779||"VIDEGARAY ABIN"|Andrea||09/27/2007||"480 NE 30th St"|Miami|FL|33137||Female|9999999999|"No Response"|1||0|0|0|0||0|"VIDEGARAY ABIN"||||||||"SARS-CoV-2 (COVID-19)"|Antigen|97097-0|"SARS-CoV-2 Ag Upper resp Ql IA.rapid"|"Nasopharyngeal swab"|258500001|04/11/2022|Negative|260385009
84|4244|10D2214779||Rheneghan|Maeve||07/31/1996||Unknown|Unknown|FL|99999||Female|7866178099|"No Response"|0||0|0|0|0||1|Rheneghan||||||||"SARS-CoV-2 (COVID-19)"|Antigen|97097-0|"SARS-CoV-2 Ag Upper resp Ql IA.rapid"|"Nasopharyngeal swab"|258500001|04/11/2022|Negative|260385009
85|4244|10D2214779||Good|"Lauren Courtney"||12/06/1986||Unknown|Unknown|FL|99999||Female|7866178099|"No Response"|0||0|0|0|0||1|Good||||||||"SARS-CoV-2 (COVID-19)"|Antigen|97097-0|"SARS-CoV-2 Ag Upper resp Ql IA.rapid"|"Nasopharyngeal swab"|258500001|04/11/2022|Negative|260385009
86|4244|10D2214779||Milnes|Courtenay||04/24/2001||Unknown|Unknown|FL|99999||Female|7863962445|"No Response"|0||0|0|0|0||1|Milnes||||||||"SARS-CoV-2 (COVID-19)"|Antigen|97097-0|"SARS-CoV-2 Ag Upper resp Ql IA.rapid"|"Nasopharyngeal swab"|258500001|04/11/2022|Negative|260385009
87|4244|10D2214779||Delacalzada|Kristen||02/04/1991||Unknown|Unknown|FL|99999||Female|7863962445|"No Response"|0||0|0|0|0||1|Delacalzada||||||||"SARS-CoV-2 (COVID-19)"|Antigen|97097-0|"SARS-CoV-2 Ag Upper resp Ql IA.rapid"|"Nasopharyngeal swab"|258500001|04/11/2022|Negative|260385009
88|4244|10D2214779||keen|George||09/12/1989||Unknown|Unknown|FL|99999||Male|7863962445|"No Response"|0||0|0|0|0||1|keen||||||||"SARS-CoV-2 (COVID-19)"|Antigen|97097-0|"SARS-CoV-2 Ag Upper resp Ql IA.rapid"|"Nasopharyngeal swab"|258500001|04/11/2022|Negative|260385009
89|4244|10D2214779||"Sarasti Samper"|Andrea||05/06/1987||Unknown|Unknown|FL|99999||Female|7863962445|"No Response"|0||0|0|0|0||1|"Sarasti Samper"||||||||"SARS-CoV-2 (COVID-19)"|Antigen|97097-0|"SARS-CoV-2 Ag Upper resp Ql IA.rapid"|"Nasopharyngeal swab"|258500001|04/11/2022|Negative|260385009
90|4244|10D2214779||Bowles|Dannii||01/19/1998||Unknown|Unknown|FL|99999||Female|7863962445|"No Response"|0||0|0|0|0||1|Bowles||||||||"SARS-CoV-2 (COVID-19)"|Antigen|97097-0|"SARS-CoV-2 Ag Upper resp Ql IA.rapid"|"Nasopharyngeal swab"|258500001|04/11/2022|Negative|260385009
91|4244|10D2214779||Robertson|Sean||02/01/1970||"16804 Sanctuary Dr."|"Winter Garden"|FL|34787||Male|9729218765|"No Response"|1||0|0|0|0||0|Robertson||||||||"SARS-CoV-2 (COVID-19)"|PCR|94500-6|"SARS-CoV-2 RNA Resp Ql NAA+probe"|"Nasopharyngeal swab"|258500001|04/11/2022|Negative|260385009
92|4244|10D2214779||Hill|"Jason Charles"||02/16/1991||Unknown|Unknown|FL|99999||Male|9542958628|"No Response"|0||0|0|0|0||1|Hill||||||||"SARS-CoV-2 (COVID-19)"|Antigen|97097-0|"SARS-CoV-2 Ag Upper resp Ql IA.rapid"|"Nasopharyngeal swab"|258500001|04/11/2022|Negative|260385009
93|4244|10D2214779||Bennett|Justin||02/21/1992||Unknown|Unknown|FL|99999||Male|7863962445|"No Response"|0||0|0|0|0||1|Bennett||||||||"SARS-CoV-2 (COVID-19)"|Antigen|97097-0|"SARS-CoV-2 Ag Upper resp Ql IA.rapid"|"Nasopharyngeal swab"|258500001|04/11/2022|Negative|260385009
94|4244|10D2214779||Jampol|Brandon||07/01/1993||Unknown|Unknown|FL|99999||Male|7863962445|"No Response"|0||0|0|0|0||1|Jampol||||||||"SARS-CoV-2 (COVID-19)"|Antigen|97097-0|"SARS-CoV-2 Ag Upper resp Ql IA.rapid"|"Nasopharyngeal swab"|258500001|04/11/2022|Negative|260385009
95|4244|10D2214779||Hansen|Logan||12/03/1991||Unknown|Unknown|FL|99999||Male|7863962445|"No Response"|0||0|0|0|0||1|Hansen||||||||"SARS-CoV-2 (COVID-19)"|Antigen|97097-0|"SARS-CoV-2 Ag Upper resp Ql IA.rapid"|"Nasopharyngeal swab"|258500001|04/11/2022|Negative|260385009
96|4244|10D2214779||Teele|Scott||10/28/1969||Unknown|Unknown|FL|99999||Male|7863962445|"No Response"|0||0|0|0|0||1|Teele||||||||"SARS-CoV-2 (COVID-19)"|Antigen|97097-0|"SARS-CoV-2 Ag Upper resp Ql IA.rapid"|"Nasopharyngeal swab"|258500001|04/11/2022|Negative|260385009
97|4244|10D2214779||Kwiatkowski|Chester||10/02/1977||"218 Kinnelon Road"|Kinnelon|FL|07405||Male|9737718181|"No Response"|1||0|0|0|0||0|Kwiatkowski||||||||"SARS-CoV-2 (COVID-19)"|Antigen|97097-0|"SARS-CoV-2 Ag Upper resp Ql IA.rapid"|"Nasopharyngeal swab"|258500001|04/11/2022|Negative|260385009
98|4244|10D2214779||Davis|Garrett||11/02/1993||Unknown|Unknown|FL|99999||Male|7863962445|"No Response"|0||0|0|0|0||1|Davis||||||||"SARS-CoV-2 (COVID-19)"|Antigen|97097-0|"SARS-CoV-2 Ag Upper resp Ql IA.rapid"|"Nasopharyngeal swab"|258500001|04/11/2022|Negative|260385009
99|4244|10D2214779||Dunn|Jamie||10/06/1985||"218 Kinnelon Road"|Kinnelon|FL|00745||Female|9737718181|"No Response"|1||0|0|0|0||0|Dunn||||||||"SARS-CoV-2 (COVID-19)"|Antigen|97097-0|"SARS-CoV-2 Ag Upper resp Ql IA.rapid"|"Nasopharyngeal swab"|258500001|04/11/2022|Negative|260385009
100|4244|10D2214779||Mulchan|Gary||07/19/1964||"9382 mustard leaf dr"|Orlando|FL|32827||Male|5162500676|"No Response"|0||0|1|0|0||0|Mulchan||||||||"SARS-CoV-2 (COVID-19)"|Antigen|97097-0|"SARS-CoV-2 Ag Upper resp Ql IA.rapid"|"Nasopharyngeal swab"|258500001|04/11/2022|Negative|260385009
101|4244|10D2214779||Kelly|Matthew||07/09/1991||"2410 Allen ct"|"Lake worth"|FL|33462||Male|5615675033|"No Response"|1||0|0|0|0||0|Kelly||||||||"SARS-CoV-2 (COVID-19)"|Antigen|97097-0|"SARS-CoV-2 Ag Upper resp Ql IA.rapid"|"Nasopharyngeal swab"|258500001|04/11/2022|Negative|260385009
102|4244|10D2214779||Franz|"Robin Benjamin"||05/16/1990||Unknown|Unknown|FL|99999||Male|7863962445|"No Response"|0||0|0|0|0||1|Franz||||||||"SARS-CoV-2 (COVID-19)"|Antigen|97097-0|"SARS-CoV-2 Ag Upper resp Ql IA.rapid"|"Nasopharyngeal swab"|258500001|04/11/2022|Negative|260385009
103|4244|10D2214779||Shahi|Dennis||02/13/1988||"4205 Napoli Lake Dr"|WPB|FL|33410||Male|5616660708|"No Response"|0||0|1|0|0||0|Shahi||||||||"SARS-CoV-2 (COVID-19)"|Antigen|97097-0|"SARS-CoV-2 Ag Upper resp Ql IA.rapid"|"Nasopharyngeal swab"|258500001|04/11/2022|Negative|260385009
104|4244|10D2214779||"Chhetri Shahi"|Ranjita||06/01/1990||Unknown|Unknown|FL|99999||Female|5616660708|"No Response"|0||0|0|0|0||1|"Chhetri Shahi"||||||||"SARS-CoV-2 (COVID-19)"|Antigen|97097-0|"SARS-CoV-2 Ag Upper resp Ql IA.rapid"|"Nasopharyngeal swab"|258500001|04/11/2022|Negative|260385009
105|4244|10D2214779||Shahi|"Keivan Jung"||09/06/2020||"4205 Napoli Lake Dr"|WPB|FL|33410||Male|5616660708|"No Response"|0||0|1|0|0||0|Shahi||||||||"SARS-CoV-2 (COVID-19)"|PCR|94500-6|"SARS-CoV-2 RNA Resp Ql NAA+probe"|"Nasopharyngeal swab"|258500001|04/11/2022|Negative|260385009
106|4244|10D2214779||Ashley|"Jonathan Scott"||06/05/1968||Unknown|Unknown|FL|99999||Male|9999999999|"No Response"|0||0|0|0|0||1|Ashley||||||||"SARS-CoV-2 (COVID-19)"|Antigen|97097-0|"SARS-CoV-2 Ag Upper resp Ql IA.rapid"|"Nasopharyngeal swab"|258500001|04/11/2022|Negative|260385009
107|4244|10D2214779||Ashley|"Jacalyn Mary Lawrence"||06/03/1973||Unknown|Unknown|FL|99999||Female|9999999999|"No Response"|0||0|0|0|0||1|Ashley||||||||"SARS-CoV-2 (COVID-19)"|Antigen|97097-0|"SARS-CoV-2 Ag Upper resp Ql IA.rapid"|"Nasopharyngeal swab"|258500001|04/11/2022|Negative|260385009
108|4244|10D2214779||"Da Silva Amaral"|Flavia||07/20/1995||Unknown|Unknown|FL|99999||Female|9999999999|"No Response"|0||0|0|0|0||0|"Da Silva Amaral"||||||||"SARS-CoV-2 (COVID-19)"|Antigen|97097-0|"SARS-CoV-2 Ag Upper resp Ql IA.rapid"|"Nasopharyngeal swab"|258500001|04/11/2022|Negative|260385009
109|4244|10D2214779||"Da Silva Amaral"|Thiago||12/19/1990||Unknown|Unknown|FL|99999||Male|9999999999|"No Response"|0||0|0|0|0||1|"Da Silva Amaral"||||||||"SARS-CoV-2 (COVID-19)"|Antigen|97097-0|"SARS-CoV-2 Ag Upper resp Ql IA.rapid"|"Nasopharyngeal swab"|258500001|04/11/2022|Negative|260385009
110|4244|10D2214779||"Eliseu Figueiredo"|Caio||09/16/1987||Unknown|Unknown|FL|99999||Male|9999999999|"No Response"|0||0|0|0|0||0|"Eliseu Figueiredo"||||||||"SARS-CoV-2 (COVID-19)"|Antigen|97097-0|"SARS-CoV-2 Ag Upper resp Ql IA.rapid"|"Nasopharyngeal swab"|258500001|04/11/2022|Negative|260385009
111|4244|10D2214779||Vega|Piet||01/28/1982||"7193 SE Seagate Lane"|Stuart|FL|34997||Male|7723481128|"No Response"|0||0|0|0|0||0|Vega||||||||"SARS-CoV-2 (COVID-19)"|PCR|94500-6|"SARS-CoV-2 RNA Resp Ql NAA+probe"|"Nasopharyngeal swab"|258500001|04/11/2022|Negative|260385009
112|4244|10D2214779||Fernández|Jorge||04/14/1961||"5125 NW 36th St, Miami Springs, FL 33166"|Miami|FL|33166||Male|9999999999|"No Response"|0||0|0|0|0||0|Fernández||||||||"SARS-CoV-2 (COVID-19)"|Antigen|97097-0|"SARS-CoV-2 Ag Upper resp Ql IA.rapid"|"Nasopharyngeal swab"|258500001|04/11/2022|Negative|260385009
113|4244|10D2214779||Chinchilla|Diana||01/01/1970||"5125 NW 36th St, Miami Springs, FL 33166"|Miami|FL|33166||Female|50683175329|"No Response"|0||0|0|0|0||0|Chinchilla||||||||"SARS-CoV-2 (COVID-19)"|Antigen|97097-0|"SARS-CoV-2 Ag Upper resp Ql IA.rapid"|"Nasopharyngeal swab"|258500001|04/11/2022|Negative|260385009
114|4244|10D2214779||Young|Elizabeth||03/29/1986||"165 Williams St"|"Bel Air"|FL|21014||Female|4432434670|"No Response"|1||0|0|0|0||0|Young||||||||"SARS-CoV-2 (COVID-19)"|Antigen|97097-0|"SARS-CoV-2 Ag Upper resp Ql IA.rapid"|"Nasopharyngeal swab"|258500001|04/11/2022|Negative|260385009
115|4244|10D2214779||Collins|Carol||12/01/1970||"614 Parker St"|Cranberry|FL|16066||Female|2405611338|"No Response"|1||0|0|0|0||0|Collins||||||||"SARS-CoV-2 (COVID-19)"|Antigen|97097-0|"SARS-CoV-2 Ag Upper resp Ql IA.rapid"|"Nasopharyngeal swab"|258500001|04/11/2022|Negative|260385009
116|4244|10D2214779||Bullard|Germaine||12/18/1979||"Weston Fort Lauderdale"|Weston|FL|33326||Male|2424249899|"No Response"|0||0|0|0|0||0|Bullard||||||||"SARS-CoV-2 (COVID-19)"|Antigen|97097-0|"SARS-CoV-2 Ag Upper resp Ql IA.rapid"|"Nasopharyngeal swab"|258500001|04/11/2022|Negative|260385009
117|4244|10D2214779||"Osadebay- Bullard"|jeunesse||09/20/1974||"Weston Fort Lauderdale"|Weston|FL|33326||Female|2424249899|"No Response"|0||0|0|0|0||0|"Osadebay- Bullard"||||||||"SARS-CoV-2 (COVID-19)"|Antigen|97097-0|"SARS-CoV-2 Ag Upper resp Ql IA.rapid"|"Nasopharyngeal swab"|258500001|04/11/2022|Negative|260385009
118|4244|10D2214779||Miron|Lior||05/01/2007||"4140 N 45th Ave"|Hollywood|FL|33021||Male|9543911633|"No Response"|1||0|0|0|0||0|Miron||||||||"SARS-CoV-2 (COVID-19)"|PCR|94500-6|"SARS-CoV-2 RNA Resp Ql NAA+probe"|"Nasopharyngeal swab"|258500001|04/11/2022|Negative|260385009
119|4244|10D2214779||Garson|Arlene||05/28/2034||"2480 Presidential Way #602"|WPB|FL|33401||Female|9999999999|"No Response"|1||0|0|0|0||0|Garson||||||||"SARS-CoV-2 (COVID-19)"|Antigen|97097-0|"SARS-CoV-2 Ag Upper resp Ql IA.rapid"|"Nasopharyngeal swab"|258500001|09/09/2021|Negative|260385009
120|4244|10D2214779||Teitelbaum|Douglas||05/25/1965||"7969 NW 2nd St, #162"|Miami|FL|33126||Male|6312205555|"No Response"|1||0|0|0|0||0|Teitelbaum||||||||"SARS-CoV-2 (COVID-19)"|Antigen|97097-0|"SARS-CoV-2 Ag Upper resp Ql IA.rapid"|"Nasopharyngeal swab"|258500001|04/11/2022|Negative|260385009
121|4244|10D2214779||Kirsche|"Ira Gerald"||12/17/1950||Unknown|Unknown|FL|99999||Male|8479220088|"No Response"|1||0|0|0|0||0|Kirsche||||||||"SARS-CoV-2 (COVID-19)"|PCR|94500-6|"SARS-CoV-2 RNA Resp Ql NAA+probe"|"Nasopharyngeal swab"|258500001|04/11/2022|Negative|260385009
122|4244|10D2214779||Yakubova|Marta||03/07/1946||"9830 67 ave 1m"|"Rego Park"|FL|11374||Female|19179922828|"No Response"|1||0|0|0|0||0|Yakubova||||||||"SARS-CoV-2 (COVID-19)"|Antigen|97097-0|"SARS-CoV-2 Ag Upper resp Ql IA.rapid"|"Nasopharyngeal swab"|258500001|04/11/2022|Negative|260385009
123|4244|10D2214779||Bibini|"Huberto Horacio"||12/04/1957||Unknown|Unknown|FL|99999||Male|7863176955|"No Response"|0||0|0|0|0||1|Bibini||||||||"SARS-CoV-2 (COVID-19)"|PCR|94500-6|"SARS-CoV-2 RNA Resp Ql NAA+probe"|"Nasopharyngeal swab"|258500001|04/11/2022|Negative|260385009
124|4244|10D2214779||Knight|Urvia||08/24/1978||"PO Box 169"|"Mt Olivet"|FL|41064||Female|6147073234|"No Response"|0||0|0|0|0||0|Knight||||||||"SARS-CoV-2 (COVID-19)"|Antigen|97097-0|"SARS-CoV-2 Ag Upper resp Ql IA.rapid"|"Nasopharyngeal swab"|258500001|04/11/2022|Negative|260385009
125|4244|10D2214779||Reid|Charlene||09/22/1976||"398e dania beach Blvd"|"Dania beach"|FL|33004||Female|2427273279|"No Response"|0||0|0|0|0||0|Reid||||||||"SARS-CoV-2 (COVID-19)"|Antigen|97097-0|"SARS-CoV-2 Ag Upper resp Ql IA.rapid"|"Nasopharyngeal swab"|258500001|04/11/2022|Negative|260385009
126|4244|10D2214779||Morris|Wellington||01/01/1970||"Hyatt place"|"Dania beach"|FL|33004||Male|2427278128|"No Response"|0||0|0|0|0||0|Morris||||||||"SARS-CoV-2 (COVID-19)"|Antigen|97097-0|"SARS-CoV-2 Ag Upper resp Ql IA.rapid"|"Nasopharyngeal swab"|258500001|04/11/2022|Negative|260385009
127|4244|10D2214779||Garo|Benjamin||01/01/1970||"7785 west irlo bronson memorial highway"|Kissimmee|FL|34747||Male|9999999999|"No Response"|1||0|0|0|0||0|Garo||||||||"SARS-CoV-2 (COVID-19)"|Antigen|97097-0|"SARS-CoV-2 Ag Upper resp Ql IA.rapid"|"Nasopharyngeal swab"|258500001|04/11/2022|Negative|260385009
128|4244|10D2214779||Kalil|Nahuana||07/09/1989||"7785 W Irlo Bronson Memorial Hwy"|Kissimmee|FL|34747||Female|9999999999|"No Response"|1||0|0|0|0||0|Kalil||||||||"SARS-CoV-2 (COVID-19)"|Antigen|97097-0|"SARS-CoV-2 Ag Upper resp Ql IA.rapid"|"Nasopharyngeal swab"|258500001|04/11/2022|Negative|260385009
129|4244|10D2214779||Rawlings|Alston||06/01/1998||"1510 brookbank ave"|Charleston|FL|29412||Female|8435682267|"No Response"|1||0|0|0|0||0|Rawlings||||||||"SARS-CoV-2 (COVID-19)"|Antigen|97097-0|"SARS-CoV-2 Ag Upper resp Ql IA.rapid"|"Nasopharyngeal swab"|258500001|04/11/2022|Negative|260385009
130|4244|10D2214779||Fun|River||05/22/2000||"1510 brookbank ave"|Charleston|FL|29412||Male|8435322592|"No Response"|1||0|0|0|0||0|Fun||||||||"SARS-CoV-2 (COVID-19)"|Antigen|97097-0|"SARS-CoV-2 Ag Upper resp Ql IA.rapid"|"Nasopharyngeal swab"|258500001|04/11/2022|Negative|260385009
131|4244|10D2214779||Bailey|Gladwin||09/13/1953||"5006 Calle de sol"|Orlando|FL|32819||Male|2569909394|"No Response"|0||0|0|0|0||0|Bailey||||||||"SARS-CoV-2 (COVID-19)"|Antigen|97097-0|"SARS-CoV-2 Ag Upper resp Ql IA.rapid"|"Nasopharyngeal swab"|258500001|04/11/2022|Negative|260385009
132|4244|10D2214779||Mulchan|Gary||07/19/1964||"9382 mustard leaf dr"|Orlando|FL|32827||Male|5162500676|"No Response"|0||0|0|0|1||0|Mulchan||||||||"SARS-CoV-2 (COVID-19)"|Antigen|97097-0|"SARS-CoV-2 Ag Upper resp Ql IA.rapid"|"Nasopharyngeal swab"|258500001|04/11/2022|Negative|260385009
133|4244|10D2214779||Zitza|Marie||06/28/1960||"2886 ponkan ridge blvd"|Apopka|FL|32712||Female|4072223588|"No Response"|1||0|0|0|0||0|Zitza||||||||"SARS-CoV-2 (COVID-19)"|Antigen|97097-0|"SARS-CoV-2 Ag Upper resp Ql IA.rapid"|"Nasopharyngeal swab"|258500001|04/11/2022|Negative|260385009
134|4244|10D2214779||Zitza|Ronald||03/25/1957||"2886 ponkan ridge blvd"|Apopka|FL|32712||Male|4074481853|"No Response"|1||0|0|0|0||0|Zitza||||||||"SARS-CoV-2 (COVID-19)"|Antigen|97097-0|"SARS-CoV-2 Ag Upper resp Ql IA.rapid"|"Nasopharyngeal swab"|258500001|04/11/2022|Negative|260385009
135|4244|10D2214779||Vega|Piet||01/28/1982||"7193 SE Seagate Lane"|Stuart|FL|34997||Male|7723481128|"No Response"|0||0|0|0|0||0|Vega||||||||"SARS-CoV-2 (COVID-19)"|PCR|94500-6|"SARS-CoV-2 RNA Resp Ql NAA+probe"|"Nasopharyngeal swab"|258500001|04/11/2022|Negative|260385009
136|4244|10D2214779||Garson|Arlene||05/28/2034||Unknown|Unknown|FL|99999|||9999999999|"No Response"|0||0|0|0|0||1|Garson||||||||"SARS-CoV-2 (COVID-19)"|Antigen|97097-0|"SARS-CoV-2 Ag Upper resp Ql IA.rapid"|"Nasopharyngeal swab"|258500001|09/09/2021|Negative|260385009
137|4244|10D2214779||Bennett|Justin||02/21/1992||Unknown|Unknown|FL|99999||Male|7863962445|"No Response"|1||0|0|0|0||0|Bennett||||||||"SARS-CoV-2 (COVID-19)"|Antigen|97097-0|"SARS-CoV-2 Ag Upper resp Ql IA.rapid"|"Nasopharyngeal swab"|258500001|04/11/2022|Negative|260385009
138|4244|10D2214779||Hansen|Logan||12/03/1991||"2813 south ponte vedra blvd"|"Ponte vedra"|FL|32082||Male|7863962445|"No Response"|1||0|0|0|0||0|Hansen||||||||"SARS-CoV-2 (COVID-19)"|Antigen|97097-0|"SARS-CoV-2 Ag Upper resp Ql IA.rapid"|"Nasopharyngeal swab"|258500001|04/11/2022|Negative|260385009
139|4244|10D2214779||Jampol|Brandon||07/01/1993||"96 Alder Drive"|"Briarcliff Manor"|FL|10510||Male|7863962445|"No Response"|1||0|0|0|0||0|Jampol||||||||"SARS-CoV-2 (COVID-19)"|Antigen|97097-0|"SARS-CoV-2 Ag Upper resp Ql IA.rapid"|"Nasopharyngeal swab"|258500001|04/11/2022|Negative|260385009
140|4244|10D2214779||Teele|Scott||10/28/1969||"4741 Mount Zion Road"|Ferguson|FL|28624||Male|7863962445|"No Response"|1||0|0|0|0||0|Teele||||||||"SARS-CoV-2 (COVID-19)"|Antigen|97097-0|"SARS-CoV-2 Ag Upper resp Ql IA.rapid"|"Nasopharyngeal swab"|258500001|04/11/2022|Negative|260385009
141|4244|10D2214779||Shahi|Dennis||02/13/1988||Unknown|Unknown|FL|99999|||5616660708|"No Response"|0||0|0|0|0||1|Shahi||||||||"SARS-CoV-2 (COVID-19)"|Antigen|97097-0|"SARS-CoV-2 Ag Upper resp Ql IA.rapid"|"Nasopharyngeal swab"|258500001|04/11/2022|Negative|260385009
142|4244|10D2214779||Reimer|David||01/28/1974||"50 South Pointe Drive, Apt 805"|"Miami Beach"|FL|33139||Male|9299204761|"No Response"|1||0|0|0|0||0|Reimer||||||||"SARS-CoV-2 (COVID-19)"|Antigen|97097-0|"SARS-CoV-2 Ag Upper resp Ql IA.rapid"|"Nasopharyngeal swab"|258500001|04/11/2022|Negative|260385009
143|4244|10D2214779||Zitza|Marie||06/28/1960||"2886 ponkan ridge blvd"|Apopka|FL|32712||Female|4072223588|"No Response"|1||0|0|0|0||0|Zitza||||||||"SARS-CoV-2 (COVID-19)"|Antigen|97097-0|"SARS-CoV-2 Ag Upper resp Ql IA.rapid"|"Nasopharyngeal swab"|258500001|04/11/2022|Negative|260385009
144|4244|10D2214779||Zitza|Ronald||03/25/1957||"2886 ponkan ridge blvd"|Apopka|FL|32712||Male|4074481853|"No Response"|1||0|0|0|0||0|Zitza||||||||"SARS-CoV-2 (COVID-19)"|Antigen|97097-0|"SARS-CoV-2 Ag Upper resp Ql IA.rapid"|"Nasopharyngeal swab"|258500001|04/11/2022|Negative|260385009
145|4244|10D2214779||"Osadebay- Bullard"|jeunesse||09/20/1974||Unknown|Unknown|FL|99999||Female|2424249899|"No Response"|0||0|0|0|0||1|"Osadebay- Bullard"||||||||"SARS-CoV-2 (COVID-19)"|Antigen|97097-0|"SARS-CoV-2 Ag Upper resp Ql IA.rapid"|"Nasopharyngeal swab"|258500001|04/11/2022|Negative|260385009
146|4244|10D2214779||Bullard|Germaine||12/18/1979||Unknown|Unknown|FL|99999||Male|2424249899|"No Response"|0||0|0|0|0||1|Bullard||||||||"SARS-CoV-2 (COVID-19)"|Antigen|97097-0|"SARS-CoV-2 Ag Upper resp Ql IA.rapid"|"Nasopharyngeal swab"|258500001|04/11/2022|Negative|260385009
147|4244|10D2214779||Vega|Piet||01/28/1982||Unknown|Unknown|FL|99999||Male|7723481128|"No Response"|0||0|0|0|0||0|Vega||||||||"SARS-CoV-2 (COVID-19)"|PCR|94500-6|"SARS-CoV-2 RNA Resp Ql NAA+probe"|"Nasopharyngeal swab"|258500001|04/11/2022|Negative|260385009
148|4244|10D2214779||Sirju|Varoon||12/31/1981||"6321 Domenico Court"|Groveland|FL|34736||Male|6122395869|"No Response"|0||0|0|0|1||0|Sirju||||||||"SARS-CoV-2 (COVID-19)"|Antigen|97097-0|"SARS-CoV-2 Ag Upper resp Ql IA.rapid"|"Nasopharyngeal swab"|258500001|04/11/2022|Negative|260385009
