RecordID|FacilityID|CLIAID|PatientID|LastName|FirstName|MiddleName|DOB|SSN|StreetAddress|City|State|Zip|County|Gender|PhoneNumber|Ethnicity|RaceWhite|RaceBlack|RaceAmericanIndianAlaskanNative|RaceAsian|RaceNativeHawaiianOrOtherPacificIslander|RaceOther|RaceUnknown|RaceNoResponse|ProviderName|NPI|Pregnant|SchoolAssociation|SchoolName|MeetILIDefinition|PerformingLab|AccessionNumber|Pathogen|TestType|LOINC|LOINCShortName|SpecimenCollectionType|SpecimenSNOMED|SpecimenCollectedDate|Result|ResultSNOMED
1|4244|10D2214779||Tzum|Alejandro||01/01/1970||"714 apartamento 8 Center st"|Júpiter|FL|33458||Male|5619008348|"No Response"|0||0|0|0|0||0|Tzum||||||||"SARS-CoV-2 (COVID-19)"|Antigen|97097-0|"SARS-CoV-2 Ag Upper resp Ql IA.rapid"|"Nasopharyngeal swab"|258500001|04/25/2022|Negative|260385009
2|4244|10D2214779||Ferestien|Morgan||05/29/1993||"8858 SW 6th Street"|"Boca Raton"|FL|33433||Female|2015438858|"No Response"|1||0|0|0|0||0|Ferestien||||||||"SARS-CoV-2 (COVID-19)"|Antigen|97097-0|"SARS-CoV-2 Ag Upper resp Ql IA.rapid"|"Nasopharyngeal swab"|258500001|04/25/2022|Negative|260385009
3|4244|10D2214779||Ruel|Jean-Francois||11/16/1962||"600 Okeechobee"|"West Palm Beach"|FL|33401||Male|5142425952|"No Response"|1||0|0|0|0||0|Ruel||||||||"SARS-CoV-2 (COVID-19)"|Antigen|97097-0|"SARS-CoV-2 Ag Upper resp Ql IA.rapid"|"Nasopharyngeal swab"|258500001|04/25/2022|Negative|260385009
4|4244|10D2214779||Cenatus|Eldura||11/22/1977||"13220 NW 17th Avenue"|Miami|FL|33167||Male|9999999999|"No Response"|0||0|0|0|0||0|Cenatus||||||||"SARS-CoV-2 (COVID-19)"|Antigen|97097-0|"SARS-CoV-2 Ag Upper resp Ql IA.rapid"|"Nasopharyngeal swab"|258500001|04/25/2022|Negative|260385009
5|4244|10D2214779||Walkins|Marian||12/02/1984||"5096 Starblaze Drive"|Greenacres|FL|33463||Female|8634473780|"No Response"|0||0|1|0|0||0|Walkins||||||||"SARS-CoV-2 (COVID-19)"|PCR|94500-6|"SARS-CoV-2 RNA Resp Ql NAA+probe"|"Nasopharyngeal swab"|258500001|04/24/2022|Negative|260385009
6|4244|10D2214779||Skeete|"Robert Andrew"||09/14/1961||"10460 oak meadow ln"|"Lake worth"|FL|33449||Male|2462311619|"No Response"|0||0|0|0|1||0|Skeete||||||||"SARS-CoV-2 (COVID-19)"|Antigen|97097-0|"SARS-CoV-2 Ag Upper resp Ql IA.rapid"|"Nasopharyngeal swab"|258500001|04/25/2022|Negative|260385009
7|4244|10D2214779||Cenatus|Eldura||11/22/1977||"13220 NW 17th Ave"|Miami|FL|33167||Male|9999999999|"No Response"|0||0|0|0|0||0|Cenatus||||||||"SARS-CoV-2 (COVID-19)"|Antigen|97097-0|"SARS-CoV-2 Ag Upper resp Ql IA.rapid"|"Nasopharyngeal swab"|258500001|04/25/2022|Negative|260385009
8|4244|10D2214779||Butler|Eugeina||01/24/1986||"216 Villa Domani Court"|Davenport|FL|33896||Female|7863962445|"No Response"|0||0|0|0|0||0|Butler||||||||"SARS-CoV-2 (COVID-19)"|Antigen|97097-0|"SARS-CoV-2 Ag Upper resp Ql IA.rapid"|"Nasopharyngeal swab"|258500001|04/25/2022|Negative|260385009
9|4244|10D2214779||Butler|Franklyn||04/25/1982||Unknown|Unknown|FL|99999||Male|7863962445|"No Response"|0||0|0|0|0||0|Butler||||||||"SARS-CoV-2 (COVID-19)"|Antigen|97097-0|"SARS-CoV-2 Ag Upper resp Ql IA.rapid"|"Nasopharyngeal swab"|258500001|04/25/2022|Negative|260385009
10|4244|10D2214779||Butler|Felicity||11/10/2018||Unknown|Unknown|FL|99999||Female|7863962445|"No Response"|0||0|0|0|0||0|Butler||||||||"SARS-CoV-2 (COVID-19)"|Antigen|97097-0|"SARS-CoV-2 Ag Upper resp Ql IA.rapid"|"Nasopharyngeal swab"|258500001|04/25/2022|Negative|260385009
11|4244|10D2214779||Taylor|Christal||08/22/1999||Unknown|Unknown|FL|99999||Female|7863962445|"No Response"|0||0|0|0|0||0|Taylor||||||||"SARS-CoV-2 (COVID-19)"|Antigen|97097-0|"SARS-CoV-2 Ag Upper resp Ql IA.rapid"|"Nasopharyngeal swab"|258500001|04/25/2022|Negative|260385009
12|4244|10D2214779||Ferestien|Morgan||05/29/1993||"8858 SW 6th st"|"Boca Raton"|FL|33433||Female|2015438858|"No Response"|1||0|0|0|0||0|Ferestien||||||||"SARS-CoV-2 (COVID-19)"|Antigen|97097-0|"SARS-CoV-2 Ag Upper resp Ql IA.rapid"|"Nasopharyngeal swab"|258500001|04/25/2022|Negative|260385009
13|4244|10D2214779||Ruel|Jean-Francois||11/16/1962||"510 San Marco Dr."|"Fort Lauderdale"|FL|33301||Male|5142425952|"No Response"|1||0|0|0|0||0|Ruel||||||||"SARS-CoV-2 (COVID-19)"|Antigen|97097-0|"SARS-CoV-2 Ag Upper resp Ql IA.rapid"|"Nasopharyngeal swab"|258500001|04/25/2022|Negative|260385009
14|4244|10D2214779||"Da Silva"|Ademir||03/05/1977||Unknown|Unknown|FL|99999||Male|9702607779|"No Response"|0||0|0|0|0||0|"Da Silva"||||||||"SARS-CoV-2 (COVID-19)"|Antigen|97097-0|"SARS-CoV-2 Ag Upper resp Ql IA.rapid"|"Nasopharyngeal swab"|258500001|04/25/2022|Negative|260385009
15|4244|10D2214779||"Da Silva"|Ademir||03/05/1977||"39405 Lund Road"|Colorado|FL|81428||Male|9702607779|"No Response"|0||0|0|0|1||0|"Da Silva"||||||||"SARS-CoV-2 (COVID-19)"|Antigen|97097-0|"SARS-CoV-2 Ag Upper resp Ql IA.rapid"|"Nasopharyngeal swab"|258500001|04/25/2022|Negative|260385009
16|4244|10D2214779||Ruel|Jean-Francois||11/16/1962||"318 20th Street"|"Miami Beach"|FL|33139||Male|5142425952|"No Response"|1||0|0|0|0||0|Ruel||||||||"SARS-CoV-2 (COVID-19)"|Antigen|97097-0|"SARS-CoV-2 Ag Upper resp Ql IA.rapid"|"Nasopharyngeal swab"|258500001|04/25/2022|Negative|260385009
17|4244|10D2214779||Ruel|Jean-Francois||11/16/1962||"1500 17th street"|"Fort Lauderdale"|FL|33316||Male|5142425952|"No Response"|1||0|0|0|0||0|Ruel||||||||"SARS-CoV-2 (COVID-19)"|Antigen|97097-0|"SARS-CoV-2 Ag Upper resp Ql IA.rapid"|"Nasopharyngeal swab"|258500001|04/25/2022|Negative|260385009
18|4244|10D2214779||Skeete|"Robert Andrew"||09/14/1961||Unknown|Unknown|FL|99999|||2462311619|"No Response"|0||0|0|0|0||1|Skeete||||||||"SARS-CoV-2 (COVID-19)"|Antigen|97097-0|"SARS-CoV-2 Ag Upper resp Ql IA.rapid"|"Nasopharyngeal swab"|258500001|04/25/2022|Negative|260385009
19|4244|10D2214779||Wilhelm|Ian||01/27/1981||Unknown|Unknown|FL|99999||Male|7863962445|"No Response"|0||0|0|0|1||0|Wilhelm||||||||"SARS-CoV-2 (COVID-19)"|PCR|94500-6|"SARS-CoV-2 RNA Resp Ql NAA+probe"|"Nasopharyngeal swab"|258500001|04/25/2022|Negative|260385009
20|4244|10D2214779||Merriam|Lisa||07/19/1960||"1800 Eastwood Road"|Wilmington|FL|28403||Female|8044676746|"No Response"|1||0|0|0|0||0|Merriam||||||||"SARS-CoV-2 (COVID-19)"|Antigen|97097-0|"SARS-CoV-2 Ag Upper resp Ql IA.rapid"|"Nasopharyngeal swab"|258500001|04/25/2022|Negative|260385009
21|4244|10D2214779||"Fruehauf III"|Harry||11/01/1958||Unknown|Unknown|FL|99999||Male|9896198821|"No Response"|1||0|0|0|0||0|"Fruehauf III"||||||||"SARS-CoV-2 (COVID-19)"|PCR|94500-6|"SARS-CoV-2 RNA Resp Ql NAA+probe"|"Nasopharyngeal swab"|258500001|04/25/2022|Negative|260385009
22|4244|10D2214779||Ferestien|Morgan||05/29/1993||"8858 SW 6th St"|"Boca Raton"|FL|33433||Female|2015438858|"No Response"|1||0|0|0|0||0|Ferestien||||||||"SARS-CoV-2 (COVID-19)"|Antigen|97097-0|"SARS-CoV-2 Ag Upper resp Ql IA.rapid"|"Nasopharyngeal swab"|258500001|04/25/2022|Negative|260385009
23|4244|10D2214779||Moorman|Eric||07/11/1983||Unknown|Unknown|FL|99999||Male|7863962445|"No Response"|0||0|0|0|1||0|Moorman||||||||"SARS-CoV-2 (COVID-19)"|PCR|94500-6|"SARS-CoV-2 RNA Resp Ql NAA+probe"|"Nasopharyngeal swab"|258500001|04/25/2022|Negative|260385009
24|4244|10D2214779||Smith|Theodore||02/13/1972||"1901 Appleton court"|"Palm Beach gardens"|FL|33403||Male|5612483184|"No Response"|1||0|0|0|0||0|Smith||||||||"SARS-CoV-2 (COVID-19)"|PCR|94500-6|"SARS-CoV-2 RNA Resp Ql NAA+probe"|"Nasopharyngeal swab"|258500001|04/25/2022|Negative|260385009
25|4244|10D2214779||Moorman|Eric||07/11/1983||Unknown|Unknown|FL|99999||Male|7863962445|"No Response"|0||0|0|0|1||0|Moorman||||||||"SARS-CoV-2 (COVID-19)"|PCR|94500-6|"SARS-CoV-2 RNA Resp Ql NAA+probe"|"Nasopharyngeal swab"|258500001|04/25/2022|Negative|260385009
26|4244|10D2214779||Vaccari|Ottavia||08/24/2005||"1100 West Avenue Unit 1520"|"Miami Beach"|FL|33139||Female|9999999999|"No Response"|1||0|0|0|0||0|Vaccari||||||||"SARS-CoV-2 (COVID-19)"|Antigen|97097-0|"SARS-CoV-2 Ag Upper resp Ql IA.rapid"|"Nasopharyngeal swab"|258500001|04/18/2022|Negative|260385009
27|4244|10D2214779||Moorman|Eric||07/11/1983||Unknown|Unknown|FL|99999||Male|7863962445|"No Response"|0||0|0|0|1||0|Moorman||||||||"SARS-CoV-2 (COVID-19)"|PCR|94500-6|"SARS-CoV-2 RNA Resp Ql NAA+probe"|"Nasopharyngeal swab"|258500001|04/25/2022|Negative|260385009
28|4244|10D2214779||Walkins|Marian||12/02/1984||Unknown|Unknown|FL|99999|||8634473780|"No Response"|0||0|0|0|0||1|Walkins||||||||"SARS-CoV-2 (COVID-19)"|PCR|94500-6|"SARS-CoV-2 RNA Resp Ql NAA+probe"|"Nasopharyngeal swab"|258500001|04/24/2022|Negative|260385009
29|4244|10D2214779||"LA VISTA"|Wilfriede||05/06/1984||"Harrison hôtel"|Miami|FL|30133||Male|0645821848|"No Response"|1||0|0|0|0||0|"LA VISTA"||||||||"SARS-CoV-2 (COVID-19)"|Antigen|97097-0|"SARS-CoV-2 Ag Upper resp Ql IA.rapid"|"Nasopharyngeal swab"|258500001|04/24/2022|Negative|260385009
30|4244|10D2214779||Barrow|Sofiya||04/12/1993||Unknown|Unknown|FL|99999||Female|9999999999|"No Response"|0||0|0|0|0||1|Barrow||||||||"SARS-CoV-2 (COVID-19)"|Antigen|97097-0|"SARS-CoV-2 Ag Upper resp Ql IA.rapid"|"Nasopharyngeal swab"|258500001|04/24/2022|Negative|260385009
31|4244|10D2214779||Durden|Chelsea||06/07/1983||"8951 Claiborne Farm Dr"|Germantown|FL|38138||Female|8035289577|"No Response"|1||0|0|0|0||0|Durden||||||||"SARS-CoV-2 (COVID-19)"|Antigen|97097-0|"SARS-CoV-2 Ag Upper resp Ql IA.rapid"|"Nasopharyngeal swab"|258500001|04/25/2022|Negative|260385009
32|4244|10D2214779||Kowalski|Melissa||01/27/1974||"125 Saint James Ct"|Anderson|FL|29621||Female|8643568516|"No Response"|1||0|0|0|0||0|Kowalski||||||||"SARS-CoV-2 (COVID-19)"|Antigen|97097-0|"SARS-CoV-2 Ag Upper resp Ql IA.rapid"|"Nasopharyngeal swab"|258500001|04/25/2022|Negative|260385009
33|4244|10D2214779||Kowalski|Gregory||08/16/1968||"125 Saint James Ct"|Anderson|FL|29621||Male|8109645222|"No Response"|1||0|0|0|0||0|Kowalski||||||||"SARS-CoV-2 (COVID-19)"|Antigen|97097-0|"SARS-CoV-2 Ag Upper resp Ql IA.rapid"|"Nasopharyngeal swab"|258500001|04/25/2022|Negative|260385009
34|4244|10D2214779||Curry|Keana||02/04/2000||"5160 rice road apt. 303"|Antioch|FL|37013||Female|6159727179|"No Response"|1||0|0|0|0||0|Curry||||||||"SARS-CoV-2 (COVID-19)"|Antigen|97097-0|"SARS-CoV-2 Ag Upper resp Ql IA.rapid"|"Nasopharyngeal swab"|258500001|04/25/2022|Negative|260385009
35|4244|10D2214779||Gooden|Dominique||09/26/1997||"5039 jack dr"|Decatur|FL|30035||Male|4702300441|"No Response"|0||0|0|0|0||0|Gooden||||||||"SARS-CoV-2 (COVID-19)"|Antigen|97097-0|"SARS-CoV-2 Ag Upper resp Ql IA.rapid"|"Nasopharyngeal swab"|258500001|04/25/2022|Negative|260385009
36|4244|10D2214779||Swell|Fatimah||01/01/1970||"2020 moon drive sw, Conyers ga 30094"|Conyers|FL|30094||Female|6782827337|"No Response"|0||0|0|0|0||0|Swell||||||||"SARS-CoV-2 (COVID-19)"|Antigen|97097-0|"SARS-CoV-2 Ag Upper resp Ql IA.rapid"|"Nasopharyngeal swab"|258500001|04/25/2022|Negative|260385009
37|4244|10D2214779||O’Hara|Connor||07/07/2000||"5160 rice road apt 303"|Antioch|FL|37013||Male|16154002862|"No Response"|1||0|0|0|0||0|O’Hara||||||||"SARS-CoV-2 (COVID-19)"|Antigen|97097-0|"SARS-CoV-2 Ag Upper resp Ql IA.rapid"|"Nasopharyngeal swab"|258500001|04/25/2022|Negative|260385009
38|4244|10D2214779||Lozada|"Rainy Dence"||06/12/1989||"9137 Mansfield Rd, Shreveport, Louisiana"|Shreveport|FL|71118||Female|3183449365|"No Response"|0||0|1|0|0||0|Lozada||||||||"SARS-CoV-2 (COVID-19)"|Antigen|97097-0|"SARS-CoV-2 Ag Upper resp Ql IA.rapid"|"Nasopharyngeal swab"|258500001|04/25/2022|Negative|260385009
39|4244|10D2214779||Gallo|Fabrizio||06/05/1966||"16051 Collins Avenue"|"Sunny Isles"|FL|33160||Male|6466470183|"No Response"|1||0|0|0|0||0|Gallo||||||||"SARS-CoV-2 (COVID-19)"|Antigen|97097-0|"SARS-CoV-2 Ag Upper resp Ql IA.rapid"|"Nasopharyngeal swab"|258500001|04/25/2022|Negative|260385009
40|4244|10D2214779||Adan|Sylvia||02/17/1948||"1849 Glenwood Road"|Glendale|FL|91201||Female|9999999999|"No Response"|1||0|0|0|0||0|Adan||||||||"SARS-CoV-2 (COVID-19)"|Antigen|97097-0|"SARS-CoV-2 Ag Upper resp Ql IA.rapid"|"Nasopharyngeal swab"|258500001|04/25/2022|Negative|260385009
41|4244|10D2214779||Carson|Dawn||09/01/1969||"859 Verona Lake Drive"|Weston|FL|33326||Female|3096483378|"No Response"|1||0|0|0|0||0|Carson||||||||"SARS-CoV-2 (COVID-19)"|PCR|94500-6|"SARS-CoV-2 RNA Resp Ql NAA+probe"|"Nasopharyngeal swab"|258500001|04/25/2022|Negative|260385009
42|4244|10D2214779||Tolbert|Morgan||06/18/1996||"142 Lake Dr"|"Palm Beach Shores"|FL|33404||Male|6789380936|"No Response"|1||0|0|0|0||0|Tolbert||||||||"SARS-CoV-2 (COVID-19)"|PCR|94500-6|"SARS-CoV-2 RNA Resp Ql NAA+probe"|"Nasopharyngeal swab"|258500001|04/25/2022|Negative|260385009
43|4244|10D2214779||Diller|James||11/20/1972||"1099 Coral Way"|"Riviera Beach"|FL|33404||Male|7863962445|"No Response"|1||0|0|0|0||0|Diller||||||||"SARS-CoV-2 (COVID-19)"|PCR|94500-6|"SARS-CoV-2 RNA Resp Ql NAA+probe"|"Nasopharyngeal swab"|258500001|04/25/2022|Negative|260385009
44|4244|10D2214779||Adan|Mitchell||07/07/1978||"1849 Glenwood Road"|Glendale|FL|91201||Male|9999999999|"No Response"|1||0|0|0|0||0|Adan||||||||"SARS-CoV-2 (COVID-19)"|Antigen|97097-0|"SARS-CoV-2 Ag Upper resp Ql IA.rapid"|"Nasopharyngeal swab"|258500001|04/25/2022|Negative|260385009
45|4244|10D2214779||Ruel|Jean-Francois||11/16/1962||"3794 Quail Ridge Dr North"|"Boynton Beach"|FL|33436||Male|5142425952|"No Response"|1||0|0|0|0||0|Ruel||||||||"SARS-CoV-2 (COVID-19)"|Antigen|97097-0|"SARS-CoV-2 Ag Upper resp Ql IA.rapid"|"Nasopharyngeal swab"|258500001|04/25/2022|Negative|260385009
46|4244|10D2214779||Bennett|Isabelle||09/07/1966||"3794 Quail Ridge Ridge North"|Boynton|FL|33436||Female|5142425952|"No Response"|1||0|0|0|0||0|Bennett||||||||"SARS-CoV-2 (COVID-19)"|Antigen|97097-0|"SARS-CoV-2 Ag Upper resp Ql IA.rapid"|"Nasopharyngeal swab"|258500001|04/25/2022|Negative|260385009
47|4244|10D2214779||Ruel|Alexie||02/19/1996||"3794 Quail Ridge Dr North"|Biynton|FL|33436||Female|5142425952|"No Response"|1||0|0|0|0||0|Ruel||||||||"SARS-CoV-2 (COVID-19)"|Antigen|97097-0|"SARS-CoV-2 Ag Upper resp Ql IA.rapid"|"Nasopharyngeal swab"|258500001|04/25/2022|Negative|260385009
48|4244|10D2214779||Smith|Theodore||02/13/1972||"1901 Appleton court"|"Palm Beach gardens"|FL|33403||Male|5612483184|"No Response"|1||0|0|0|0||0|Smith||||||||"SARS-CoV-2 (COVID-19)"|PCR|94500-6|"SARS-CoV-2 RNA Resp Ql NAA+probe"|"Nasopharyngeal swab"|258500001|04/25/2022|Negative|260385009
49|4244|10D2214779||Smith|Donald||12/31/1958||"1535 SE 15th Street    Apt 301"|"Fort Lauderdale"|FL|33316||Male|9547896493|"No Response"|1||0|0|0|0||0|Smith||||||||"SARS-CoV-2 (COVID-19)"|Antigen|97097-0|"SARS-CoV-2 Ag Upper resp Ql IA.rapid"|"Nasopharyngeal swab"|258500001|04/25/2022|Negative|260385009
50|4244|10D2214779||Ouvaroff|Virginia||10/13/1977||"214 Linda lane"|"West palm beach"|FL|33405||Female|9999999999|"No Response"|1||0|0|0|0||0|Ouvaroff||||||||"SARS-CoV-2 (COVID-19)"|PCR|94500-6|"SARS-CoV-2 RNA Resp Ql NAA+probe"|"Nasopharyngeal swab"|258500001|04/25/2022|Negative|260385009
51|4244|10D2214779||Ramsdell|Richard||02/07/1975||"11136 Monet ridge road"|"Palm beach gardens"|FL|33410||Male|5616678891|"No Response"|1||0|0|0|0||0|Ramsdell||||||||"SARS-CoV-2 (COVID-19)"|PCR|94500-6|"SARS-CoV-2 RNA Resp Ql NAA+probe"|"Nasopharyngeal swab"|258500001|04/25/2022|Negative|260385009
52|4244|10D2214779||Pieniazek|Malgorzata||10/11/1970||Unknown|Unknown|FL|99999||Female|19549310756|"No Response"|1||0|0|0|0||0|Pieniazek||||||||"SARS-CoV-2 (COVID-19)"|Antigen|97097-0|"SARS-CoV-2 Ag Upper resp Ql IA.rapid"|"Nasopharyngeal swab"|258500001|04/25/2022|Negative|260385009
53|4244|10D2214779||"Lopez Leal"|German||10/04/1990||"1460 Distribution Drive, Unit 6109, Suwanee GA"|Suwanee|FL|30024||Male|6786206641|"No Response"|0||0|0|0|0||0|"Lopez Leal"||||||||"SARS-CoV-2 (COVID-19)"|Antigen|97097-0|"SARS-CoV-2 Ag Upper resp Ql IA.rapid"|"Nasopharyngeal swab"|258500001|04/25/2022|Negative|260385009
54|4244|10D2214779||"Isaak Sanchez"|"Alba Judith"||12/01/1992||"1460 Distribution Drive, Unit 6109"|Suwanee|FL|30024||Female|6786206641|"No Response"|0||0|0|0|0||0|"Isaak Sanchez"||||||||"SARS-CoV-2 (COVID-19)"|Antigen|97097-0|"SARS-CoV-2 Ag Upper resp Ql IA.rapid"|"Nasopharyngeal swab"|258500001|04/25/2022|Negative|260385009
55|4244|10D2214779||Pietraszko|Maciej||01/04/1977||Unknown|Unknown|FL|99999||Male|9999999999|"No Response"|1||0|0|0|0||0|Pietraszko||||||||"SARS-CoV-2 (COVID-19)"|Antigen|97097-0|"SARS-CoV-2 Ag Upper resp Ql IA.rapid"|"Nasopharyngeal swab"|258500001|04/25/2022|Negative|260385009
56|4244|10D2214779||Tellaki|Yasmine||03/16/2004||"2650 lake shore unit 1601"|"Riviera beach"|FL|33404||Female|2028649115|"No Response"|1||0|0|0|0||0|Tellaki||||||||"SARS-CoV-2 (COVID-19)"|Antigen|97097-0|"SARS-CoV-2 Ag Upper resp Ql IA.rapid"|"Nasopharyngeal swab"|258500001|04/25/2022|Negative|260385009
57|4244|10D2214779||Pinto|Gianfranco||10/13/1982||"11033 Legacy Blvd apt. 303"|"Palm beach gardens"|FL|33410||Male|9545363622|"No Response"|0||0|0|0|0||0|Pinto||||||||"SARS-CoV-2 (COVID-19)"|Antigen|97097-0|"SARS-CoV-2 Ag Upper resp Ql IA.rapid"|"Nasopharyngeal swab"|258500001|04/25/2022|Negative|260385009
58|4244|10D2214779||King|Gerald||11/12/1952||"9075 South Dadeland Blvd"|Miami|FL|33156||Male|9999999999|"No Response"|1||0|0|0|0||0|King||||||||"SARS-CoV-2 (COVID-19)"|Antigen|97097-0|"SARS-CoV-2 Ag Upper resp Ql IA.rapid"|"Nasopharyngeal swab"|258500001|04/25/2022|Negative|260385009
59|4244|10D2214779||King|Melanie||08/14/1957||"9075 South Dadeland Blvd"|Miami|FL|33156||Female|9999999999|"No Response"|1||0|0|0|0||0|King||||||||"SARS-CoV-2 (COVID-19)"|Antigen|97097-0|"SARS-CoV-2 Ag Upper resp Ql IA.rapid"|"Nasopharyngeal swab"|258500001|04/25/2022|Negative|260385009
60|4244|10D2214779||McLaughlin|Barbara||03/21/1945||"9075 South Dadeland Blvd"|Miami|FL|33156||Female|9999999999|"No Response"|1||0|0|0|0||0|McLaughlin||||||||"SARS-CoV-2 (COVID-19)"|Antigen|97097-0|"SARS-CoV-2 Ag Upper resp Ql IA.rapid"|"Nasopharyngeal swab"|258500001|04/25/2022|Negative|260385009
61|4244|10D2214779||Hedin|Mark||06/04/1969||"8701 N Stable Trace Court"|Hayden|FL|83835||Male|2064120068|"No Response"|1||0|0|0|0||0|Hedin||||||||"SARS-CoV-2 (COVID-19)"|Antigen|97097-0|"SARS-CoV-2 Ag Upper resp Ql IA.rapid"|"Nasopharyngeal swab"|258500001|04/25/2022|Negative|260385009
62|4244|10D2214779||BRAVI|MASSIMO||12/15/1976||"12133 TAYLOR CT"|"WEST WINDSOR"|FL|08550||Male|9738731459|"No Response"|1||0|0|0|0||0|BRAVI||||||||"SARS-CoV-2 (COVID-19)"|Antigen|97097-0|"SARS-CoV-2 Ag Upper resp Ql IA.rapid"|"Nasopharyngeal swab"|258500001|04/25/2022|Negative|260385009
63|4244|10D2214779||"Da Silva"|Ademir||03/05/1977||"39405 Lund road"|Paonia|FL|81428||Male|9702607779|"No Response"|0||0|0|0|1||0|"Da Silva"||||||||"SARS-CoV-2 (COVID-19)"|Antigen|97097-0|"SARS-CoV-2 Ag Upper resp Ql IA.rapid"|"Nasopharyngeal swab"|258500001|04/25/2022|Negative|260385009
64|4244|10D2214779||Conwell|"Mary M"||09/17/1948||"6281 N Mirror Lake Dr"|"Sebastian, FL"|FL|32958||Female|6319747224|"No Response"|1||0|0|0|0||0|Conwell||||||||"SARS-CoV-2 (COVID-19)"|PCR|94500-6|"SARS-CoV-2 RNA Resp Ql NAA+probe"|"Nasopharyngeal swab"|258500001|04/25/2022|Negative|260385009
65|4244|10D2214779||Goody|Lindsey||01/23/1992||"5299 e Elliott st"|Iona|FL|83427||Female|2083602218|"No Response"|1||0|0|0|0||0|Goody||||||||"SARS-CoV-2 (COVID-19)"|Antigen|97097-0|"SARS-CoV-2 Ag Upper resp Ql IA.rapid"|"Nasopharyngeal swab"|258500001|04/25/2022|Negative|260385009
66|4244|10D2214779||Niederer|Kirsten||10/28/1993||"3823 N Copper Ln"|"Idaho Falls"|FL|83401||Female|2085166463|"No Response"|1||0|0|0|0||0|Niederer||||||||"SARS-CoV-2 (COVID-19)"|Antigen|97097-0|"SARS-CoV-2 Ag Upper resp Ql IA.rapid"|"Nasopharyngeal swab"|258500001|04/25/2022|Negative|260385009
67|4244|10D2214779||"Charlton Jr"|Prince||03/31/1991||"432 Southwest 14th Court"|"Fort Lauderdale"|FL|33315||Male|12424553018|"No Response"|0||0|0|0|0||0|"Charlton Jr"||||||||"SARS-CoV-2 (COVID-19)"|Antigen|97097-0|"SARS-CoV-2 Ag Upper resp Ql IA.rapid"|"Nasopharyngeal swab"|258500001|04/25/2022|Negative|260385009
68|4244|10D2214779||Brill|"Gianni Eugen"||12/22/1950||"1043 hillsboro Mile"|"hillsboro beach"|FL|33062||Male|3104890102|"No Response"|1||0|0|0|0||0|Brill||||||||"SARS-CoV-2 (COVID-19)"|Antigen|97097-0|"SARS-CoV-2 Ag Upper resp Ql IA.rapid"|"Nasopharyngeal swab"|258500001|04/25/2022|Negative|260385009
69|4244|10D2214779||"Stifano Fernandez"|"Mercedes Clementina"||05/20/1970||Unknown|Unknown|FL|99999||Female|7867315981|"No Response"|0||0|0|0|1||0|"Stifano Fernandez"||||||||"SARS-CoV-2 (COVID-19)"|PCR|94500-6|"SARS-CoV-2 RNA Resp Ql NAA+probe"|"Nasopharyngeal swab"|258500001|04/25/2022|Negative|260385009
70|4244|10D2214779||Colella|"Pablo Miguel"||03/05/1968||Unknown|Unknown|FL|99999||Male|7867315981|"No Response"|0||0|0|0|1||0|Colella||||||||"SARS-CoV-2 (COVID-19)"|PCR|94500-6|"SARS-CoV-2 RNA Resp Ql NAA+probe"|"Nasopharyngeal swab"|258500001|04/25/2022|Negative|260385009
71|4244|10D2214779||Cenatus|Eldura||11/22/1977||Unknown|Unknown|FL|99999||Male|9999999999|"No Response"|0||0|0|0|1||0|Cenatus||||||||"SARS-CoV-2 (COVID-19)"|Antigen|97097-0|"SARS-CoV-2 Ag Upper resp Ql IA.rapid"|"Nasopharyngeal swab"|258500001|04/25/2022|Negative|260385009
72|4244|10D2214779||Haestad|"Aubin Lyon"||08/16/1965||"227 Brazilian Ave #2L"|"Palm Beach"|FL|33460||Female|2035257308|"No Response"|1||0|0|0|0||0|Haestad||||||||"SARS-CoV-2 (COVID-19)"|PCR|94500-6|"SARS-CoV-2 RNA Resp Ql NAA+probe"|"Nasopharyngeal swab"|258500001|04/25/2022|Negative|260385009
73|4244|10D2214779||Ferestien|Morgan||05/29/1993||"8858 SW 6th St"|"Boca Raton"|FL|33433||Female|2015438858|"No Response"|1||0|0|0|0||0|Ferestien||||||||"SARS-CoV-2 (COVID-19)"|Antigen|97097-0|"SARS-CoV-2 Ag Upper resp Ql IA.rapid"|"Nasopharyngeal swab"|258500001|04/25/2022|Negative|260385009
74|4244|10D2214779||Skeete|"Robert Andrew"||09/14/1961||"10640 Oak Meadow Ln"|"Lake Worth"|FL|33449||Male|2462311619|"No Response"|1||0|0|0|0||0|Skeete||||||||"SARS-CoV-2 (COVID-19)"|Antigen|97097-0|"SARS-CoV-2 Ag Upper resp Ql IA.rapid"|"Nasopharyngeal swab"|258500001|04/25/2022|Negative|260385009
75|4244|10D2214779||Jacobs|Jeffrey||11/24/1953||"13340 Mangrove Isle Drive"|"Palm Beach Gardens"|FL|33410||Male|5613852459|"No Response"|1||0|0|0|0||0|Jacobs||||||||"SARS-CoV-2 (COVID-19)"|Antigen|97097-0|"SARS-CoV-2 Ag Upper resp Ql IA.rapid"|"Nasopharyngeal swab"|258500001|04/25/2022|Negative|260385009
76|4244|10D2214779||Hamilton|Thomas||03/01/1956||"158 Via Condado Way"|"Palm Beach Gardens"|FL|33418||Male|8048746628|"No Response"|1||0|0|0|0||0|Hamilton||||||||"SARS-CoV-2 (COVID-19)"|Antigen|97097-0|"SARS-CoV-2 Ag Upper resp Ql IA.rapid"|"Nasopharyngeal swab"|258500001|04/25/2022|Negative|260385009
77|4244|10D2214779||Boyer|Erynn||03/16/1994||Unknown|Unknown|FL|99999||Female|4062416362|"No Response"|1||0|0|0|0||0|Boyer||||||||"SARS-CoV-2 (COVID-19)"|Antigen|97097-0|"SARS-CoV-2 Ag Upper resp Ql IA.rapid"|"Nasopharyngeal swab"|258500001|04/25/2022|Negative|260385009
78|4244|10D2214779||Thomsen|Chloe||09/10/1993||Unknown|Unknown|FL|99999||Female|2534950082|"No Response"|1||0|0|0|0||0|Thomsen||||||||"SARS-CoV-2 (COVID-19)"|Antigen|97097-0|"SARS-CoV-2 Ag Upper resp Ql IA.rapid"|"Nasopharyngeal swab"|258500001|04/25/2022|Negative|260385009
79|4244|10D2214779||Vaccari|Ottavia||08/24/2005||"1100 West Avenue , Apt.1520"|"Miami Beach"|FL|33139||Female|9999999999|"No Response"|1||0|0|0|0||0|Vaccari||||||||"SARS-CoV-2 (COVID-19)"|Antigen|97097-0|"SARS-CoV-2 Ag Upper resp Ql IA.rapid"|"Nasopharyngeal swab"|258500001|04/18/2022|Negative|260385009
80|4244|10D2214779||Lawrence|Carlton||10/25/1951||Unknown|Unknown|FL|99999||Male|9543946833|"No Response"|0||0|0|0|0||1|Lawrence||||||||"SARS-CoV-2 (COVID-19)"|Antigen|97097-0|"SARS-CoV-2 Ag Upper resp Ql IA.rapid"|"Nasopharyngeal swab"|258500001|04/25/2022|Negative|260385009
81|4244|10D2214779||"Fruehauf III"|Harry||11/01/1958||"232 Summit Ridge"|Gaylord|FL|49735||Male|9896198821|"No Response"|1||0|0|0|0||0|"Fruehauf III"||||||||"SARS-CoV-2 (COVID-19)"|PCR|94500-6|"SARS-CoV-2 RNA Resp Ql NAA+probe"|"Nasopharyngeal swab"|258500001|04/25/2022|Negative|260385009
82|4244|10D2214779||Fruehauf|Sheila||06/12/1963||"232 Summit Ridge"|Gaylord|FL|49735||Female|3038093322|"No Response"|1||0|0|0|0||0|Fruehauf||||||||"SARS-CoV-2 (COVID-19)"|PCR|94500-6|"SARS-CoV-2 RNA Resp Ql NAA+probe"|"Nasopharyngeal swab"|258500001|04/25/2022|Negative|260385009
83|4244|10D2214779||Dubois|Samuel||02/09/1971||Unknown|Unknown|FL|99999||Male|4437580444|"No Response"|1||0|0|0|0||0|Dubois||||||||"SARS-CoV-2 (COVID-19)"|Antigen|97097-0|"SARS-CoV-2 Ag Upper resp Ql IA.rapid"|"Nasopharyngeal swab"|258500001|04/25/2022|Negative|260385009
84|4244|10D2214779||Merriam|Lisa||07/19/1960||"1800 Eastwood Rd #275"|Wilmington|FL|28403||Female|8044676746|"No Response"|1||0|0|0|0||0|Merriam||||||||"SARS-CoV-2 (COVID-19)"|Antigen|97097-0|"SARS-CoV-2 Ag Upper resp Ql IA.rapid"|"Nasopharyngeal swab"|258500001|04/25/2022|Negative|260385009
85|4244|10D2214779||Kotani|Kento||04/20/1986||Unknown|Unknown|FL|99999||Male|9999999999|"No Response"|0||0|1|0|0||0|Kotani||||||||"SARS-CoV-2 (COVID-19)"|PCR|94500-6|"SARS-CoV-2 RNA Resp Ql NAA+probe"|"Nasopharyngeal swab"|258500001|04/25/2022|Negative|260385009
86|4244|10D2214779||Pake|"Chase Hilton"||03/31/1995||"8901 Dune Ridge Ct"|"Emerald Isle"|FL|28594||Male|9107874123|"No Response"|1||0|0|0|0||0|Pake||||||||"SARS-CoV-2 (COVID-19)"|PCR|94500-6|"SARS-CoV-2 RNA Resp Ql NAA+probe"|"Nasopharyngeal swab"|258500001|04/25/2022|Negative|260385009
87|4244|10D2214779||Tzum|Alejandro||01/01/1970||"714 apartamento número 8"|Júpiter|FL|33458||Male|5619008348|"No Response"|0||0|0|0|0||0|Tzum||||||||"SARS-CoV-2 (COVID-19)"|Antigen|97097-0|"SARS-CoV-2 Ag Upper resp Ql IA.rapid"|"Nasopharyngeal swab"|258500001|04/25/2022|Negative|260385009
88|4244|10D2214779||Tiede|Alice||06/18/1960||"1100 SE 5th Ct"|"Pompano Beach"|FL|33060||Female|5868683052|"No Response"|1||0|0|0|0||0|Tiede||||||||"SARS-CoV-2 (COVID-19)"|Antigen|97097-0|"SARS-CoV-2 Ag Upper resp Ql IA.rapid"|"Nasopharyngeal swab"|258500001|04/25/2022|Negative|260385009
89|4244|10D2214779||Moorman|Eric||07/11/1983||Unknown|Unknown|FL|99999||Male|7863962445|"No Response"|0||0|0|0|1||0|Moorman||||||||"SARS-CoV-2 (COVID-19)"|PCR|94500-6|"SARS-CoV-2 RNA Resp Ql NAA+probe"|"Nasopharyngeal swab"|258500001|04/25/2022|Negative|260385009
90|4244|10D2214779||"Cordoba Aponte"|"Randall Arturo"||02/08/1984||"209 Chandler St #215"|"Cape Canaveral"|FL|32920||Male|9547085924|"No Response"|0||0|0|0|1||0|"Cordoba Aponte"||||||||"SARS-CoV-2 (COVID-19)"|Antigen|97097-0|"SARS-CoV-2 Ag Upper resp Ql IA.rapid"|"Nasopharyngeal swab"|258500001|04/25/2022|Negative|260385009
91|4244|10D2214779||Johnson|Elizabeth||01/01/1970||"2376 Bolsover"|Houston|FL|77005||Female|7139072064|"No Response"|1||0|0|0|0||0|Johnson||||||||"SARS-CoV-2 (COVID-19)"|Antigen|97097-0|"SARS-CoV-2 Ag Upper resp Ql IA.rapid"|"Nasopharyngeal swab"|258500001|04/25/2022|Negative|260385009
92|4244|10D2214779||Goodwin|James||03/23/1955||"1209 N Weston Lm"|Austin|FL|78733||Male|5127519846|"No Response"|1||0|0|0|0||0|Goodwin||||||||"SARS-CoV-2 (COVID-19)"|Antigen|97097-0|"SARS-CoV-2 Ag Upper resp Ql IA.rapid"|"Nasopharyngeal swab"|258500001|04/25/2022|Negative|260385009
93|4244|10D2214779||Badal|"Andrew Renshaw"||10/18/1966||Unknown|Unknown|FL|99999||Male|7863962445|"No Response"|0||0|0|0|0||1|Badal||||||||"SARS-CoV-2 (COVID-19)"|Antigen|97097-0|"SARS-CoV-2 Ag Upper resp Ql IA.rapid"|"Nasopharyngeal swab"|258500001|04/25/2022|Negative|260385009
94|4244|10D2214779||Nobile|Diane||10/17/1968||Unknown|Unknown|FL|99999||Female|7863962445|"No Response"|0||0|0|0|0||1|Nobile||||||||"SARS-CoV-2 (COVID-19)"|Antigen|97097-0|"SARS-CoV-2 Ag Upper resp Ql IA.rapid"|"Nasopharyngeal swab"|258500001|04/25/2022|Negative|260385009
95|4244|10D2214779||Penick|"Gaylon Todd"||01/20/1962||"7210 Robin St"|"Texas City"|FL|77591||Male|4097717891|"No Response"|1||0|0|0|0||0|Penick||||||||"SARS-CoV-2 (COVID-19)"|Antigen|97097-0|"SARS-CoV-2 Ag Upper resp Ql IA.rapid"|"Nasopharyngeal swab"|258500001|04/25/2022|Negative|260385009
96|4244|10D2214779||Obey|Rick||08/06/1969||"2827 BANYAN BLVD CIRCLE NW"|"BOCA RATON"|FL|33431||Male|9542403775|"No Response"|1||0|0|0|0||0|Obey||||||||"SARS-CoV-2 (COVID-19)"|Antigen|97097-0|"SARS-CoV-2 Ag Upper resp Ql IA.rapid"|"Nasopharyngeal swab"|258500001|04/25/2022|Negative|260385009
97|4244|10D2214779||Malekzadeh|Shane||01/26/1988||"4819 limestone road"|Wilmington|FL|19709||Male|3023546521|"No Response"|1||0|0|0|0||0|Malekzadeh||||||||"SARS-CoV-2 (COVID-19)"|PCR|94500-6|"SARS-CoV-2 RNA Resp Ql NAA+probe"|"Nasopharyngeal swab"|258500001|04/25/2022|Negative|260385009
98|4244|10D2214779||Nam|Mikyung||10/04/1965||"6548 Sand lake sound rd"|Orlando|FL|32819||Female|4043091703|"No Response"|0||0|1|0|0||0|Nam||||||||"SARS-CoV-2 (COVID-19)"|PCR|94500-6|"SARS-CoV-2 RNA Resp Ql NAA+probe"|"Nasopharyngeal swab"|258500001|04/25/2022|Negative|260385009
99|4244|10D2214779||Park|Chloe||09/19/2016||"6548 Sand lake sound rd"|Orlando|FL|32819||Female|4043091703|"No Response"|0||0|1|0|0||0|Park||||||||"SARS-CoV-2 (COVID-19)"|PCR|94500-6|"SARS-CoV-2 RNA Resp Ql NAA+probe"|"Nasopharyngeal swab"|258500001|04/25/2022|Negative|260385009
100|4244|10D2214779||Linder|Kelly||02/05/1968||Unknown|Unknown|FL|99999||Female|7863962445|"No Response"|0||0|0|0|1||0|Linder||||||||"SARS-CoV-2 (COVID-19)"|PCR|94500-6|"SARS-CoV-2 RNA Resp Ql NAA+probe"|"Nasopharyngeal swab"|258500001|04/25/2022|Negative|260385009
101|4244|10D2214779||Wilhelm|Ian||01/27/1981||Unknown|Unknown|FL|99999||Male|7863962445|"No Response"|0||0|0|0|1||0|Wilhelm||||||||"SARS-CoV-2 (COVID-19)"|PCR|94500-6|"SARS-CoV-2 RNA Resp Ql NAA+probe"|"Nasopharyngeal swab"|258500001|04/25/2022|Negative|260385009
102|4244|10D2214779||Leonard|"Irvine Maggy"||10/14/1966||"7729 northtree way"|"lake worth"|FL|33467||Female|5147149478|"No Response"|0||0|0|0|0||0|Leonard||||||||"SARS-CoV-2 (COVID-19)"|Antigen|97097-0|"SARS-CoV-2 Ag Upper resp Ql IA.rapid"|"Nasopharyngeal swab"|258500001|04/25/2022|Negative|260385009
103|4244|10D2214779||Kher|Praveen||04/02/1988||"70 W 37th St, Apt 517"|"New York"|FL|10018||Male|9082298053|"No Response"|0||0|1|0|0||0|Kher||||||||"SARS-CoV-2 (COVID-19)"|Antigen|97097-0|"SARS-CoV-2 Ag Upper resp Ql IA.rapid"|"Nasopharyngeal swab"|258500001|04/25/2022|Negative|260385009
104|4244|10D2214779||Shiwlochan|Devina||09/18/1988||"3356 lukas cove"|Orlando|FL|32820||Female|4073733531|"No Response"|0||0|1|0|0||0|Shiwlochan||||||||"SARS-CoV-2 (COVID-19)"|Antigen|97097-0|"SARS-CoV-2 Ag Upper resp Ql IA.rapid"|"Nasopharyngeal swab"|258500001|04/25/2022|Negative|260385009
105|4244|10D2214779||Butler|Franklyn||04/25/1982||Unknown|Unknown|FL|99999||Male|7863962445|"No Response"|0||0|0|0|0||0|Butler||||||||"SARS-CoV-2 (COVID-19)"|Antigen|97097-0|"SARS-CoV-2 Ag Upper resp Ql IA.rapid"|"Nasopharyngeal swab"|258500001|04/25/2022|Negative|260385009
106|4244|10D2214779||Butler|Eugeina||01/24/1986||Unknown|Unknown|FL|99999||Female|7863962445|"No Response"|0||0|0|0|0||0|Butler||||||||"SARS-CoV-2 (COVID-19)"|Antigen|97097-0|"SARS-CoV-2 Ag Upper resp Ql IA.rapid"|"Nasopharyngeal swab"|258500001|04/25/2022|Negative|260385009
107|4244|10D2214779||Butler|Felicity||11/10/2018||Unknown|Unknown|FL|99999||Female|7863962445|"No Response"|0||0|0|0|0||0|Butler||||||||"SARS-CoV-2 (COVID-19)"|Antigen|97097-0|"SARS-CoV-2 Ag Upper resp Ql IA.rapid"|"Nasopharyngeal swab"|258500001|04/25/2022|Negative|260385009
108|4244|10D2214779||Taylor|Christal||08/22/1999||Unknown|Unknown|FL|99999||Female|7863962445|"No Response"|0||0|0|0|0||0|Taylor||||||||"SARS-CoV-2 (COVID-19)"|Antigen|97097-0|"SARS-CoV-2 Ag Upper resp Ql IA.rapid"|"Nasopharyngeal swab"|258500001|04/25/2022|Negative|260385009
109|4244|10D2214779||Grigorovich-Barsky|Peter||05/09/1974||"2448 Black Lake Blvd"|"Winter Garden"|FL|34787||Male|7148248303|"No Response"|1||0|0|0|0||0|Grigorovich-Barsky||||||||"SARS-CoV-2 (COVID-19)"|Antigen|97097-0|"SARS-CoV-2 Ag Upper resp Ql IA.rapid"|"Nasopharyngeal swab"|258500001|04/25/2022|Negative|260385009
110|4244|10D2214779||Grigorovich-Barsky|Jenny||01/05/1978||"2448 Black lake blvd"|"Winter garden"|FL|34787||Female|8016943577|"No Response"|1||0|0|0|0||0|Grigorovich-Barsky||||||||"SARS-CoV-2 (COVID-19)"|Antigen|97097-0|"SARS-CoV-2 Ag Upper resp Ql IA.rapid"|"Nasopharyngeal swab"|258500001|04/25/2022|Negative|260385009
111|4244|10D2214779||BRAVI|MASSIMO||12/15/1976||"12133 Taylor ct"|"West windsor"|FL|08550||Male|9738731459|"No Response"|1||0|0|0|0||0|BRAVI||||||||"SARS-CoV-2 (COVID-19)"|Antigen|97097-0|"SARS-CoV-2 Ag Upper resp Ql IA.rapid"|"Nasopharyngeal swab"|258500001|04/25/2022|Negative|260385009
112|4244|10D2214779||Diller|James||11/20/1972||"1099 Coral Way"|"Rivieria Beach"|FL|33404||Male|7863962445|"No Response"|1||0|0|0|0||0|Diller||||||||"SARS-CoV-2 (COVID-19)"|PCR|94500-6|"SARS-CoV-2 RNA Resp Ql NAA+probe"|"Nasopharyngeal swab"|258500001|04/25/2022|Negative|260385009
113|4244|10D2214779||Tolbert|Morgan||06/18/1996||"1099 Coral Way"|"Riviera Beach"|FL|33404||Male|6789380936|"No Response"|1||0|0|0|0||0|Tolbert||||||||"SARS-CoV-2 (COVID-19)"|PCR|94500-6|"SARS-CoV-2 RNA Resp Ql NAA+probe"|"Nasopharyngeal swab"|258500001|04/25/2022|Negative|260385009
114|4244|10D2214779||Malekzadeh|Shane||01/26/1988||"4819 Limestone Rd"|Wilmington|FL|19808||Male|3023546521|"No Response"|1||0|0|0|0||0|Malekzadeh||||||||"SARS-CoV-2 (COVID-19)"|PCR|94500-6|"SARS-CoV-2 RNA Resp Ql NAA+probe"|"Nasopharyngeal swab"|258500001|04/25/2022|Negative|260385009
115|4244|10D2214779||Butler|Franklyn||04/25/1982||Unknown|Unknown|FL|99999||Male|7863962445|"No Response"|0||0|0|0|0||0|Butler||||||||"SARS-CoV-2 (COVID-19)"|Antigen|97097-0|"SARS-CoV-2 Ag Upper resp Ql IA.rapid"|"Nasopharyngeal swab"|258500001|04/25/2022|Negative|260385009
116|4244|10D2214779||Butler|Eugeina||01/24/1986||Unknown|Unknown|FL|99999||Female|7863962445|"No Response"|0||0|0|0|0||0|Butler||||||||"SARS-CoV-2 (COVID-19)"|Antigen|97097-0|"SARS-CoV-2 Ag Upper resp Ql IA.rapid"|"Nasopharyngeal swab"|258500001|04/25/2022|Negative|260385009
117|4244|10D2214779||Wilhelm|Ian||01/27/1981||Unknown|Unknown|FL|99999||Male|7863962445|"No Response"|0||0|0|0|1||0|Wilhelm||||||||"SARS-CoV-2 (COVID-19)"|PCR|94500-6|"SARS-CoV-2 RNA Resp Ql NAA+probe"|"Nasopharyngeal swab"|258500001|04/25/2022|Negative|260385009
118|4244|10D2214779||Ferestien|Morgan||05/29/1993||"8858 SW 6th st"|"Boca Raton"|FL|33433||Female|2015438858|"No Response"|1||0|0|0|0||0|Ferestien||||||||"SARS-CoV-2 (COVID-19)"|Antigen|97097-0|"SARS-CoV-2 Ag Upper resp Ql IA.rapid"|"Nasopharyngeal swab"|258500001|04/25/2022|Negative|260385009
119|4244|10D2214779||Wilhelm|Ian||01/27/1981||Unknown|Unknown|FL|99999||Male|7863962445|"No Response"|0||0|0|0|1||0|Wilhelm||||||||"SARS-CoV-2 (COVID-19)"|PCR|94500-6|"SARS-CoV-2 RNA Resp Ql NAA+probe"|"Nasopharyngeal swab"|258500001|04/25/2022|Negative|260385009
