RecordID|FacilityID|CLIAID|PatientID|LastName|FirstName|MiddleName|DOB|SSN|StreetAddress|City|State|Zip|County|Gender|PhoneNumber|Ethnicity|RaceWhite|RaceBlack|RaceAmericanIndianAlaskanNative|RaceAsian|RaceNativeHawaiianOrOtherPacificIslander|RaceOther|RaceUnknown|RaceNoResponse|ProviderName|NPI|Pregnant|SchoolAssociation|SchoolName|MeetILIDefinition|PerformingLab|AccessionNumber|Pathogen|TestType|LOINC|LOINCShortName|SpecimenCollectionType|SpecimenSNOMED|SpecimenCollectedDate|Result|ResultSNOMED
1|4244|10D2214779||Gray|Dustin||03/03/1997||Unknown|Unknown|FL|33417||Male|5613136424|"No Response"|0||0|0|0|1||0|Gray||||||||"SARS-CoV-2 (COVID-19)"|Antigen|97097-0|"SARS-CoV-2 Ag Upper resp Ql IA.rapid"|"Nasopharyngeal swab"|258500001|04/07/2022|Negative|260385009
2|4244|10D2214779||Mandel|Marlene||12/02/1951||"17875 Collins ave"|"Sunny Isles"|FL|33160||Female|6478878352|"No Response"|1||0|0|0|0||0|Mandel||||||||"SARS-CoV-2 (COVID-19)"|PCR|94500-6|"SARS-CoV-2 RNA Resp Ql NAA+probe"|"Nasopharyngeal swab"|258500001|04/07/2022|Negative|260385009
3|4244|10D2214779||Gray|Dustin||03/03/1997||"1241 drexel rd"|"West palm beach"|FL|33417||Male|5613136424|"No Response"|1||0|0|0|0||0|Gray||||||||"SARS-CoV-2 (COVID-19)"|Antigen|97097-0|"SARS-CoV-2 Ag Upper resp Ql IA.rapid"|"Nasopharyngeal swab"|258500001|04/07/2022|Negative|260385009
4|4244|10D2214779||Lynch|Justin||12/24/2000||"5800 Fernley Dr W, Apt 35"|"West Palm Beach"|FL|33415||Male|5615927605|"No Response"|0||0|0|0|0||0|Lynch||||||||"SARS-CoV-2 (COVID-19)"|Antigen|97097-0|"SARS-CoV-2 Ag Upper resp Ql IA.rapid"|"Nasopharyngeal swab"|258500001|04/07/2022|Negative|260385009
5|4244|10D2214779||Ritschard|Ulrich||04/06/1960||"2061 Griffin Road"|"Dania Beach"|FL|33312||Male|9999999999|"No Response"|1||0|0|0|0||0|Ritschard||||||||"SARS-CoV-2 (COVID-19)"|Antigen|97097-0|"SARS-CoV-2 Ag Upper resp Ql IA.rapid"|"Nasopharyngeal swab"|258500001|04/07/2022|Negative|260385009
6|4244|10D2214779||Gutman|Amy||06/18/1972||"60 ford avenue"|oneonta|FL|13820||Female|7747552039|"No Response"|1||0|0|0|0||0|Gutman||||||||"SARS-CoV-2 (COVID-19)"|Antigen|97097-0|"SARS-CoV-2 Ag Upper resp Ql IA.rapid"|"Nasopharyngeal swab"|258500001|04/07/2022|Negative|260385009
7|4244|10D2214779||Enright|Ronan||04/19/2009||"60 ford avenue"|oneonta|FL|13820||Male|7747662039|"No Response"|1||0|0|0|0||0|Enright||||||||"SARS-CoV-2 (COVID-19)"|Antigen|97097-0|"SARS-CoV-2 Ag Upper resp Ql IA.rapid"|"Nasopharyngeal swab"|258500001|04/07/2022|Negative|260385009
8|4244|10D2214779||"Enright II"|Dennis||01/19/1971||"60 ford avenue"|oneonta|FL|13820||Male|7747662039|"No Response"|1||0|0|0|0||0|"Enright II"||||||||"SARS-CoV-2 (COVID-19)"|Antigen|97097-0|"SARS-CoV-2 Ag Upper resp Ql IA.rapid"|"Nasopharyngeal swab"|258500001|04/07/2022|Negative|260385009
9|4244|10D2214779||Gray|Dustin||03/03/1997||"1241 drexel rd"|"West palm beach"|FL|33417||Male|5613136424|"No Response"|1||0|0|0|0||0|Gray||||||||"SARS-CoV-2 (COVID-19)"|Antigen|97097-0|"SARS-CoV-2 Ag Upper resp Ql IA.rapid"|"Nasopharyngeal swab"|258500001|04/07/2022|Negative|260385009
10|4244|10D2214779||Ferguson|Sarah||11/26/1993||"6102 Winding Lake Drive"|Jupiter|FL|33458||Female|5618275355|"No Response"|1||0|0|0|0||0|Ferguson||||||||"SARS-CoV-2 (COVID-19)"|Antigen|97097-0|"SARS-CoV-2 Ag Upper resp Ql IA.rapid"|"Nasopharyngeal swab"|258500001|04/07/2022|Negative|260385009
11|4244|10D2214779||"de Leeuw"|Jamie||03/02/1991||"6102 Winding Lake Drive"|Jupiter|FL|33458||Male|2052079386|"No Response"|1||0|0|0|0||0|"de Leeuw"||||||||"SARS-CoV-2 (COVID-19)"|Antigen|97097-0|"SARS-CoV-2 Ag Upper resp Ql IA.rapid"|"Nasopharyngeal swab"|258500001|04/07/2022|Negative|260385009
12|4244|10D2214779||Ritschard|Ulrich||04/06/1960||"2500 Sterling Rd"|Hollwood|FL|33020||Male|9999999999|"No Response"|1||0|0|0|0||0|Ritschard||||||||"SARS-CoV-2 (COVID-19)"|Antigen|97097-0|"SARS-CoV-2 Ag Upper resp Ql IA.rapid"|"Nasopharyngeal swab"|258500001|04/07/2022|Negative|260385009
13|4244|10D2214779||Gray|Dustin||03/03/1997||"1241 drexel rd"|"West palm beach"|FL|33417||Male|5613136424|"No Response"|1||0|0|0|0||0|Gray||||||||"SARS-CoV-2 (COVID-19)"|Antigen|97097-0|"SARS-CoV-2 Ag Upper resp Ql IA.rapid"|"Nasopharyngeal swab"|258500001|04/07/2022|Negative|260385009
14|4244|10D2214779||Ionescu|Sandra||09/13/1984||"Eurostars Langford Hotel"|Miami|FL|33131||Female|3459261258|"No Response"|1||0|0|0|0||0|Ionescu||||||||"SARS-CoV-2 (COVID-19)"|Antigen|97097-0|"SARS-CoV-2 Ag Upper resp Ql IA.rapid"|"Nasopharyngeal swab"|258500001|04/07/2022|Negative|260385009
15|4244|10D2214779||Mandel|Marlene||12/02/1951||"17875 Collins ave"|"Sunny isles"|FL|03360||Female|6478878352|"No Response"|1||0|0|0|0||0|Mandel||||||||"SARS-CoV-2 (COVID-19)"|PCR|94500-6|"SARS-CoV-2 RNA Resp Ql NAA+probe"|"Nasopharyngeal swab"|258500001|04/07/2022|Negative|260385009
16|4244|10D2214779||Mandel|Marlene||12/02/1951||"17875 Collins ave"|"Sunny isles"|FL|33160||Female|6478878352|"No Response"|1||0|0|0|0||0|Mandel||||||||"SARS-CoV-2 (COVID-19)"|PCR|94500-6|"SARS-CoV-2 RNA Resp Ql NAA+probe"|"Nasopharyngeal swab"|258500001|04/07/2022|Negative|260385009
17|4244|10D2214779||Gray|Dustin||03/03/1997||"1241 drexel rd"|"West palm beach"|FL|33417||Male|5613136424|"No Response"|0||0|0|0|1||0|Gray||||||||"SARS-CoV-2 (COVID-19)"|Antigen|97097-0|"SARS-CoV-2 Ag Upper resp Ql IA.rapid"|"Nasopharyngeal swab"|258500001|04/07/2022|Negative|260385009
18|4244|10D2214779||Mandel|Marlene||12/02/1951||"17875 Collins ave"|"Sunny isles"|FL|33160||Female|6478878352|"No Response"|1||0|0|0|0||0|Mandel||||||||"SARS-CoV-2 (COVID-19)"|PCR|94500-6|"SARS-CoV-2 RNA Resp Ql NAA+probe"|"Nasopharyngeal swab"|258500001|04/07/2022|Negative|260385009
19|4244|10D2214779||Gray|Dustin||03/03/1997||"1241 drexel rd"|"west palm beach"|FL|33417||Male|5613136424|"No Response"|1||0|0|0|0||0|Gray||||||||"SARS-CoV-2 (COVID-19)"|Antigen|97097-0|"SARS-CoV-2 Ag Upper resp Ql IA.rapid"|"Nasopharyngeal swab"|258500001|04/07/2022|Negative|260385009
20|4244|10D2214779||Ferguson|Sarah||11/26/1993||"6102 Winding Lake Drive"|Jupiter|FL|33458||Female|5618275355|"No Response"|1||0|0|0|0||0|Ferguson||||||||"SARS-CoV-2 (COVID-19)"|Antigen|97097-0|"SARS-CoV-2 Ag Upper resp Ql IA.rapid"|"Nasopharyngeal swab"|258500001|04/07/2022|Negative|260385009
21|4244|10D2214779||Gray|Dustin||03/03/1997||"1241 drexel rd"|"West palm beach"|FL|33417||Male|5613136424|"No Response"|1||0|0|0|0||0|Gray||||||||"SARS-CoV-2 (COVID-19)"|Antigen|97097-0|"SARS-CoV-2 Ag Upper resp Ql IA.rapid"|"Nasopharyngeal swab"|258500001|04/07/2022|Negative|260385009
22|4244|10D2214779||"de Leeuw"|Jamie||03/02/1991||"6102 Winding Lake Drive"|Jupiter|FL|33458||Male|2052079386|"No Response"|1||0|0|0|0||0|"de Leeuw"||||||||"SARS-CoV-2 (COVID-19)"|Antigen|97097-0|"SARS-CoV-2 Ag Upper resp Ql IA.rapid"|"Nasopharyngeal swab"|258500001|04/07/2022|Negative|260385009
23|4244|10D2214779||Stagner|Julia||03/26/1948||"770 nw 176 ter"|Miami|FL|33169||Female|7862138568|"No Response"|1||0|0|0|0||0|Stagner||||||||"SARS-CoV-2 (COVID-19)"|Antigen|97097-0|"SARS-CoV-2 Ag Upper resp Ql IA.rapid"|"Nasopharyngeal swab"|258500001|04/07/2022|Negative|260385009
24|4244|10D2214779||Gray|Dustin||03/03/1997||"1241 drexel rd"|"west palm beach"|FL|33417||Male|5613136424|"No Response"|0||0|0|0|1||0|Gray||||||||"SARS-CoV-2 (COVID-19)"|Antigen|97097-0|"SARS-CoV-2 Ag Upper resp Ql IA.rapid"|"Nasopharyngeal swab"|258500001|04/07/2022|Negative|260385009
25|4244|10D2214779||Gray|Dustin||03/03/1997||"1241 drexel rd"|"west palm beach"|FL|33417||Male|5613136424|"No Response"|1||0|0|0|0||0|Gray||||||||"SARS-CoV-2 (COVID-19)"|Antigen|97097-0|"SARS-CoV-2 Ag Upper resp Ql IA.rapid"|"Nasopharyngeal swab"|258500001|04/07/2022|Negative|260385009
26|4244|10D2214779||Chasse|"Dominique  Jean Roger"||02/06/1969||Unknown|Unknown|FL|99999||Male|7863962445|"No Response"|0||0|0|0|0||1|Chasse||||||||"SARS-CoV-2 (COVID-19)"|PCR|94500-6|"SARS-CoV-2 RNA Resp Ql NAA+probe"|"Nasopharyngeal swab"|258500001|04/07/2022|Positive|10828004
27|4244|10D2214779||Collison|Sharon||03/26/1966||"Novotel Brickell, 1500 South West 1st Avenue,  miami FL, 33129"|Miami|FL|33129||Female|9999999999|"No Response"|1||0|0|0|0||0|Collison||||||||"SARS-CoV-2 (COVID-19)"|Antigen|97097-0|"SARS-CoV-2 Ag Upper resp Ql IA.rapid"|"Nasopharyngeal swab"|258500001|04/07/2022|Negative|260385009
28|4244|10D2214779||Poole|Mark||08/04/1960||"Novotel Brickell, 1500 SW1st Avenue"|Miami|FL|33129||Male|07588960078|"No Response"|1||0|0|0|0||0|Poole||||||||"SARS-CoV-2 (COVID-19)"|Antigen|97097-0|"SARS-CoV-2 Ag Upper resp Ql IA.rapid"|"Nasopharyngeal swab"|258500001|04/07/2022|Negative|260385009
29|4244|10D2214779||Muhwezi|Natasha||08/31/1978||"1600 Seven Seas Drive, Lake Buena Vista"|Orlando|FL|32830||Female|9999999999|"No Response"|1||0|0|0|0||0|Muhwezi||||||||"SARS-CoV-2 (COVID-19)"|Antigen|97097-0|"SARS-CoV-2 Ag Upper resp Ql IA.rapid"|"Nasopharyngeal swab"|258500001|04/07/2022|Negative|260385009
30|4244|10D2214779||Muhwezi|Herbert||01/24/1979||"1600 Seven Seas Drive, Lake Buena Vista"|Orlando|FL|32830||Male|9999999999|"No Response"|0||0|0|0|0||0|Muhwezi||||||||"SARS-CoV-2 (COVID-19)"|Antigen|97097-0|"SARS-CoV-2 Ag Upper resp Ql IA.rapid"|"Nasopharyngeal swab"|258500001|04/07/2022|Negative|260385009
31|4244|10D2214779||XIANG|WEI||05/11/1972||Unknown|"HONG KONG"|FL|00000||Female|85298267675|"No Response"|0||0|1|0|0||0|XIANG||||||||"SARS-CoV-2 (COVID-19)"|PCR|94500-6|"SARS-CoV-2 RNA Resp Ql NAA+probe"|"Nasopharyngeal swab"|258500001|04/07/2022|Negative|260385009
32|4244|10D2214779||Collison|Richard||10/17/1965||"Novotel Brickell,  1500 SW 1ST Avenue"|Miami|FL|33129||Male|9999999999|"No Response"|1||0|0|0|0||0|Collison||||||||"SARS-CoV-2 (COVID-19)"|Antigen|97097-0|"SARS-CoV-2 Ag Upper resp Ql IA.rapid"|"Nasopharyngeal swab"|258500001|04/07/2022|Negative|260385009
33|4244|10D2214779||Poole|Lesley||10/21/1963||"Novotel Brickell, 1500 SW1ST Avenue"|"Miami. FL"|FL|33129||Female|07588782400|"No Response"|1||0|0|0|0||0|Poole||||||||"SARS-CoV-2 (COVID-19)"|Antigen|97097-0|"SARS-CoV-2 Ag Upper resp Ql IA.rapid"|"Nasopharyngeal swab"|258500001|04/07/2022|Negative|260385009
34|4244|10D2214779||"Kalumba-M Ngoy"|Phillipe||12/28/1964||Unknown|Unknown|FL|99999||Male|3212764680|"No Response"|0||0|0|0|0||1|"Kalumba-M Ngoy"||||||||"SARS-CoV-2 (COVID-19)"|PCR|94500-6|"SARS-CoV-2 RNA Resp Ql NAA+probe"|"Nasopharyngeal swab"|258500001|04/07/2022|Negative|260385009
35|4244|10D2214779||"Kalumba-M Ngoy"|Phillipe||12/28/1964||Unknown|Unknown|FL|99999||Male|3212764680|"No Response"|0||0|0|0|0||1|"Kalumba-M Ngoy"||||||||"SARS-CoV-2 (COVID-19)"|PCR|94500-6|"SARS-CoV-2 RNA Resp Ql NAA+probe"|"Nasopharyngeal swab"|258500001|04/07/2022|Negative|260385009
36|4244|10D2214779||Ledward|Alexandra||01/17/1981||"1600 Seven Seas Drive, Lake Buena Vista"|Orlando|FL|32830||Female|9999999999|"No Response"|1||0|0|0|0||0|Ledward||||||||"SARS-CoV-2 (COVID-19)"|Antigen|97097-0|"SARS-CoV-2 Ag Upper resp Ql IA.rapid"|"Nasopharyngeal swab"|258500001|04/07/2022|Negative|260385009
37|4244|10D2214779||Hart|Jonathan||10/07/1974||"Disney Polynesian Village Resort, 1600 Seven Seas Drive, Lake Buena Vista"|Orlando|FL|32830||Male|9999999999|"No Response"|1||0|0|0|0||0|Hart||||||||"SARS-CoV-2 (COVID-19)"|Antigen|97097-0|"SARS-CoV-2 Ag Upper resp Ql IA.rapid"|"Nasopharyngeal swab"|258500001|04/07/2022|Negative|260385009
38|4244|10D2214779||Hart|Jocelyn||09/19/1976||"Disney Polynesian Village Resort, 1600 Seven Seas Drive, Lake Buena Vista"|Orlando|FL|32830||Female|9999999999|"No Response"|1||0|0|0|0||0|Hart||||||||"SARS-CoV-2 (COVID-19)"|Antigen|97097-0|"SARS-CoV-2 Ag Upper resp Ql IA.rapid"|"Nasopharyngeal swab"|258500001|04/07/2022|Negative|260385009
39|4244|10D2214779||Quinones|Zanoni||01/01/1970||"3318 Sterling Lake Circle"|Oviedo|FL|32765||Female|7863962445|"No Response"|0||0|0|0|0||0|Quinones||||||||"SARS-CoV-2 (COVID-19)"|Antigen|97097-0|"SARS-CoV-2 Ag Upper resp Ql IA.rapid"|"Nasopharyngeal swab"|258500001|04/07/2022|Negative|260385009
40|4244|10D2214779||Quinones|Louis||02/14/1966||"3318 Sterling Lake Circle"|Oviedo|FL|32765||Male|4074631970|"No Response"|0||0|0|0|0||0|Quinones||||||||"SARS-CoV-2 (COVID-19)"|Antigen|97097-0|"SARS-CoV-2 Ag Upper resp Ql IA.rapid"|"Nasopharyngeal swab"|258500001|04/07/2022|Negative|260385009
41|4244|10D2214779||"Mc Mahon"|Edmund||06/04/1985||"1600 Seven Seas Drive, Lake Buena Vista"|Orlando|FL|32830||Male|9999999999|"No Response"|1||0|0|0|0||0|"Mc Mahon"||||||||"SARS-CoV-2 (COVID-19)"|Antigen|97097-0|"SARS-CoV-2 Ag Upper resp Ql IA.rapid"|"Nasopharyngeal swab"|258500001|04/07/2022|Negative|260385009
42|4244|10D2214779||Hart|Alexander||01/17/2009||"Disney Polynesian Village Resort, 1600 Seven Seas Drive, Lake Buena Vista"|Orlando|FL|32830||Male|9999999999|"No Response"|1||0|0|0|0||0|Hart||||||||"SARS-CoV-2 (COVID-19)"|Antigen|97097-0|"SARS-CoV-2 Ag Upper resp Ql IA.rapid"|"Nasopharyngeal swab"|258500001|04/07/2022|Negative|260385009
43|4244|10D2214779||Lawson|Kristina||10/10/1978||"8720 SW Curry Drive Unit D"|Wilsonville|FL|97070||Female|9712713332|"No Response"|1||0|0|0|0||0|Lawson||||||||"SARS-CoV-2 (COVID-19)"|Antigen|97097-0|"SARS-CoV-2 Ag Upper resp Ql IA.rapid"|"Nasopharyngeal swab"|258500001|04/07/2022|Negative|260385009
44|4244|10D2214779||Saunders|Jason||07/21/1968||"1826 North N St."|"Lake Worth Beach, FL"|FL|33460||Male|5613587643|"No Response"|1||0|0|0|0||0|Saunders||||||||"SARS-CoV-2 (COVID-19)"|Antigen|97097-0|"SARS-CoV-2 Ag Upper resp Ql IA.rapid"|"Nasopharyngeal swab"|258500001|04/07/2022|Negative|260385009
45|4244|10D2214779||Gutman|Amy||06/18/1972||"1305 Morgan Stanley Avenue Apartment 434"|"Winter Park"|FL|32789||Female|7747552039|"No Response"|1||0|0|0|0||0|Gutman||||||||"SARS-CoV-2 (COVID-19)"|Antigen|97097-0|"SARS-CoV-2 Ag Upper resp Ql IA.rapid"|"Nasopharyngeal swab"|258500001|04/07/2022|Negative|260385009
46|4244|10D2214779||Stagner|Julia||03/26/1948||"770 nw 176 ter"|Miami|FL|33169||Female|7862138568|"No Response"|1||0|0|0|0||0|Stagner||||||||"SARS-CoV-2 (COVID-19)"|Antigen|97097-0|"SARS-CoV-2 Ag Upper resp Ql IA.rapid"|"Nasopharyngeal swab"|258500001|04/07/2022|Negative|260385009
47|4244|10D2214779||Vernon|Rebecca||05/16/1980||"Tradewinds Apartment Hotel, 2365 Pine Tree Drive, Miami Beach"|Miami|FL|33140||Female|2029775654|"No Response"|1||0|0|0|0||0|Vernon||||||||"SARS-CoV-2 (COVID-19)"|Antigen|97097-0|"SARS-CoV-2 Ag Upper resp Ql IA.rapid"|"Nasopharyngeal swab"|258500001|04/07/2022|Negative|260385009
48|4244|10D2214779||Mould|Marian||01/21/1946||Unknown|Unknown|FL|99999||Female|7863962445|"No Response"|1||0|0|0|0||0|Mould||||||||"SARS-CoV-2 (COVID-19)"|Antigen|97097-0|"SARS-CoV-2 Ag Upper resp Ql IA.rapid"|"Nasopharyngeal swab"|258500001|04/07/2022|Negative|260385009
49|4244|10D2214779||Mould|Michael||07/25/1945||Unknown|Unknown|FL|99999||Female|7863962445|"No Response"|0||0|0|0|0||1|Mould||||||||"SARS-CoV-2 (COVID-19)"|Antigen|97097-0|"SARS-CoV-2 Ag Upper resp Ql IA.rapid"|"Nasopharyngeal swab"|258500001|04/07/2022|Negative|260385009
50|4244|10D2214779||Silverton|Kevin||04/02/1969||"3570 las vegas boulevard south"|"Las vegas"|FL|89109||Male|9999999999|"No Response"|1||0|0|0|0||0|Silverton||||||||"SARS-CoV-2 (COVID-19)"|Antigen|97097-0|"SARS-CoV-2 Ag Upper resp Ql IA.rapid"|"Nasopharyngeal swab"|258500001|04/07/2022|Negative|260385009
51|4244|10D2214779||Cahill|Sharlene||05/04/1969||"3570 Las Vegas Boulevard South Las Vegas Strip"|"Las Vegas"|FL|89109||Female|9999999999|"No Response"|1||0|0|0|0||0|Cahill||||||||"SARS-CoV-2 (COVID-19)"|Antigen|97097-0|"SARS-CoV-2 Ag Upper resp Ql IA.rapid"|"Nasopharyngeal swab"|258500001|04/07/2022|Negative|260385009
52|4244|10D2214779||Enright|Ronan||04/19/2009||"1305 Morgan Stanley Avenue Apartment 434"|"Winter Park"|FL|32789||Male|7747662039|"No Response"|1||0|0|0|0||0|Enright||||||||"SARS-CoV-2 (COVID-19)"|Antigen|97097-0|"SARS-CoV-2 Ag Upper resp Ql IA.rapid"|"Nasopharyngeal swab"|258500001|04/07/2022|Negative|260385009
53|4244|10D2214779||Farrar|Daniel||04/11/1980||"Tradewinds Apartment Hotel, 2365 Pine Tree Drive, Miami Beach"|Miami|FL|33140||Male|2029775654|"No Response"|0||0|0|0|1||0|Farrar||||||||"SARS-CoV-2 (COVID-19)"|Antigen|97097-0|"SARS-CoV-2 Ag Upper resp Ql IA.rapid"|"Nasopharyngeal swab"|258500001|04/07/2022|Negative|260385009
54|4244|10D2214779||Orta|Felicita||12/22/1940||"1781 NE South Street"|"Jensen Beach"|FL|34957||Female|3523976391|"No Response"|0||0|0|0|0||0|Orta||||||||"SARS-CoV-2 (COVID-19)"|Antigen|97097-0|"SARS-CoV-2 Ag Upper resp Ql IA.rapid"|"Nasopharyngeal swab"|258500001|04/07/2022|Negative|260385009
55|4244|10D2214779||Maharaj-dulan|Tricia||09/10/1974||"6641 nw 30th St."|Sunrise|FL|33313||Female|19549144163|"No Response"|0||0|1|0|0||0|Maharaj-dulan||||||||"SARS-CoV-2 (COVID-19)"|Antigen|97097-0|"SARS-CoV-2 Ag Upper resp Ql IA.rapid"|"Nasopharyngeal swab"|258500001|04/07/2022|Negative|260385009
56|4244|10D2214779||Dulan|Daryl||11/07/1971||"6641 nw 30th St."|Sunrise|FL|33313||Male|19549144163|"No Response"|0||0|1|0|0||0|Dulan||||||||"SARS-CoV-2 (COVID-19)"|Antigen|97097-0|"SARS-CoV-2 Ag Upper resp Ql IA.rapid"|"Nasopharyngeal swab"|258500001|04/07/2022|Negative|260385009
57|4244|10D2214779||Dulan|Nirvanaa||11/30/2003||"6641 nw 30th st"|Sunrise|FL|33313||Female|19549144163|"No Response"|0||0|1|0|0||0|Dulan||||||||"SARS-CoV-2 (COVID-19)"|Antigen|97097-0|"SARS-CoV-2 Ag Upper resp Ql IA.rapid"|"Nasopharyngeal swab"|258500001|04/07/2022|Negative|260385009
58|4244|10D2214779||Fawkes|Rosalie||05/28/1953||"9100 N Kendall Drive"|Miami|FL|33176||Female|5612915045|"No Response"|0||0|0|0|0||0|Fawkes||||||||"SARS-CoV-2 (COVID-19)"|Antigen|97097-0|"SARS-CoV-2 Ag Upper resp Ql IA.rapid"|"Nasopharyngeal swab"|258500001|04/07/2022|Negative|260385009
59|4244|10D2214779||"Enright II"|Dennis||01/19/1971||"1305 Morgan Stanley Avenue Apartment 434"|"Winter Park"|FL|32789||Female|7747662039|"No Response"|1||0|0|0|0||0|"Enright II"||||||||"SARS-CoV-2 (COVID-19)"|Antigen|97097-0|"SARS-CoV-2 Ag Upper resp Ql IA.rapid"|"Nasopharyngeal swab"|258500001|04/07/2022|Negative|260385009
60|4244|10D2214779||Farrar|Anuhea||01/24/2017||"Tradewinds Apartment Hotel, 2365 Pine Tree Drive, Miami Beach"|Miami|FL|33140||Female|2029775654|"No Response"|0||0|0|0|1||0|Farrar||||||||"SARS-CoV-2 (COVID-19)"|Antigen|97097-0|"SARS-CoV-2 Ag Upper resp Ql IA.rapid"|"Nasopharyngeal swab"|258500001|04/07/2022|Negative|260385009
61|4244|10D2214779||Dulan|Avaani||05/31/2008||"6641 nw 30th St."|Sunrise|FL|33313||Female|19549144163|"No Response"|0||0|1|0|0||0|Dulan||||||||"SARS-CoV-2 (COVID-19)"|Antigen|97097-0|"SARS-CoV-2 Ag Upper resp Ql IA.rapid"|"Nasopharyngeal swab"|258500001|04/07/2022|Negative|260385009
62|4244|10D2214779||Belcher|"Deborah A"||09/06/1952||"770 nw 176 ter"|Miami|FL|33169||Female|7862138558|"No Response"|0||0|0|0|0||0|Belcher||||||||"SARS-CoV-2 (COVID-19)"|Antigen|97097-0|"SARS-CoV-2 Ag Upper resp Ql IA.rapid"|"Nasopharyngeal swab"|258500001|04/07/2022|Negative|260385009
63|4244|10D2214779||Ritschard|Ulrich||04/06/1960||"8200 SW 70th Avenue"|Miami|FL|33143||Male|9999999999|"No Response"|1||0|0|0|0||0|Ritschard||||||||"SARS-CoV-2 (COVID-19)"|Antigen|97097-0|"SARS-CoV-2 Ag Upper resp Ql IA.rapid"|"Nasopharyngeal swab"|258500001|04/07/2022|Negative|260385009
64|4244|10D2214779||Weaver|Sharon||04/21/1976||"17707 W 86 ST"|Lenexa|FL|66219||Female|9135443350|"No Response"|1||0|0|0|0||0|Weaver||||||||"SARS-CoV-2 (COVID-19)"|Antigen|97097-0|"SARS-CoV-2 Ag Upper resp Ql IA.rapid"|"Nasopharyngeal swab"|258500001|04/07/2022|Negative|260385009
65|4244|10D2214779||Reed|Tina||04/05/1973||"3712 SW Nottingham Rd"|Topeka|FL|66610||Female|7858170096|"No Response"|1||0|0|0|0||0|Reed||||||||"SARS-CoV-2 (COVID-19)"|Antigen|97097-0|"SARS-CoV-2 Ag Upper resp Ql IA.rapid"|"Nasopharyngeal swab"|258500001|04/07/2022|Negative|260385009
66|4244|10D2214779||Doyle|Kane||08/17/1989||Unknown|Unknown|FL|99999||Male|9999999999|"No Response"|1||0|0|0|0||0|Doyle||||||||"SARS-CoV-2 (COVID-19)"|PCR|94500-6|"SARS-CoV-2 RNA Resp Ql NAA+probe"|"Nasopharyngeal swab"|258500001|04/07/2022|Negative|260385009
67|4244|10D2214779||Starling|Darren||09/26/1987||"MGM Grand, Las Vegas"|"Las Vegas"|FL|99999||Male|07771993410|"No Response"|1||0|0|0|0||0|Starling||||||||"SARS-CoV-2 (COVID-19)"|Antigen|97097-0|"SARS-CoV-2 Ag Upper resp Ql IA.rapid"|"Nasopharyngeal swab"|258500001|03/31/2022|Negative|260385009
68|4244|10D2214779||Clennell|Karl||07/12/1988||"MGM grand"|"Las Vegas"|FL|99999||Male|7863962445|"No Response"|1||0|0|0|0||0|Clennell||||||||"SARS-CoV-2 (COVID-19)"|Antigen|97097-0|"SARS-CoV-2 Ag Upper resp Ql IA.rapid"|"Nasopharyngeal swab"|258500001|04/07/2022|Negative|260385009
69|4244|10D2214779||"Guenante cortes"|makarena||04/22/1992||"6345 Collins Avenue"|"Miami beach"|FL|33141||Female|9999999999|"No Response"|0||0|0|0|0||0|"Guenante cortes"||||||||"SARS-CoV-2 (COVID-19)"|Antigen|97097-0|"SARS-CoV-2 Ag Upper resp Ql IA.rapid"|"Nasopharyngeal swab"|258500001|04/07/2022|Negative|260385009
70|4244|10D2214779||"Cortes Encina"|Pamela||02/08/1969||"6345 Collins Avenue"|"Miami beach"|FL|33141||Female|9999999999|"No Response"|0||0|0|0|0||0|"Cortes Encina"||||||||"SARS-CoV-2 (COVID-19)"|Antigen|97097-0|"SARS-CoV-2 Ag Upper resp Ql IA.rapid"|"Nasopharyngeal swab"|258500001|04/07/2022|Negative|260385009
71|4244|10D2214779||Lynch|Justin||12/24/2000||"8209 Garden Catalina Circle, Apt 2032, Lake Worth, FL 33467"|"Lake Worth"|FL|33467||Male|5615927605|"No Response"|0||0|0|0|0||0|Lynch||||||||"SARS-CoV-2 (COVID-19)"|Antigen|97097-0|"SARS-CoV-2 Ag Upper resp Ql IA.rapid"|"Nasopharyngeal swab"|258500001|04/07/2022|Negative|260385009
72|4244|10D2214779||El-Hindy|Nabil||08/30/1976||"1819 79th Causeway"|Miami|FL|33141||Male|9999999999|"No Response"|1||0|0|0|0||0|El-Hindy||||||||"SARS-CoV-2 (COVID-19)"|Antigen|97097-0|"SARS-CoV-2 Ag Upper resp Ql IA.rapid"|"Nasopharyngeal swab"|258500001|04/07/2022|Negative|260385009
73|4244|10D2214779||Jurowska-Liput|Joanna||11/07/1976||"1819 79th Causeway"|Miami|FL|33141||Female|9999999999|"No Response"|1||0|0|0|0||0|Jurowska-Liput||||||||"SARS-CoV-2 (COVID-19)"|Antigen|97097-0|"SARS-CoV-2 Ag Upper resp Ql IA.rapid"|"Nasopharyngeal swab"|258500001|04/07/2022|Negative|260385009
74|4244|10D2214779||Liput|Adam||08/02/2007||"1819 79th Causeway"|Miami|FL|33141||Male|9999999999|"No Response"|1||0|0|0|0||0|Liput||||||||"SARS-CoV-2 (COVID-19)"|Antigen|97097-0|"SARS-CoV-2 Ag Upper resp Ql IA.rapid"|"Nasopharyngeal swab"|258500001|04/07/2022|Negative|260385009
75|4244|10D2214779||Klein|Michael||12/26/1992||"5877 American Way"|Orlando|FL|32819||Male|7863962445|"No Response"|1||0|0|0|0||0|Klein||||||||"SARS-CoV-2 (COVID-19)"|Antigen|97097-0|"SARS-CoV-2 Ag Upper resp Ql IA.rapid"|"Nasopharyngeal swab"|258500001|04/07/2022|Negative|260385009
76|4244|10D2214779||Bleibler|Beatrice||07/28/1995||"5877 American Way"|Orlando|FL|32819||Female|7863962445|"No Response"|1||0|0|0|0||0|Bleibler||||||||"SARS-CoV-2 (COVID-19)"|Antigen|97097-0|"SARS-CoV-2 Ag Upper resp Ql IA.rapid"|"Nasopharyngeal swab"|258500001|04/07/2022|Negative|260385009
77|4244|10D2214779||Klein|Margit||05/13/1961||"5877 American Way"|Orlando|FL|32819||Female|7863962445|"No Response"|1||0|0|0|0||0|Klein||||||||"SARS-CoV-2 (COVID-19)"|Antigen|97097-0|"SARS-CoV-2 Ag Upper resp Ql IA.rapid"|"Nasopharyngeal swab"|258500001|04/07/2022|Negative|260385009
78|4244|10D2214779||Klein|Michael||11/10/1959||"5877 American Way"|Orlando|FL|32819||Male|7863962445|"No Response"|1||0|0|0|0||0|Klein||||||||"SARS-CoV-2 (COVID-19)"|Antigen|97097-0|"SARS-CoV-2 Ag Upper resp Ql IA.rapid"|"Nasopharyngeal swab"|258500001|04/07/2022|Negative|260385009
79|4244|10D2214779||zuccarone|anna||03/06/1974||"8516 cedar cove ct"|Orlando|FL|32819||Female|4078008151|"No Response"|1||0|0|0|0||0|zuccarone||||||||"SARS-CoV-2 (COVID-19)"|Antigen|97097-0|"SARS-CoV-2 Ag Upper resp Ql IA.rapid"|"Nasopharyngeal swab"|258500001|04/07/2022|Negative|260385009
80|4244|10D2214779||Ionescu|Sandra||09/13/1984||"Fortune house hotel"|Miami|FL|33132||Female|3459261258|"No Response"|1||0|0|0|0||0|Ionescu||||||||"SARS-CoV-2 (COVID-19)"|Antigen|97097-0|"SARS-CoV-2 Ag Upper resp Ql IA.rapid"|"Nasopharyngeal swab"|258500001|04/07/2022|Negative|260385009
81|4244|10D2214779||Pedersen|"Michael bjergaard"||11/03/1979||"601 Washington ave"|"South Beach, Miami"|FL|33139||Male|+4553555812|"No Response"|1||0|0|0|0||0|Pedersen||||||||"SARS-CoV-2 (COVID-19)"|Antigen|97097-0|"SARS-CoV-2 Ag Upper resp Ql IA.rapid"|"Nasopharyngeal swab"|258500001|04/07/2022|Positive|10828004
82|4244|10D2214779||Gandy|John||05/23/2022||"4932 Mill Creek Road"|"Millboro, VA"|FL|24460||Male|9106034634|"No Response"|1||0|0|0|0||0|Gandy||||||||"SARS-CoV-2 (COVID-19)"|Antigen|97097-0|"SARS-CoV-2 Ag Upper resp Ql IA.rapid"|"Nasopharyngeal swab"|258500001|04/07/2022|Negative|260385009
83|4244|10D2214779||Talbert|Jeffery||03/31/1962||"84 Lost Forest Rd"|Bracey|FL|23919||Male|4347746172|"No Response"|1||0|0|0|0||0|Talbert||||||||"SARS-CoV-2 (COVID-19)"|Antigen|97097-0|"SARS-CoV-2 Ag Upper resp Ql IA.rapid"|"Nasopharyngeal swab"|258500001|04/07/2022|Negative|260385009
84|4244|10D2214779||Wilhoyte|Lisa||12/05/1963||"2000 North Congress Ave"|"West Palm Beach"|FL|33409||Female|5617585755|"No Response"|1||0|0|0|0||0|Wilhoyte||||||||"SARS-CoV-2 (COVID-19)"|Antigen|97097-0|"SARS-CoV-2 Ag Upper resp Ql IA.rapid"|"Nasopharyngeal swab"|258500001|04/07/2022|Negative|260385009
85|4244|10D2214779||Mandel|Marlene||12/02/1951||"17875 Collins ave"|"Sunny isles"|FL|33160||Female|6478878352|"No Response"|1||0|0|0|0||0|Mandel||||||||"SARS-CoV-2 (COVID-19)"|PCR|94500-6|"SARS-CoV-2 RNA Resp Ql NAA+probe"|"Nasopharyngeal swab"|258500001|04/07/2022|Negative|260385009
86|4244|10D2214779||Ferguson|Sarah||11/26/1993||"6102 Winding Lake Drive"|Jupiter|FL|33458||Female|5618275355|"No Response"|1||0|0|0|0||0|Ferguson||||||||"SARS-CoV-2 (COVID-19)"|Antigen|97097-0|"SARS-CoV-2 Ag Upper resp Ql IA.rapid"|"Nasopharyngeal swab"|258500001|04/07/2022|Negative|260385009
87|4244|10D2214779||"de Leeuw"|Jamie||03/02/1991||"6102 Winding Lake Drive"|Jupiter|FL|33458||Male|2052079386|"No Response"|1||0|0|0|0||0|"de Leeuw"||||||||"SARS-CoV-2 (COVID-19)"|Antigen|97097-0|"SARS-CoV-2 Ag Upper resp Ql IA.rapid"|"Nasopharyngeal swab"|258500001|04/07/2022|Negative|260385009
88|4244|10D2214779||stoffregen|Jonathan||01/23/1969||"1711 Windsor road"|Austin|FL|78703||Male|5122894350|"No Response"|0||0|0|0|0||0|stoffregen||||||||"SARS-CoV-2 (COVID-19)"|Antigen|97097-0|"SARS-CoV-2 Ag Upper resp Ql IA.rapid"|"Nasopharyngeal swab"|258500001|04/07/2022|Negative|260385009
89|4244|10D2214779||Ryder|Ricky||11/07/2006||Unknown|Unknown|FL|99999||Male|9999999999|"No Response"|0||0|0|0|0||1|Ryder||||||||"SARS-CoV-2 (COVID-19)"|Antigen|97097-0|"SARS-CoV-2 Ag Upper resp Ql IA.rapid"|"Nasopharyngeal swab"|258500001|04/07/2022|Negative|260385009
90|4244|10D2214779||Simmons|Shannon||08/12/1974||"817 w 129th st"|Gardena|FL|90247||Female|3109511682|"No Response"|0||0|0|0|0||0|Simmons||||||||"SARS-CoV-2 (COVID-19)"|Antigen|97097-0|"SARS-CoV-2 Ag Upper resp Ql IA.rapid"|"Nasopharyngeal swab"|258500001|04/07/2022|Negative|260385009
91|4244|10D2214779||Coelho|David||09/23/1968||"900 Brickell Key Boulevard, Unit 3302"|Miami|FL|33131||Male|7865438795|"No Response"|1||0|0|0|0||0|Coelho||||||||"SARS-CoV-2 (COVID-19)"|Antigen|97097-0|"SARS-CoV-2 Ag Upper resp Ql IA.rapid"|"Nasopharyngeal swab"|258500001|04/07/2022|Negative|260385009
92|4244|10D2214779||"Tirado De Camaran"|"Carmen Elena"||09/13/1963||"1422 Bartow Dr"|Celebration|FL|34747||Female|2013648320|"No Response"|0||0|0|0|0||0|"Tirado De Camaran"||||||||"SARS-CoV-2 (COVID-19)"|PCR|94500-6|"SARS-CoV-2 RNA Resp Ql NAA+probe"|"Nasopharyngeal swab"|258500001|04/07/2022|Negative|260385009
93|4244|10D2214779||Mckay|Paula||07/19/1966||"1175 NE Maimi Gardens"|"North Miami Beach"|FL|33179||Female|8765506815|"No Response"|0||0|0|0|0||0|Mckay||||||||"SARS-CoV-2 (COVID-19)"|Antigen|97097-0|"SARS-CoV-2 Ag Upper resp Ql IA.rapid"|"Nasopharyngeal swab"|258500001|04/07/2022|Negative|260385009
94|4244|10D2214779||Mckay|Paula||07/19/1966||"1175 NE Maimi Gardens"|"North Miami Beach"|FL|33179||Female|8765506815|"No Response"|0||0|0|0|0||0|Mckay||||||||"SARS-CoV-2 (COVID-19)"|Antigen|97097-0|"SARS-CoV-2 Ag Upper resp Ql IA.rapid"|"Nasopharyngeal swab"|258500001|04/07/2022|Negative|260385009
95|4244|10D2214779||Gorski|Rnay||06/09/1953||"2735 Lansdowne"|Waterford|FL|48329||Female|2482257469|"No Response"|1||0|0|0|0||0|Gorski||||||||"SARS-CoV-2 (COVID-19)"|Antigen|97097-0|"SARS-CoV-2 Ag Upper resp Ql IA.rapid"|"Nasopharyngeal swab"|258500001|04/07/2022|Negative|260385009
96|4244|10D2214779||Lorenz|Mary||09/09/1952||549393957|Goodrich|FL|48438||Female|18103488602|"No Response"|1||0|0|0|0||0|Lorenz||||||||"SARS-CoV-2 (COVID-19)"|Antigen|97097-0|"SARS-CoV-2 Ag Upper resp Ql IA.rapid"|"Nasopharyngeal swab"|258500001|04/07/2022|Negative|260385009
97|4244|10D2214779||Baboolal|Lester||12/16/1972||Unknown|Unknown|FL|99999||Male|3055601768|"No Response"|0||0|0|0|0||1|Baboolal||||||||"SARS-CoV-2 (COVID-19)"|Antigen|97097-0|"SARS-CoV-2 Ag Upper resp Ql IA.rapid"|"Nasopharyngeal swab"|258500001|04/07/2022|Negative|260385009
98|4244|10D2214779||"Villalba Rondon"|"Wendy Natasha"||03/08/1990||Unknown|Unknown|FL|99999||Female|3055601768|"No Response"|0||0|0|0|0||1|"Villalba Rondon"||||||||"SARS-CoV-2 (COVID-19)"|Antigen|97097-0|"SARS-CoV-2 Ag Upper resp Ql IA.rapid"|"Nasopharyngeal swab"|258500001|04/07/2022|Negative|260385009
99|4244|10D2214779||ARAQUE|DEBORA||08/01/1962||"1666 sw 29th ave"|miami|FL|33145||Female|9545156715|"No Response"|0||0|0|0|0||0|ARAQUE||||||||"SARS-CoV-2 (COVID-19)"|PCR|94500-6|"SARS-CoV-2 RNA Resp Ql NAA+probe"|"Nasopharyngeal swab"|258500001|04/07/2022|Negative|260385009
100|4244|10D2214779||Andersen|"Frederikke Etlar"||01/12/1997||"601 Washington ave"|Miami|FL|33139||Female|+4531388098|"No Response"|1||0|0|0|0||0|Andersen||||||||"SARS-CoV-2 (COVID-19)"|Antigen|97097-0|"SARS-CoV-2 Ag Upper resp Ql IA.rapid"|"Nasopharyngeal swab"|258500001|04/07/2022|Negative|260385009
101|4244|10D2214779||"De Haan"|"Paul Martijn"||05/31/1976||Unknown|Unknown|FL|99999||Male|5978532525|"No Response"|0||0|0|0|0||1|"De Haan"||||||||"SARS-CoV-2 (COVID-19)"|Antigen|97097-0|"SARS-CoV-2 Ag Upper resp Ql IA.rapid"|"Nasopharyngeal swab"|258500001|04/07/2022|Negative|260385009
102|4244|10D2214779||Bissessur|"Prenobe Priviraj"||04/12/1987||Unknown|Unknown|FL|99999||Male|5978532525|"No Response"|0||0|0|0|0||1|Bissessur||||||||"SARS-CoV-2 (COVID-19)"|Antigen|97097-0|"SARS-CoV-2 Ag Upper resp Ql IA.rapid"|"Nasopharyngeal swab"|258500001|04/07/2022|Negative|260385009
103|4244|10D2214779||McKissack|Kimberly||01/12/1975||"367 Manning Lane"|Hampton|FL|23666||Female|6155691661|"No Response"|0||0|0|0|0||0|McKissack||||||||"SARS-CoV-2 (COVID-19)"|Antigen|97097-0|"SARS-CoV-2 Ag Upper resp Ql IA.rapid"|"Nasopharyngeal swab"|258500001|04/07/2022|Negative|260385009
104|4244|10D2214779||Gray|Dustin||03/03/1997||"1241 Drexel Rd"|"West Palm Beach"|FL|33417||Male|5613136424|"No Response"|1||0|0|0|0||0|Gray||||||||"SARS-CoV-2 (COVID-19)"|Antigen|97097-0|"SARS-CoV-2 Ag Upper resp Ql IA.rapid"|"Nasopharyngeal swab"|258500001|04/07/2022|Negative|260385009
105|4244|10D2214779||Lindmark|Malin||02/01/1988||"1000 Collins avenue"|Miami|FL|33139||Female|9999999999|"No Response"|1||0|0|0|0||0|Lindmark||||||||"SARS-CoV-2 (COVID-19)"|Antigen|97097-0|"SARS-CoV-2 Ag Upper resp Ql IA.rapid"|"Nasopharyngeal swab"|258500001|04/07/2022|Negative|260385009
106|4244|10D2214779||Gamble|Tanner||07/29/1978||"2516 Averon Drive"|Orlando|FL|27526||Male|9194515784|"No Response"|1||0|0|0|0||0|Gamble||||||||"SARS-CoV-2 (COVID-19)"|Antigen|97097-0|"SARS-CoV-2 Ag Upper resp Ql IA.rapid"|"Nasopharyngeal swab"|258500001|04/07/2022|Negative|260385009
107|4244|10D2214779||Gamble|Jennifer||10/24/1975||"2516 Averon Drive"|"Fuquay Varina"|FL|27526||Female|9194515784|"No Response"|1||0|0|0|0||0|Gamble||||||||"SARS-CoV-2 (COVID-19)"|Antigen|97097-0|"SARS-CoV-2 Ag Upper resp Ql IA.rapid"|"Nasopharyngeal swab"|258500001|04/07/2022|Negative|260385009
108|4244|10D2214779||Wiklund|Mats||08/20/1987||"1000 Collins avenue"|Miami|FL|33139||Male|7863962445|"No Response"|1||0|0|0|0||0|Wiklund||||||||"SARS-CoV-2 (COVID-19)"|Antigen|97097-0|"SARS-CoV-2 Ag Upper resp Ql IA.rapid"|"Nasopharyngeal swab"|258500001|04/07/2022|Negative|260385009
109|4244|10D2214779||Gamble|Connor||04/22/2006||"2516 Averon Dr"|"Fuquay Varina"|FL|27526||Male|9194515784|"No Response"|1||0|0|0|0||0|Gamble||||||||"SARS-CoV-2 (COVID-19)"|Antigen|97097-0|"SARS-CoV-2 Ag Upper resp Ql IA.rapid"|"Nasopharyngeal swab"|258500001|04/07/2022|Negative|260385009
110|4244|10D2214779||Gamble|Karsyn||07/31/2009||"2516 Averon Drive"|"Fuquay Varina"|FL|27526||Female|9194515784|"No Response"|1||0|0|0|0||0|Gamble||||||||"SARS-CoV-2 (COVID-19)"|Antigen|97097-0|"SARS-CoV-2 Ag Upper resp Ql IA.rapid"|"Nasopharyngeal swab"|258500001|04/07/2022|Negative|260385009
111|4244|10D2214779||Chasse|"Dominique  Jean Roger"||02/06/1969||Unknown|Unknown|FL|99999||Male|7863962445|"No Response"|0||0|0|0|0||1|Chasse||||||||"SARS-CoV-2 (COVID-19)"|PCR|94500-6|"SARS-CoV-2 RNA Resp Ql NAA+probe"|"Nasopharyngeal swab"|258500001|04/07/2022|Positive|10828004
112|4244|10D2214779||Alcala|Steven||06/09/1983||"4215 Fairway Circle"|Tampa|FL|33618||Male|8138573819|"No Response"|0||0|0|0|0||0|Alcala||||||||"SARS-CoV-2 (COVID-19)"|Antigen|97097-0|"SARS-CoV-2 Ag Upper resp Ql IA.rapid"|"Nasopharyngeal swab"|258500001|04/07/2022|Negative|260385009
113|4244|10D2214779||Vide|Avelino||11/18/1968||"4215 Fairway Circle"|Tampa|FL|33618||Male|8137846827|"No Response"|0||0|0|0|0||0|Vide||||||||"SARS-CoV-2 (COVID-19)"|Antigen|97097-0|"SARS-CoV-2 Ag Upper resp Ql IA.rapid"|"Nasopharyngeal swab"|258500001|04/07/2022|Negative|260385009
114|4244|10D2214779||Liefsoens|Nadine||01/01/1970||"Sugar palm roud"|Kissimmee|FL|34741||Female|14075912451|"No Response"|1||0|0|0|0||0|Liefsoens||||||||"SARS-CoV-2 (COVID-19)"|Antigen|97097-0|"SARS-CoV-2 Ag Upper resp Ql IA.rapid"|"Nasopharyngeal swab"|258500001|04/07/2022|Negative|260385009
115|4244|10D2214779||Bullens|Saartje||10/03/1998||"8965 Sugar Palm Road"|Kissimmee|FL|34747||Female|9999999999|"No Response"|1||0|0|0|0||0|Bullens||||||||"SARS-CoV-2 (COVID-19)"|Antigen|97097-0|"SARS-CoV-2 Ag Upper resp Ql IA.rapid"|"Nasopharyngeal swab"|258500001|04/07/2022|Negative|260385009
116|4244|10D2214779||Akhtar|Denzel||01/01/1970||"Sugar palm road"|Kissimmee|FL|34741||Male|9999999999|"No Response"|1||0|0|0|0||0|Akhtar||||||||"SARS-CoV-2 (COVID-19)"|Antigen|97097-0|"SARS-CoV-2 Ag Upper resp Ql IA.rapid"|"Nasopharyngeal swab"|258500001|04/07/2022|Negative|260385009
117|4244|10D2214779||Akhtar|Mohamed||01/01/1970||"Sugar palm road"|Kissimmee|FL|34741||Male|14075912451|"No Response"|0||0|0|0|1||0|Akhtar||||||||"SARS-CoV-2 (COVID-19)"|Antigen|97097-0|"SARS-CoV-2 Ag Upper resp Ql IA.rapid"|"Nasopharyngeal swab"|258500001|04/07/2022|Negative|260385009
118|4244|10D2214779||Akhtar|Mitchell||06/25/1998||"8965 sugar palm road"|Kissimmee|FL|34747||Male|9999999999|"No Response"|1||0|0|0|0||0|Akhtar||||||||"SARS-CoV-2 (COVID-19)"|Antigen|97097-0|"SARS-CoV-2 Ag Upper resp Ql IA.rapid"|"Nasopharyngeal swab"|258500001|04/07/2022|Negative|260385009
119|4244|10D2214779||Giovannangeli|Matteo||01/15/1988||Unknown|Unknown|FL|99999||Male|9999999999|"No Response"|1||0|0|0|0||0|Giovannangeli||||||||"SARS-CoV-2 (COVID-19)"|Antigen|97097-0|"SARS-CoV-2 Ag Upper resp Ql IA.rapid"|"Nasopharyngeal swab"|258500001|04/07/2022|Negative|260385009
120|4244|10D2214779||Dubbini|Maurizio||01/01/1970||Unknown|Recanati|FL|62019||Male|9999999999|"No Response"|1||0|0|0|0||0|Dubbini||||||||"SARS-CoV-2 (COVID-19)"|Antigen|97097-0|"SARS-CoV-2 Ag Upper resp Ql IA.rapid"|"Nasopharyngeal swab"|258500001|04/07/2022|Negative|260385009
121|4244|10D2214779||"Pompei Brancaleoni"|Luca||05/06/1971||Unknown|Unknown|FL|99999||Male|9999999999|"No Response"|1||0|0|0|0||0|"Pompei Brancaleoni"||||||||"SARS-CoV-2 (COVID-19)"|Antigen|97097-0|"SARS-CoV-2 Ag Upper resp Ql IA.rapid"|"Nasopharyngeal swab"|258500001|04/07/2022|Negative|260385009
122|4244|10D2214779||Lewis|Stephen||12/23/1971||"Comfort Inn"|Orlando|FL|00000||Male|9999999999|"No Response"|1||0|0|0|0||0|Lewis||||||||"SARS-CoV-2 (COVID-19)"|Antigen|97097-0|"SARS-CoV-2 Ag Upper resp Ql IA.rapid"|"Nasopharyngeal swab"|258500001|04/07/2022|Negative|260385009
123|4244|10D2214779||Lewis|James||01/14/1940||"Comfort inn"|Orlando|FL|00000||Male|9999999999|"No Response"|1||0|0|0|0||0|Lewis||||||||"SARS-CoV-2 (COVID-19)"|Antigen|97097-0|"SARS-CoV-2 Ag Upper resp Ql IA.rapid"|"Nasopharyngeal swab"|258500001|04/07/2022|Negative|260385009
124|4244|10D2214779||Chasse|"Dominique  Jean Roger"||02/06/1969||Unknown|Unknown|FL|99999||Male|7863962445|"No Response"|0||0|0|0|0||1|Chasse||||||||"SARS-CoV-2 (COVID-19)"|PCR|94500-6|"SARS-CoV-2 RNA Resp Ql NAA+probe"|"Nasopharyngeal swab"|258500001|04/07/2022|Positive|10828004
125|4244|10D2214779||Stagner|Julia||03/26/1948||"770 nw 176 ter"|Miami|FL|33169||Female|7862138568|"No Response"|1||0|0|0|0||0|Stagner||||||||"SARS-CoV-2 (COVID-19)"|Antigen|97097-0|"SARS-CoV-2 Ag Upper resp Ql IA.rapid"|"Nasopharyngeal swab"|258500001|04/07/2022|Negative|260385009
126|4244|10D2214779||Coelho|David||09/23/1968||"900 Brickell Key Boulevard Unit 3302"|Miami|FL|33131||Male|7865438795|"No Response"|1||0|0|0|0||0|Coelho||||||||"SARS-CoV-2 (COVID-19)"|Antigen|97097-0|"SARS-CoV-2 Ag Upper resp Ql IA.rapid"|"Nasopharyngeal swab"|258500001|04/07/2022|Negative|260385009
127|4244|10D2214779||Gray|Dustin||03/03/1997||"1241 Drexel rd"|"west palm beach"|FL|33417||Male|5613136424|"No Response"|1||0|0|0|0||0|Gray||||||||"SARS-CoV-2 (COVID-19)"|Antigen|97097-0|"SARS-CoV-2 Ag Upper resp Ql IA.rapid"|"Nasopharyngeal swab"|258500001|04/07/2022|Negative|260385009
