RecordID|FacilityID|CLIAID|PatientID|LastName|FirstName|MiddleName|DOB|SSN|StreetAddress|City|State|Zip|County|Gender|PhoneNumber|Ethnicity|RaceWhite|RaceBlack|RaceAmericanIndianAlaskanNative|RaceAsian|RaceNativeHawaiianOrOtherPacificIslander|RaceOther|RaceUnknown|RaceNoResponse|ProviderName|NPI|Pregnant|SchoolAssociation|SchoolName|MeetILIDefinition|PerformingLab|AccessionNumber|Pathogen|TestType|LOINC|LOINCShortName|SpecimenCollectionType|SpecimenSNOMED|SpecimenCollectedDate|Result|ResultSNOMED
1|4244|10D2214779||SadiKu|Matthew||05/17/2022||"3638 East Hamilton key"|"West Palm Beach"|FL|33411||Male|2818500958|"No Response"|0||0|0|0|0||0|SadiKu||||||||"SARS-CoV-2 (COVID-19)"|Antigen|97097-0|"SARS-CoV-2 Ag Upper resp Ql IA.rapid"|"Nasopharyngeal swab"|258500001|04/19/2022|Negative|260385009
2|4244|10D2214779||SadiKu|Matthew||05/17/2022||"3638 East Hamilton key"|"West Palm Beach"|FL|33411||Male|2818500958|"No Response"|0||0|0|0|0||0|SadiKu||||||||"SARS-CoV-2 (COVID-19)"|Antigen|97097-0|"SARS-CoV-2 Ag Upper resp Ql IA.rapid"|"Nasopharyngeal swab"|258500001|04/19/2022|Negative|260385009
3|4244|10D2214779||Ridder|Joshua||05/14/1985||"2402 Stonybrook Dr"|Wellington|FL|33414||Male|5618892470|"No Response"|1||0|0|0|0||0|Ridder||||||||"SARS-CoV-2 (COVID-19)"|Antigen|97097-0|"SARS-CoV-2 Ag Upper resp Ql IA.rapid"|"Nasopharyngeal swab"|258500001|04/19/2022|Negative|260385009
4|4244|10D2214779||MCMASTERS|KEITH||06/23/1957||"1610 PRESIDENTIAL WAY APT B309"|"WEST PALM BEACH"|FL|33401||Male|4349445885|"No Response"|1||0|0|0|0||0|MCMASTERS||||||||"SARS-CoV-2 (COVID-19)"|Antigen|97097-0|"SARS-CoV-2 Ag Upper resp Ql IA.rapid"|"Nasopharyngeal swab"|258500001|04/19/2022|Negative|260385009
5|4244|10D2214779||MCMASTERS|SHEILA||09/09/1950||"1610 PRESIDENTIAL WAY APT B309"|"WEST PALM BEACH"|FL|33401||Female|4349445886|"No Response"|1||0|0|0|0||0|MCMASTERS||||||||"SARS-CoV-2 (COVID-19)"|Antigen|97097-0|"SARS-CoV-2 Ag Upper resp Ql IA.rapid"|"Nasopharyngeal swab"|258500001|04/19/2022|Negative|260385009
6|4244|10D2214779||Gajraj|Pascal||11/20/1968||"2280 San Vital Drive, Apt 106 - Building 43"|"Kissimmee, Florida"|FL|34741||Male|18687787639|"No Response"|0||0|0|0|1||0|Gajraj||||||||"SARS-CoV-2 (COVID-19)"|Antigen|97097-0|"SARS-CoV-2 Ag Upper resp Ql IA.rapid"|"Nasopharyngeal swab"|258500001|04/19/2022|Negative|260385009
7|4244|10D2214779||Gajraj|Olga||04/04/1973||"2280 San Vital Drive, Apt. 106 - Building 43"|"Kissimmee, Florida"|FL|34741||Female|18687787639|"No Response"|1||0|0|0|0||0|Gajraj||||||||"SARS-CoV-2 (COVID-19)"|Antigen|97097-0|"SARS-CoV-2 Ag Upper resp Ql IA.rapid"|"Nasopharyngeal swab"|258500001|04/19/2022|Negative|260385009
8|4244|10D2214779||Gajraj|Tristan||06/09/2009||"2280 San Vital Drive, Apt. 106 - Building 43"|"Kissimmee, Florida"|FL|34741||Male|18687787639|"No Response"|0||0|0|0|1||0|Gajraj||||||||"SARS-CoV-2 (COVID-19)"|Antigen|97097-0|"SARS-CoV-2 Ag Upper resp Ql IA.rapid"|"Nasopharyngeal swab"|258500001|04/19/2022|Negative|260385009
9|4244|10D2214779||Ridder|Joshua||05/14/1985||"2402 Stonybrook Dr"|Wellington|FL|33414||Male|5618892470|"No Response"|1||0|0|0|0||0|Ridder||||||||"SARS-CoV-2 (COVID-19)"|Antigen|97097-0|"SARS-CoV-2 Ag Upper resp Ql IA.rapid"|"Nasopharyngeal swab"|258500001|04/19/2022|Negative|260385009
10|4244|10D2214779||Ridder|Joshua||05/14/1985||"2402 Stonybrook Dr"|Wellington|FL|33414||Male|5618892470|"No Response"|1||0|0|0|0||0|Ridder||||||||"SARS-CoV-2 (COVID-19)"|Antigen|97097-0|"SARS-CoV-2 Ag Upper resp Ql IA.rapid"|"Nasopharyngeal swab"|258500001|04/19/2022|Negative|260385009
11|4244|10D2214779||"Delporte honorowski"|Sylvaine||02/05/1975||"3726 south pacific breeze circle unit 301"|"fort lauderdale"|FL|33309||Female|2076592267|"No Response"|1||0|0|0|0||0|"Delporte honorowski"||||||||"SARS-CoV-2 (COVID-19)"|Antigen|97097-0|"SARS-CoV-2 Ag Upper resp Ql IA.rapid"|"Nasopharyngeal swab"|258500001|04/19/2022|Negative|260385009
12|4244|10D2214779||Ademoroti|Janet||11/27/1956||"3638 East Hamilton Key"|"West Palm Beach"|FL|33411||Female|5613850548|"No Response"|0||0|0|0|0||0|Ademoroti||||||||"SARS-CoV-2 (COVID-19)"|Antigen|97097-0|"SARS-CoV-2 Ag Upper resp Ql IA.rapid"|"Nasopharyngeal swab"|258500001|04/19/2022|Negative|260385009
13|4244|10D2214779||Andrews|Sean||11/25/1977||"6330 N  Andrews Ave #263"|"Fort Lauderdale"|FL|33309||Male|9542924892|"No Response"|1||0|0|0|0||0|Andrews||||||||"SARS-CoV-2 (COVID-19)"|Antigen|97097-0|"SARS-CoV-2 Ag Upper resp Ql IA.rapid"|"Nasopharyngeal swab"|258500001|04/19/2022|Negative|260385009
14|4244|10D2214779||Andrews|Charlotte||12/10/1976||"6330 N Andrews Ave #263"|"Fort Lauderdale"|FL|33309||Female|9542924892|"No Response"|1||0|0|0|0||0|Andrews||||||||"SARS-CoV-2 (COVID-19)"|Antigen|97097-0|"SARS-CoV-2 Ag Upper resp Ql IA.rapid"|"Nasopharyngeal swab"|258500001|04/19/2022|Negative|260385009
15|4244|10D2214779||Andrews|Isabella||10/22/2012||"6330 N Andrews Ave #263"|"Fort Lauderdale"|FL|33309||Female|9542924892|"No Response"|1||0|0|0|0||0|Andrews||||||||"SARS-CoV-2 (COVID-19)"|Antigen|97097-0|"SARS-CoV-2 Ag Upper resp Ql IA.rapid"|"Nasopharyngeal swab"|258500001|04/19/2022|Negative|260385009
16|4244|10D2214779||Andrews|Ethan||11/07/2016||"6330 N Andrews Ave #263"|"Fort Lauderdale"|FL|33309||Male|9542924892|"No Response"|1||0|0|0|0||0|Andrews||||||||"SARS-CoV-2 (COVID-19)"|Antigen|97097-0|"SARS-CoV-2 Ag Upper resp Ql IA.rapid"|"Nasopharyngeal swab"|258500001|04/19/2022|Negative|260385009
17|4244|10D2214779||Singh|Lawrence||04/17/1950||"7045 nw 41 street"|miami|FL|33166||Male|3056804710|"No Response"|0||0|0|0|1||0|Singh||||||||"SARS-CoV-2 (COVID-19)"|Antigen|97097-0|"SARS-CoV-2 Ag Upper resp Ql IA.rapid"|"Nasopharyngeal swab"|258500001|04/19/2022|Negative|260385009
18|4244|10D2214779||MCMASTERS|KEITH||06/23/1957||"1610 PRESIDENTIAL WAY APT B309"|"WEST PALM BEACH"|FL|33430||Male|4349445885|"No Response"|1||0|0|0|0||0|MCMASTERS||||||||"SARS-CoV-2 (COVID-19)"|Antigen|97097-0|"SARS-CoV-2 Ag Upper resp Ql IA.rapid"|"Nasopharyngeal swab"|258500001|04/19/2022|Negative|260385009
19|4244|10D2214779||MCMASTERS|SHEILA||09/09/1950||"1610 PRESIDENTIAL WAY APT B309"|"WEST PALM BEACH"|FL|33401||Female|4349445886|"No Response"|1||0|0|0|0||0|MCMASTERS||||||||"SARS-CoV-2 (COVID-19)"|Antigen|97097-0|"SARS-CoV-2 Ag Upper resp Ql IA.rapid"|"Nasopharyngeal swab"|258500001|04/19/2022|Negative|260385009
20|4244|10D2214779||Whalen|Peter||06/13/1983||Unknown|Unknown|FL|99999||Male|6023125248|"No Response"|1||0|0|0|0||0|Whalen||||||||"SARS-CoV-2 (COVID-19)"|PCR|94500-6|"SARS-CoV-2 RNA Resp Ql NAA+probe"|"Nasopharyngeal swab"|258500001|04/19/2022|Negative|260385009
21|4244|10D2214779||Whalen|Amanda||01/20/1983||Unknown|Unknown|FL|99999||Female|5124661662|"No Response"|1||0|0|0|0||0|Whalen||||||||"SARS-CoV-2 (COVID-19)"|PCR|94500-6|"SARS-CoV-2 RNA Resp Ql NAA+probe"|"Nasopharyngeal swab"|258500001|04/19/2022|Negative|260385009
22|4244|10D2214779||Andrews|Ethan||11/07/2016||"6330 N Andrews Ave #263"|"Fort Lauderdale"|FL|33309||Male|9542924892|"No Response"|1||0|0|0|0||0|Andrews||||||||"SARS-CoV-2 (COVID-19)"|Antigen|97097-0|"SARS-CoV-2 Ag Upper resp Ql IA.rapid"|"Nasopharyngeal swab"|258500001|04/19/2022|Negative|260385009
23|4244|10D2214779||Andrews|Isabella||10/22/2012||"6330 N Andrews Ave #263"|"Fort Lauderdale"|FL|33309||Female|9542924892|"No Response"|1||0|0|0|0||0|Andrews||||||||"SARS-CoV-2 (COVID-19)"|Antigen|97097-0|"SARS-CoV-2 Ag Upper resp Ql IA.rapid"|"Nasopharyngeal swab"|258500001|04/19/2022|Negative|260385009
24|4244|10D2214779||Andrews|Charlotte||12/10/1976||"6330 N Andrews Ave #263"|"Fort Lauderdale"|FL|33309||Female|9542924892|"No Response"|1||0|0|0|0||0|Andrews||||||||"SARS-CoV-2 (COVID-19)"|Antigen|97097-0|"SARS-CoV-2 Ag Upper resp Ql IA.rapid"|"Nasopharyngeal swab"|258500001|04/19/2022|Negative|260385009
25|4244|10D2214779||Andrews|Sean||11/25/1977||"6330 N Andrews Ave #263"|"Fort Lauderdale"|FL|33309||Male|9542924892|"No Response"|1||0|0|0|0||0|Andrews||||||||"SARS-CoV-2 (COVID-19)"|Antigen|97097-0|"SARS-CoV-2 Ag Upper resp Ql IA.rapid"|"Nasopharyngeal swab"|258500001|04/19/2022|Negative|260385009
26|4244|10D2214779||Singh|Lawrence||04/17/1950||"7045 be 41 street"|Miami|FL|33166||Male|3056804710|"No Response"|0||0|0|0|1||0|Singh||||||||"SARS-CoV-2 (COVID-19)"|Antigen|97097-0|"SARS-CoV-2 Ag Upper resp Ql IA.rapid"|"Nasopharyngeal swab"|258500001|04/19/2022|Negative|260385009
27|4244|10D2214779||"Delporte honorowski"|Sylvaine||02/05/1975||"3726 South Pacific breeze apt 301"|"Fort Lauderdale"|FL|33309||Female|2076592267|"No Response"|1||0|0|0|0||0|"Delporte honorowski"||||||||"SARS-CoV-2 (COVID-19)"|Antigen|97097-0|"SARS-CoV-2 Ag Upper resp Ql IA.rapid"|"Nasopharyngeal swab"|258500001|04/19/2022|Negative|260385009
28|4244|10D2214779||Whalen|Peter||06/13/1983||Unknown|Unknown|FL|99999||Male|6023125248|"No Response"|1||0|0|0|0||0|Whalen||||||||"SARS-CoV-2 (COVID-19)"|PCR|94500-6|"SARS-CoV-2 RNA Resp Ql NAA+probe"|"Nasopharyngeal swab"|258500001|04/19/2022|Negative|260385009
29|4244|10D2214779||Whalen|Amanda||01/20/1983||Unknown|Unknown|FL|99999||Female|5124661662|"No Response"|1||0|0|0|0||0|Whalen||||||||"SARS-CoV-2 (COVID-19)"|PCR|94500-6|"SARS-CoV-2 RNA Resp Ql NAA+probe"|"Nasopharyngeal swab"|258500001|04/19/2022|Negative|260385009
30|4244|10D2214779||MCMASTERS|KEITH||06/23/1957||"1610 PRESIDENTIAL WAY APT B309"|"WEST PALM BEACH"|FL|33401||Male|4349445885|"No Response"|1||0|0|0|0||0|MCMASTERS||||||||"SARS-CoV-2 (COVID-19)"|Antigen|97097-0|"SARS-CoV-2 Ag Upper resp Ql IA.rapid"|"Nasopharyngeal swab"|258500001|04/19/2022|Negative|260385009
31|4244|10D2214779||MCMASTERS|SHEILA||09/09/1950||"1610 PRESIDENTIAL WAY APT B309"|"WEST PALM BEACH"|FL|33401||Female|4349445886|"No Response"|1||0|0|0|0||0|MCMASTERS||||||||"SARS-CoV-2 (COVID-19)"|Antigen|97097-0|"SARS-CoV-2 Ag Upper resp Ql IA.rapid"|"Nasopharyngeal swab"|258500001|04/19/2022|Negative|260385009
32|4244|10D2214779||Thomas|John||04/21/1955||"462 N.W. Fetterbush Way"|"Jensen Beach"|FL|00000||Male|9542189201|"No Response"|1||0|0|0|0||0|Thomas||||||||"SARS-CoV-2 (COVID-19)"|Antigen|97097-0|"SARS-CoV-2 Ag Upper resp Ql IA.rapid"|"Nasopharyngeal swab"|258500001|04/19/2022|Negative|260385009
33|4244|10D2214779||Whalen|Peter||06/13/1983||"108 Nativa Cr"|WPB|FL|33410||Male|6023125248|"No Response"|1||0|0|0|0||0|Whalen||||||||"SARS-CoV-2 (COVID-19)"|PCR|94500-6|"SARS-CoV-2 RNA Resp Ql NAA+probe"|"Nasopharyngeal swab"|258500001|04/19/2022|Negative|260385009
34|4244|10D2214779||Whalen|Amanda||01/20/1983||"79 OLD ORCHARD ST"|BUFFALO|FL|14221||Female|5124661662|"No Response"|1||0|0|0|0||0|Whalen||||||||"SARS-CoV-2 (COVID-19)"|PCR|94500-6|"SARS-CoV-2 RNA Resp Ql NAA+probe"|"Nasopharyngeal swab"|258500001|04/19/2022|Negative|260385009
35|4244|10D2214779||Andrews|Isabella||10/22/2012||"6330 N Andrews Ave #263"|"Fort Lauderdale"|FL|33309||Female|9542924892|"No Response"|1||0|0|0|0||0|Andrews||||||||"SARS-CoV-2 (COVID-19)"|Antigen|97097-0|"SARS-CoV-2 Ag Upper resp Ql IA.rapid"|"Nasopharyngeal swab"|258500001|04/19/2022|Negative|260385009
36|4244|10D2214779||Andrews|Charlotte||12/10/1976||"6330 N Andrews Ave #263"|"Fort Lauderdale"|FL|33309||Female|9542924892|"No Response"|1||0|0|0|0||0|Andrews||||||||"SARS-CoV-2 (COVID-19)"|Antigen|97097-0|"SARS-CoV-2 Ag Upper resp Ql IA.rapid"|"Nasopharyngeal swab"|258500001|04/19/2022|Negative|260385009
37|4244|10D2214779||Andrews|Ethan||11/07/2016||"6330 N Andrews Ave #263"|"Fort Lauderdale"|FL|33309||Male|9542924892|"No Response"|1||0|0|0|0||0|Andrews||||||||"SARS-CoV-2 (COVID-19)"|Antigen|97097-0|"SARS-CoV-2 Ag Upper resp Ql IA.rapid"|"Nasopharyngeal swab"|258500001|04/19/2022|Negative|260385009
38|4244|10D2214779||Andrews|Sean||11/25/1977||"6330 N Andrews Ave #263"|"Fort Lauderdale"|FL|33309||Male|9542924892|"No Response"|1||0|0|0|0||0|Andrews||||||||"SARS-CoV-2 (COVID-19)"|Antigen|97097-0|"SARS-CoV-2 Ag Upper resp Ql IA.rapid"|"Nasopharyngeal swab"|258500001|04/19/2022|Negative|260385009
39|4244|10D2214779||Andrews|Ethan||11/07/2016||"6330 N Andrews Ave #263"|"Fort Lauderdale"|FL|33309||Male|9542924892|"No Response"|1||0|0|0|0||0|Andrews||||||||"SARS-CoV-2 (COVID-19)"|Antigen|97097-0|"SARS-CoV-2 Ag Upper resp Ql IA.rapid"|"Nasopharyngeal swab"|258500001|04/19/2022|Negative|260385009
40|4244|10D2214779||Andrews|Charlotte||12/10/1976||"6330 N Andrews Ave #263"|"Fort Lauderdale"|FL|33309||Female|9542924892|"No Response"|1||0|0|0|0||0|Andrews||||||||"SARS-CoV-2 (COVID-19)"|Antigen|97097-0|"SARS-CoV-2 Ag Upper resp Ql IA.rapid"|"Nasopharyngeal swab"|258500001|04/19/2022|Negative|260385009
41|4244|10D2214779||Andrews|Isabella||10/22/2012||"6330 N Andrews Ave #263"|"Fort Lauderdale"|FL|33309||Female|9542924892|"No Response"|1||0|0|0|0||0|Andrews||||||||"SARS-CoV-2 (COVID-19)"|Antigen|97097-0|"SARS-CoV-2 Ag Upper resp Ql IA.rapid"|"Nasopharyngeal swab"|258500001|04/19/2022|Negative|260385009
42|4244|10D2214779||Andrews|Sean||11/25/1977||"6330 N Andrews Ave #263"|"Fort Lauderdale"|FL|33309||Male|9542924892|"No Response"|1||0|0|0|0||0|Andrews||||||||"SARS-CoV-2 (COVID-19)"|Antigen|97097-0|"SARS-CoV-2 Ag Upper resp Ql IA.rapid"|"Nasopharyngeal swab"|258500001|04/19/2022|Negative|260385009
43|4244|10D2214779||Singh|Lawrence||04/17/1950||"7045 be 42 street"|Miami|FL|33156||Male|3056804710|"No Response"|0||0|0|0|1||0|Singh||||||||"SARS-CoV-2 (COVID-19)"|Antigen|97097-0|"SARS-CoV-2 Ag Upper resp Ql IA.rapid"|"Nasopharyngeal swab"|258500001|04/19/2022|Negative|260385009
44|4244|10D2214779||Singh|Lawrence||04/17/1950||"7045 nw 41 st"|Miami|FL|33166||Male|3056804710|"No Response"|0||0|0|0|1||0|Singh||||||||"SARS-CoV-2 (COVID-19)"|Antigen|97097-0|"SARS-CoV-2 Ag Upper resp Ql IA.rapid"|"Nasopharyngeal swab"|258500001|04/19/2022|Negative|260385009
45|4244|10D2214779||"Delporte honorowski"|Sylvaine||02/05/1975||"3726 South Pacific breeze circle"|"Fort Lauderdale"|FL|33309||Female|2076592267|"No Response"|1||0|0|0|0||0|"Delporte honorowski"||||||||"SARS-CoV-2 (COVID-19)"|Antigen|97097-0|"SARS-CoV-2 Ag Upper resp Ql IA.rapid"|"Nasopharyngeal swab"|258500001|04/19/2022|Negative|260385009
46|4244|10D2214779||Whalen|Peter||06/13/1983||Unknown|Unknown|FL|99999||Male|6023125248|"No Response"|1||0|0|0|0||0|Whalen||||||||"SARS-CoV-2 (COVID-19)"|PCR|94500-6|"SARS-CoV-2 RNA Resp Ql NAA+probe"|"Nasopharyngeal swab"|258500001|04/19/2022|Negative|260385009
47|4244|10D2214779||Whalen|Amanda||01/20/1983||Unknown|Unknown|FL|99999||Female|5124661662|"No Response"|1||0|0|0|0||0|Whalen||||||||"SARS-CoV-2 (COVID-19)"|PCR|94500-6|"SARS-CoV-2 RNA Resp Ql NAA+probe"|"Nasopharyngeal swab"|258500001|04/19/2022|Negative|260385009
48|4244|10D2214779||"Pezo Ruiz"|Kelly||11/13/1981||"6336 Buford St., Apt 504"|"Orlando, FL"|FL|32835||Female|9546948556|"No Response"|0||0|0|0|0||0|"Pezo Ruiz"||||||||"SARS-CoV-2 (COVID-19)"|Antigen|97097-0|"SARS-CoV-2 Ag Upper resp Ql IA.rapid"|"Nasopharyngeal swab"|258500001|04/19/2022|Negative|260385009
49|4244|10D2214779||Singh|Lawrence||04/17/1950||"2067NE 163rd ST"|Miami|FL|33162||Male|3056804710|"No Response"|0||0|0|0|1||0|Singh||||||||"SARS-CoV-2 (COVID-19)"|Antigen|97097-0|"SARS-CoV-2 Ag Upper resp Ql IA.rapid"|"Nasopharyngeal swab"|258500001|04/19/2022|Negative|260385009
50|4244|10D2214779||Thomas|John||04/21/1955||"462 NW Fetterbush way"|"Jensen Beach"|FL|34957||Male|9542189201|"No Response"|1||0|0|0|0||0|Thomas||||||||"SARS-CoV-2 (COVID-19)"|Antigen|97097-0|"SARS-CoV-2 Ag Upper resp Ql IA.rapid"|"Nasopharyngeal swab"|258500001|04/19/2022|Negative|260385009
51|4244|10D2214779||MCMASTERS|KEITH||06/23/1957||"11987 SW Water Lily Terrace"|"Port Saint Lucy"|FL|34987||Male|4349445885|"No Response"|1||0|0|0|0||0|MCMASTERS||||||||"SARS-CoV-2 (COVID-19)"|Antigen|97097-0|"SARS-CoV-2 Ag Upper resp Ql IA.rapid"|"Nasopharyngeal swab"|258500001|04/19/2022|Negative|260385009
52|4244|10D2214779||MCMASTERS|SHEILA||09/09/1950||"11987 SW Water Lily Terrace"|"Port Saint Lucy"|FL|34987||Female|4349445886|"No Response"|1||0|0|0|0||0|MCMASTERS||||||||"SARS-CoV-2 (COVID-19)"|Antigen|97097-0|"SARS-CoV-2 Ag Upper resp Ql IA.rapid"|"Nasopharyngeal swab"|258500001|04/19/2022|Negative|260385009
53|4244|10D2214779||Ridder|Joshua||05/14/1985||"2402 Stonybrook Dr"|Wellington|FL|33414||Male|5618892470|"No Response"|1||0|0|0|0||0|Ridder||||||||"SARS-CoV-2 (COVID-19)"|Antigen|97097-0|"SARS-CoV-2 Ag Upper resp Ql IA.rapid"|"Nasopharyngeal swab"|258500001|04/19/2022|Negative|260385009
54|4244|10D2214779||Thomas|John||04/21/1955||"462 N.W. Fetterbush Way"|"Jensen Beach"|FL|34957||Male|9542189201|"No Response"|1||0|0|0|0||0|Thomas||||||||"SARS-CoV-2 (COVID-19)"|Antigen|97097-0|"SARS-CoV-2 Ag Upper resp Ql IA.rapid"|"Nasopharyngeal swab"|258500001|04/19/2022|Negative|260385009
55|4244|10D2214779||Mikkelsen|Mogens||05/21/1957||"3721 SW 47th Ave, Ste 309"|Davie|FL|33314||Male|9999999999|"No Response"|1||0|0|0|0||0|Mikkelsen||||||||"SARS-CoV-2 (COVID-19)"|Antigen|97097-0|"SARS-CoV-2 Ag Upper resp Ql IA.rapid"|"Nasopharyngeal swab"|258500001|04/19/2022|Negative|260385009
56|4244|10D2214779||Ademoroti|Janet||11/27/1956||"3638 East Hamilton Key"|"West Palm Beach"|FL|33411||Female|5613850548|"No Response"|0||0|0|0|0||0|Ademoroti||||||||"SARS-CoV-2 (COVID-19)"|Antigen|97097-0|"SARS-CoV-2 Ag Upper resp Ql IA.rapid"|"Nasopharyngeal swab"|258500001|04/19/2022|Negative|260385009
57|4244|10D2214779||Singh|Lawrence||04/17/1950||Unknown|Unknown|FL|99999|||3056804710|"No Response"|0||0|0|0|0||1|Singh||||||||"SARS-CoV-2 (COVID-19)"|Antigen|97097-0|"SARS-CoV-2 Ag Upper resp Ql IA.rapid"|"Nasopharyngeal swab"|258500001|04/19/2022|Negative|260385009
58|4244|10D2214779||Mikkelsen|Mogens||05/21/1957||"3721 SW 47th Ave, Ste 309"|Davie|FL|33314||Male|9999999999|"No Response"|1||0|0|0|0||0|Mikkelsen||||||||"SARS-CoV-2 (COVID-19)"|Antigen|97097-0|"SARS-CoV-2 Ag Upper resp Ql IA.rapid"|"Nasopharyngeal swab"|258500001|04/19/2022|Negative|260385009
59|4244|10D2214779||Singh|Lawrence||04/17/1950||Unknown|Unknown|FL|99999|||3056804710|"No Response"|0||0|0|0|1||0|Singh||||||||"SARS-CoV-2 (COVID-19)"|Antigen|97097-0|"SARS-CoV-2 Ag Upper resp Ql IA.rapid"|"Nasopharyngeal swab"|258500001|04/19/2022|Negative|260385009
60|4244|10D2214779||"Pezo Ruiz"|Kelly||11/13/1981||"6336 Buford St., Apt 504"|Orlando|FL|32835||Female|9546948556|"No Response"|0||0|0|0|0||0|"Pezo Ruiz"||||||||"SARS-CoV-2 (COVID-19)"|Antigen|97097-0|"SARS-CoV-2 Ag Upper resp Ql IA.rapid"|"Nasopharyngeal swab"|258500001|04/19/2022|Negative|260385009
61|4244|10D2214779||Guerra|Mateo||06/28/2018||"9038sw 97 ave apto 4 Miami Fl 33176"|Guatemala|FL|20001||Male|7864914745|"No Response"|0||0|0|0|0||0|Guerra||||||||"SARS-CoV-2 (COVID-19)"|Antigen|97097-0|"SARS-CoV-2 Ag Upper resp Ql IA.rapid"|"Nasopharyngeal swab"|258500001|04/15/2022|Negative|260385009
62|4244|10D2214779||Morris|Joicelyn||12/12/1981||"4247 Rocky Ridge Place"|Sanford|FL|32773||Female|4077166118|"No Response"|0||0|0|0|0||0|Morris||||||||"SARS-CoV-2 (COVID-19)"|Antigen|97097-0|"SARS-CoV-2 Ag Upper resp Ql IA.rapid"|"Nasopharyngeal swab"|258500001|04/19/2022|Negative|260385009
63|4244|10D2214779||"Co Hee"|Aniceto||11/28/1962||"MGM Grand Hotel"|"Las Vegas"|FL|89109||Male|61433009590|"No Response"|0||0|1|0|0||0|"Co Hee"||||||||"SARS-CoV-2 (COVID-19)"|Antigen|97097-0|"SARS-CoV-2 Ag Upper resp Ql IA.rapid"|"Nasopharyngeal swab"|258500001|04/19/2022|Negative|260385009
64|4244|10D2214779||"Co Hee"|Luisa||04/13/1959||"MGM Grand Hotel"|"Las Vegas"|FL|89109||Female|61433000590|"No Response"|0||0|1|0|0||0|"Co Hee"||||||||"SARS-CoV-2 (COVID-19)"|Antigen|97097-0|"SARS-CoV-2 Ag Upper resp Ql IA.rapid"|"Nasopharyngeal swab"|258500001|04/19/2022|Negative|260385009
65|4244|10D2214779||Francisco|Alexander||06/23/1966||"MGM Grand Hotel"|"Las Vegas"|FL|89109||Male|61433000590|"No Response"|0||0|1|0|0||0|Francisco||||||||"SARS-CoV-2 (COVID-19)"|Antigen|97097-0|"SARS-CoV-2 Ag Upper resp Ql IA.rapid"|"Nasopharyngeal swab"|258500001|04/19/2022|Negative|260385009
66|4244|10D2214779||Francisco|Rosario||12/01/1966||"MGM  Grand Hotel"|"Las Vegas"|FL|89109||Female|61433000589|"No Response"|0||0|1|0|0||0|Francisco||||||||"SARS-CoV-2 (COVID-19)"|Antigen|97097-0|"SARS-CoV-2 Ag Upper resp Ql IA.rapid"|"Nasopharyngeal swab"|258500001|04/19/2022|Negative|260385009
67|4244|10D2214779||Santuico|Gerard||05/03/1956||"MGM Grand Hotel"|"Las Vegas Nevada"|FL|89109||Male|61433000590|"No Response"|0||0|1|0|0||0|Santuico||||||||"SARS-CoV-2 (COVID-19)"|Antigen|97097-0|"SARS-CoV-2 Ag Upper resp Ql IA.rapid"|"Nasopharyngeal swab"|258500001|04/19/2022|Negative|260385009
68|4244|10D2214779||PELLEY|"MARVIN H"||11/24/1947||"6336 Buford St., Apt 505"|Orlando|FL|32835||Male|4077653057|"No Response"|1||0|0|0|0||0|PELLEY||||||||"SARS-CoV-2 (COVID-19)"|Antigen|97097-0|"SARS-CoV-2 Ag Upper resp Ql IA.rapid"|"Nasopharyngeal swab"|258500001|04/19/2022|Negative|260385009
69|4244|10D2214779||"Santamaría Camacho"|Jerónimo||12/24/2015||"575 E Remington Dr , Apt 8D"|Sunnyvale|FL|94085||Male|4085088277|"No Response"|0||0|0|0|0||0|"Santamaría Camacho"||||||||"SARS-CoV-2 (COVID-19)"|Antigen|97097-0|"SARS-CoV-2 Ag Upper resp Ql IA.rapid"|"Nasopharyngeal swab"|258500001|04/19/2022|Negative|260385009
70|4244|10D2214779||"Pezo Ruiz"|Kelly||11/13/1981||"6336 Buford St., Apt 504"|Orlando|FL|32835||Female|9546948556|"No Response"|0||0|0|0|0||0|"Pezo Ruiz"||||||||"SARS-CoV-2 (COVID-19)"|Antigen|97097-0|"SARS-CoV-2 Ag Upper resp Ql IA.rapid"|"Nasopharyngeal swab"|258500001|04/19/2022|Negative|260385009
71|4244|10D2214779||Camacho|Tatiana||08/20/1994||"575 E Remington Dr , Apt 8D"|Sunnyvale|FL|94085||Female|3123124080|"No Response"|0||0|0|0|0||0|Camacho||||||||"SARS-CoV-2 (COVID-19)"|Antigen|97097-0|"SARS-CoV-2 Ag Upper resp Ql IA.rapid"|"Nasopharyngeal swab"|258500001|04/19/2022|Negative|260385009
72|4244|10D2214779||"Guerrero Brieger"|"Walter Otto"||04/13/1985||"Holiday Inn Doral-Miami"|Miami|FL|33172||Male|1954605048|"No Response"|0||0|0|0|0||0|"Guerrero Brieger"||||||||"SARS-CoV-2 (COVID-19)"|PCR|94500-6|"SARS-CoV-2 RNA Resp Ql NAA+probe"|"Nasopharyngeal swab"|258500001|04/19/2022|Negative|260385009
73|4244|10D2214779||Santuico|Violeta||10/08/1951||"MGM Grand Hotel"|"Las Vegas"|FL|89109||Female|61433000590|"No Response"|0||0|1|0|0||0|Santuico||||||||"SARS-CoV-2 (COVID-19)"|Antigen|97097-0|"SARS-CoV-2 Ag Upper resp Ql IA.rapid"|"Nasopharyngeal swab"|258500001|04/19/2022|Negative|260385009
74|4244|10D2214779||Whalen|Peter||06/13/1983||Unknown|Unknown|FL|99999||Male|6023125248|"No Response"|1||0|0|0|0||0|Whalen||||||||"SARS-CoV-2 (COVID-19)"|PCR|94500-6|"SARS-CoV-2 RNA Resp Ql NAA+probe"|"Nasopharyngeal swab"|258500001|04/19/2022|Negative|260385009
75|4244|10D2214779||Whalen|Amanda||01/20/1983||Unknown|Unknown|FL|99999||Female|5124661662|"No Response"|1||0|0|0|0||0|Whalen||||||||"SARS-CoV-2 (COVID-19)"|PCR|94500-6|"SARS-CoV-2 RNA Resp Ql NAA+probe"|"Nasopharyngeal swab"|258500001|04/19/2022|Negative|260385009
76|4244|10D2214779||Schulz|Karsten||07/22/1966||"6321 Sierra Pines Court"|"Las Vegas"|FL|89130||Male|8017550170|"No Response"|1||0|0|0|0||0|Schulz||||||||"SARS-CoV-2 (COVID-19)"|Antigen|97097-0|"SARS-CoV-2 Ag Upper resp Ql IA.rapid"|"Nasopharyngeal swab"|258500001|04/19/2022|Negative|260385009
77|4244|10D2214779||Gerbsch|Doris||02/25/1955||"6321 Sierra Pines Court"|"Las Vegas"|FL|89130||Female|8017550170|"No Response"|1||0|0|0|0||0|Gerbsch||||||||"SARS-CoV-2 (COVID-19)"|Antigen|97097-0|"SARS-CoV-2 Ag Upper resp Ql IA.rapid"|"Nasopharyngeal swab"|258500001|04/19/2022|Negative|260385009
78|4244|10D2214779||Rollings|Karen||06/18/1962||"Rosen Inn At Pointe Orlando 9000 International Drive"|Orlando|FL|32819||Female|9999999999|"No Response"|1||0|0|0|0||0|Rollings||||||||"SARS-CoV-2 (COVID-19)"|Antigen|97097-0|"SARS-CoV-2 Ag Upper resp Ql IA.rapid"|"Nasopharyngeal swab"|258500001|04/19/2022|Negative|260385009
79|4244|10D2214779||Rollings|David||03/11/1962||"Rosen Inn at Pointe Orlando 9000 International Drive"|Orlando|FL|32819||Male|9999999999|"No Response"|1||0|0|0|0||0|Rollings||||||||"SARS-CoV-2 (COVID-19)"|Antigen|97097-0|"SARS-CoV-2 Ag Upper resp Ql IA.rapid"|"Nasopharyngeal swab"|258500001|04/19/2022|Negative|260385009
80|4244|10D2214779||Rollings|David||03/11/1962||"Rosen Inn at Pointe Orlando 9000 International Drive"|Orlando|FL|32819||Male|9999999999|"No Response"|1||0|0|0|0||0|Rollings||||||||"SARS-CoV-2 (COVID-19)"|Antigen|97097-0|"SARS-CoV-2 Ag Upper resp Ql IA.rapid"|"Nasopharyngeal swab"|258500001|04/19/2022|Negative|260385009
81|4244|10D2214779||Cann|Paul||01/01/1970||Unknown|Unknown|FL|99999||Male|9999999999|"No Response"|1||0|0|0|0||0|Cann||||||||"SARS-CoV-2 (COVID-19)"|Antigen|97097-0|"SARS-CoV-2 Ag Upper resp Ql IA.rapid"|"Nasopharyngeal swab"|258500001|04/19/2022|Negative|260385009
82|4244|10D2214779||Cann|Sylvia||01/01/1970||Unknown|Unknown|FL|99999||Female|9999999999|"No Response"|1||0|0|0|0||0|Cann||||||||"SARS-CoV-2 (COVID-19)"|Antigen|97097-0|"SARS-CoV-2 Ag Upper resp Ql IA.rapid"|"Nasopharyngeal swab"|258500001|04/19/2022|Negative|260385009
83|4244|10D2214779||MCMASTERS|KEITH||06/23/1957||"11987 SW WATER LILY TERRACE"|"PORT SAINT LUCIE"|FL|34987||Male|4349445885|"No Response"|1||0|0|0|0||0|MCMASTERS||||||||"SARS-CoV-2 (COVID-19)"|Antigen|97097-0|"SARS-CoV-2 Ag Upper resp Ql IA.rapid"|"Nasopharyngeal swab"|258500001|04/19/2022|Negative|260385009
84|4244|10D2214779||MCMASTERS|SHEILA||09/09/1950||"11987 SW WATER LILY TERRACE"|"POST SAINT LUCIE"|FL|34987||Female|4349445886|"No Response"|1||0|0|0|0||0|MCMASTERS||||||||"SARS-CoV-2 (COVID-19)"|Antigen|97097-0|"SARS-CoV-2 Ag Upper resp Ql IA.rapid"|"Nasopharyngeal swab"|258500001|04/19/2022|Negative|260385009
85|4244|10D2214779||MCNELLAN|HELEN||03/06/1946||"9 cromarty avenue"|glasgow|FL|99999||Female|9999999999|"No Response"|1||0|0|0|0||0|MCNELLAN||||||||"SARS-CoV-2 (COVID-19)"|Antigen|97097-0|"SARS-CoV-2 Ag Upper resp Ql IA.rapid"|"Nasopharyngeal swab"|258500001|04/19/2022|Negative|260385009
86|4244|10D2214779||Johnson|Henry||10/15/1954||"La casa Hotel terramar Street"|"Fort lauderdale"|FL|33304||Male|9999999999|"No Response"|1||0|0|0|0||0|Johnson||||||||"SARS-CoV-2 (COVID-19)"|Antigen|97097-0|"SARS-CoV-2 Ag Upper resp Ql IA.rapid"|"Nasopharyngeal swab"|258500001|04/19/2022|Negative|260385009
87|4244|10D2214779||Johnson|Karen||09/16/1956||"La casa hotel"|"Fort lauderdale"|FL|33304||Female|7863962445|"No Response"|1||0|0|0|0||0|Johnson||||||||"SARS-CoV-2 (COVID-19)"|Antigen|97097-0|"SARS-CoV-2 Ag Upper resp Ql IA.rapid"|"Nasopharyngeal swab"|258500001|04/19/2022|Negative|260385009
88|4244|10D2214779||Carnegie|Winston||04/25/1975||"Days inn, ft Lauderdale"|Florida|FL|33311||Male|9999999999|"No Response"|0||0|0|0|1||0|Carnegie||||||||"SARS-CoV-2 (COVID-19)"|Antigen|97097-0|"SARS-CoV-2 Ag Upper resp Ql IA.rapid"|"Nasopharyngeal swab"|258500001|04/19/2022|Negative|260385009
89|4244|10D2214779||Mikkelsen|Mogens||05/21/1957||"1550 SW 71 AVE"|Plantation|FL|33317||Male|9999999999|"No Response"|1||0|0|0|0||0|Mikkelsen||||||||"SARS-CoV-2 (COVID-19)"|Antigen|97097-0|"SARS-CoV-2 Ag Upper resp Ql IA.rapid"|"Nasopharyngeal swab"|258500001|04/19/2022|Negative|260385009
90|4244|10D2214779||HEINRICH|DETLEF||12/29/1956||"1080 SW 110th LN"|Davie|FL|33324||Male|9999999999|"No Response"|1||0|0|0|0||0|HEINRICH||||||||"SARS-CoV-2 (COVID-19)"|Antigen|97097-0|"SARS-CoV-2 Ag Upper resp Ql IA.rapid"|"Nasopharyngeal swab"|258500001|04/19/2022|Negative|260385009
91|4244|10D2214779||Perez|Mateo||09/30/2019||"2570 Indian Hills Ct."|Titusville|FL|32780||Male|3214311498|"No Response"|1||0|0|0|0||0|Perez||||||||"SARS-CoV-2 (COVID-19)"|Antigen|97097-0|"SARS-CoV-2 Ag Upper resp Ql IA.rapid"|"Nasopharyngeal swab"|258500001|04/19/2022|Negative|260385009
92|4244|10D2214779||Gajraj|Pascal||11/20/1968||"1685 Blossom Sound Court"|Oviedo|FL|32765||Male|18687787639|"No Response"|0||0|0|0|1||0|Gajraj||||||||"SARS-CoV-2 (COVID-19)"|Antigen|97097-0|"SARS-CoV-2 Ag Upper resp Ql IA.rapid"|"Nasopharyngeal swab"|258500001|04/19/2022|Negative|260385009
93|4244|10D2214779||Gajraj|Olga||04/04/1973||"1685 Blossom Sound Court"|Oviedo|FL|32765||Female|18687787639|"No Response"|1||0|0|0|0||0|Gajraj||||||||"SARS-CoV-2 (COVID-19)"|Antigen|97097-0|"SARS-CoV-2 Ag Upper resp Ql IA.rapid"|"Nasopharyngeal swab"|258500001|04/19/2022|Negative|260385009
94|4244|10D2214779||Gajraj|Tristan||06/09/2009||"1685 Blossom Sound Court"|Oviedo|FL|32765||Male|18687787639|"No Response"|0||0|0|0|1||0|Gajraj||||||||"SARS-CoV-2 (COVID-19)"|Antigen|97097-0|"SARS-CoV-2 Ag Upper resp Ql IA.rapid"|"Nasopharyngeal swab"|258500001|04/19/2022|Negative|260385009
95|4244|10D2214779||Russell|Graham||08/23/1956||"44 Cocoanut Row"|"Palm Beach"|FL|33480||Female|5613515104|"No Response"|1||0|0|0|0||0|Russell||||||||"SARS-CoV-2 (COVID-19)"|PCR|94500-6|"SARS-CoV-2 RNA Resp Ql NAA+probe"|"Nasopharyngeal swab"|258500001|04/19/2022|Negative|260385009
96|4244|10D2214779||"Delporte honorowski"|Sylvaine||02/05/1975||"640 ne 17TH way"|"Fort Lauderdale"|FL|33309||Female|2076592267|"No Response"|1||0|0|0|0||0|"Delporte honorowski"||||||||"SARS-CoV-2 (COVID-19)"|Antigen|97097-0|"SARS-CoV-2 Ag Upper resp Ql IA.rapid"|"Nasopharyngeal swab"|258500001|04/19/2022|Negative|260385009
97|4244|10D2214779||Kennedy|Elizabeth||03/09/2012||"1045 Main St"|Hingham|FL|02043||Female|7818123296|"No Response"|1||0|0|0|0||0|Kennedy||||||||"SARS-CoV-2 (COVID-19)"|Antigen|97097-0|"SARS-CoV-2 Ag Upper resp Ql IA.rapid"|"Nasopharyngeal swab"|258500001|04/19/2022|Negative|260385009
98|4244|10D2214779||Kennedy|Jameson||04/05/2014||"1045 Main St"|Hingham|FL|02043||Male|7818123296|"No Response"|1||0|0|0|0||0|Kennedy||||||||"SARS-CoV-2 (COVID-19)"|Antigen|97097-0|"SARS-CoV-2 Ag Upper resp Ql IA.rapid"|"Nasopharyngeal swab"|258500001|04/19/2022|Negative|260385009
99|4244|10D2214779||Kennedy|Quinlan||06/07/2016||"1045 Main St"|Hingham|FL|02043||Female|7818123296|"No Response"|1||0|0|0|0||0|Kennedy||||||||"SARS-CoV-2 (COVID-19)"|Antigen|97097-0|"SARS-CoV-2 Ag Upper resp Ql IA.rapid"|"Nasopharyngeal swab"|258500001|04/19/2022|Negative|260385009
100|4244|10D2214779||"Vidal Vilas"|Jana||07/15/2013||"6601 Adventure Way"|Orlando|FL|32819||Female|9999999999|"No Response"|1||0|0|0|0||0|"Vidal Vilas"||||||||"SARS-CoV-2 (COVID-19)"|Antigen|97097-0|"SARS-CoV-2 Ag Upper resp Ql IA.rapid"|"Nasopharyngeal swab"|258500001|04/19/2022|Negative|260385009
101|4244|10D2214779||SadiKu|Matthew||05/17/2022||"3738 East Hamilton Key"|"West Palm  Beach"|FL|33411||Male|2818500958|"No Response"|0||0|0|0|0||0|SadiKu||||||||"SARS-CoV-2 (COVID-19)"|Antigen|97097-0|"SARS-CoV-2 Ag Upper resp Ql IA.rapid"|"Nasopharyngeal swab"|258500001|04/19/2022|Negative|260385009
102|4244|10D2214779||SadiKu|Matthew||05/17/2022||"3738 East Hamilton Key"|"West Palm  Beach"|FL|33411||Male|2818500958|"No Response"|0||0|0|0|0||0|SadiKu||||||||"SARS-CoV-2 (COVID-19)"|Antigen|97097-0|"SARS-CoV-2 Ag Upper resp Ql IA.rapid"|"Nasopharyngeal swab"|258500001|04/19/2022|Negative|260385009
103|4244|10D2214779||Ademoroti|Janet||11/27/1956||"3638 East Hamilton key"|"West Palm Beach"|FL|33411||Female|5613850548|"No Response"|0||0|0|0|0||0|Ademoroti||||||||"SARS-CoV-2 (COVID-19)"|Antigen|97097-0|"SARS-CoV-2 Ag Upper resp Ql IA.rapid"|"Nasopharyngeal swab"|258500001|04/19/2022|Negative|260385009
104|4244|10D2214779||Badhal|Faria||09/17/1996||"SpringHill Suites Fort Lauderdale Miramar 10880 Marks Way,Miramar"|Florida|FL|33025||Female|7862662571|"No Response"|0||0|1|0|0||0|Badhal||||||||"SARS-CoV-2 (COVID-19)"|Antigen|97097-0|"SARS-CoV-2 Ag Upper resp Ql IA.rapid"|"Nasopharyngeal swab"|258500001|04/19/2022|Negative|260385009
105|4244|10D2214779||Thomas|John||04/21/1955||"462 N.W. Fetterbush Way"|"Jensen Beach"|FL|34957||Male|9542189201|"No Response"|1||0|0|0|0||0|Thomas||||||||"SARS-CoV-2 (COVID-19)"|Antigen|97097-0|"SARS-CoV-2 Ag Upper resp Ql IA.rapid"|"Nasopharyngeal swab"|258500001|04/19/2022|Negative|260385009
106|4244|10D2214779||Singh|Akshay||06/17/1996||"SpringHill Suites Fort Lauderdale Miramar 10880 Marks Way,"|Miramar|FL|33025||Male|7862662571|"No Response"|0||0|1|0|0||0|Singh||||||||"SARS-CoV-2 (COVID-19)"|Antigen|97097-0|"SARS-CoV-2 Ag Upper resp Ql IA.rapid"|"Nasopharyngeal swab"|258500001|04/19/2022|Negative|260385009
107|4244|10D2214779||Andrews|Sean||11/25/1977||"6330 N Andrews Ave #263"|"Fort Lauderdale"|FL|33309||Male|9542924892|"No Response"|1||0|0|0|0||0|Andrews||||||||"SARS-CoV-2 (COVID-19)"|Antigen|97097-0|"SARS-CoV-2 Ag Upper resp Ql IA.rapid"|"Nasopharyngeal swab"|258500001|04/19/2022|Negative|260385009
108|4244|10D2214779||Andrews|Charlotte||12/10/1976||"6330 N Andrews Ave #263"|"Fort Lauderdale"|FL|33309||Male|9542924892|"No Response"|1||0|0|0|0||0|Andrews||||||||"SARS-CoV-2 (COVID-19)"|Antigen|97097-0|"SARS-CoV-2 Ag Upper resp Ql IA.rapid"|"Nasopharyngeal swab"|258500001|04/19/2022|Negative|260385009
109|4244|10D2214779||Andrews|Isabella||10/22/2012||"6330 N Andrews Ave #263"|"Fort Lauderdale"|FL|33309||Female|9542924892|"No Response"|1||0|0|0|0||0|Andrews||||||||"SARS-CoV-2 (COVID-19)"|Antigen|97097-0|"SARS-CoV-2 Ag Upper resp Ql IA.rapid"|"Nasopharyngeal swab"|258500001|04/19/2022|Negative|260385009
110|4244|10D2214779||Andrews|Ethan||11/07/2016||"6330 N Andrews Ave"|"Fort Lauderdale"|FL|33309||Male|9542924892|"No Response"|1||0|0|0|0||0|Andrews||||||||"SARS-CoV-2 (COVID-19)"|Antigen|97097-0|"SARS-CoV-2 Ag Upper resp Ql IA.rapid"|"Nasopharyngeal swab"|258500001|04/19/2022|Negative|260385009
111|4244|10D2214779||Oztemel|Levon||01/11/1995||"501 NE 5th Terrace, APT 213"|"Fort Lauderdale"|FL|33301||Male|2032164878|"No Response"|1||0|0|0|0||0|Oztemel||||||||"SARS-CoV-2 (COVID-19)"|Antigen|97097-0|"SARS-CoV-2 Ag Upper resp Ql IA.rapid"|"Nasopharyngeal swab"|258500001|04/19/2022|Negative|260385009
112|4244|10D2214779||Durandisse|Emmanuella||12/14/1988||"1 Gillis Avenue"|Nyack|FL|10960||Female|8455966070|"No Response"|0||0|0|0|0||0|Durandisse||||||||"SARS-CoV-2 (COVID-19)"|Antigen|97097-0|"SARS-CoV-2 Ag Upper resp Ql IA.rapid"|"Nasopharyngeal swab"|258500001|04/19/2022|Negative|260385009
113|4244|10D2214779||Oztemel|Laurel||04/24/1960||"345 Allen Street"|Hudson|FL|12534||Female|2038203905|"No Response"|1||0|0|0|0||0|Oztemel||||||||"SARS-CoV-2 (COVID-19)"|Antigen|97097-0|"SARS-CoV-2 Ag Upper resp Ql IA.rapid"|"Nasopharyngeal swab"|258500001|04/19/2022|Negative|260385009
114|4244|10D2214779||"Contreras Munoz"|"Francisco Javier"||02/04/1956||Unknown|Unknown|FL|99999||Male|7863962445|"No Response"|0||0|0|0|0||1|"Contreras Munoz"||||||||"SARS-CoV-2 (COVID-19)"|Antigen|97097-0|"SARS-CoV-2 Ag Upper resp Ql IA.rapid"|"Nasopharyngeal swab"|258500001|04/19/2022|Negative|260385009
115|4244|10D2214779||"Soto De Contreras"|"Maria Guadalupe"||10/02/1956||Unknown|Unknown|FL|99999||Female|7863962445|"No Response"|0||0|0|0|0||1|"Soto De Contreras"||||||||"SARS-CoV-2 (COVID-19)"|Antigen|97097-0|"SARS-CoV-2 Ag Upper resp Ql IA.rapid"|"Nasopharyngeal swab"|258500001|04/19/2022|Negative|260385009
116|4244|10D2214779||Ridder|Joshua||05/14/1985||"2402 Stonybrook Dr"|Wellington|FL|33414||Male|5618892470|"No Response"|1||0|0|0|0||0|Ridder||||||||"SARS-CoV-2 (COVID-19)"|Antigen|97097-0|"SARS-CoV-2 Ag Upper resp Ql IA.rapid"|"Nasopharyngeal swab"|258500001|04/19/2022|Negative|260385009
117|4244|10D2214779||"Ramirez Sanchez"|Calixtro||10/01/1953||Unknown|Unknown|FL|99999||Male|7863962445|"No Response"|0||0|0|0|0||1|"Ramirez Sanchez"||||||||"SARS-CoV-2 (COVID-19)"|Antigen|97097-0|"SARS-CoV-2 Ag Upper resp Ql IA.rapid"|"Nasopharyngeal swab"|258500001|04/19/2022|Negative|260385009
118|4244|10D2214779||"Castro Ruiz"|Sofia||08/27/1953||Unknown|Unknown|FL|99999||Female|7863962445|"No Response"|0||0|0|0|0||1|"Castro Ruiz"||||||||"SARS-CoV-2 (COVID-19)"|Antigen|97097-0|"SARS-CoV-2 Ag Upper resp Ql IA.rapid"|"Nasopharyngeal swab"|258500001|04/19/2022|Negative|260385009
119|4244|10D2214779||Albury|"Jed Fred"||06/12/1964||Unknown|Unknown|FL|99999||Male|7863962445|"No Response"|1||0|0|0|0||0|Albury||||||||"SARS-CoV-2 (COVID-19)"|Antigen|97097-0|"SARS-CoV-2 Ag Upper resp Ql IA.rapid"|"Nasopharyngeal swab"|258500001|04/19/2022|Negative|260385009
120|4244|10D2214779||Camacho|Elizabeth||11/15/1965||"12220 Wild Iris Way, Apt 108"|Orlando|FL|32837||Female|4073348906|"No Response"|0||0|0|0|0||0|Camacho||||||||"SARS-CoV-2 (COVID-19)"|Antigen|97097-0|"SARS-CoV-2 Ag Upper resp Ql IA.rapid"|"Nasopharyngeal swab"|258500001|04/19/2022|Negative|260385009
121|4244|10D2214779||Camacho|Jorge||04/24/1964||"12220 Wild Iris Way, Apt 108"|Orlando|FL|32837||Male|4079529390|"No Response"|0||0|0|0|0||0|Camacho||||||||"SARS-CoV-2 (COVID-19)"|Antigen|97097-0|"SARS-CoV-2 Ag Upper resp Ql IA.rapid"|"Nasopharyngeal swab"|258500001|04/19/2022|Negative|260385009
122|4244|10D2214779||Camacho|Christopher||01/01/1970||"12220 Wild Iris Way, Apt 108"|Orlando|FL|32837||Male|4073348906|"No Response"|0||0|0|0|0||0|Camacho||||||||"SARS-CoV-2 (COVID-19)"|Antigen|97097-0|"SARS-CoV-2 Ag Upper resp Ql IA.rapid"|"Nasopharyngeal swab"|258500001|04/19/2022|Negative|260385009
123|4244|10D2214779||Keegan|Grainne||11/05/1975||Unknown|Unknown|FL|99999||Female|9999999999|"No Response"|1||0|0|0|0||0|Keegan||||||||"SARS-CoV-2 (COVID-19)"|Antigen|97097-0|"SARS-CoV-2 Ag Upper resp Ql IA.rapid"|"Nasopharyngeal swab"|258500001|04/19/2022|Negative|260385009
124|4244|10D2214779||Keegan|Ronan||01/01/1970||Unknown|Unknown|FL|99999||Male|9999999999|"No Response"|1||0|0|0|0||0|Keegan||||||||"SARS-CoV-2 (COVID-19)"|Antigen|97097-0|"SARS-CoV-2 Ag Upper resp Ql IA.rapid"|"Nasopharyngeal swab"|258500001|04/19/2022|Negative|260385009
125|4244|10D2214779||Keegan|Adam||02/11/2008||Unknown|Unknown|FL|99999||Male|9999999999|"No Response"|1||0|0|0|0||0|Keegan||||||||"SARS-CoV-2 (COVID-19)"|Antigen|97097-0|"SARS-CoV-2 Ag Upper resp Ql IA.rapid"|"Nasopharyngeal swab"|258500001|04/19/2022|Negative|260385009
126|4244|10D2214779||Keegan|Amy||01/01/1970||Unknown|Unknown|FL|99999||Female|9999999999|"No Response"|1||0|0|0|0||0|Keegan||||||||"SARS-CoV-2 (COVID-19)"|Antigen|97097-0|"SARS-CoV-2 Ag Upper resp Ql IA.rapid"|"Nasopharyngeal swab"|258500001|04/19/2022|Negative|260385009
127|4244|10D2214779||Aulani|"Kaya Juliana"||10/06/2009||Unknown|Unknown|FL|99999||Female|9999999999|"No Response"|0||0|0|0|1||0|Aulani||||||||"SARS-CoV-2 (COVID-19)"|Antigen|97097-0|"SARS-CoV-2 Ag Upper resp Ql IA.rapid"|"Nasopharyngeal swab"|258500001|04/19/2022|Negative|260385009
128|4244|10D2214779||Aulani|"Kaya Juliana"||10/06/2009||Unknown|Unknown|FL|99999||Female|9999999999|"No Response"|0||0|0|0|1||0|Aulani||||||||"SARS-CoV-2 (COVID-19)"|Antigen|97097-0|"SARS-CoV-2 Ag Upper resp Ql IA.rapid"|"Nasopharyngeal swab"|258500001|04/19/2022|Negative|260385009
129|4244|10D2214779||Finlayson|Suzannah||03/15/2001||"Hilton blue lagoon"|Miami|FL|99999||Female|9999999999|"No Response"|1||0|0|0|0||0|Finlayson||||||||"SARS-CoV-2 (COVID-19)"|Antigen|97097-0|"SARS-CoV-2 Ag Upper resp Ql IA.rapid"|"Nasopharyngeal swab"|258500001|04/19/2022|Negative|260385009
130|4244|10D2214779||Singh|Lawrence||04/17/1950||Unknown|Unknown|FL|99999|||3056804710|"No Response"|0||0|0|0|0||1|Singh||||||||"SARS-CoV-2 (COVID-19)"|Antigen|97097-0|"SARS-CoV-2 Ag Upper resp Ql IA.rapid"|"Nasopharyngeal swab"|258500001|04/19/2022|Negative|260385009
131|4244|10D2214779||Chermont|Gilda||03/08/2045||Unknown|Unknown|FL|99999||Female|9999999999|"No Response"|0||0|0|0|0||0|Chermont||||||||"SARS-CoV-2 (COVID-19)"|Antigen|97097-0|"SARS-CoV-2 Ag Upper resp Ql IA.rapid"|"Nasopharyngeal swab"|258500001|04/19/2022|Negative|260385009
132|4244|10D2214779||Pacheco|Rodrigo||01/01/1980||"7470 W. Irlo Bronson Memorial Hwy."|Kissimmee|FL|34737||Male|21977238855|"No Response"|1||0|0|0|0||0|Pacheco||||||||"SARS-CoV-2 (COVID-19)"|Antigen|97097-0|"SARS-CoV-2 Ag Upper resp Ql IA.rapid"|"Nasopharyngeal swab"|258500001|04/19/2022|Negative|260385009
133|4244|10D2214779||Chermont|Mariana||01/01/1970||"7470 W Irlo Bronson Hwy"|Kissimmee|FL|34747||Female|9999999999|"No Response"|1||0|0|0|0||0|Chermont||||||||"SARS-CoV-2 (COVID-19)"|Antigen|97097-0|"SARS-CoV-2 Ag Upper resp Ql IA.rapid"|"Nasopharyngeal swab"|258500001|04/19/2022|Negative|260385009
134|4244|10D2214779||Pacheco|Sofia||01/30/2015||"7470 W Irlo Bronson Hwy"|Kissimmee|FL|34747||Female|9999999999|"No Response"|1||0|0|0|0||0|Pacheco||||||||"SARS-CoV-2 (COVID-19)"|Antigen|97097-0|"SARS-CoV-2 Ag Upper resp Ql IA.rapid"|"Nasopharyngeal swab"|258500001|04/19/2022|Negative|260385009
135|4244|10D2214779||Kennedy|Jameson||04/05/2014||"1045 Main St"|Hingham|FL|02043||Male|7818123296|"No Response"|1||0|0|0|0||0|Kennedy||||||||"SARS-CoV-2 (COVID-19)"|Antigen|97097-0|"SARS-CoV-2 Ag Upper resp Ql IA.rapid"|"Nasopharyngeal swab"|258500001|04/19/2022|Negative|260385009
136|4244|10D2214779||"Mendes dos Santos"|"Lucas Henrique"||01/01/1970||"Rua onze de junho, 252 centro"|Indaiatuba|FL|13330||Male|9999999999|"No Response"|0||0|0|0|0||0|"Mendes dos Santos"||||||||"SARS-CoV-2 (COVID-19)"|Antigen|97097-0|"SARS-CoV-2 Ag Upper resp Ql IA.rapid"|"Nasopharyngeal swab"|258500001|04/19/2022|Negative|260385009
137|4244|10D2214779||Singh|Lawrence||04/17/1950||Unknown|Unknown|FL|99999||Male|3056804710|"No Response"|0||0|0|0|0||1|Singh||||||||"SARS-CoV-2 (COVID-19)"|Antigen|97097-0|"SARS-CoV-2 Ag Upper resp Ql IA.rapid"|"Nasopharyngeal swab"|258500001|04/19/2022|Negative|260385009
138|4244|10D2214779||MCMASTERS|KEITH||06/23/1957||"11987 SW WATER LILY TERRACE"|"PORT SAINT LUCIE"|FL|34987||Male|4349445885|"No Response"|1||0|0|0|0||0|MCMASTERS||||||||"SARS-CoV-2 (COVID-19)"|Antigen|97097-0|"SARS-CoV-2 Ag Upper resp Ql IA.rapid"|"Nasopharyngeal swab"|258500001|04/19/2022|Negative|260385009
139|4244|10D2214779||MCMASTERS|SHEILA||09/09/1950||"11987 SW WATER LILY TERRACE"|"PORT SAINT LUCIE"|FL|34987||Female|4349445886|"No Response"|1||0|0|0|0||0|MCMASTERS||||||||"SARS-CoV-2 (COVID-19)"|Antigen|97097-0|"SARS-CoV-2 Ag Upper resp Ql IA.rapid"|"Nasopharyngeal swab"|258500001|04/19/2022|Negative|260385009
140|4244|10D2214779||"Pezo Ruiz"|Kelly||11/13/1981||"6336 Buford St., Apt 504"|Orlando|FL|32835||Female|9546948556|"No Response"|0||0|0|0|0||0|"Pezo Ruiz"||||||||"SARS-CoV-2 (COVID-19)"|Antigen|97097-0|"SARS-CoV-2 Ag Upper resp Ql IA.rapid"|"Nasopharyngeal swab"|258500001|04/19/2022|Negative|260385009
141|4244|10D2214779||Thomas|John||04/21/1955||"462 N.W. Fetterbush Way"|"Jensen Beach"|FL|34957||Male|9542189201|"No Response"|1||0|0|0|0||0|Thomas||||||||"SARS-CoV-2 (COVID-19)"|Antigen|97097-0|"SARS-CoV-2 Ag Upper resp Ql IA.rapid"|"Nasopharyngeal swab"|258500001|04/19/2022|Negative|260385009
