RecordID|FacilityID|CLIAID|PatientID|LastName|FirstName|MiddleName|DOB|SSN|StreetAddress|City|State|Zip|County|Gender|PhoneNumber|Ethnicity|RaceWhite|RaceBlack|RaceAmericanIndianAlaskanNative|RaceAsian|RaceNativeHawaiianOrOtherPacificIslander|RaceOther|RaceUnknown|RaceNoResponse|ProviderName|NPI|Pregnant|SchoolAssociation|SchoolName|MeetILIDefinition|PerformingLab|AccessionNumber|Pathogen|TestType|LOINC|LOINCShortName|SpecimenCollectionType|SpecimenSNOMED|SpecimenCollectedDate|Result|ResultSNOMED
1|4244|10D2214779||Williams|Andrew||05/22/1980||"7019 Scarlet Ibis Lane"|"Winter Garden"|FL|34787||Male|9542424695|"No Response"|0||0|0|0|0||0|Williams||||||||"SARS-CoV-2 (COVID-19)"|Antigen|97097-0|"SARS-CoV-2 Ag Upper resp Ql IA.rapid"|"Nasopharyngeal swab"|258500001|04/06/2022|Negative|260385009
2|4244|10D2214779||Williams|Andrew||05/22/1980||"7019 Scarlet Ibis Ln"|"Winter Garden"|FL|34787||Male|9542424695|"No Response"|0||0|0|0|0||0|Williams||||||||"SARS-CoV-2 (COVID-19)"|Antigen|97097-0|"SARS-CoV-2 Ag Upper resp Ql IA.rapid"|"Nasopharyngeal swab"|258500001|04/06/2022|Negative|260385009
3|4244|10D2214779||Schmid|Brigitte||01/01/1970||"1 Lexington Lane E , Apt C"|"Palm Beach Gardens"|FL|33418||Female|5615430249|"No Response"|1||0|0|0|0||0|Schmid||||||||"SARS-CoV-2 (COVID-19)"|PCR|94500-6|"SARS-CoV-2 RNA Resp Ql NAA+probe"|"Nasopharyngeal swab"|258500001|04/06/2022|Negative|260385009
4|4244|10D2214779||Smith|Sharon||03/06/1955||"11302 Lemay Drive"|Clermont|FL|34711||Female|2066792209|"No Response"|1||0|0|0|0||0|Smith||||||||"SARS-CoV-2 (COVID-19)"|Antigen|97097-0|"SARS-CoV-2 Ag Upper resp Ql IA.rapid"|"Nasopharyngeal swab"|258500001|04/06/2022|Negative|260385009
5|4244|10D2214779||Smith|Craig||06/08/1951||"11302 Lemay Drive"|Clermont|FL|34711||Male|2062989421|"No Response"|1||0|0|0|0||0|Smith||||||||"SARS-CoV-2 (COVID-19)"|Antigen|97097-0|"SARS-CoV-2 Ag Upper resp Ql IA.rapid"|"Nasopharyngeal swab"|258500001|04/06/2022|Negative|260385009
6|4244|10D2214779||Carter|Bonnie||09/17/1945||"757 N Parkwood Rd"|Decatur|FL|30030||Female|4042903389|"No Response"|1||0|0|0|0||0|Carter||||||||"SARS-CoV-2 (COVID-19)"|Antigen|97097-0|"SARS-CoV-2 Ag Upper resp Ql IA.rapid"|"Nasopharyngeal swab"|258500001|04/06/2022|Negative|260385009
7|4244|10D2214779||Cohen|Joel||12/18/1942||"6917 Valencia Drive"|"Miami Beach"|FL|33109||Male|3057999666|"No Response"|1||0|0|0|0||0|Cohen||||||||"SARS-CoV-2 (COVID-19)"|Antigen|97097-0|"SARS-CoV-2 Ag Upper resp Ql IA.rapid"|"Nasopharyngeal swab"|258500001|04/06/2022|Negative|260385009
8|4244|10D2214779||Cohen|Rita||02/13/1951||"6917 Valencia Drive"|"Miami Beach"|FL|33109||Female|3057999666|"No Response"|1||0|0|0|0||0|Cohen||||||||"SARS-CoV-2 (COVID-19)"|Antigen|97097-0|"SARS-CoV-2 Ag Upper resp Ql IA.rapid"|"Nasopharyngeal swab"|258500001|04/06/2022|Negative|260385009
9|4244|10D2214779||Smith|Sharon||03/06/1955||"11302 Lemay Drive"|Clermont|FL|34711||Female|2066792209|"No Response"|1||0|0|0|0||0|Smith||||||||"SARS-CoV-2 (COVID-19)"|Antigen|97097-0|"SARS-CoV-2 Ag Upper resp Ql IA.rapid"|"Nasopharyngeal swab"|258500001|04/06/2022|Negative|260385009
10|4244|10D2214779||Smith|Craig||06/08/1951||"11302 Lemay Drivw"|Clermont|FL|34711||Male|2062989421|"No Response"|1||0|0|0|0||0|Smith||||||||"SARS-CoV-2 (COVID-19)"|Antigen|97097-0|"SARS-CoV-2 Ag Upper resp Ql IA.rapid"|"Nasopharyngeal swab"|258500001|04/06/2022|Negative|260385009
11|4244|10D2214779||Munoz|Melba||09/20/1951||"8333 Chilton Dr"|"Orlando Fl"|FL|32836||Female|4073605728|"No Response"|0||0|0|0|0||0|Munoz||||||||"SARS-CoV-2 (COVID-19)"|Antigen|97097-0|"SARS-CoV-2 Ag Upper resp Ql IA.rapid"|"Nasopharyngeal swab"|258500001|04/06/2022|Negative|260385009
12|4244|10D2214779||Munoz|Melba||09/20/1951||"8333 Chilton Dr"|"Orlando Fl"|FL|32836||Female|4073605728|"No Response"|0||0|0|0|0||0|Munoz||||||||"SARS-CoV-2 (COVID-19)"|Antigen|97097-0|"SARS-CoV-2 Ag Upper resp Ql IA.rapid"|"Nasopharyngeal swab"|258500001|04/06/2022|Negative|260385009
13|4244|10D2214779||Soto|Julio||01/08/1947||"8333 Chilton Dr"|"Orlando fl"|FL|32836||Male|4073605728|"No Response"|0||0|0|0|0||0|Soto||||||||"SARS-CoV-2 (COVID-19)"|Antigen|97097-0|"SARS-CoV-2 Ag Upper resp Ql IA.rapid"|"Nasopharyngeal swab"|258500001|04/06/2022|Negative|260385009
14|4244|10D2214779||Soto|Julio||01/08/1947||"8333 Chilton Dr"|"Orlando fl"|FL|32836||Male|4073605728|"No Response"|0||0|0|0|0||0|Soto||||||||"SARS-CoV-2 (COVID-19)"|Antigen|97097-0|"SARS-CoV-2 Ag Upper resp Ql IA.rapid"|"Nasopharyngeal swab"|258500001|04/06/2022|Negative|260385009
15|4244|10D2214779||"Di Meglio"|Marco||05/24/1979||"285 17NE CT #2"|"Fort Lauderdale"|FL|33305||Male|2813860868|"No Response"|1||0|0|0|0||0|"Di Meglio"||||||||"SARS-CoV-2 (COVID-19)"|PCR|94500-6|"SARS-CoV-2 RNA Resp Ql NAA+probe"|"Nasopharyngeal swab"|258500001|04/05/2022|Negative|260385009
16|4244|10D2214779||Williams|Andrew||05/22/1980||"7019 Scarlet Ibis Ln"|"Winter Garden"|FL|34787||Male|9542424695|"No Response"|0||0|0|0|0||0|Williams||||||||"SARS-CoV-2 (COVID-19)"|Antigen|97097-0|"SARS-CoV-2 Ag Upper resp Ql IA.rapid"|"Nasopharyngeal swab"|258500001|04/06/2022|Negative|260385009
17|4244|10D2214779||Schmid|Brigitte||01/01/1970||"1 Lexington Lane East Apt C"|"Palm Beach Gardens"|FL|33418||Female|5615430249|"No Response"|1||0|0|0|0||0|Schmid||||||||"SARS-CoV-2 (COVID-19)"|PCR|94500-6|"SARS-CoV-2 RNA Resp Ql NAA+probe"|"Nasopharyngeal swab"|258500001|04/06/2022|Negative|260385009
18|4244|10D2214779||Gregory|Mary||06/25/1962||Unknown|Unknown|FL|99999||Female|7863962445|"No Response"|1||0|0|0|0||0|Gregory||||||||"SARS-CoV-2 (COVID-19)"|Antigen|97097-0|"SARS-CoV-2 Ag Upper resp Ql IA.rapid"|"Nasopharyngeal swab"|258500001|04/06/2022|Negative|260385009
19|4244|10D2214779||Gregory|Eric||08/02/1960||Unknown|Unknown|FL|99999||Male|7863962445|"No Response"|1||0|0|0|0||0|Gregory||||||||"SARS-CoV-2 (COVID-19)"|Antigen|97097-0|"SARS-CoV-2 Ag Upper resp Ql IA.rapid"|"Nasopharyngeal swab"|258500001|04/06/2022|Negative|260385009
20|4244|10D2214779||Stewart|Lyn||08/28/1966||"6039 Cypress Gardens Blvd  #484"|"Winter Haven"|FL|33884||Female|4076934504|"No Response"|1||0|0|0|0||0|Stewart||||||||"SARS-CoV-2 (COVID-19)"|Antigen|97097-0|"SARS-CoV-2 Ag Upper resp Ql IA.rapid"|"Nasopharyngeal swab"|258500001|04/06/2022|Negative|260385009
21|4244|10D2214779||Jones|Alan||01/07/1956||"6039 Cypress Gardens Blvd #484"|"Winter Haven"|FL|33884||Male|4076934504|"No Response"|1||0|0|0|0||0|Jones||||||||"SARS-CoV-2 (COVID-19)"|Antigen|97097-0|"SARS-CoV-2 Ag Upper resp Ql IA.rapid"|"Nasopharyngeal swab"|258500001|04/06/2022|Negative|260385009
22|4244|10D2214779||Soto|Julio||01/08/1947||"8333 chilton Dr"|"Orlando FL"|FL|32836||Male|4073605728|"No Response"|0||0|0|0|0||0|Soto||||||||"SARS-CoV-2 (COVID-19)"|Antigen|97097-0|"SARS-CoV-2 Ag Upper resp Ql IA.rapid"|"Nasopharyngeal swab"|258500001|04/06/2022|Negative|260385009
23|4244|10D2214779||Soto|Julio||01/08/1947||"8333 chilton Dr"|"Orlando FL"|FL|32836||Male|4073605728|"No Response"|0||0|0|0|0||0|Soto||||||||"SARS-CoV-2 (COVID-19)"|Antigen|97097-0|"SARS-CoV-2 Ag Upper resp Ql IA.rapid"|"Nasopharyngeal swab"|258500001|04/06/2022|Negative|260385009
24|4244|10D2214779||Munoz|Melba||09/20/1951||"8333 chilton Dr"|"Orlando FL"|FL|32836||Female|4073605728|"No Response"|0||0|0|0|0||0|Munoz||||||||"SARS-CoV-2 (COVID-19)"|Antigen|97097-0|"SARS-CoV-2 Ag Upper resp Ql IA.rapid"|"Nasopharyngeal swab"|258500001|04/06/2022|Negative|260385009
25|4244|10D2214779||Munoz|Melba||09/20/1951||"8333 chilton Dr"|"Orlando FL"|FL|32836||Female|4073605728|"No Response"|0||0|0|0|0||0|Munoz||||||||"SARS-CoV-2 (COVID-19)"|Antigen|97097-0|"SARS-CoV-2 Ag Upper resp Ql IA.rapid"|"Nasopharyngeal swab"|258500001|04/06/2022|Negative|260385009
26|4244|10D2214779||Redmond|Andrew||02/16/1962||"2500 south ocean blvd"|"Palm beach"|FL|33480||Male|9999999999|"No Response"|1||0|0|0|0||0|Redmond||||||||"SARS-CoV-2 (COVID-19)"|Antigen|97097-0|"SARS-CoV-2 Ag Upper resp Ql IA.rapid"|"Nasopharyngeal swab"|258500001|04/06/2022|Negative|260385009
27|4244|10D2214779||Schmid|Brigitte||01/01/1970||"1 Lexington Lane East , C"|"Palm Beach Gardens"|FL|33418||Female|5615430249|"No Response"|1||0|0|0|0||0|Schmid||||||||"SARS-CoV-2 (COVID-19)"|PCR|94500-6|"SARS-CoV-2 RNA Resp Ql NAA+probe"|"Nasopharyngeal swab"|258500001|04/06/2022|Negative|260385009
28|4244|10D2214779||Carter|Bonnie||09/17/1945||"757 N Parkwood Road"|Decatur|FL|30030||Female|4042903389|"No Response"|1||0|0|0|0||0|Carter||||||||"SARS-CoV-2 (COVID-19)"|Antigen|97097-0|"SARS-CoV-2 Ag Upper resp Ql IA.rapid"|"Nasopharyngeal swab"|258500001|04/06/2022|Negative|260385009
29|4244|10D2214779||Carter|Timothy||07/28/1949||"757 N Parkwood Road"|Decatur|FL|30030||Female|4042903385|"No Response"|1||0|0|0|0||0|Carter||||||||"SARS-CoV-2 (COVID-19)"|Antigen|97097-0|"SARS-CoV-2 Ag Upper resp Ql IA.rapid"|"Nasopharyngeal swab"|258500001|04/06/2022|Negative|260385009
30|4244|10D2214779||Redmond|Andrew||02/16/1962||"2500 south ocean blvd"|"Palm beach"|FL|33480||Male|9999999999|"No Response"|1||0|0|0|0||0|Redmond||||||||"SARS-CoV-2 (COVID-19)"|Antigen|97097-0|"SARS-CoV-2 Ag Upper resp Ql IA.rapid"|"Nasopharyngeal swab"|258500001|04/06/2022|Negative|260385009
31|4244|10D2214779||BASHEER|"MOHAMED IMTIAZ"||08/01/1963||"16000 Portofino Cir 107"|"PALM BEACH GARDENS"|FL|33418||Male|6175105803|"No Response"|0||0|1|0|0||0|BASHEER||||||||"SARS-CoV-2 (COVID-19)"|PCR|94500-6|"SARS-CoV-2 RNA Resp Ql NAA+probe"|"Nasopharyngeal swab"|258500001|04/05/2022|Negative|260385009
32|4244|10D2214779||Smith|Sharon||03/06/1955||"11302 Lemay Drive"|Clermont|FL|34711||Female|2066792209|"No Response"|1||0|0|0|0||0|Smith||||||||"SARS-CoV-2 (COVID-19)"|Antigen|97097-0|"SARS-CoV-2 Ag Upper resp Ql IA.rapid"|"Nasopharyngeal swab"|258500001|04/06/2022|Negative|260385009
33|4244|10D2214779||Smith|Craig||06/08/1951||"11302 Lemay Drive"|Clermont|FL|34711||Male|2062989421|"No Response"|1||0|0|0|0||0|Smith||||||||"SARS-CoV-2 (COVID-19)"|Antigen|97097-0|"SARS-CoV-2 Ag Upper resp Ql IA.rapid"|"Nasopharyngeal swab"|258500001|04/06/2022|Negative|260385009
34|4244|10D2214779||"Di Meglio"|Marco||05/24/1979||"285 NE 17th CT"|"Fort Lauderdale"|FL|33305||Male|2813860868|"No Response"|1||0|0|0|0||0|"Di Meglio"||||||||"SARS-CoV-2 (COVID-19)"|PCR|94500-6|"SARS-CoV-2 RNA Resp Ql NAA+probe"|"Nasopharyngeal swab"|258500001|04/05/2022|Negative|260385009
35|4244|10D2214779||White|Charlie||09/25/2002||"Pixon Building, Lake Nona Drive, Florida 32827"|Orlando|FL|32827||Male|9999999999|"No Response"|1||0|0|0|0||0|White||||||||"SARS-CoV-2 (COVID-19)"|Antigen|97097-0|"SARS-CoV-2 Ag Upper resp Ql IA.rapid"|"Nasopharyngeal swab"|258500001|04/06/2022|Negative|260385009
36|4244|10D2214779||Redmond|Andrew||02/16/1962||"2500 south ocean blvd"|"Palm beach"|FL|33480||Male|9999999999|"No Response"|1||0|0|0|0||0|Redmond||||||||"SARS-CoV-2 (COVID-19)"|Antigen|97097-0|"SARS-CoV-2 Ag Upper resp Ql IA.rapid"|"Nasopharyngeal swab"|258500001|04/06/2022|Negative|260385009
37|4244|10D2214779||"Di Meglio"|Marco||05/24/1979||"285 NE 17th  CT #2"|"Fort Lauderdale"|FL|33305||Male|2813860868|"No Response"|1||0|0|0|0||0|"Di Meglio"||||||||"SARS-CoV-2 (COVID-19)"|PCR|94500-6|"SARS-CoV-2 RNA Resp Ql NAA+probe"|"Nasopharyngeal swab"|258500001|04/05/2022|Negative|260385009
38|4244|10D2214779||BASHEER|"MOHAMED IMTIAZ"||08/01/1963||"16000 Portofino Cir 107"|"PALM BEACH GARDENS"|FL|33418||Male|6175105803|"No Response"|0||0|1|0|0||0|BASHEER||||||||"SARS-CoV-2 (COVID-19)"|PCR|94500-6|"SARS-CoV-2 RNA Resp Ql NAA+probe"|"Nasopharyngeal swab"|258500001|04/05/2022|Negative|260385009
39|4244|10D2214779||Yeh|"Ching Ching"||01/03/1961||"6212  Joaquin Hills Ct"|"Las Vegas"|FL|89130||Female|2245350867|"No Response"|0||0|1|0|0||0|Yeh||||||||"SARS-CoV-2 (COVID-19)"|PCR|94500-6|"SARS-CoV-2 RNA Resp Ql NAA+probe"|"Nasopharyngeal swab"|258500001|04/05/2022|Negative|260385009
40|4244|10D2214779||"Di Meglio"|Marco||05/24/1979||"285 NE 17 CT #2"|"Fort Lauderdale"|FL|33305||Male|2813860868|"No Response"|1||0|0|0|0||0|"Di Meglio"||||||||"SARS-CoV-2 (COVID-19)"|PCR|94500-6|"SARS-CoV-2 RNA Resp Ql NAA+probe"|"Nasopharyngeal swab"|258500001|04/05/2022|Negative|260385009
41|4244|10D2214779||"De Leon"|Alexander||07/07/1960||"5381 Lindero Pl"|"Las Vegas"|FL|89119||Male|7023340410|"No Response"|0||0|1|0|0||0|"De Leon"||||||||"SARS-CoV-2 (COVID-19)"|Antigen|97097-0|"SARS-CoV-2 Ag Upper resp Ql IA.rapid"|"Nasopharyngeal swab"|258500001|04/06/2022|Negative|260385009
42|4244|10D2214779||"DE LEON"|JULITA||06/19/1958||"5381 Lindero Pl"|"Las Vegas"|FL|89119||Female|7023340410|"No Response"|0||0|1|0|0||0|"DE LEON"||||||||"SARS-CoV-2 (COVID-19)"|Antigen|97097-0|"SARS-CoV-2 Ag Upper resp Ql IA.rapid"|"Nasopharyngeal swab"|258500001|04/06/2022|Negative|260385009
43|4244|10D2214779||Schmid|Brigitte||01/01/1970||"1 Lexington Ln E Unit C"|"Palm Beach Gardens"|FL|33418||Female|5615430249|"No Response"|1||0|0|0|0||0|Schmid||||||||"SARS-CoV-2 (COVID-19)"|PCR|94500-6|"SARS-CoV-2 RNA Resp Ql NAA+probe"|"Nasopharyngeal swab"|258500001|04/06/2022|Negative|260385009
44|4244|10D2214779||Torres|Mary||06/21/1948||"808 Spruce St"|Inverness|FL|34452||Female|7863182312|"No Response"|0||0|0|0|0||0|Torres||||||||"SARS-CoV-2 (COVID-19)"|PCR|94500-6|"SARS-CoV-2 RNA Resp Ql NAA+probe"|"Nasopharyngeal swab"|258500001|04/06/2022|Negative|260385009
45|4244|10D2214779||Barber|Susan||10/31/1959||"5916 caravan Ct,"|Orlando|FL|32819||Female|9999999999|"No Response"|1||0|0|0|0||0|Barber||||||||"SARS-CoV-2 (COVID-19)"|Antigen|97097-0|"SARS-CoV-2 Ag Upper resp Ql IA.rapid"|"Nasopharyngeal swab"|258500001|04/06/2022|Negative|260385009
46|4244|10D2214779||Barber|Susan||10/31/1959||"5916 caravan Ct,"|Orlando|FL|32819||Female|9999999999|"No Response"|1||0|0|0|0||0|Barber||||||||"SARS-CoV-2 (COVID-19)"|Antigen|97097-0|"SARS-CoV-2 Ag Upper resp Ql IA.rapid"|"Nasopharyngeal swab"|258500001|04/06/2022|Negative|260385009
47|4244|10D2214779||Barber|Eric||02/16/1954||"5916 caravan court"|Orlando|FL|32819||Male|9999999999|"No Response"|1||0|0|0|0||0|Barber||||||||"SARS-CoV-2 (COVID-19)"|Antigen|97097-0|"SARS-CoV-2 Ag Upper resp Ql IA.rapid"|"Nasopharyngeal swab"|258500001|04/06/2022|Negative|260385009
48|4244|10D2214779||Barber|Eric||02/16/1954||"5916 caravan court"|Orlando|FL|32819||Male|9999999999|"No Response"|1||0|0|0|0||0|Barber||||||||"SARS-CoV-2 (COVID-19)"|Antigen|97097-0|"SARS-CoV-2 Ag Upper resp Ql IA.rapid"|"Nasopharyngeal swab"|258500001|04/06/2022|Negative|260385009
49|4244|10D2214779||Stewart|Lyn||08/28/1966||"6039 Cypress Gardens Blvd"|"Winter Haven"|FL|33884||Female|4076934504|"No Response"|1||0|0|0|0||0|Stewart||||||||"SARS-CoV-2 (COVID-19)"|Antigen|97097-0|"SARS-CoV-2 Ag Upper resp Ql IA.rapid"|"Nasopharyngeal swab"|258500001|04/06/2022|Negative|260385009
50|4244|10D2214779||Jones|Alan||01/07/1956||"6039 Cypress Gardens Blvd"|"Winter Haven"|FL|33884||Male|4076934504|"No Response"|1||0|0|0|0||0|Jones||||||||"SARS-CoV-2 (COVID-19)"|Antigen|97097-0|"SARS-CoV-2 Ag Upper resp Ql IA.rapid"|"Nasopharyngeal swab"|258500001|04/06/2022|Negative|260385009
51|4244|10D2214779||Small|Jerold||06/11/1939||"9078 Bay Point Circle"|"West Palm Beach"|FL|33411||Male|8043378471|"No Response"|1||0|0|0|0||0|Small||||||||"SARS-CoV-2 (COVID-19)"|Antigen|97097-0|"SARS-CoV-2 Ag Upper resp Ql IA.rapid"|"Nasopharyngeal swab"|258500001|04/06/2022|Negative|260385009
52|4244|10D2214779||Soto|Julio||01/08/1947||"8333 Chilton Dr"|"Orlando, FL"|FL|32836||Male|4073605728|"No Response"|0||0|0|0|0||0|Soto||||||||"SARS-CoV-2 (COVID-19)"|Antigen|97097-0|"SARS-CoV-2 Ag Upper resp Ql IA.rapid"|"Nasopharyngeal swab"|258500001|04/06/2022|Negative|260385009
53|4244|10D2214779||Soto|Julio||01/08/1947||"8333 Chilton Dr"|"Orlando, FL"|FL|32836||Male|4073605728|"No Response"|0||0|0|0|0||0|Soto||||||||"SARS-CoV-2 (COVID-19)"|Antigen|97097-0|"SARS-CoV-2 Ag Upper resp Ql IA.rapid"|"Nasopharyngeal swab"|258500001|04/06/2022|Negative|260385009
54|4244|10D2214779||Windmueller|Evelyn||11/30/1940||"9078 Bay Point Circle"|"West Palm Beach"|FL|33411||Female|8044053704|"No Response"|1||0|0|0|0||0|Windmueller||||||||"SARS-CoV-2 (COVID-19)"|Antigen|97097-0|"SARS-CoV-2 Ag Upper resp Ql IA.rapid"|"Nasopharyngeal swab"|258500001|04/06/2022|Negative|260385009
55|4244|10D2214779||Munoz|Melba||09/20/1951||"8333 Chilton Dr"|"Orlando, FL"|FL|32836||Female|4073605728|"No Response"|0||0|0|0|0||0|Munoz||||||||"SARS-CoV-2 (COVID-19)"|Antigen|97097-0|"SARS-CoV-2 Ag Upper resp Ql IA.rapid"|"Nasopharyngeal swab"|258500001|04/06/2022|Negative|260385009
56|4244|10D2214779||Munoz|Melba||09/20/1951||"8333 Chilton Dr"|"Orlando, FL"|FL|32836||Female|4073605728|"No Response"|0||0|0|0|0||0|Munoz||||||||"SARS-CoV-2 (COVID-19)"|Antigen|97097-0|"SARS-CoV-2 Ag Upper resp Ql IA.rapid"|"Nasopharyngeal swab"|258500001|04/06/2022|Negative|260385009
57|4244|10D2214779||Monahan|Janice||12/21/1952||"20929 Ventura Blvd. Unit 47443"|"Woodland Hills"|FL|91364||Female|7863962445|"No Response"|1||0|0|0|0||0|Monahan||||||||"SARS-CoV-2 (COVID-19)"|Antigen|97097-0|"SARS-CoV-2 Ag Upper resp Ql IA.rapid"|"Nasopharyngeal swab"|258500001|04/06/2022|Negative|260385009
58|4244|10D2214779||Smith|Emilia||10/28/2008||Unknown|Unknown|FL|99999||Female|9999999999|"No Response"|1||0|0|0|0||0|Smith||||||||"SARS-CoV-2 (COVID-19)"|Antigen|97097-0|"SARS-CoV-2 Ag Upper resp Ql IA.rapid"|"Nasopharyngeal swab"|258500001|04/06/2022|Negative|260385009
59|4244|10D2214779||white|Gillian||12/13/1962||"The albion hotel"|Miami|FL|33139||Female|9999999999|"No Response"|1||0|0|0|0||0|white||||||||"SARS-CoV-2 (COVID-19)"|Antigen|97097-0|"SARS-CoV-2 Ag Upper resp Ql IA.rapid"|"Nasopharyngeal swab"|258500001|04/06/2022|Negative|260385009
60|4244|10D2214779||white|Paul||01/30/1963||"albion hotel"|miami|FL|33139||Male|07792688643|"No Response"|1||0|0|0|0||0|white||||||||"SARS-CoV-2 (COVID-19)"|Antigen|97097-0|"SARS-CoV-2 Ag Upper resp Ql IA.rapid"|"Nasopharyngeal swab"|258500001|04/06/2022|Negative|260385009
61|4244|10D2214779||Smith|Russell||10/01/1971||Unknown|Unknown|FL|99999||Male|9999999999|"No Response"|1||0|0|0|0||0|Smith||||||||"SARS-CoV-2 (COVID-19)"|Antigen|97097-0|"SARS-CoV-2 Ag Upper resp Ql IA.rapid"|"Nasopharyngeal swab"|258500001|04/06/2022|Negative|260385009
62|4244|10D2214779||"De Paola Smith"|Louisa||05/24/1978||Unknown|Unknown|FL|99999||Female|9999999999|"No Response"|1||0|0|0|0||0|"De Paola Smith"||||||||"SARS-CoV-2 (COVID-19)"|Antigen|97097-0|"SARS-CoV-2 Ag Upper resp Ql IA.rapid"|"Nasopharyngeal swab"|258500001|04/06/2022|Negative|260385009
63|4244|10D2214779||Langer|Joel||12/24/1936||"7587 Orchid Hammock Drive"|"West Palm Beach"|FL|33412||Male|5615966222|"No Response"|1||0|0|0|0||0|Langer||||||||"SARS-CoV-2 (COVID-19)"|PCR|94500-6|"SARS-CoV-2 RNA Resp Ql NAA+probe"|"Nasopharyngeal swab"|258500001|04/06/2022|Negative|260385009
64|4244|10D2214779||Langer|Dale||12/23/1938||"7587 Orchid Hammock Drive"|"West Palm Beach"|FL|33412||Female|5616321102|"No Response"|1||0|0|0|0||0|Langer||||||||"SARS-CoV-2 (COVID-19)"|PCR|94500-6|"SARS-CoV-2 RNA Resp Ql NAA+probe"|"Nasopharyngeal swab"|258500001|04/06/2022|Negative|260385009
65|4244|10D2214779||Carter|Bonnie||09/17/1945||"757 N Parkwood Rd"|Decatur|FL|30030||Female|4042903389|"No Response"|1||0|0|0|0||0|Carter||||||||"SARS-CoV-2 (COVID-19)"|Antigen|97097-0|"SARS-CoV-2 Ag Upper resp Ql IA.rapid"|"Nasopharyngeal swab"|258500001|04/06/2022|Negative|260385009
66|4244|10D2214779||Carter|Timothy||07/28/1949||"757 N Parkwood Rd"|Decatur|FL|30030||Male|4042903385|"No Response"|1||0|0|0|0||0|Carter||||||||"SARS-CoV-2 (COVID-19)"|Antigen|97097-0|"SARS-CoV-2 Ag Upper resp Ql IA.rapid"|"Nasopharyngeal swab"|258500001|04/06/2022|Negative|260385009
67|4244|10D2214779||Cohen|Joel||12/18/1942||"6917 Valencia Drive"|"Fisher Island"|FL|33109||Male|3057999666|"No Response"|1||0|0|0|0||0|Cohen||||||||"SARS-CoV-2 (COVID-19)"|Antigen|97097-0|"SARS-CoV-2 Ag Upper resp Ql IA.rapid"|"Nasopharyngeal swab"|258500001|04/06/2022|Negative|260385009
68|4244|10D2214779||Sutherland|Gavin||09/08/1967||Unknown|Unknown|FL|99999||Male|9999999999|"No Response"|1||0|0|0|0||0|Sutherland||||||||"SARS-CoV-2 (COVID-19)"|Antigen|97097-0|"SARS-CoV-2 Ag Upper resp Ql IA.rapid"|"Nasopharyngeal swab"|258500001|01/01/1970|Negative|260385009
69|4244|10D2214779||Sutherland|Jackie||04/22/1970||Unknown|Unknown|FL|99999||Female|9999999999|"No Response"|1||0|0|0|0||0|Sutherland||||||||"SARS-CoV-2 (COVID-19)"|Antigen|97097-0|"SARS-CoV-2 Ag Upper resp Ql IA.rapid"|"Nasopharyngeal swab"|258500001|04/06/2022|Negative|260385009
70|4244|10D2214779||Gregory|Eric||08/02/1960||Unknown|Unknown|FL|99999||Male|7863962445|"No Response"|1||0|0|0|0||0|Gregory||||||||"SARS-CoV-2 (COVID-19)"|Antigen|97097-0|"SARS-CoV-2 Ag Upper resp Ql IA.rapid"|"Nasopharyngeal swab"|258500001|04/06/2022|Negative|260385009
71|4244|10D2214779||Gregory|Mary||06/25/1962||Unknown|Unknown|FL|99999||Female|7863962445|"No Response"|1||0|0|0|0||0|Gregory||||||||"SARS-CoV-2 (COVID-19)"|Antigen|97097-0|"SARS-CoV-2 Ag Upper resp Ql IA.rapid"|"Nasopharyngeal swab"|258500001|04/06/2022|Negative|260385009
72|4244|10D2214779||Cohen|Rita||02/13/1951||"6917 Valencia Drive"|"Fisher island"|FL|33109||Female|3057999666|"No Response"|1||0|0|0|0||0|Cohen||||||||"SARS-CoV-2 (COVID-19)"|Antigen|97097-0|"SARS-CoV-2 Ag Upper resp Ql IA.rapid"|"Nasopharyngeal swab"|258500001|04/06/2022|Negative|260385009
73|4244|10D2214779||Sparks|Tony||03/03/1961||"601 Kissingbower Rd"|Vidalia|FL|30474||Male|4048217687|"No Response"|1||0|0|0|0||0|Sparks||||||||"SARS-CoV-2 (COVID-19)"|Antigen|97097-0|"SARS-CoV-2 Ag Upper resp Ql IA.rapid"|"Nasopharyngeal swab"|258500001|04/06/2022|Negative|260385009
74|4244|10D2214779||Mitchell|Keily||06/05/1979||"601 Kissingbower Rd"|Vidalia|FL|30474||Female|4048217687|"No Response"|1||0|0|0|0||0|Mitchell||||||||"SARS-CoV-2 (COVID-19)"|Antigen|97097-0|"SARS-CoV-2 Ag Upper resp Ql IA.rapid"|"Nasopharyngeal swab"|258500001|04/06/2022|Negative|260385009
75|4244|10D2214779||Sparks|Eli||04/24/2012||"601 Kissingbower Rd"|Vidalia|FL|30474||Male|4048217687|"No Response"|1||0|0|0|0||0|Sparks||||||||"SARS-CoV-2 (COVID-19)"|Antigen|97097-0|"SARS-CoV-2 Ag Upper resp Ql IA.rapid"|"Nasopharyngeal swab"|258500001|04/06/2022|Negative|260385009
76|4244|10D2214779||Smith|Sharon||03/06/1955||"11302 Lemay Drive"|Clermont|FL|34711||Female|2066792209|"No Response"|1||0|0|0|0||0|Smith||||||||"SARS-CoV-2 (COVID-19)"|Antigen|97097-0|"SARS-CoV-2 Ag Upper resp Ql IA.rapid"|"Nasopharyngeal swab"|258500001|04/06/2022|Negative|260385009
77|4244|10D2214779||Smith|Craig||06/08/1951||"11302 Lemay Drive"|Clermont|FL|34711||Male|2062989421|"No Response"|1||0|0|0|0||0|Smith||||||||"SARS-CoV-2 (COVID-19)"|Antigen|97097-0|"SARS-CoV-2 Ag Upper resp Ql IA.rapid"|"Nasopharyngeal swab"|258500001|04/06/2022|Negative|260385009
78|4244|10D2214779||White|Charlie||09/25/2002||"Lake Nona boulevard Pixon"|Orlando|FL|32827||Male|9999999999|"No Response"|1||0|0|0|0||0|White||||||||"SARS-CoV-2 (COVID-19)"|Antigen|97097-0|"SARS-CoV-2 Ag Upper resp Ql IA.rapid"|"Nasopharyngeal swab"|258500001|04/06/2022|Negative|260385009
79|4244|10D2214779||Kleinpeter|Lloyd||06/21/1965||"3350 Ritchie Rd"|"Geneva Fl"|FL|32732||Male|3213070078|"No Response"|1||0|0|0|0||0|Kleinpeter||||||||"SARS-CoV-2 (COVID-19)"|PCR|94500-6|"SARS-CoV-2 RNA Resp Ql NAA+probe"|"Nasopharyngeal swab"|258500001|04/06/2022|Negative|260385009
80|4244|10D2214779||Myles|Jasmine||02/17/1993||"7800 universal Blvd"|Orlando|FL|32819||Female|13459287878|"No Response"|0||0|0|0|0||0|Myles||||||||"SARS-CoV-2 (COVID-19)"|Antigen|97097-0|"SARS-CoV-2 Ag Upper resp Ql IA.rapid"|"Nasopharyngeal swab"|258500001|04/06/2022|Negative|260385009
81|4244|10D2214779||Ross|Nicholas||12/22/1992||"7800 universal Blvd"|Orlando|FL|32819||Male|13459287878|"No Response"|0||0|0|0|0||0|Ross||||||||"SARS-CoV-2 (COVID-19)"|Antigen|97097-0|"SARS-CoV-2 Ag Upper resp Ql IA.rapid"|"Nasopharyngeal swab"|258500001|04/06/2022|Negative|260385009
82|4244|10D2214779||"Vega Cruz"|Esteban||06/12/1967||"13025 Waterford Wood Cir. Apt 107"|Orlando|FL|32828||Male|4072559059|"No Response"|0||0|0|0|0||0|"Vega Cruz"||||||||"SARS-CoV-2 (COVID-19)"|Antigen|97097-0|"SARS-CoV-2 Ag Upper resp Ql IA.rapid"|"Nasopharyngeal swab"|258500001|04/06/2022|Negative|260385009
83|4244|10D2214779||Patino|"Martha Patricia"||04/15/1974||"13025 Waterford Wood Cir. Apt 107"|Orlando|FL|32828||Female|4073349942|"No Response"|0||0|0|0|0||0|Patino||||||||"SARS-CoV-2 (COVID-19)"|Antigen|97097-0|"SARS-CoV-2 Ag Upper resp Ql IA.rapid"|"Nasopharyngeal swab"|258500001|04/06/2022|Negative|260385009
84|4244|10D2214779||"Lifshits Miller"|Ariela||02/01/1977||"WYDHAM GRAND ORLANDO RESORT BONNET CREEK CHELONIA PARKWAY"|ORLANDO|FL|14651||Female|9999999999|"No Response"|1||0|0|0|0||0|"Lifshits Miller"||||||||"SARS-CoV-2 (COVID-19)"|Antigen|97097-0|"SARS-CoV-2 Ag Upper resp Ql IA.rapid"|"Nasopharyngeal swab"|258500001|04/06/2022|Negative|260385009
85|4244|10D2214779||"Lifshits Miller"|Doron||02/14/1977||"WYDHAM GRAND ORLANDO RESORT BONNET CREEK CHELONIA PARKWAY"|Orlando|FL|14651||Male|9999999999|"No Response"|1||0|0|0|0||0|"Lifshits Miller"||||||||"SARS-CoV-2 (COVID-19)"|Antigen|97097-0|"SARS-CoV-2 Ag Upper resp Ql IA.rapid"|"Nasopharyngeal swab"|258500001|04/06/2022|Negative|260385009
86|4244|10D2214779||"Lifshits Miller"|Lauren||07/16/2008||"WYDHAM GRAND ORLANDO RESORT BONNET CREEK CHELONIA PARKWAY"|Orlando|FL|14651||Female|9999999999|"No Response"|1||0|0|0|0||0|"Lifshits Miller"||||||||"SARS-CoV-2 (COVID-19)"|Antigen|97097-0|"SARS-CoV-2 Ag Upper resp Ql IA.rapid"|"Nasopharyngeal swab"|258500001|04/06/2022|Negative|260385009
87|4244|10D2214779||"Lifshits Miller"|Danielle||03/07/2010||"WYDHAM GRAND ORLANDO RESORT BONNET CREEK CHELONIA PARKWAY"|Orlando|FL|14651||Female|9999999999|"No Response"|1||0|0|0|0||0|"Lifshits Miller"||||||||"SARS-CoV-2 (COVID-19)"|Antigen|97097-0|"SARS-CoV-2 Ag Upper resp Ql IA.rapid"|"Nasopharyngeal swab"|258500001|04/06/2022|Negative|260385009
88|4244|10D2214779||"Lifshits Miller"|Shaun||04/17/2014||"WYDHAM GRAND ORLANDO RESORT BONNET CREEK CHELONIA PARKWAY"|Orlando|FL|14651||Male|9999999999|"No Response"|1||0|0|0|0||0|"Lifshits Miller"||||||||"SARS-CoV-2 (COVID-19)"|Antigen|97097-0|"SARS-CoV-2 Ag Upper resp Ql IA.rapid"|"Nasopharyngeal swab"|258500001|04/06/2022|Negative|260385009
89|4244|10D2214779||LIFSHITS|ODED||01/01/1970||"Wyndham Grand Orlando Resort Bonnet Creek	14651 Chelonia Parkway Lake Buena Vista"|ORLANDO|FL|32830||Male|9999999999|"No Response"|1||0|0|0|0||0|LIFSHITS||||||||"SARS-CoV-2 (COVID-19)"|Antigen|97097-0|"SARS-CoV-2 Ag Upper resp Ql IA.rapid"|"Nasopharyngeal swab"|258500001|04/06/2022|Negative|260385009
90|4244|10D2214779||LIFSHITS|"ESTY ESTER"||01/01/1970||"Wyndham Grand Orlando Resort Bonnet Creek	14651 Chelonia Parkway Lake Buena Vista"|ORLANDO|FL|32830||Female|9999999999|"No Response"|1||0|0|0|0||0|LIFSHITS||||||||"SARS-CoV-2 (COVID-19)"|Antigen|97097-0|"SARS-CoV-2 Ag Upper resp Ql IA.rapid"|"Nasopharyngeal swab"|258500001|04/06/2022|Negative|260385009
91|4244|10D2214779||LIFSHITS|LIOR||01/01/1970||"Wyndham Grand Orlando Resort Bonnet Creek	14651 Chelonia Parkway Lake Buena Vista"|ORLANDO|FL|32830||Female|9999999999|"No Response"|1||0|0|0|0||0|LIFSHITS||||||||"SARS-CoV-2 (COVID-19)"|Antigen|97097-0|"SARS-CoV-2 Ag Upper resp Ql IA.rapid"|"Nasopharyngeal swab"|258500001|04/06/2022|Negative|260385009
92|4244|10D2214779||Lifshits|Romi||01/01/1970||"Wyndham Grand Orlando Resort Bonnet Creek	14651 Chelonia Parkway Lake Buena Vista"|ORLANDO|FL|32830||Female|9999999999|"No Response"|1||0|0|0|0||0|Lifshits||||||||"SARS-CoV-2 (COVID-19)"|Antigen|97097-0|"SARS-CoV-2 Ag Upper resp Ql IA.rapid"|"Nasopharyngeal swab"|258500001|04/06/2022|Negative|260385009
93|4244|10D2214779||LAWRIE|PETER||01/01/1970||"1815 SOUTH SUMMERLIN AVE"|ORLANDO|FL|32806||Male|4072305642|"No Response"|0||0|0|0|1||0|LAWRIE||||||||"SARS-CoV-2 (COVID-19)"|Antigen|97097-0|"SARS-CoV-2 Ag Upper resp Ql IA.rapid"|"Nasopharyngeal swab"|258500001|04/06/2022|Negative|260385009
94|4244|10D2214779||HARTLEY|MARTHA||01/01/1970||"1815 SOUTH SUMMERLIN AVE"|ORLANDO|FL|32806||Female|4076944870|"No Response"|1||0|0|0|0||0|HARTLEY||||||||"SARS-CoV-2 (COVID-19)"|Antigen|97097-0|"SARS-CoV-2 Ag Upper resp Ql IA.rapid"|"Nasopharyngeal swab"|258500001|04/06/2022|Negative|260385009
95|4244|10D2214779||Guy|Jacob||01/01/1970||"Disney Coronado Springs, 1000 Buena Vista Drive, Orlando"|Orlando|FL|32830||Male|9999999999|"No Response"|1||0|0|0|0||0|Guy||||||||"SARS-CoV-2 (COVID-19)"|Antigen|97097-0|"SARS-CoV-2 Ag Upper resp Ql IA.rapid"|"Nasopharyngeal swab"|258500001|04/06/2022|Negative|260385009
96|4244|10D2214779||Guy|Bethany||01/01/1970||"Disney Coronado Springs, 1000 Buena Vista Drive"|Orlando|FL|32830||Female|9999999999|"No Response"|1||0|0|0|0||0|Guy||||||||"SARS-CoV-2 (COVID-19)"|Antigen|97097-0|"SARS-CoV-2 Ag Upper resp Ql IA.rapid"|"Nasopharyngeal swab"|258500001|04/06/2022|Negative|260385009
97|4244|10D2214779||Redmond|Andrew||02/16/1962||"2500 south ocean Blvd"|"Palm beach"|FL|33480||Male|9999999999|"No Response"|1||0|0|0|0||0|Redmond||||||||"SARS-CoV-2 (COVID-19)"|Antigen|97097-0|"SARS-CoV-2 Ag Upper resp Ql IA.rapid"|"Nasopharyngeal swab"|258500001|04/06/2022|Negative|260385009
98|4244|10D2214779||Tompa|"Lana Olivia"||04/05/2019||"8001 International Drive"|Orlando|FL|99999||Female|9999999999|"No Response"|1||0|0|0|0||0|Tompa||||||||"SARS-CoV-2 (COVID-19)"|PCR|94500-6|"SARS-CoV-2 RNA Resp Ql NAA+probe"|"Nasopharyngeal swab"|258500001|04/06/2022|Negative|260385009
99|4244|10D2214779||Ahad|Oliver||09/26/1984||"Disney Allstar Movie Resort, 1901 W Buena Vista Drive"|Orlando|FL|32830||Male|9999999999|"No Response"|1||0|0|0|0||0|Ahad||||||||"SARS-CoV-2 (COVID-19)"|Antigen|97097-0|"SARS-CoV-2 Ag Upper resp Ql IA.rapid"|"Nasopharyngeal swab"|258500001|04/06/2022|Negative|260385009
100|4244|10D2214779||Ahad|Lucy||12/20/1984||"Disney Allstar Movie Resort, 1901 W Buena Vista Drive"|Orlando|FL|32830||Female|9999999999|"No Response"|1||0|0|0|0||0|Ahad||||||||"SARS-CoV-2 (COVID-19)"|Antigen|97097-0|"SARS-CoV-2 Ag Upper resp Ql IA.rapid"|"Nasopharyngeal swab"|258500001|04/06/2022|Negative|260385009
101|4244|10D2214779||Ahad|Susan||12/30/1957||"Disney Allstar Movies Resort, 1901 W Buena Vista Dr"|Orlando|FL|32830||Female|9999999999|"No Response"|1||0|0|0|0||0|Ahad||||||||"SARS-CoV-2 (COVID-19)"|Antigen|97097-0|"SARS-CoV-2 Ag Upper resp Ql IA.rapid"|"Nasopharyngeal swab"|258500001|04/06/2022|Negative|260385009
102|4244|10D2214779||Williams|Andrew||05/22/1980||"10387 Vista Oaks CT unit 410"|Orlando|FL|32836||Male|9542424695|"No Response"|0||0|0|0|0||0|Williams||||||||"SARS-CoV-2 (COVID-19)"|Antigen|97097-0|"SARS-CoV-2 Ag Upper resp Ql IA.rapid"|"Nasopharyngeal swab"|258500001|04/06/2022|Negative|260385009
103|4244|10D2214779||Ahad|Freddie||01/23/1956||"Disney Allstar Movies Resort, 1901 W Buena Vista Dr"|Orlando|FL|32830||Male|9999999999|"No Response"|1||0|0|0|0||0|Ahad||||||||"SARS-CoV-2 (COVID-19)"|Antigen|97097-0|"SARS-CoV-2 Ag Upper resp Ql IA.rapid"|"Nasopharyngeal swab"|258500001|04/06/2022|Negative|260385009
104|4244|10D2214779||"De Leon"|Alexander||07/07/1960||"5381 Lindero Pl"|"Las Vegas NV"|FL|89119||Male|7023340410|"No Response"|0||0|1|0|0||0|"De Leon"||||||||"SARS-CoV-2 (COVID-19)"|Antigen|97097-0|"SARS-CoV-2 Ag Upper resp Ql IA.rapid"|"Nasopharyngeal swab"|258500001|04/06/2022|Negative|260385009
105|4244|10D2214779||"DE LEON"|JULITA||06/19/1958||"5381 Lindero Pl"|"Las Vegas NV"|FL|89119||Female|7023340410|"No Response"|0||0|1|0|0||0|"DE LEON"||||||||"SARS-CoV-2 (COVID-19)"|Antigen|97097-0|"SARS-CoV-2 Ag Upper resp Ql IA.rapid"|"Nasopharyngeal swab"|258500001|04/06/2022|Negative|260385009
106|4244|10D2214779||Redmond|Andrew||02/16/1962||"2500 south ocean blvd"|"Palm beach"|FL|33480||Male|9999999999|"No Response"|1||0|0|0|0||0|Redmond||||||||"SARS-CoV-2 (COVID-19)"|Antigen|97097-0|"SARS-CoV-2 Ag Upper resp Ql IA.rapid"|"Nasopharyngeal swab"|258500001|04/06/2022|Negative|260385009
107|4244|10D2214779||Schmid|Brigitte||01/01/1970||"1 Lexington Lane East #C"|"Palm Beach Gardens"|FL|33418||Female|5615430249|"No Response"|1||0|0|0|0||0|Schmid||||||||"SARS-CoV-2 (COVID-19)"|PCR|94500-6|"SARS-CoV-2 RNA Resp Ql NAA+probe"|"Nasopharyngeal swab"|258500001|04/06/2022|Negative|260385009
108|4244|10D2214779||Sparks|Tony||03/03/1961||"601 Kissingbower Rd"|Vidalia|FL|30474||Male|4048217687|"No Response"|1||0|0|0|0||0|Sparks||||||||"SARS-CoV-2 (COVID-19)"|Antigen|97097-0|"SARS-CoV-2 Ag Upper resp Ql IA.rapid"|"Nasopharyngeal swab"|258500001|04/06/2022|Negative|260385009
109|4244|10D2214779||Mitchell|Keily||06/05/1979||"601 Kissingbower Rd"|Vidalia|FL|30474||Female|4048217687|"No Response"|1||0|0|0|0||0|Mitchell||||||||"SARS-CoV-2 (COVID-19)"|Antigen|97097-0|"SARS-CoV-2 Ag Upper resp Ql IA.rapid"|"Nasopharyngeal swab"|258500001|04/06/2022|Negative|260385009
110|4244|10D2214779||Sparks|Eli||04/24/2012||"601 Kissingbower Rd"|Vidalia|FL|30474||Male|4048217687|"No Response"|1||0|0|0|0||0|Sparks||||||||"SARS-CoV-2 (COVID-19)"|Antigen|97097-0|"SARS-CoV-2 Ag Upper resp Ql IA.rapid"|"Nasopharyngeal swab"|258500001|04/06/2022|Negative|260385009
111|4244|10D2214779||Redmond|Andrew||02/16/1962||"2500 south ocean Blvd"|"Palm beach"|FL|33480||Male|9999999999|"No Response"|1||0|0|0|0||0|Redmond||||||||"SARS-CoV-2 (COVID-19)"|Antigen|97097-0|"SARS-CoV-2 Ag Upper resp Ql IA.rapid"|"Nasopharyngeal swab"|258500001|04/06/2022|Negative|260385009
