RecordID|FacilityID|CLIAID|PatientID|LastName|FirstName|MiddleName|DOB|SSN|StreetAddress|City|State|Zip|County|Gender|PhoneNumber|Ethnicity|RaceWhite|RaceBlack|RaceAmericanIndianAlaskanNative|RaceAsian|RaceNativeHawaiianOrOtherPacificIslander|RaceOther|RaceUnknown|RaceNoResponse|ProviderName|NPI|Pregnant|SchoolAssociation|SchoolName|MeetILIDefinition|PerformingLab|AccessionNumber|Pathogen|TestType|LOINC|LOINCShortName|SpecimenCollectionType|SpecimenSNOMED|SpecimenCollectedDate|Result|ResultSNOMED
1|4244|10D2214779||Detwiller|Robert||04/15/1954||"713 Lakeside Drive"|"North Palm Beach"|FL|33408||Male|5614603335|"No Response"|1||0|0|0|0||0|Detwiller||||||||"SARS-CoV-2 (COVID-19)"|Antigen|97097-0|"SARS-CoV-2 Ag Upper resp Ql IA.rapid"|"Nasopharyngeal swab"|258500001|04/01/2022|Negative|260385009
2|4244|10D2214779||Miller|Juliette||12/09/1959||"713 Lakeside Drivr"|"North Palm Beach"|FL|33408||Female|5613107761|"No Response"|1||0|0|0|0||0|Miller||||||||"SARS-CoV-2 (COVID-19)"|Antigen|97097-0|"SARS-CoV-2 Ag Upper resp Ql IA.rapid"|"Nasopharyngeal swab"|258500001|04/01/2022|Negative|260385009
3|4244|10D2214779||Roberts|Craig||10/24/1952||"2720 Biarritz Drive"|"Palm beach Gardens"|FL|33410||Male|15617580003|"No Response"|1||0|0|0|0||0|Roberts||||||||"SARS-CoV-2 (COVID-19)"|Antigen|97097-0|"SARS-CoV-2 Ag Upper resp Ql IA.rapid"|"Nasopharyngeal swab"|258500001|04/01/2022|Negative|260385009
4|4244|10D2214779||Consolazio|Anthony||08/30/1952||"4950 E Sabal Palm Blvd Apt 410"|Tamarac|FL|33319||Male|6093155565|"No Response"|1||0|0|0|0||0|Consolazio||||||||"SARS-CoV-2 (COVID-19)"|Antigen|97097-0|"SARS-CoV-2 Ag Upper resp Ql IA.rapid"|"Nasopharyngeal swab"|258500001|04/01/2022|Negative|260385009
5|4244|10D2214779||Consolazio|Debra||09/12/1956||"4950 E Sabal Palm Blvd Apt 410"|Tamarac|FL|33319||Female|6093151745|"No Response"|1||0|0|0|0||0|Consolazio||||||||"SARS-CoV-2 (COVID-19)"|Antigen|97097-0|"SARS-CoV-2 Ag Upper resp Ql IA.rapid"|"Nasopharyngeal swab"|258500001|04/01/2022|Negative|260385009
6|4244|10D2214779||Deshar|Kumar||08/06/1953||Unknown|Unknown|FL|33463||Male|5618148003|"No Response"|0||0|1|0|0||0|Deshar||||||||"SARS-CoV-2 (COVID-19)"|PCR|94500-6|"SARS-CoV-2 RNA Resp Ql NAA+probe"|"Nasopharyngeal swab"|258500001|03/31/2022|Negative|260385009
7|4244|10D2214779||Roberts|Craig||10/24/1952||"2720 Biarritz Dr"|"Palm Beach Gardens"|FL|00000||Male|15617580003|"No Response"|1||0|0|0|0||0|Roberts||||||||"SARS-CoV-2 (COVID-19)"|Antigen|97097-0|"SARS-CoV-2 Ag Upper resp Ql IA.rapid"|"Nasopharyngeal swab"|258500001|04/01/2022|Negative|260385009
8|4244|10D2214779||Miller|Juliette||12/09/1959||"713 Lakeside Drive"|"North Palm Beach"|FL|33408||Female|5613107761|"No Response"|1||0|0|0|0||0|Miller||||||||"SARS-CoV-2 (COVID-19)"|Antigen|97097-0|"SARS-CoV-2 Ag Upper resp Ql IA.rapid"|"Nasopharyngeal swab"|258500001|04/01/2022|Negative|260385009
9|4244|10D2214779||Roberts|Craig||10/24/1952||"2720 Biarritz Drive"|"Palm Beach Gardens"|FL|33410||Male|15617580003|"No Response"|1||0|0|0|0||0|Roberts||||||||"SARS-CoV-2 (COVID-19)"|Antigen|97097-0|"SARS-CoV-2 Ag Upper resp Ql IA.rapid"|"Nasopharyngeal swab"|258500001|04/01/2022|Negative|260385009
10|4244|10D2214779||Tolnai|Edit||11/13/1966||"13693 Artisan Circle"|"Palm Beach Gardens"|FL|33418||Female|5613392959|"No Response"|1||0|0|0|0||0|Tolnai||||||||"SARS-CoV-2 (COVID-19)"|PCR|94500-6|"SARS-CoV-2 RNA Resp Ql NAA+probe"|"Nasopharyngeal swab"|258500001|04/01/2022|Negative|260385009
11|4244|10D2214779||Consolazio|Anthony||08/30/1952||"4950 E Sabal Palm Blvd #410"|Tamarac|FL|33319||Male|6093155565|"No Response"|1||0|0|0|0||0|Consolazio||||||||"SARS-CoV-2 (COVID-19)"|Antigen|97097-0|"SARS-CoV-2 Ag Upper resp Ql IA.rapid"|"Nasopharyngeal swab"|258500001|04/01/2022|Negative|260385009
12|4244|10D2214779||Consolazio|Debra||09/12/1956||"4950 E Sabal Palm Blvd #410"|Tamarac|FL|33319||Female|6093151745|"No Response"|1||0|0|0|0||0|Consolazio||||||||"SARS-CoV-2 (COVID-19)"|Antigen|97097-0|"SARS-CoV-2 Ag Upper resp Ql IA.rapid"|"Nasopharyngeal swab"|258500001|04/01/2022|Negative|260385009
13|4244|10D2214779||Mimms|Brandon||11/09/1993||Unknown|Unknown|FL|99999||Male|9056876331|"No Response"|1||0|0|0|0||0|Mimms||||||||"SARS-CoV-2 (COVID-19)"|Antigen|97097-0|"SARS-CoV-2 Ag Upper resp Ql IA.rapid"|"Nasopharyngeal swab"|258500001|04/01/2022|Negative|260385009
14|4244|10D2214779||Roberts|Craig||10/24/1952||"2720 Biarritz Drive"|"Palm Beach Gardens"|FL|33410||Male|15617580003|"No Response"|1||0|0|0|0||0|Roberts||||||||"SARS-CoV-2 (COVID-19)"|Antigen|97097-0|"SARS-CoV-2 Ag Upper resp Ql IA.rapid"|"Nasopharyngeal swab"|258500001|04/01/2022|Negative|260385009
15|4244|10D2214779||Dale|"Jimmy Earl"||01/16/1945||"172 Seminole Lakes Drive"|"Royal Palm Beach"|FL|33411||Male|5103263240|"No Response"|1||0|0|0|0||0|Dale||||||||"SARS-CoV-2 (COVID-19)"|Antigen|97097-0|"SARS-CoV-2 Ag Upper resp Ql IA.rapid"|"Nasopharyngeal swab"|258500001|04/01/2022|Negative|260385009
16|4244|10D2214779||Cameron|Russell||08/12/1955||"3081 NE 39th Street"|"Fort Lauderdale"|FL|33308||Male|9543833243|"No Response"|1||0|0|0|0||0|Cameron||||||||"SARS-CoV-2 (COVID-19)"|PCR|94500-6|"SARS-CoV-2 RNA Resp Ql NAA+probe"|"Nasopharyngeal swab"|258500001|04/01/2022|Negative|260385009
17|4244|10D2214779||Dulcio|Carine||12/22/1990||"5645 Breckenridge Cir"|Orlando|FL|32818||Female|4074043143|"No Response"|0||0|0|0|0||0|Dulcio||||||||"SARS-CoV-2 (COVID-19)"|Antigen|97097-0|"SARS-CoV-2 Ag Upper resp Ql IA.rapid"|"Nasopharyngeal swab"|258500001|04/01/2022|Negative|260385009
18|4244|10D2214779||RAZVICKAS|ALEXANDRE||03/27/1956||"8325 SW 72nd Ave apt 210"|miami|FL|33143||Male|3053087034|"No Response"|1||0|0|0|0||0|RAZVICKAS||||||||"SARS-CoV-2 (COVID-19)"|Antigen|97097-0|"SARS-CoV-2 Ag Upper resp Ql IA.rapid"|"Nasopharyngeal swab"|258500001|04/01/2022|Negative|260385009
19|4244|10D2214779||RAZVICKAS|ALEXANDRE||03/27/1956||"8325 SW 72nd Ave apt 210"|miami|FL|33143||Male|3053087034|"No Response"|1||0|0|0|0||0|RAZVICKAS||||||||"SARS-CoV-2 (COVID-19)"|Antigen|97097-0|"SARS-CoV-2 Ag Upper resp Ql IA.rapid"|"Nasopharyngeal swab"|258500001|04/01/2022|Negative|260385009
20|4244|10D2214779||Marquez|Oscar||02/18/1967||Unknown|Unknown|FL|99999||Male|7863962445|"No Response"|0||0|0|0|0||0|Marquez||||||||"SARS-CoV-2 (COVID-19)"|PCR|94500-6|"SARS-CoV-2 RNA Resp Ql NAA+probe"|"Nasopharyngeal swab"|258500001|03/31/2022|Negative|260385009
21|4244|10D2214779||Roberts|Craig||10/24/1952||"2720 Biarritz Drive"|"Palm Beach Gardens"|FL|33410||Male|15617580003|"No Response"|1||0|0|0|0||0|Roberts||||||||"SARS-CoV-2 (COVID-19)"|Antigen|97097-0|"SARS-CoV-2 Ag Upper resp Ql IA.rapid"|"Nasopharyngeal swab"|258500001|04/01/2022|Negative|260385009
22|4244|10D2214779||Duffy|Colin||05/01/1974||"523 Birkdale St,Davenport"|Orlando|FL|33897||Male|08722771069|"No Response"|1||0|0|0|0||0|Duffy||||||||"SARS-CoV-2 (COVID-19)"|Antigen|97097-0|"SARS-CoV-2 Ag Upper resp Ql IA.rapid"|"Nasopharyngeal swab"|258500001|04/01/2022|Negative|260385009
23|4244|10D2214779||Duffy|Gareth||04/03/1999||"523 Birkdale St,Davenport"|Orlando|FL|33897||Male|0872771069|"No Response"|1||0|0|0|0||0|Duffy||||||||"SARS-CoV-2 (COVID-19)"|Antigen|97097-0|"SARS-CoV-2 Ag Upper resp Ql IA.rapid"|"Nasopharyngeal swab"|258500001|04/01/2022|Negative|260385009
24|4244|10D2214779||Duffy|Christina||05/22/1970||"523 Birkdale St,Davenport"|Orlando|FL|33897||Female|0872771069|"No Response"|1||0|0|0|0||0|Duffy||||||||"SARS-CoV-2 (COVID-19)"|Antigen|97097-0|"SARS-CoV-2 Ag Upper resp Ql IA.rapid"|"Nasopharyngeal swab"|258500001|04/01/2022|Negative|260385009
25|4244|10D2214779||Rankin|Paul||05/14/1950||"3400 North Ocean Drive  #1501"|"Riviera Beach"|FL|33404||Male|7725320741|"No Response"|1||0|0|0|0||0|Rankin||||||||"SARS-CoV-2 (COVID-19)"|Antigen|97097-0|"SARS-CoV-2 Ag Upper resp Ql IA.rapid"|"Nasopharyngeal swab"|258500001|04/01/2022|Negative|260385009
26|4244|10D2214779||Rankin|Agnes||12/16/1952||"3400 North Ocean Drive #1501"|"Riviera Beach"|FL|33404||Female|7725320741|"No Response"|1||0|0|0|0||0|Rankin||||||||"SARS-CoV-2 (COVID-19)"|Antigen|97097-0|"SARS-CoV-2 Ag Upper resp Ql IA.rapid"|"Nasopharyngeal swab"|258500001|04/01/2022|Negative|260385009
27|4244|10D2214779||Rankin|Paul||05/14/1950||"3400 North Ocean Drive #1501"|"Riviera Beach"|FL|33404||Male|7725320741|"No Response"|1||0|0|0|0||0|Rankin||||||||"SARS-CoV-2 (COVID-19)"|Antigen|97097-0|"SARS-CoV-2 Ag Upper resp Ql IA.rapid"|"Nasopharyngeal swab"|258500001|04/01/2022|Negative|260385009
28|4244|10D2214779||Miller|Angela||12/01/1969||"1121 Marble Way"|"Boca Raton"|FL|33432||Female|5613022490|"No Response"|1||0|0|0|0||0|Miller||||||||"SARS-CoV-2 (COVID-19)"|Antigen|97097-0|"SARS-CoV-2 Ag Upper resp Ql IA.rapid"|"Nasopharyngeal swab"|258500001|01/07/2022|Negative|260385009
29|4244|10D2214779||Daley|Lascelle||07/02/1946||"1482 palm beach lakes blvd"|"West Palm Beach"|FL|33401||Male|5618913725|"No Response"|0||0|0|0|0||0|Daley||||||||"SARS-CoV-2 (COVID-19)"|Antigen|97097-0|"SARS-CoV-2 Ag Upper resp Ql IA.rapid"|"Nasopharyngeal swab"|258500001|04/01/2022|Negative|260385009
30|4244|10D2214779||Ceasar|Denaisya||03/03/1998||"1794 Willie mays parkway"|Orlando|FL|32811||Female|3865646414|"No Response"|0||0|0|0|0||0|Ceasar||||||||"SARS-CoV-2 (COVID-19)"|Antigen|97097-0|"SARS-CoV-2 Ag Upper resp Ql IA.rapid"|"Nasopharyngeal swab"|258500001|04/01/2022|Negative|260385009
31|4244|10D2214779||Denes|Emoke||01/03/1981||"1405 NE 7th Avenue Unit#3"|"Fort lauderdale"|FL|33304||Female|7542529300|"No Response"|1||0|0|0|0||0|Denes||||||||"SARS-CoV-2 (COVID-19)"|PCR|94500-6|"SARS-CoV-2 RNA Resp Ql NAA+probe"|"Nasopharyngeal swab"|258500001|04/01/2022|Negative|260385009
32|4244|10D2214779||Tory|Jennifer||09/18/1955||"11104 Turtle Beach Rd"|"North Palm beach"|FL|33408||Female|4163577611|"No Response"|1||0|0|0|0||0|Tory||||||||"SARS-CoV-2 (COVID-19)"|PCR|94500-6|"SARS-CoV-2 RNA Resp Ql NAA+probe"|"Nasopharyngeal swab"|258500001|04/01/2022|Negative|260385009
33|4244|10D2214779||Mimms|Brandon||11/09/1993||"1349 SHINNECOCK HILLS DRIVE"|"DAVENPORT FLORIDA"|FL|33896||Male|9056876331|"No Response"|1||0|0|0|0||0|Mimms||||||||"SARS-CoV-2 (COVID-19)"|Antigen|97097-0|"SARS-CoV-2 Ag Upper resp Ql IA.rapid"|"Nasopharyngeal swab"|258500001|04/01/2022|Negative|260385009
34|4244|10D2214779||Detwiller|Robert||04/15/1954||"713 Lakeside Drive"|"North Palm Beach"|FL|33408||Male|5614603335|"No Response"|1||0|0|0|0||0|Detwiller||||||||"SARS-CoV-2 (COVID-19)"|Antigen|97097-0|"SARS-CoV-2 Ag Upper resp Ql IA.rapid"|"Nasopharyngeal swab"|258500001|04/01/2022|Negative|260385009
35|4244|10D2214779||Miller|Juliette||12/09/1959||"713 Lakeside Drive"|"North Palm Beach"|FL|33408||Female|5613107761|"No Response"|0||0|0|0|1||0|Miller||||||||"SARS-CoV-2 (COVID-19)"|Antigen|97097-0|"SARS-CoV-2 Ag Upper resp Ql IA.rapid"|"Nasopharyngeal swab"|258500001|04/01/2022|Negative|260385009
36|4244|10D2214779||Pratt|Samantha||12/03/1974||"8200 SW 70 St"|Miami|FL|33143||Female|2425571411|"No Response"|0||0|0|0|1||0|Pratt||||||||"SARS-CoV-2 (COVID-19)"|Antigen|97097-0|"SARS-CoV-2 Ag Upper resp Ql IA.rapid"|"Nasopharyngeal swab"|258500001|04/01/2022|Negative|260385009
37|4244|10D2214779||Pratt|Brianna||07/01/2004||"8200 SW 70th St"|Miami|FL|33143||Female|2425571411|"No Response"|0||0|0|0|1||0|Pratt||||||||"SARS-CoV-2 (COVID-19)"|Antigen|97097-0|"SARS-CoV-2 Ag Upper resp Ql IA.rapid"|"Nasopharyngeal swab"|258500001|04/01/2022|Negative|260385009
38|4244|10D2214779||Rankin|Paul||05/14/1950||"3400 North Ocean Drive apt.1501"|"Riviera Beach"|FL|33404||Male|7725320741|"No Response"|1||0|0|0|0||0|Rankin||||||||"SARS-CoV-2 (COVID-19)"|Antigen|97097-0|"SARS-CoV-2 Ag Upper resp Ql IA.rapid"|"Nasopharyngeal swab"|258500001|04/01/2022|Negative|260385009
39|4244|10D2214779||Rankin|Agnes||12/16/1952||"3400 North Ocean Drive apt. 1501"|"Riviera Beach"|FL|33404||Female|7725320741|"No Response"|1||0|0|0|0||0|Rankin||||||||"SARS-CoV-2 (COVID-19)"|Antigen|97097-0|"SARS-CoV-2 Ag Upper resp Ql IA.rapid"|"Nasopharyngeal swab"|258500001|04/01/2022|Negative|260385009
40|4244|10D2214779||Schmierer|Dan||11/07/1947||"340 Lake Palms Drive Apt 201, Davenport FL 33896"|Davenport|FL|33896||Male|8133902640|"No Response"|1||0|0|0|0||0|Schmierer||||||||"SARS-CoV-2 (COVID-19)"|Antigen|97097-0|"SARS-CoV-2 Ag Upper resp Ql IA.rapid"|"Nasopharyngeal swab"|258500001|04/01/2022|Negative|260385009
41|4244|10D2214779||Schmierer|Linda||10/30/1950||"340 Lake Palms Drive Apt 201, Davenport FL 33896"|Davenport|FL|33896||Female|8133902640|"No Response"|1||0|0|0|0||0|Schmierer||||||||"SARS-CoV-2 (COVID-19)"|Antigen|97097-0|"SARS-CoV-2 Ag Upper resp Ql IA.rapid"|"Nasopharyngeal swab"|258500001|04/01/2022|Negative|260385009
42|4244|10D2214779||Marquez|Oscar||02/18/1967||Unknown|Unknown|FL|99999||Male|7863962445|"No Response"|0||0|0|0|0||0|Marquez||||||||"SARS-CoV-2 (COVID-19)"|PCR|94500-6|"SARS-CoV-2 RNA Resp Ql NAA+probe"|"Nasopharyngeal swab"|258500001|03/31/2022|Negative|260385009
43|4244|10D2214779||Lobato|"Monique Viana"||08/23/1984||Unknown|Unknown|FL|99999||Female|9999999999|"No Response"|0||0|0|0|0||1|Lobato||||||||"SARS-CoV-2 (COVID-19)"|PCR|94500-6|"SARS-CoV-2 RNA Resp Ql NAA+probe"|"Nasopharyngeal swab"|258500001|03/31/2022|Negative|260385009
44|4244|10D2214779||Deshar|Kumar||08/06/1953||"6581 Country winds cove"|"Lake worth"|FL|33463||Male|5618148003|"No Response"|0||0|1|0|0||0|Deshar||||||||"SARS-CoV-2 (COVID-19)"|PCR|94500-6|"SARS-CoV-2 RNA Resp Ql NAA+probe"|"Nasopharyngeal swab"|258500001|03/31/2022|Negative|260385009
45|4244|10D2214779||Tyler|Jeffrey||11/02/1968||"7763 Windbreak Road"|Orlando|FL|32819||Male|14073997137|"No Response"|1||0|0|0|0||0|Tyler||||||||"SARS-CoV-2 (COVID-19)"|PCR|94500-6|"SARS-CoV-2 RNA Resp Ql NAA+probe"|"Nasopharyngeal swab"|258500001|03/31/2022|Negative|260385009
46|4244|10D2214779||DESHAR|"NANI CHHORI"||07/28/1961||"6581 Country Winds Cove"|Lakeworth|FL|33463||Female|5618148003|"No Response"|0||0|1|0|0||0|DESHAR||||||||"SARS-CoV-2 (COVID-19)"|PCR|94500-6|"SARS-CoV-2 RNA Resp Ql NAA+probe"|"Nasopharyngeal swab"|258500001|03/31/2022|Negative|260385009
47|4244|10D2214779||Musgrave|David||03/28/1991||"76 Sandoval Rd."|Edgewood|FL|87015||Male|9152822711|"No Response"|1||0|0|0|0||0|Musgrave||||||||"SARS-CoV-2 (COVID-19)"|PCR|94500-6|"SARS-CoV-2 RNA Resp Ql NAA+probe"|"Nasopharyngeal swab"|258500001|03/31/2022|Negative|260385009
48|4244|10D2214779||Tavenner|Patricia||05/17/1960||"828 Pine Meadows Road"|Orlando|FL|32825||Female|4077165541|"No Response"|1||0|0|0|0||0|Tavenner||||||||"SARS-CoV-2 (COVID-19)"|PCR|94500-6|"SARS-CoV-2 RNA Resp Ql NAA+probe"|"Nasopharyngeal swab"|258500001|03/31/2022|Negative|260385009
49|4244|10D2214779||Tavenner|Frank||04/10/1951||"828 Pine Meadows Road"|Orlando|FL|32825||Male|3214421686|"No Response"|1||0|0|0|0||0|Tavenner||||||||"SARS-CoV-2 (COVID-19)"|PCR|94500-6|"SARS-CoV-2 RNA Resp Ql NAA+probe"|"Nasopharyngeal swab"|258500001|03/31/2022|Negative|260385009
50|4244|10D2214779||Brown|Monica||01/23/1974||"3646 Lake Estates Way"|Atlanta|FL|30349||Female|3135853315|"No Response"|0||0|0|0|0||0|Brown||||||||"SARS-CoV-2 (COVID-19)"|PCR|94500-6|"SARS-CoV-2 RNA Resp Ql NAA+probe"|"Nasopharyngeal swab"|258500001|03/31/2022|Negative|260385009
51|4244|10D2214779||Brown|McKinley||03/30/2006||"3646 Lake Estates Way"|Atlanta|FL|30349||Male|3135853315|"No Response"|0||0|0|0|0||0|Brown||||||||"SARS-CoV-2 (COVID-19)"|PCR|94500-6|"SARS-CoV-2 RNA Resp Ql NAA+probe"|"Nasopharyngeal swab"|258500001|03/31/2022|Negative|260385009
52|4244|10D2214779||Brown|Noah||07/13/2011||"3646 Lake Estates"|Atlanta|FL|30349||Male|3135853315|"No Response"|0||0|0|0|0||0|Brown||||||||"SARS-CoV-2 (COVID-19)"|PCR|94500-6|"SARS-CoV-2 RNA Resp Ql NAA+probe"|"Nasopharyngeal swab"|258500001|03/31/2022|Negative|260385009
53|4244|10D2214779||Brown|Jasmine||07/28/1994||"3646 Lake estates way"|Atlanta|FL|30349||Female|6787342658|"No Response"|0||0|0|0|0||0|Brown||||||||"SARS-CoV-2 (COVID-19)"|PCR|94500-6|"SARS-CoV-2 RNA Resp Ql NAA+probe"|"Nasopharyngeal swab"|258500001|03/31/2022|Negative|260385009
54|4244|10D2214779||Thomas|William||07/13/1969||"3876 Hilson Haven"|Decatur|FL|30034||Male|40478635331|"No Response"|0||0|0|0|0||0|Thomas||||||||"SARS-CoV-2 (COVID-19)"|PCR|94500-6|"SARS-CoV-2 RNA Resp Ql NAA+probe"|"Nasopharyngeal swab"|258500001|03/31/2022|Negative|260385009
55|4244|10D2214779||Brown|Nikita||05/01/1974||"3646 Lake Estates Way"|Atlanta|FL|30349||Male|3135853315|"No Response"|0||0|0|0|0||0|Brown||||||||"SARS-CoV-2 (COVID-19)"|PCR|94500-6|"SARS-CoV-2 RNA Resp Ql NAA+probe"|"Nasopharyngeal swab"|258500001|03/31/2022|Negative|260385009
56|4244|10D2214779||"Alves El Alam"|Naijla||12/23/1972||"148 NW 167th"|Miami|FL|33169||Female|9999999999|"No Response"|0||0|0|0|0||0|"Alves El Alam"||||||||"SARS-CoV-2 (COVID-19)"|Antigen|97097-0|"SARS-CoV-2 Ag Upper resp Ql IA.rapid"|"Nasopharyngeal swab"|258500001|04/01/2022|Negative|260385009
57|4244|10D2214779||villahermosa-Mercante|Mitz||03/29/1982||Unknown|Unknown|FL|99999||Female|9543487755|"No Response"|0||0|0|0|1||0|villahermosa-Mercante||||||||"SARS-CoV-2 (COVID-19)"|PCR|94500-6|"SARS-CoV-2 RNA Resp Ql NAA+probe"|"Nasopharyngeal swab"|258500001|03/31/2022|Negative|260385009
58|4244|10D2214779||"Villahermosa Mercandante"|Isabella||05/28/2013||Unknown|Unknown|FL|99999||Female|9543487755|"No Response"|0||0|0|0|1||0|"Villahermosa Mercandante"||||||||"SARS-CoV-2 (COVID-19)"|PCR|94500-6|"SARS-CoV-2 RNA Resp Ql NAA+probe"|"Nasopharyngeal swab"|258500001|03/31/2022|Negative|260385009
59|4244|10D2214779||Marquez|Oscar||02/18/1967||Unknown|Unknown|FL|99999||Male|7863962445|"No Response"|0||0|0|0|0||0|Marquez||||||||"SARS-CoV-2 (COVID-19)"|PCR|94500-6|"SARS-CoV-2 RNA Resp Ql NAA+probe"|"Nasopharyngeal swab"|258500001|03/31/2022|Negative|260385009
60|4244|10D2214779||Schmierer|Dan||11/07/1947||"340 Lake Palms Dr., Apt 201, Davenport, FL 33896"|Davenport|FL|33896||Male|8133902640|"No Response"|1||0|0|0|0||0|Schmierer||||||||"SARS-CoV-2 (COVID-19)"|Antigen|97097-0|"SARS-CoV-2 Ag Upper resp Ql IA.rapid"|"Nasopharyngeal swab"|258500001|04/01/2022|Negative|260385009
61|4244|10D2214779||Cameron|Russell||08/12/1955||"3081 NE 39th Street"|"Fort Lauderdale"|FL|33308||Male|9543833243|"No Response"|1||0|0|0|0||0|Cameron||||||||"SARS-CoV-2 (COVID-19)"|PCR|94500-6|"SARS-CoV-2 RNA Resp Ql NAA+probe"|"Nasopharyngeal swab"|258500001|04/01/2022|Negative|260385009
62|4244|10D2214779||Partridge|Lynette||08/07/1956||"1430 Consolata Ave"|Miami|FL|33146||Female|9999999999|"No Response"|1||0|0|0|0||0|Partridge||||||||"SARS-CoV-2 (COVID-19)"|Antigen|97097-0|"SARS-CoV-2 Ag Upper resp Ql IA.rapid"|"Nasopharyngeal swab"|258500001|04/01/2022|Negative|260385009
63|4244|10D2214779||Custons|David||10/28/1977||"3611 Ardmore Way"|"Riviera Beach"|FL|33404||Male|9175047098|"No Response"|1||0|0|0|0||0|Custons||||||||"SARS-CoV-2 (COVID-19)"|PCR|94500-6|"SARS-CoV-2 RNA Resp Ql NAA+probe"|"Nasopharyngeal swab"|258500001|04/01/2022|Negative|260385009
64|4244|10D2214779||Schmierer|Linda||10/30/1950||"340 Lake Palms Dr, Apt 201, Davenport, FL 33896"|Davenport|FL|33896||Female|8133902640|"No Response"|1||0|0|0|0||0|Schmierer||||||||"SARS-CoV-2 (COVID-19)"|Antigen|97097-0|"SARS-CoV-2 Ag Upper resp Ql IA.rapid"|"Nasopharyngeal swab"|258500001|04/01/2022|Negative|260385009
65|4244|10D2214779||Tolnai|Edit||11/13/1966||"13693 Artisan Circle"|"Palm Beach Gardens"|FL|33458||Female|5613392959|"No Response"|1||0|0|0|0||0|Tolnai||||||||"SARS-CoV-2 (COVID-19)"|PCR|94500-6|"SARS-CoV-2 RNA Resp Ql NAA+probe"|"Nasopharyngeal swab"|258500001|04/01/2022|Negative|260385009
66|4244|10D2214779||Eaton|Denise||04/02/1971||"3611 Ardmore Way"|"Riviera Beach"|FL|33404||Female|5617970380|"No Response"|1||0|0|0|0||0|Eaton||||||||"SARS-CoV-2 (COVID-19)"|PCR|94500-6|"SARS-CoV-2 RNA Resp Ql NAA+probe"|"Nasopharyngeal swab"|258500001|04/01/2022|Negative|260385009
67|4244|10D2214779||Baker|Petra||11/09/1987||"1805 Hotel Plaza Blvd"|Florida|FL|32830||Female|9999999999|"No Response"|0||0|0|0|1||0|Baker||||||||"SARS-CoV-2 (COVID-19)"|PCR|94500-6|"SARS-CoV-2 RNA Resp Ql NAA+probe"|"Nasopharyngeal swab"|258500001|04/01/2022|Negative|260385009
68|4244|10D2214779||Russ|Emma||01/13/2006||"Holiday inn disney springs"|Florida|FL|32830||Female|9999999999|"No Response"|1||0|0|0|0||0|Russ||||||||"SARS-CoV-2 (COVID-19)"|PCR|94500-6|"SARS-CoV-2 RNA Resp Ql NAA+probe"|"Nasopharyngeal swab"|258500001|04/01/2022|Negative|260385009
69|4244|10D2214779||HERTER|LILIANE||10/19/1964||"7700 westgate boulevard"|kissimmee|FL|34747||Female|9999999999|"No Response"|0||0|0|0|0||0|HERTER||||||||"SARS-CoV-2 (COVID-19)"|Antigen|97097-0|"SARS-CoV-2 Ag Upper resp Ql IA.rapid"|"Nasopharyngeal swab"|258500001|04/01/2022|Negative|260385009
70|4244|10D2214779||Passos|"Karen Cristine"||03/01/1977||"4100 sw 102nd avenue"|Davie|FL|33328||Female|9999999999|"No Response"|1||0|0|0|0||0|Passos||||||||"SARS-CoV-2 (COVID-19)"|PCR|94500-6|"SARS-CoV-2 RNA Resp Ql NAA+probe"|"Nasopharyngeal swab"|258500001|04/01/2022|Negative|260385009
71|4244|10D2214779||Burnside|Caroline||11/17/1964||"1325 bear island dr"|"west palm beach"|FL|33409||Female|5613103764|"No Response"|1||0|0|0|0||0|Burnside||||||||"SARS-CoV-2 (COVID-19)"|PCR|94500-6|"SARS-CoV-2 RNA Resp Ql NAA+probe"|"Nasopharyngeal swab"|258500001|04/01/2022|Negative|260385009
72|4244|10D2214779||Vasconcellos|"Jose Eduardo Gomes de"||01/26/1966||"4100 sw 102nd avenue"|Davie|FL|33328||Male|9999999999|"No Response"|1||0|0|0|0||0|Vasconcellos||||||||"SARS-CoV-2 (COVID-19)"|PCR|94500-6|"SARS-CoV-2 RNA Resp Ql NAA+probe"|"Nasopharyngeal swab"|258500001|04/01/2022|Negative|260385009
73|4244|10D2214779||MacIver|"Maria Catalina"||11/10/1965||"1901 Redfield Lane"|Orlando|FL|32837||Female|4079294985|"No Response"|0||0|0|0|0||0|MacIver||||||||"SARS-CoV-2 (COVID-19)"|Antigen|97097-0|"SARS-CoV-2 Ag Upper resp Ql IA.rapid"|"Nasopharyngeal swab"|258500001|04/01/2022|Negative|260385009
74|4244|10D2214779||MacIver|"Maria Catalina"||11/10/1956||"1901 Redfield Lane"|Orlando|FL|32837||Female|4079294985|"No Response"|0||0|0|0|0||0|MacIver||||||||"SARS-CoV-2 (COVID-19)"|Antigen|97097-0|"SARS-CoV-2 Ag Upper resp Ql IA.rapid"|"Nasopharyngeal swab"|258500001|04/01/2022|Negative|260385009
75|4244|10D2214779||Parsons|Julie||04/04/1962||"Hawthorn suites hotel"|Orlando|FL|99999||Female|9999999999|"No Response"|1||0|0|0|0||0|Parsons||||||||"SARS-CoV-2 (COVID-19)"|Antigen|97097-0|"SARS-CoV-2 Ag Upper resp Ql IA.rapid"|"Nasopharyngeal swab"|258500001|04/01/2022|Negative|260385009
76|4244|10D2214779||OKeefe|Teresa||12/07/1964||"607 Pilot Road"|"North Palm Beach"|FL|33408||Female|5613083495|"No Response"|1||0|0|0|0||0|OKeefe||||||||"SARS-CoV-2 (COVID-19)"|Antigen|97097-0|"SARS-CoV-2 Ag Upper resp Ql IA.rapid"|"Nasopharyngeal swab"|258500001|04/01/2022|Negative|260385009
77|4244|10D2214779||Bentscheck|Sheila||09/14/1964||"8331 Kessler st"|"Overland Park"|FL|66212||Female|9999999999|"No Response"|0||0|1|0|0||0|Bentscheck||||||||"SARS-CoV-2 (COVID-19)"|PCR|94500-6|"SARS-CoV-2 RNA Resp Ql NAA+probe"|"Nasopharyngeal swab"|258500001|04/01/2022|Negative|260385009
78|4244|10D2214779||Parsons|Nicholas||01/01/1970||"Hawthorn Suites hotel"|Orlando|FL|99999||Male|9999999999|"No Response"|1||0|0|0|0||0|Parsons||||||||"SARS-CoV-2 (COVID-19)"|Antigen|97097-0|"SARS-CoV-2 Ag Upper resp Ql IA.rapid"|"Nasopharyngeal swab"|258500001|04/01/2022|Negative|260385009
79|4244|10D2214779||OKeefe|Richard||08/07/1964||"607 Pilot Road"|"North Palm Beach"|FL|33408||Male|5613517459|"No Response"|0||0|0|0|0||0|OKeefe||||||||"SARS-CoV-2 (COVID-19)"|Antigen|97097-0|"SARS-CoV-2 Ag Upper resp Ql IA.rapid"|"Nasopharyngeal swab"|258500001|04/01/2022|Negative|260385009
80|4244|10D2214779||"Méndez Rojas"|"Carmen Janett"||07/21/1968||"2734 Cranes Cove Dr."|Kissimmee|FL|34741||Female|4072838290|"No Response"|1||0|0|0|0||0|"Méndez Rojas"||||||||"SARS-CoV-2 (COVID-19)"|PCR|94500-6|"SARS-CoV-2 RNA Resp Ql NAA+probe"|"Nasopharyngeal swab"|258500001|04/01/2022|Negative|260385009
81|4244|10D2214779||Navarro|Diego||01/04/1989||Unknown|Unknown|FL|99999||Male|7863962445|"No Response"|0||0|0|0|1||0|Navarro||||||||"SARS-CoV-2 (COVID-19)"|PCR|94500-6|"SARS-CoV-2 RNA Resp Ql NAA+probe"|"Nasopharyngeal swab"|258500001|04/01/2022|Negative|260385009
82|4244|10D2214779||Miller|Juliette||12/09/1959||"813 Lakeside Drive"|"North Palm Beach"|FL|33408||Female|5613107761|"No Response"|0||0|0|0|1||0|Miller||||||||"SARS-CoV-2 (COVID-19)"|Antigen|97097-0|"SARS-CoV-2 Ag Upper resp Ql IA.rapid"|"Nasopharyngeal swab"|258500001|04/01/2022|Negative|260385009
83|4244|10D2214779||Bellucci|Dylan||09/21/1998||"101 island way"|greenacres|FL|33413||Male|8565774449|"No Response"|1||0|0|0|0||0|Bellucci||||||||"SARS-CoV-2 (COVID-19)"|PCR|94500-6|"SARS-CoV-2 RNA Resp Ql NAA+probe"|"Nasopharyngeal swab"|258500001|04/01/2022|Negative|260385009
84|4244|10D2214779||Detwiller|Robert||04/15/1954||"713 Lakeside Drive"|"North Palm Beach"|FL|33408||Male|5614603335|"No Response"|1||0|0|0|0||0|Detwiller||||||||"SARS-CoV-2 (COVID-19)"|Antigen|97097-0|"SARS-CoV-2 Ag Upper resp Ql IA.rapid"|"Nasopharyngeal swab"|258500001|04/01/2022|Negative|260385009
85|4244|10D2214779||Consolazio|Debra||09/12/1956||"4950 E Sabal Palm Blvd #410"|Tamarac|FL|33319||Female|6093151745|"No Response"|1||0|0|0|0||0|Consolazio||||||||"SARS-CoV-2 (COVID-19)"|Antigen|97097-0|"SARS-CoV-2 Ag Upper resp Ql IA.rapid"|"Nasopharyngeal swab"|258500001|04/01/2022|Negative|260385009
86|4244|10D2214779||Consolazio|Anthony||08/30/1952||"4950 E Sabal Palm Blvd #410"|Tamarac|FL|33319||Male|6093155565|"No Response"|1||0|0|0|0||0|Consolazio||||||||"SARS-CoV-2 (COVID-19)"|Antigen|97097-0|"SARS-CoV-2 Ag Upper resp Ql IA.rapid"|"Nasopharyngeal swab"|258500001|04/01/2022|Negative|260385009
87|4244|10D2214779||Marques|"Joaquim Francisco"||04/20/1946||"7939 Sea Pearl Circle"|Kissimmie|FL|34747||Male|9999999999|"No Response"|0||0|0|0|0||0|Marques||||||||"SARS-CoV-2 (COVID-19)"|Antigen|97097-0|"SARS-CoV-2 Ag Upper resp Ql IA.rapid"|"Nasopharyngeal swab"|258500001|04/01/2022|Negative|260385009
88|4244|10D2214779||Mimms|Brandon||11/09/1993||"1349 Shinnecock Hills Dr"|Davenport|FL|33896||Male|9056876331|"No Response"|1||0|0|0|0||0|Mimms||||||||"SARS-CoV-2 (COVID-19)"|Antigen|97097-0|"SARS-CoV-2 Ag Upper resp Ql IA.rapid"|"Nasopharyngeal swab"|258500001|04/01/2022|Negative|260385009
89|4244|10D2214779||Mimms|Chelsea||10/22/1995||"1349 Shinnecock Hills Dr"|Davenport|FL|33896||Female|9056876331|"No Response"|1||0|0|0|0||0|Mimms||||||||"SARS-CoV-2 (COVID-19)"|Antigen|97097-0|"SARS-CoV-2 Ag Upper resp Ql IA.rapid"|"Nasopharyngeal swab"|258500001|04/01/2022|Negative|260385009
90|4244|10D2214779||Rankin|Paul||05/14/1950||"3400 North Ocean Drive"|"Riviera Beach"|FL|33404||Male|7725320741|"No Response"|1||0|0|0|0||0|Rankin||||||||"SARS-CoV-2 (COVID-19)"|Antigen|97097-0|"SARS-CoV-2 Ag Upper resp Ql IA.rapid"|"Nasopharyngeal swab"|258500001|04/01/2022|Negative|260385009
91|4244|10D2214779||Singh|Romel||02/28/1985||"3194 Katys Ct"|"Green Cove Springs"|FL|32043||Male|9107369059|"No Response"|0||0|1|0|0||0|Singh||||||||"SARS-CoV-2 (COVID-19)"|PCR|94500-6|"SARS-CoV-2 RNA Resp Ql NAA+probe"|"Nasopharyngeal swab"|258500001|04/01/2022|Negative|260385009
92|4244|10D2214779||Ferguson|Ryan||10/11/1991||"11310 S. Orange Blossom Trail #112"|Orlando|FL|32837||Male|4075801133|"No Response"|0||0|0|0|0||0|Ferguson||||||||"SARS-CoV-2 (COVID-19)"|Antigen|97097-0|"SARS-CoV-2 Ag Upper resp Ql IA.rapid"|"Nasopharyngeal swab"|258500001|04/01/2022|Negative|260385009
93|4244|10D2214779||Ferguson|Ryan||10/11/1991||"11310 S. Orange Blossom Trail #112"|Orlando|FL|32837||Male|4075801133|"No Response"|0||0|0|0|0||0|Ferguson||||||||"SARS-CoV-2 (COVID-19)"|Antigen|97097-0|"SARS-CoV-2 Ag Upper resp Ql IA.rapid"|"Nasopharyngeal swab"|258500001|04/01/2022|Negative|260385009
94|4244|10D2214779||Marques|"Tânia Brandão Chagas"||02/19/1948||"7939 Sea Pearl Circle"|Kissimmie|FL|34747||Female|9999999999|"No Response"|0||0|0|0|0||0|Marques||||||||"SARS-CoV-2 (COVID-19)"|Antigen|97097-0|"SARS-CoV-2 Ag Upper resp Ql IA.rapid"|"Nasopharyngeal swab"|258500001|04/01/2022|Negative|260385009
95|4244|10D2214779||Rankin|Agnes||12/16/1952||"3400 North Ocean Drive"|"Riviera Beach"|FL|33404||Female|7725320741|"No Response"|1||0|0|0|0||0|Rankin||||||||"SARS-CoV-2 (COVID-19)"|Antigen|97097-0|"SARS-CoV-2 Ag Upper resp Ql IA.rapid"|"Nasopharyngeal swab"|258500001|04/01/2022|Negative|260385009
96|4244|10D2214779||Denes|Emoke||01/03/1981||"1405 NE 7th Avenue Unit #3"|"Fort Lauderdale"|FL|33304||Female|7542529300|"No Response"|1||0|0|0|0||0|Denes||||||||"SARS-CoV-2 (COVID-19)"|PCR|94500-6|"SARS-CoV-2 RNA Resp Ql NAA+probe"|"Nasopharyngeal swab"|258500001|04/01/2022|Negative|260385009
97|4244|10D2214779||Navarro|Pamela||01/24/1955||"1860 Amber Sweet Circle"|Dundee|FL|33838||Female|2053353960|"No Response"|1||0|0|0|0||0|Navarro||||||||"SARS-CoV-2 (COVID-19)"|Antigen|97097-0|"SARS-CoV-2 Ag Upper resp Ql IA.rapid"|"Nasopharyngeal swab"|258500001|04/01/2022|Negative|260385009
98|4244|10D2214779||Chittem|Dean||02/08/1963||Unknown|Unknown|FL|99999||Male|07392688999|"No Response"|1||0|0|0|0||0|Chittem||||||||"SARS-CoV-2 (COVID-19)"|Antigen|97097-0|"SARS-CoV-2 Ag Upper resp Ql IA.rapid"|"Nasopharyngeal swab"|258500001|04/01/2022|Negative|260385009
99|4244|10D2214779||"Pinto bado"|"Viviane Maria"||09/16/1972||Unknown|Unknown|FL|99999||Male|9999999999|"No Response"|1||0|0|0|0||0|"Pinto bado"||||||||"SARS-CoV-2 (COVID-19)"|Antigen|97097-0|"SARS-CoV-2 Ag Upper resp Ql IA.rapid"|"Nasopharyngeal swab"|258500001|04/01/2022|Negative|260385009
100|4244|10D2214779||Bado|"Luciano Moisés"||06/02/1972||Unknown|Unknown|FL|99999||Male|9999999999|"No Response"|1||0|0|0|0||0|Bado||||||||"SARS-CoV-2 (COVID-19)"|Antigen|97097-0|"SARS-CoV-2 Ag Upper resp Ql IA.rapid"|"Nasopharyngeal swab"|258500001|04/01/2022|Negative|260385009
101|4244|10D2214779||Navarro|Rusty||06/12/1961||"1860 Amber Sweet Circle"|Dundee|FL|33838||Male|2053353958|"No Response"|1||0|0|0|0||0|Navarro||||||||"SARS-CoV-2 (COVID-19)"|Antigen|97097-0|"SARS-CoV-2 Ag Upper resp Ql IA.rapid"|"Nasopharyngeal swab"|258500001|04/01/2022|Negative|260385009
102|4244|10D2214779||Dunlop|Robert||01/30/1945||Unknown|Unknown|FL|99999||Male|7052611774|"No Response"|1||0|0|0|0||0|Dunlop||||||||"SARS-CoV-2 (COVID-19)"|Antigen|97097-0|"SARS-CoV-2 Ag Upper resp Ql IA.rapid"|"Nasopharyngeal swab"|258500001|04/01/2022|Negative|260385009
103|4244|10D2214779||Dunlop|Jean||09/15/1944||Unknown|Unknown|FL|99999||Female|7052611774|"No Response"|1||0|0|0|0||0|Dunlop||||||||"SARS-CoV-2 (COVID-19)"|Antigen|97097-0|"SARS-CoV-2 Ag Upper resp Ql IA.rapid"|"Nasopharyngeal swab"|258500001|04/01/2022|Negative|260385009
104|4244|10D2214779||Mochila|Claudio||08/30/1983||"2901 SW 3rd Ave"|"Fort lauderdale"|FL|33315||Male|7543086883|"No Response"|1||0|0|0|0||0|Mochila||||||||"SARS-CoV-2 (COVID-19)"|Antigen|97097-0|"SARS-CoV-2 Ag Upper resp Ql IA.rapid"|"Nasopharyngeal swab"|258500001|04/01/2022|Negative|260385009
105|4244|10D2214779||Harris|Paula||10/21/1963||"7600 International  Drive"|Orlando|FL|32819||Female|9999999999|"No Response"|1||0|0|0|0||0|Harris||||||||"SARS-CoV-2 (COVID-19)"|Antigen|97097-0|"SARS-CoV-2 Ag Upper resp Ql IA.rapid"|"Nasopharyngeal swab"|258500001|04/01/2022|Negative|260385009
106|4244|10D2214779||Reisin|Sonia||09/18/1974||"7006 NE 5th Ave."|"Miami, FL"|FL|33138||Female|7863563378|"No Response"|0||0|0|0|1||0|Reisin||||||||"SARS-CoV-2 (COVID-19)"|PCR|94500-6|"SARS-CoV-2 RNA Resp Ql NAA+probe"|"Nasopharyngeal swab"|258500001|04/01/2022|Negative|260385009
107|4244|10D2214779||Campbell|Graham||11/16/1959||"7600 International  Drive"|Orlando|FL|32819||Male|9999999999|"No Response"|1||0|0|0|0||0|Campbell||||||||"SARS-CoV-2 (COVID-19)"|Antigen|97097-0|"SARS-CoV-2 Ag Upper resp Ql IA.rapid"|"Nasopharyngeal swab"|258500001|04/01/2022|Negative|260385009
108|4244|10D2214779||Ceasar|Denaisya||03/03/1998||"1794 Willie Mays parkway"|Orlando|FL|32811||Female|3865646414|"No Response"|0||0|0|0|0||0|Ceasar||||||||"SARS-CoV-2 (COVID-19)"|Antigen|97097-0|"SARS-CoV-2 Ag Upper resp Ql IA.rapid"|"Nasopharyngeal swab"|258500001|04/01/2022|Negative|260385009
109|4244|10D2214779||Grubb|Sophie||10/29/2005||"7600 International Drive"|Orlando|FL|32819||Female|07940373288|"No Response"|1||0|0|0|0||0|Grubb||||||||"SARS-CoV-2 (COVID-19)"|Antigen|97097-0|"SARS-CoV-2 Ag Upper resp Ql IA.rapid"|"Nasopharyngeal swab"|258500001|04/01/2022|Negative|260385009
110|4244|10D2214779||Dervil|Erick||02/02/1996||"1794 Willie Mays parkway"|Orlando|FL|32811||Male|4074516517|"No Response"|0||0|0|0|0||0|Dervil||||||||"SARS-CoV-2 (COVID-19)"|Antigen|97097-0|"SARS-CoV-2 Ag Upper resp Ql IA.rapid"|"Nasopharyngeal swab"|258500001|04/01/2022|Negative|260385009
111|4244|10D2214779||elder|morgan||08/31/2005||"7600 international drive"|orlando|FL|32819||Female|7764597776|"No Response"|1||0|0|0|0||0|elder||||||||"SARS-CoV-2 (COVID-19)"|Antigen|97097-0|"SARS-CoV-2 Ag Upper resp Ql IA.rapid"|"Nasopharyngeal swab"|258500001|04/01/2022|Negative|260385009
112|4244|10D2214779||Beck|Ryan||07/25/1993||"7600 international drive"|Orlando|FL|32819||Male|9999999999|"No Response"|1||0|0|0|0||0|Beck||||||||"SARS-CoV-2 (COVID-19)"|Antigen|97097-0|"SARS-CoV-2 Ag Upper resp Ql IA.rapid"|"Nasopharyngeal swab"|258500001|04/01/2022|Negative|260385009
113|4244|10D2214779||williams|steven||01/01/1970||"7784 se spicewood circle"|"hobe sound"|FL|33455||Male|7723494424|"No Response"|1||0|0|0|0||0|williams||||||||"SARS-CoV-2 (COVID-19)"|PCR|94500-6|"SARS-CoV-2 RNA Resp Ql NAA+probe"|"Nasopharyngeal swab"|258500001|04/01/2022|Negative|260385009
114|4244|10D2214779||Morgan|James||01/08/1984||"2748 jacquelyn ln"|Lexington|FL|40511||Male|8594946169|"No Response"|1||0|0|0|0||0|Morgan||||||||"SARS-CoV-2 (COVID-19)"|PCR|94500-6|"SARS-CoV-2 RNA Resp Ql NAA+probe"|"Nasopharyngeal swab"|258500001|04/01/2022|Negative|260385009
115|4244|10D2214779||Pratt|Samantha||12/03/1974||"1925 Country Club Prado"|"Coral Cables"|FL|33134||Female|2425571411|"No Response"|0||0|0|0|1||0|Pratt||||||||"SARS-CoV-2 (COVID-19)"|Antigen|97097-0|"SARS-CoV-2 Ag Upper resp Ql IA.rapid"|"Nasopharyngeal swab"|258500001|04/01/2022|Negative|260385009
116|4244|10D2214779||Pratt|Brianna||07/01/2004||"1925 Country Club Prado"|"Coral Cables"|FL|33134||Female|2425571411|"No Response"|0||0|0|0|1||0|Pratt||||||||"SARS-CoV-2 (COVID-19)"|Antigen|97097-0|"SARS-CoV-2 Ag Upper resp Ql IA.rapid"|"Nasopharyngeal swab"|258500001|04/01/2022|Negative|260385009
117|4244|10D2214779||Dale|Maria||12/18/1953||"172 Seminole Lakes Drive"|"Royal Palm Beach"|FL|33411||Female|5103263240|"No Response"|0||0|1|0|0||0|Dale||||||||"SARS-CoV-2 (COVID-19)"|Antigen|97097-0|"SARS-CoV-2 Ag Upper resp Ql IA.rapid"|"Nasopharyngeal swab"|258500001|04/01/2022|Negative|260385009
118|4244|10D2214779||Dale|"Jimmy Earl"||01/16/1945||"172 Seminole Lakes Drive"|"Royal Palm Beach"|FL|33411||Male|5103263240|"No Response"|1||0|0|0|0||0|Dale||||||||"SARS-CoV-2 (COVID-19)"|Antigen|97097-0|"SARS-CoV-2 Ag Upper resp Ql IA.rapid"|"Nasopharyngeal swab"|258500001|04/01/2022|Negative|260385009
119|4244|10D2214779||Salo|Christi||01/22/1971||"E7891 Holly dr"|Munising|FL|49862||Female|9062021892|"No Response"|1||0|0|0|0||0|Salo||||||||"SARS-CoV-2 (COVID-19)"|Antigen|97097-0|"SARS-CoV-2 Ag Upper resp Ql IA.rapid"|"Nasopharyngeal swab"|258500001|04/01/2022|Negative|260385009
120|4244|10D2214779||Salo|Kevin||02/07/1963||"E7891 Holly Dr"|Munising|FL|49862||Male|9062020039|"No Response"|1||0|0|0|0||0|Salo||||||||"SARS-CoV-2 (COVID-19)"|Antigen|97097-0|"SARS-CoV-2 Ag Upper resp Ql IA.rapid"|"Nasopharyngeal swab"|258500001|04/01/2022|Negative|260385009
121|4244|10D2214779||Nummela|Trevor||02/27/1997||"E7891 Holly Dr"|Munising|FL|49862||Male|9068690479|"No Response"|1||0|0|0|0||0|Nummela||||||||"SARS-CoV-2 (COVID-19)"|Antigen|97097-0|"SARS-CoV-2 Ag Upper resp Ql IA.rapid"|"Nasopharyngeal swab"|258500001|04/01/2022|Negative|260385009
122|4244|10D2214779||Salo|Connor||01/10/2005||"E7891 Holly Dr"|Munising|FL|49862||Male|9062022454|"No Response"|1||0|0|0|0||0|Salo||||||||"SARS-CoV-2 (COVID-19)"|Antigen|97097-0|"SARS-CoV-2 Ag Upper resp Ql IA.rapid"|"Nasopharyngeal swab"|258500001|04/01/2022|Negative|260385009
123|4244|10D2214779||Salo|Connor||01/10/2005||"E7891 Holly Dr"|Munising|FL|49862||Male|9062022454|"No Response"|1||0|0|0|0||0|Salo||||||||"SARS-CoV-2 (COVID-19)"|Antigen|97097-0|"SARS-CoV-2 Ag Upper resp Ql IA.rapid"|"Nasopharyngeal swab"|258500001|04/01/2022|Negative|260385009
124|4244|10D2214779||Salo|Tessa||10/27/2006||"E7891 Holly Dr"|Munising|FL|49862||Female|9062024071|"No Response"|1||0|0|0|0||0|Salo||||||||"SARS-CoV-2 (COVID-19)"|Antigen|97097-0|"SARS-CoV-2 Ag Upper resp Ql IA.rapid"|"Nasopharyngeal swab"|258500001|04/01/2022|Negative|260385009
125|4244|10D2214779||"RAMOS DOS SANTOS"|AMALIA||05/23/1926||"304 N Village St"|Celebration|FL|34747||Female|4079238597|"No Response"|0||0|0|0|0||0|"RAMOS DOS SANTOS"||||||||"SARS-CoV-2 (COVID-19)"|Antigen|97097-0|"SARS-CoV-2 Ag Upper resp Ql IA.rapid"|"Nasopharyngeal swab"|258500001|04/01/2022|Negative|260385009
126|4244|10D2214779||"SCHMIDT FUHRMANN"|LAURENCE||04/16/1968||"3969 TANGLE DR"|TITUSVILLE|FL|32796||Female|3214238067|"No Response"|1||0|0|0|0||0|"SCHMIDT FUHRMANN"||||||||"SARS-CoV-2 (COVID-19)"|Antigen|97097-0|"SARS-CoV-2 Ag Upper resp Ql IA.rapid"|"Nasopharyngeal swab"|258500001|04/01/2022|Negative|260385009
127|4244|10D2214779||Olivier|Streel||12/18/1968||Unknown|Unknown|FL|99999||Male|9999999999|"No Response"|1||0|0|0|0||0|Olivier||||||||"SARS-CoV-2 (COVID-19)"|Antigen|97097-0|"SARS-CoV-2 Ag Upper resp Ql IA.rapid"|"Nasopharyngeal swab"|258500001|04/01/2022|Negative|260385009
128|4244|10D2214779||Patrizzia|Vigilante||06/22/1967||Unknown|Unknown|FL|99999||Female|9999999999|"No Response"|1||0|0|0|0||0|Patrizzia||||||||"SARS-CoV-2 (COVID-19)"|Antigen|97097-0|"SARS-CoV-2 Ag Upper resp Ql IA.rapid"|"Nasopharyngeal swab"|258500001|04/01/2022|Negative|260385009
129|4244|10D2214779||KAHN|James||09/30/1961||"801 Holden Court"|Sebastian|FL|32958||Male|7725840130|"No Response"|1||0|0|0|0||0|KAHN||||||||"SARS-CoV-2 (COVID-19)"|Antigen|97097-0|"SARS-CoV-2 Ag Upper resp Ql IA.rapid"|"Nasopharyngeal swab"|258500001|04/01/2022|Negative|260385009
130|4244|10D2214779||"ZIEGLER KAHN"|Sylvia||05/18/1963||"801 Holden Court"|Seastian|FL|32958||Female|7725840130|"No Response"|0||0|0|0|0||0|"ZIEGLER KAHN"||||||||"SARS-CoV-2 (COVID-19)"|Antigen|97097-0|"SARS-CoV-2 Ag Upper resp Ql IA.rapid"|"Nasopharyngeal swab"|258500001|04/01/2022|Negative|260385009
131|4244|10D2214779||Menezes|Renata||06/29/1980||"7125, Universal Blvd"|Florida|FL|32819||Female|9999999999|"No Response"|0||0|0|0|0||0|Menezes||||||||"SARS-CoV-2 (COVID-19)"|Antigen|97097-0|"SARS-CoV-2 Ag Upper resp Ql IA.rapid"|"Nasopharyngeal swab"|258500001|04/01/2022|Negative|260385009
132|4244|10D2214779||Duffy|Thomas||08/22/2001||"Rosen Inn Pointe Orlando 9000 International Drive International Drive Orlando Area -"|Orlando|FL|32819||Male|0872771069|"No Response"|1||0|0|0|0||0|Duffy||||||||"SARS-CoV-2 (COVID-19)"|Antigen|97097-0|"SARS-CoV-2 Ag Upper resp Ql IA.rapid"|"Nasopharyngeal swab"|258500001|04/01/2022|Negative|260385009
133|4244|10D2214779||Collins|Rebecca||08/30/2001||"Rosen Inn Pointe Orlando 9000 International Drive International Drive"|Orlando|FL|32819||Female|0872771069|"No Response"|1||0|0|0|0||0|Collins||||||||"SARS-CoV-2 (COVID-19)"|Antigen|97097-0|"SARS-CoV-2 Ag Upper resp Ql IA.rapid"|"Nasopharyngeal swab"|258500001|04/01/2022|Negative|260385009
134|4244|10D2214779||Curtis|Kate||03/11/1992||"Rosen Inn Pointe Orlando 9000 International Drive International Drive"|Orlando|FL|32819||Female|0872771069|"No Response"|1||0|0|0|0||0|Curtis||||||||"SARS-CoV-2 (COVID-19)"|Antigen|97097-0|"SARS-CoV-2 Ag Upper resp Ql IA.rapid"|"Nasopharyngeal swab"|258500001|04/01/2022|Negative|260385009
135|4244|10D2214779||Galeckas|Vilius||06/20/1993||"Rosen Inn Pointe Orlando 9000 International Drive International Drive"|Orlando|FL|32819||Male|0872771069|"No Response"|1||0|0|0|0||0|Galeckas||||||||"SARS-CoV-2 (COVID-19)"|Antigen|97097-0|"SARS-CoV-2 Ag Upper resp Ql IA.rapid"|"Nasopharyngeal swab"|258500001|04/01/2022|Negative|260385009
136|4244|10D2214779||Gahan|Megan||06/24/1999||"Rosen Inn Pointe Orlando 9000 International Drive International Drive"|Orlando|FL|32819||Female|0872771069|"No Response"|1||0|0|0|0||0|Gahan||||||||"SARS-CoV-2 (COVID-19)"|Antigen|97097-0|"SARS-CoV-2 Ag Upper resp Ql IA.rapid"|"Nasopharyngeal swab"|258500001|04/01/2022|Negative|260385009
137|4244|10D2214779||Dulcio|Carine||12/22/1990||"5645 Breckenridge Cir"|Orlando|FL|32818||Female|4074043143|"No Response"|0||0|0|0|0||0|Dulcio||||||||"SARS-CoV-2 (COVID-19)"|Antigen|97097-0|"SARS-CoV-2 Ag Upper resp Ql IA.rapid"|"Nasopharyngeal swab"|258500001|04/01/2022|Negative|260385009
138|4244|10D2214779||Ponelli|FEDERICO||03/16/1982||"1850 Animation Road"|Orlando|FL|99999||Male|9999999999|"No Response"|1||0|0|0|0||0|Ponelli||||||||"SARS-CoV-2 (COVID-19)"|Antigen|97097-0|"SARS-CoV-2 Ag Upper resp Ql IA.rapid"|"Nasopharyngeal swab"|258500001|04/01/2022|Negative|260385009
139|4244|10D2214779||Iorio|Julieta||06/16/1981||"1850 Animation Road"|ORLANDO|FL|99999||Female|9999999999|"No Response"|1||0|0|0|0||0|Iorio||||||||"SARS-CoV-2 (COVID-19)"|Antigen|97097-0|"SARS-CoV-2 Ag Upper resp Ql IA.rapid"|"Nasopharyngeal swab"|258500001|04/01/2022|Negative|260385009
140|4244|10D2214779||Ponelli|Mia||10/11/2016||"1850 animation road"|Orlando|FL|99999||Female|9999999999|"No Response"|1||0|0|0|0||0|Ponelli||||||||"SARS-CoV-2 (COVID-19)"|Antigen|97097-0|"SARS-CoV-2 Ag Upper resp Ql IA.rapid"|"Nasopharyngeal swab"|258500001|04/01/2022|Negative|260385009
141|4244|10D2214779||Marcelin-gabriel|Johnson||01/01/1970||"13 crossings  cir apt g"|"Boynton beach"|FL|33435||Male|5615623859|"No Response"|0||0|0|0|1||0|Marcelin-gabriel||||||||"SARS-CoV-2 (COVID-19)"|Antigen|97097-0|"SARS-CoV-2 Ag Upper resp Ql IA.rapid"|"Nasopharyngeal swab"|258500001|04/01/2022|Negative|260385009
142|4244|10D2214779||Daley|Lascelle||07/02/1946||"1482 palm beach lakes blvd"|"West Palm beach"|FL|33401||Male|5618913725|"No Response"|0||0|0|0|0||0|Daley||||||||"SARS-CoV-2 (COVID-19)"|Antigen|97097-0|"SARS-CoV-2 Ag Upper resp Ql IA.rapid"|"Nasopharyngeal swab"|258500001|04/01/2022|Negative|260385009
143|4244|10D2214779||"Schoffer Jeske Rolim"|Roviana||07/10/1981||Unknown|Unknown|FL|99999||Female|9999999999|"No Response"|1||0|0|0|0||0|"Schoffer Jeske Rolim"||||||||"SARS-CoV-2 (COVID-19)"|Antigen|97097-0|"SARS-CoV-2 Ag Upper resp Ql IA.rapid"|"Nasopharyngeal swab"|258500001|04/01/2022|Negative|260385009
144|4244|10D2214779||Nilsson|"Gerda Kristina Eleonore"||06/05/1972||"1001 Collins Av"|"Miami Beach"|FL|33139||Female|9999999999|"No Response"|1||0|0|0|0||0|Nilsson||||||||"SARS-CoV-2 (COVID-19)"|Antigen|97097-0|"SARS-CoV-2 Ag Upper resp Ql IA.rapid"|"Nasopharyngeal swab"|258500001|04/01/2022|Negative|260385009
145|4244|10D2214779||Wuerz|Chris||03/24/1953||"10953 E Tusayan Trl"|Scottsdale|FL|85255||Male|8586823030|"No Response"|1||0|0|0|0||0|Wuerz||||||||"SARS-CoV-2 (COVID-19)"|Antigen|97097-0|"SARS-CoV-2 Ag Upper resp Ql IA.rapid"|"Nasopharyngeal swab"|258500001|04/01/2022|Negative|260385009
146|4244|10D2214779||Bobes|Adahm||12/10/1994||Unknown|Unknown|FL|99999||Male|3046336217|"No Response"|1||0|0|0|0||0|Bobes||||||||"SARS-CoV-2 (COVID-19)"|Antigen|97097-0|"SARS-CoV-2 Ag Upper resp Ql IA.rapid"|"Nasopharyngeal swab"|258500001|04/01/2022|Negative|260385009
147|4244|10D2214779||Tran|Jennifer||01/08/1994||Unknown|Unknown|FL|99999||Female|7247247131|"No Response"|0||0|1|0|0||0|Tran||||||||"SARS-CoV-2 (COVID-19)"|Antigen|97097-0|"SARS-CoV-2 Ag Upper resp Ql IA.rapid"|"Nasopharyngeal swab"|258500001|04/01/2022|Negative|260385009
148|4244|10D2214779||DalleRive|giulio||01/01/1970||"1040 biscayne blvd apt 4002"|miami|FL|33132||Male|7863962445|"No Response"|1||0|0|0|0||0|DalleRive||||||||"SARS-CoV-2 (COVID-19)"|PCR|94500-6|"SARS-CoV-2 RNA Resp Ql NAA+probe"|"Nasopharyngeal swab"|258500001|04/01/2022|Negative|260385009
149|4244|10D2214779||"dalle rive"|Luciano||03/09/1953||"1040 biscayne blvd apt 4002"|miami|FL|33132||Male|7863962445|"No Response"|1||0|0|0|0||0|"dalle rive"||||||||"SARS-CoV-2 (COVID-19)"|PCR|94500-6|"SARS-CoV-2 RNA Resp Ql NAA+probe"|"Nasopharyngeal swab"|258500001|04/01/2022|Negative|260385009
150|4244|10D2214779||Minta|Libby||07/17/2007||Unknown|Unknown|FL|99999||Female|07403413841|"No Response"|1||0|0|0|0||0|Minta||||||||"SARS-CoV-2 (COVID-19)"|Antigen|97097-0|"SARS-CoV-2 Ag Upper resp Ql IA.rapid"|"Nasopharyngeal swab"|258500001|04/01/2022|Negative|260385009
151|4244|10D2214779||Turner|Lee||01/01/1970||Unknown|Unknown|FL|99999||Male|07507712448|"No Response"|1||0|0|0|0||0|Turner||||||||"SARS-CoV-2 (COVID-19)"|Antigen|97097-0|"SARS-CoV-2 Ag Upper resp Ql IA.rapid"|"Nasopharyngeal swab"|258500001|04/01/2022|Negative|260385009
152|4244|10D2214779||Minta|Christopher||02/02/1980||Unknown|Unknown|FL|99999||Male|07403413841|"No Response"|1||0|0|0|0||0|Minta||||||||"SARS-CoV-2 (COVID-19)"|Antigen|97097-0|"SARS-CoV-2 Ag Upper resp Ql IA.rapid"|"Nasopharyngeal swab"|258500001|04/01/2022|Negative|260385009
153|4244|10D2214779||Turner|Kerie||02/15/1972||Unknown|Unknown|FL|99999||Female|7863962445|"No Response"|1||0|0|0|0||0|Turner||||||||"SARS-CoV-2 (COVID-19)"|Antigen|97097-0|"SARS-CoV-2 Ag Upper resp Ql IA.rapid"|"Nasopharyngeal swab"|258500001|04/01/2022|Negative|260385009
154|4244|10D2214779||Ramos|Carolline||11/08/1985||Unknown|Unknown|FL|99999||Female|9999999999|"No Response"|1||0|0|0|0||0|Ramos||||||||"SARS-CoV-2 (COVID-19)"|Antigen|97097-0|"SARS-CoV-2 Ag Upper resp Ql IA.rapid"|"Nasopharyngeal swab"|258500001|04/01/2022|Negative|260385009
155|4244|10D2214779||Turner|Ethan||06/08/2008||Unknown|Unknown|FL|99999||Male|7863962445|"No Response"|1||0|0|0|0||0|Turner||||||||"SARS-CoV-2 (COVID-19)"|Antigen|97097-0|"SARS-CoV-2 Ag Upper resp Ql IA.rapid"|"Nasopharyngeal swab"|258500001|04/01/2022|Negative|260385009
156|4244|10D2214779||Minta|Carla||06/19/1979||Unknown|Unknown|FL|99999||Female|07403413841|"No Response"|1||0|0|0|0||0|Minta||||||||"SARS-CoV-2 (COVID-19)"|Antigen|97097-0|"SARS-CoV-2 Ag Upper resp Ql IA.rapid"|"Nasopharyngeal swab"|258500001|04/01/2022|Negative|260385009
157|4244|10D2214779||Ferreira|Leonardo||05/08/1985||Unknown|Unknown|FL|99999||Male|9999999999|"No Response"|1||0|0|0|0||0|Ferreira||||||||"SARS-CoV-2 (COVID-19)"|Antigen|97097-0|"SARS-CoV-2 Ag Upper resp Ql IA.rapid"|"Nasopharyngeal swab"|258500001|04/01/2022|Negative|260385009
158|4244|10D2214779||Norman|William||03/05/1969||"2365 Ida Way"|"West Palm Beach"|FL|33415||Male|5613811997|"No Response"|1||0|0|0|0||0|Norman||||||||"SARS-CoV-2 (COVID-19)"|PCR|94500-6|"SARS-CoV-2 RNA Resp Ql NAA+probe"|"Nasopharyngeal swab"|258500001|04/01/2022|Negative|260385009
159|4244|10D2214779||BUREGA|John||10/25/1968||Unknown|Unknown|FL|99999||Male|7863962445|"No Response"|1||0|0|0|0||0|BUREGA||||||||"SARS-CoV-2 (COVID-19)"|Antigen|97097-0|"SARS-CoV-2 Ag Upper resp Ql IA.rapid"|"Nasopharyngeal swab"|258500001|04/01/2022|Negative|260385009
160|4244|10D2214779||BUREGA|John||10/25/1968||Unknown|Unknown|FL|99999||Male|7863962445|"No Response"|1||0|0|0|0||0|BUREGA||||||||"SARS-CoV-2 (COVID-19)"|Antigen|97097-0|"SARS-CoV-2 Ag Upper resp Ql IA.rapid"|"Nasopharyngeal swab"|258500001|04/01/2022|Negative|260385009
161|4244|10D2214779||Sarraf|Amanda||05/19/1991||Unknown|Unknown|FL|99999||Female|6462901449|"No Response"|1||0|0|0|0||0|Sarraf||||||||"SARS-CoV-2 (COVID-19)"|Antigen|97097-0|"SARS-CoV-2 Ag Upper resp Ql IA.rapid"|"Nasopharyngeal swab"|258500001|04/01/2022|Negative|260385009
162|4244|10D2214779||Moreira|Marcio||06/19/1979||Unknown|Unknown|FL|99999||Male|6462901449|"No Response"|1||0|0|0|0||0|Moreira||||||||"SARS-CoV-2 (COVID-19)"|Antigen|97097-0|"SARS-CoV-2 Ag Upper resp Ql IA.rapid"|"Nasopharyngeal swab"|258500001|04/01/2022|Negative|260385009
163|4244|10D2214779||Tory|Jennifer||09/18/1955||Unknown|Unknown|FL|99999|||4163577611|"No Response"|0||0|0|0|0||1|Tory||||||||"SARS-CoV-2 (COVID-19)"|PCR|94500-6|"SARS-CoV-2 RNA Resp Ql NAA+probe"|"Nasopharyngeal swab"|258500001|04/01/2022|Negative|260385009
164|4244|10D2214779||Roberts|Craig||10/24/1952||"2720 Biarritz Druve"|"Palm Beach Gardens"|FL|33410||Male|15617580003|"No Response"|1||0|0|0|0||0|Roberts||||||||"SARS-CoV-2 (COVID-19)"|Antigen|97097-0|"SARS-CoV-2 Ag Upper resp Ql IA.rapid"|"Nasopharyngeal swab"|258500001|04/01/2022|Negative|260385009
165|4244|10D2214779||Persad|Jhamandaye||04/14/1942||"22375 sw 66th ave apt 1411"|"boca raton"|FL|33428||Male|5617040946|"No Response"|0||0|0|0|1||0|Persad||||||||"SARS-CoV-2 (COVID-19)"|Antigen|97097-0|"SARS-CoV-2 Ag Upper resp Ql IA.rapid"|"Nasopharyngeal swab"|258500001|04/01/2022|Negative|260385009
166|4244|10D2214779||Dikhow|Mike||02/01/1960||Unknown|Unknown|FL|99999||Male|3133186666|"No Response"|0||0|0|0|0||1|Dikhow||||||||"SARS-CoV-2 (COVID-19)"|Antigen|97097-0|"SARS-CoV-2 Ag Upper resp Ql IA.rapid"|"Nasopharyngeal swab"|258500001|04/01/2022|Negative|260385009
167|4244|10D2214779||"Sabah Dikhow"|Surab||10/17/1975||Unknown|Unknown|FL|99999||Female|2482258666|"No Response"|0||0|0|0|0||1|"Sabah Dikhow"||||||||"SARS-CoV-2 (COVID-19)"|Antigen|97097-0|"SARS-CoV-2 Ag Upper resp Ql IA.rapid"|"Nasopharyngeal swab"|258500001|04/01/2022|Negative|260385009
168|4244|10D2214779||Traverso|Fabio||06/22/1962||"17141 collins ave"|"Sunny ISLES BEACH"|FL|33160||Male|9999999999|"No Response"|1||0|0|0|0||0|Traverso||||||||"SARS-CoV-2 (COVID-19)"|PCR|94500-6|"SARS-CoV-2 RNA Resp Ql NAA+probe"|"Nasopharyngeal swab"|258500001|04/01/2022|Negative|260385009
169|4244|10D2214779||Sarrat|Mario||05/04/1963||"17141 collins ave"|Miami|FL|33160||Male|9999999999|"No Response"|0||0|0|0|0||0|Sarrat||||||||"SARS-CoV-2 (COVID-19)"|PCR|94500-6|"SARS-CoV-2 RNA Resp Ql NAA+probe"|"Nasopharyngeal swab"|258500001|04/01/2022|Negative|260385009
170|4244|10D2214779||Vera|Aldo||01/16/1961||"17141 collins ave"|"Sunny ilsles beach"|FL|33160||Male|9999999999|"No Response"|1||0|0|0|0||0|Vera||||||||"SARS-CoV-2 (COVID-19)"|PCR|94500-6|"SARS-CoV-2 RNA Resp Ql NAA+probe"|"Nasopharyngeal swab"|258500001|04/01/2022|Negative|260385009
171|4244|10D2214779||Cocito|Raffaele||09/21/1952||"5901 nw 24th way"|"Fort Lauderdale"|FL|33309||Male|9542540210|"No Response"|1||0|0|0|0||0|Cocito||||||||"SARS-CoV-2 (COVID-19)"|PCR|94500-6|"SARS-CoV-2 RNA Resp Ql NAA+probe"|"Nasopharyngeal swab"|258500001|04/01/2022|Negative|260385009
172|4244|10D2214779||"De la cruz"|Eladio||02/27/1956||"450ne 5ta st suite 304"|"Fort lauderdale"|FL|33301||Male|9545915701|"No Response"|0||0|0|0|0||0|"De la cruz"||||||||"SARS-CoV-2 (COVID-19)"|PCR|94500-6|"SARS-CoV-2 RNA Resp Ql NAA+probe"|"Nasopharyngeal swab"|258500001|04/01/2022|Negative|260385009
173|4244|10D2214779||RAZVICKAS|ALEXANDRE||03/27/1956||"8325 SW 72nd Ave 210"|Miami|FL|33143||Female|3053087034|"No Response"|1||0|0|0|0||0|RAZVICKAS||||||||"SARS-CoV-2 (COVID-19)"|Antigen|97097-0|"SARS-CoV-2 Ag Upper resp Ql IA.rapid"|"Nasopharyngeal swab"|258500001|04/01/2022|Negative|260385009
174|4244|10D2214779||RAZVICKAS|ALEXANDRE||03/27/1956||"8325 SW 72nd Ave 210"|Miami|FL|33143||Female|3053087034|"No Response"|1||0|0|0|0||0|RAZVICKAS||||||||"SARS-CoV-2 (COVID-19)"|Antigen|97097-0|"SARS-CoV-2 Ag Upper resp Ql IA.rapid"|"Nasopharyngeal swab"|258500001|04/01/2022|Negative|260385009
175|4244|10D2214779||Martin|Sara||12/26/1996||"12407 Mair Dr"|"Sterling Heights"|FL|48313||Female|2487593634|"No Response"|1||0|0|0|0||0|Martin||||||||"SARS-CoV-2 (COVID-19)"|Antigen|97097-0|"SARS-CoV-2 Ag Upper resp Ql IA.rapid"|"Nasopharyngeal swab"|258500001|04/01/2022|Negative|260385009
176|4244|10D2214779||Maloney|Connor||03/26/1995||"31565 Harlo Dr Apt E"|"Madison Heights"|FL|48071||Male|3134826175|"No Response"|1||0|0|0|0||0|Maloney||||||||"SARS-CoV-2 (COVID-19)"|Antigen|97097-0|"SARS-CoV-2 Ag Upper resp Ql IA.rapid"|"Nasopharyngeal swab"|258500001|04/01/2022|Negative|260385009
177|4244|10D2214779||Cheneau|Loic||10/27/1961||Unknown|Unknown|FL|99999||Male|9999999999|"No Response"|1||0|0|0|0||0|Cheneau||||||||"SARS-CoV-2 (COVID-19)"|Antigen|97097-0|"SARS-CoV-2 Ag Upper resp Ql IA.rapid"|"Nasopharyngeal swab"|258500001|04/01/2022|Negative|260385009
178|4244|10D2214779||Place|Nicholas||06/30/1999||"7390 nw 4th st"|Plantation|FL|33317||Male|9546529834|"No Response"|0||0|0|0|0||0|Place||||||||"SARS-CoV-2 (COVID-19)"|Antigen|97097-0|"SARS-CoV-2 Ag Upper resp Ql IA.rapid"|"Nasopharyngeal swab"|258500001|04/01/2022|Negative|260385009
179|4244|10D2214779||Valeriani|Alvaro||12/07/1972||"14951 Royal Oaks Ln"|Miami|FL|33181||Male|9999999999|"No Response"|0||0|0|0|0||0|Valeriani||||||||"SARS-CoV-2 (COVID-19)"|PCR|94500-6|"SARS-CoV-2 RNA Resp Ql NAA+probe"|"Nasopharyngeal swab"|258500001|04/01/2022|Negative|260385009
180|4244|10D2214779||Wright|"Michael william"||04/02/1967||"768 congress st"|wasbash|FL|46992||Male|2605714319|"No Response"|0||0|0|0|1||0|Wright||||||||"SARS-CoV-2 (COVID-19)"|Antigen|97097-0|"SARS-CoV-2 Ag Upper resp Ql IA.rapid"|"Nasopharyngeal swab"|258500001|04/01/2022|Negative|260385009
181|4244|10D2214779||Wright|"Annette marie"||08/19/1973||"768 congress st"|wabash|FL|46992||Female|2605714317|"No Response"|0||0|0|0|1||0|Wright||||||||"SARS-CoV-2 (COVID-19)"|Antigen|97097-0|"SARS-CoV-2 Ag Upper resp Ql IA.rapid"|"Nasopharyngeal swab"|258500001|04/01/2022|Negative|260385009
182|4244|10D2214779||"Schmidt De Liebster"|"Barbara Ingebor Gerda"||06/15/1942||Unknown|Unknown|FL|99999||Female|7862196853|"No Response"|0||0|0|0|0||0|"Schmidt De Liebster"||||||||"SARS-CoV-2 (COVID-19)"|PCR|94500-6|"SARS-CoV-2 RNA Resp Ql NAA+probe"|"Nasopharyngeal swab"|258500001|04/01/2022|Negative|260385009
183|4244|10D2214779||Miller|"Angela ford"||09/21/1966||"219 sw fernleaf trl"|"port st lucie"|FL|34953||Female|9548295255|"No Response"|0||0|0|0|1||0|Miller||||||||"SARS-CoV-2 (COVID-19)"|Antigen|97097-0|"SARS-CoV-2 Ag Upper resp Ql IA.rapid"|"Nasopharyngeal swab"|258500001|04/01/2022|Negative|260385009
184|4244|10D2214779||"Miller jr"|Denford||11/19/1963||"219 se fernleaf trl"|"port st lucie"|FL|99999||Female|9546787459|"No Response"|0||0|0|0|1||0|"Miller jr"||||||||"SARS-CoV-2 (COVID-19)"|Antigen|97097-0|"SARS-CoV-2 Ag Upper resp Ql IA.rapid"|"Nasopharyngeal swab"|258500001|04/01/2022|Negative|260385009
185|4244|10D2214779||Worrall|Adrian||01/06/1966||Unknown|Unknown|FL|99999||Male|07739319515|"No Response"|1||0|0|0|0||0|Worrall||||||||"SARS-CoV-2 (COVID-19)"|Antigen|97097-0|"SARS-CoV-2 Ag Upper resp Ql IA.rapid"|"Nasopharyngeal swab"|258500001|04/01/2022|Negative|260385009
186|4244|10D2214779||Upson|Ellena||02/09/2003||Unknown|Unknown|FL|99999||Female|9999999999|"No Response"|1||0|0|0|0||0|Upson||||||||"SARS-CoV-2 (COVID-19)"|Antigen|97097-0|"SARS-CoV-2 Ag Upper resp Ql IA.rapid"|"Nasopharyngeal swab"|258500001|04/01/2022|Negative|260385009
187|4244|10D2214779||Worrall|Louise||11/19/1970||Unknown|Unknown|FL|99999||Female|07957691226|"No Response"|1||0|0|0|0||0|Worrall||||||||"SARS-CoV-2 (COVID-19)"|Antigen|97097-0|"SARS-CoV-2 Ag Upper resp Ql IA.rapid"|"Nasopharyngeal swab"|258500001|04/01/2022|Negative|260385009
188|4244|10D2214779||Worrall|Joshua||07/13/2001||Unknown|Unknown|FL|99999||Male|07711940633|"No Response"|1||0|0|0|0||0|Worrall||||||||"SARS-CoV-2 (COVID-19)"|Antigen|97097-0|"SARS-CoV-2 Ag Upper resp Ql IA.rapid"|"Nasopharyngeal swab"|258500001|04/01/2022|Negative|260385009
189|4244|10D2214779||Loiars|Joseph||11/02/1961||"185 Shady Lane"|"Orange City"|FL|32763||Male|4079279992|"No Response"|1||0|0|0|0||0|Loiars||||||||"SARS-CoV-2 (COVID-19)"|Antigen|97097-0|"SARS-CoV-2 Ag Upper resp Ql IA.rapid"|"Nasopharyngeal swab"|258500001|04/01/2022|Negative|260385009
190|4244|10D2214779||O’Brien|Rhien||01/01/1970||Unknown|Unknown|FL|99999||Male|0421577103|"No Response"|1||0|0|0|0||0|O’Brien||||||||"SARS-CoV-2 (COVID-19)"|Antigen|97097-0|"SARS-CoV-2 Ag Upper resp Ql IA.rapid"|"Nasopharyngeal swab"|258500001|04/01/2022|Negative|260385009
191|4244|10D2214779||Lawmaster|Bruce||12/24/1993||"396 Tillis lane"|Crawfordville|FL|32327||Male|2396348303|"No Response"|0||0|0|0|0||0|Lawmaster||||||||"SARS-CoV-2 (COVID-19)"|Antigen|97097-0|"SARS-CoV-2 Ag Upper resp Ql IA.rapid"|"Nasopharyngeal swab"|258500001|04/01/2022|Negative|260385009
192|4244|10D2214779||Fadanelli|Jose||08/16/1978||"5206 Wildwood Way"|Davenport|FL|99999||Male|9999999999|"No Response"|1||0|0|0|0||0|Fadanelli||||||||"SARS-CoV-2 (COVID-19)"|Antigen|97097-0|"SARS-CoV-2 Ag Upper resp Ql IA.rapid"|"Nasopharyngeal swab"|258500001|04/01/2022|Negative|260385009
193|4244|10D2214779||Spiller|Alessandro||01/01/1970||Unknown|Unknown|FL|99999||Male|9999999999|"No Response"|1||0|0|0|0||0|Spiller||||||||"SARS-CoV-2 (COVID-19)"|Antigen|97097-0|"SARS-CoV-2 Ag Upper resp Ql IA.rapid"|"Nasopharyngeal swab"|258500001|04/01/2022|Negative|260385009
194|4244|10D2214779||Stefani|Fabio||01/01/1970||Unknown|Unknown|FL|99999||Male|18459079544|"No Response"|0||0|0|0|1||0|Stefani||||||||"SARS-CoV-2 (COVID-19)"|Antigen|97097-0|"SARS-CoV-2 Ag Upper resp Ql IA.rapid"|"Nasopharyngeal swab"|258500001|04/01/2022|Negative|260385009
195|4244|10D2214779||Guarnieri|"Ricardo Abel"||09/08/1977||Unknown|Unknown|FL|99999||Male|9999999999|"No Response"|1||0|0|0|0||0|Guarnieri||||||||"SARS-CoV-2 (COVID-19)"|Antigen|97097-0|"SARS-CoV-2 Ag Upper resp Ql IA.rapid"|"Nasopharyngeal swab"|258500001|04/01/2022|Negative|260385009
196|4244|10D2214779||Giacomoni|Ronei||12/13/1975||"5206 wildwood way"|Davenport|FL|99999||Male|9999999999|"No Response"|0||0|0|0|0||0|Giacomoni||||||||"SARS-CoV-2 (COVID-19)"|Antigen|97097-0|"SARS-CoV-2 Ag Upper resp Ql IA.rapid"|"Nasopharyngeal swab"|258500001|04/01/2022|Negative|260385009
197|4244|10D2214779||Ferguson|Ryan||10/11/1991||"11310 S Orange Blossom Trl #112"|Orlando|FL|32837||Male|4075801133|"No Response"|0||0|0|0|0||0|Ferguson||||||||"SARS-CoV-2 (COVID-19)"|Antigen|97097-0|"SARS-CoV-2 Ag Upper resp Ql IA.rapid"|"Nasopharyngeal swab"|258500001|04/01/2022|Negative|260385009
198|4244|10D2214779||Ferguson|Ryan||10/11/1991||"11310 S Orange Blossom Trl #112"|Orlando|FL|32837||Male|4075801133|"No Response"|0||0|0|0|0||0|Ferguson||||||||"SARS-CoV-2 (COVID-19)"|Antigen|97097-0|"SARS-CoV-2 Ag Upper resp Ql IA.rapid"|"Nasopharyngeal swab"|258500001|04/01/2022|Negative|260385009
199|4244|10D2214779||Roberts|Craig||10/24/1952||"2720 Biarritz Druve"|"Palm Beach Club"|FL|33510||Male|15617580003|"No Response"|1||0|0|0|0||0|Roberts||||||||"SARS-CoV-2 (COVID-19)"|Antigen|97097-0|"SARS-CoV-2 Ag Upper resp Ql IA.rapid"|"Nasopharyngeal swab"|258500001|04/01/2022|Negative|260385009
200|4244|10D2214779||Schmierer|Dan||11/07/1947||"340 Lake Palms Drive Apt 201"|Davenport|FL|33896||Male|8133902640|"No Response"|1||0|0|0|0||0|Schmierer||||||||"SARS-CoV-2 (COVID-19)"|Antigen|97097-0|"SARS-CoV-2 Ag Upper resp Ql IA.rapid"|"Nasopharyngeal swab"|258500001|04/01/2022|Negative|260385009
201|4244|10D2214779||Schmierer|Linda||10/30/1950||"340 Lake Palms Drive Apt 201"|Davenport|FL|33896||Female|8133902640|"No Response"|1||0|0|0|0||0|Schmierer||||||||"SARS-CoV-2 (COVID-19)"|Antigen|97097-0|"SARS-CoV-2 Ag Upper resp Ql IA.rapid"|"Nasopharyngeal swab"|258500001|04/01/2022|Negative|260385009
202|4244|10D2214779||Miller|Juliette||12/09/1959||"713 Lakeside Drive"|"North Palm Beach"|FL|33308||Female|5613107761|"No Response"|0||0|0|0|1||0|Miller||||||||"SARS-CoV-2 (COVID-19)"|Antigen|97097-0|"SARS-CoV-2 Ag Upper resp Ql IA.rapid"|"Nasopharyngeal swab"|258500001|04/01/2022|Negative|260385009
203|4244|10D2214779||Detwiller|Robert||04/15/1954||"713 Lakeside Drive"|"North Palm Beach"|FL|33408||Male|5614603335|"No Response"|1||0|0|0|0||0|Detwiller||||||||"SARS-CoV-2 (COVID-19)"|Antigen|97097-0|"SARS-CoV-2 Ag Upper resp Ql IA.rapid"|"Nasopharyngeal swab"|258500001|04/01/2022|Negative|260385009
204|4244|10D2214779||Tyler|Jeffrey||11/02/1968||"7763 Windbreak Rd"|Orlando|FL|32819||Male|14073997137|"No Response"|1||0|0|0|0||0|Tyler||||||||"SARS-CoV-2 (COVID-19)"|PCR|94500-6|"SARS-CoV-2 RNA Resp Ql NAA+probe"|"Nasopharyngeal swab"|258500001|03/31/2022|Negative|260385009
205|4244|10D2214779||Marquez|Oscar||02/18/1967||Unknown|Unknown|FL|99999||Male|7863962445|"No Response"|0||0|0|0|0||0|Marquez||||||||"SARS-CoV-2 (COVID-19)"|PCR|94500-6|"SARS-CoV-2 RNA Resp Ql NAA+probe"|"Nasopharyngeal swab"|258500001|03/31/2022|Negative|260385009
