RecordID|FacilityID|CLIAID|PatientID|LastName|FirstName|MiddleName|DOB|SSN|StreetAddress|City|State|Zip|County|Gender|PhoneNumber|Ethnicity|RaceWhite|RaceBlack|RaceAmericanIndianAlaskanNative|RaceAsian|RaceNativeHawaiianOrOtherPacificIslander|RaceOther|RaceUnknown|RaceNoResponse|ProviderName|NPI|Pregnant|SchoolAssociation|SchoolName|MeetILIDefinition|PerformingLab|AccessionNumber|Pathogen|TestType|LOINC|LOINCShortName|SpecimenCollectionType|SpecimenSNOMED|SpecimenCollectedDate|Result|ResultSNOMED
9040|4244|10D2214779||MCMASTERS|KEITH||06/23/1957||"1610 PRESIDENTIAL WAY APT B309"|"WEST PALM BEACH"|FL|33401||Male|4349445885|"No Response"|1|" "|0|0|0|0||0|MCMASTERS||||||||"SARS-CoV-2 (COVID-19)"|Antigen|97097-0|"SARS-CoV-2 Ag Upper resp Ql IA.rapid"|"Nasopharyngeal swab"|258500001|04/17/2022|Negative|260385009
9041|4244|10D2214779||MCMASTERS|SHEILA||09/09/1950||"1610 PRESIDENTIAL WAY APT B309"|"WEST PALM BEACH"|FL|33401||Female|4349445886|"No Response"|1|" "|0|0|0|0||0|MCMASTERS||||||||"SARS-CoV-2 (COVID-19)"|Antigen|97097-0|"SARS-CoV-2 Ag Upper resp Ql IA.rapid"|"Nasopharyngeal swab"|258500001|04/17/2022|Negative|260385009
14189|4244|10D2214779||McDavid|Michael||02/23/1964||"54 , Cross Pond Rd"|"Pound Ridge"|FL|10576||Male|3055422951|"No Response"|0|" "|0|0|0|1||0|McDavid||||||||"SARS-CoV-2 (COVID-19)"|PCR|94500-6|"SARS-CoV-2 RNA Resp Ql NAA+probe"|"Nasopharyngeal swab"|258500001|04/17/2022|Negative|260385009
26530|4244|10D2214779||Andrews|Sean||11/25/1977||"6330 N  Andrews Ave #263"|"Fort Lauderdale"|FL|33309||Male|9542924892|"No Response"|1|" "|0|0|0|0||0|Andrews||||||||"SARS-CoV-2 (COVID-19)"|Antigen|97097-0|"SARS-CoV-2 Ag Upper resp Ql IA.rapid"|"Nasopharyngeal swab"|258500001|04/17/2022|Negative|260385009
26531|4244|10D2214779||Andrews|Charlotte||12/10/1976||"6330 N Andrews Ave #263"|"Fort Lauderdale"|FL|33309||Female|9542924892|"No Response"|1|" "|0|0|0|0||0|Andrews||||||||"SARS-CoV-2 (COVID-19)"|Antigen|97097-0|"SARS-CoV-2 Ag Upper resp Ql IA.rapid"|"Nasopharyngeal swab"|258500001|04/17/2022|Negative|260385009
26532|4244|10D2214779||Andrews|Isabella||10/22/2012||"6330 N Andrews Ave #263"|"Fort Lauderdale"|FL|33309||Female|9542924892|"No Response"|1|" "|0|0|0|0||0|Andrews||||||||"SARS-CoV-2 (COVID-19)"|Antigen|97097-0|"SARS-CoV-2 Ag Upper resp Ql IA.rapid"|"Nasopharyngeal swab"|258500001|04/17/2022|Negative|260385009
26533|4244|10D2214779||Andrews|Ethan||11/07/2016||"6330 N Andrews Ave #263"|"Fort Lauderdale"|FL|33309||Male|9542924892|"No Response"|1|" "|0|0|0|0||0|Andrews||||||||"SARS-CoV-2 (COVID-19)"|Antigen|97097-0|"SARS-CoV-2 Ag Upper resp Ql IA.rapid"|"Nasopharyngeal swab"|258500001|04/17/2022|Negative|260385009
29491|4244|10D2214779||McDavid|Michael||02/23/1964||"54 Cross Pond Road"|"Pound Ridge"|FL|10576||Male|3055422951|"No Response"|0|" "|0|0|0|1||0|McDavid||||||||"SARS-CoV-2 (COVID-19)"|PCR|94500-6|"SARS-CoV-2 RNA Resp Ql NAA+probe"|"Nasopharyngeal swab"|258500001|04/17/2022|Negative|260385009
30676|4244|10D2214779||MCMASTERS|KEITH||06/23/1957||"1610 PRESIDENTIAL WAY APT B309"|"WEST PALM BEACH"|FL|334301||Male|4349445885|"No Response"|1|" "|0|0|0|0||0|MCMASTERS||||||||"SARS-CoV-2 (COVID-19)"|Antigen|97097-0|"SARS-CoV-2 Ag Upper resp Ql IA.rapid"|"Nasopharyngeal swab"|258500001|04/17/2022|Negative|260385009
30679|4244|10D2214779||MCMASTERS|SHEILA||09/09/1950||"1610 PRESIDENTIAL WAY APT B309"|"WEST PALM BEACH"|FL|33401||Female|4349445886|"No Response"|1|" "|0|0|0|0||0|MCMASTERS||||||||"SARS-CoV-2 (COVID-19)"|Antigen|97097-0|"SARS-CoV-2 Ag Upper resp Ql IA.rapid"|"Nasopharyngeal swab"|258500001|04/17/2022|Negative|260385009
33583|4244|10D2214779||Whalen|Peter||06/13/1983||"2067 NE 163RD ST"|"NORTH MIAMI"|FL|33162||Male|6023125248|"No Response"|1|" "|0|0|0|0||0|Whalen||||||||"SARS-CoV-2 (COVID-19)"|PCR|94500-6|"SARS-CoV-2 RNA Resp Ql NAA+probe"|"Nasopharyngeal swab"|258500001|04/17/2022|Negative|260385009
33584|4244|10D2214779||Whalen|Amanda||01/20/1983||"2067 NE 163RD ST"|"NORTH MIAMI"|FL|33162||Female|5124661662|"No Response"|1|" "|0|0|0|0||0|Whalen||||||||"SARS-CoV-2 (COVID-19)"|PCR|94500-6|"SARS-CoV-2 RNA Resp Ql NAA+probe"|"Nasopharyngeal swab"|258500001|04/17/2022|Negative|260385009
37407|4244|10D2214779||Andrews|Ethan||11/07/2016||"6330 N Andrews Ave #263"|"Fort Lauderdale"|FL|33309||Male|9542924892|"No Response"|1|" "|0|0|0|0||0|Andrews||||||||"SARS-CoV-2 (COVID-19)"|Antigen|97097-0|"SARS-CoV-2 Ag Upper resp Ql IA.rapid"|"Nasopharyngeal swab"|258500001|04/17/2022|Negative|260385009
37408|4244|10D2214779||Andrews|Isabella||10/22/2012||"6330 N Andrews Ave #263"|"Fort Lauderdale"|FL|33309||Female|9542924892|"No Response"|1|" "|0|0|0|0||0|Andrews||||||||"SARS-CoV-2 (COVID-19)"|Antigen|97097-0|"SARS-CoV-2 Ag Upper resp Ql IA.rapid"|"Nasopharyngeal swab"|258500001|04/17/2022|Negative|260385009
37409|4244|10D2214779||Andrews|Charlotte||12/10/1976||"6330 N Andrews Ave #263"|"Fort Lauderdale"|FL|33309||Female|9542924892|"No Response"|1|" "|0|0|0|0||0|Andrews||||||||"SARS-CoV-2 (COVID-19)"|Antigen|97097-0|"SARS-CoV-2 Ag Upper resp Ql IA.rapid"|"Nasopharyngeal swab"|258500001|04/17/2022|Negative|260385009
37410|4244|10D2214779||Andrews|Sean||11/25/1977||"6330 N Andrews Ave #263"|"Fort Lauderdale"|FL|33309||Male|9542924892|"No Response"|1|" "|0|0|0|0||0|Andrews||||||||"SARS-CoV-2 (COVID-19)"|Antigen|97097-0|"SARS-CoV-2 Ag Upper resp Ql IA.rapid"|"Nasopharyngeal swab"|258500001|04/17/2022|Negative|260385009
42053|4244|10D2214779||Whalen|Peter||06/13/1983||"2067 NE 163RD ST"|"NORTH MIAMI"|FL|33162||Male|6023125248|"No Response"|1|" "|0|0|0|0||0|Whalen||||||||"SARS-CoV-2 (COVID-19)"|PCR|94500-6|"SARS-CoV-2 RNA Resp Ql NAA+probe"|"Nasopharyngeal swab"|258500001|04/17/2022|Negative|260385009
42054|4244|10D2214779||Whalen|Amanda||01/20/1983||"2067 NE 163RD ST"|"NORTH MIAMI"|FL|33162||Female|5124661662|"No Response"|1|" "|0|0|0|0||0|Whalen||||||||"SARS-CoV-2 (COVID-19)"|PCR|94500-6|"SARS-CoV-2 RNA Resp Ql NAA+probe"|"Nasopharyngeal swab"|258500001|04/17/2022|Negative|260385009
42346|4244|10D2214779||MCMASTERS|KEITH||06/23/1957||"1610 PRESIDENTIAL WAY APT B309"|"WEST PALM BEACH"|FL|33401||Male|4349445885|"No Response"|1|" "|0|0|0|0||0|MCMASTERS||||||||"SARS-CoV-2 (COVID-19)"|Antigen|97097-0|"SARS-CoV-2 Ag Upper resp Ql IA.rapid"|"Nasopharyngeal swab"|258500001|04/17/2022|Negative|260385009
42351|4244|10D2214779||MCMASTERS|SHEILA||09/09/1950||"1610 PRESIDENTIAL WAY APT B309"|"WEST PALM BEACH"|FL|33401||Female|4349445886|"No Response"|1|" "|0|0|0|0||0|MCMASTERS||||||||"SARS-CoV-2 (COVID-19)"|Antigen|97097-0|"SARS-CoV-2 Ag Upper resp Ql IA.rapid"|"Nasopharyngeal swab"|258500001|04/17/2022|Negative|260385009
43911|4244|10D2214779||Thomas|John||04/21/1955||"462 N.W. Fetterbush Way"|"Jensen Beach"|FL|00000||Male|9542189201|"No Response"|1|" "|0|0|0|0||0|Thomas||||||||"SARS-CoV-2 (COVID-19)"|Antigen|97097-0|"SARS-CoV-2 Ag Upper resp Ql IA.rapid"|"Nasopharyngeal swab"|258500001|04/17/2022|Negative|260385009
46299|4244|10D2214779||McDavid|Michael||02/23/1964||"2067 NE 163RD ST"|"NORTH MIAMI"|FL|33162||Male|3055422951|"No Response"|0|" "|0|0|0|1||0|McDavid||||||||"SARS-CoV-2 (COVID-19)"|PCR|94500-6|"SARS-CoV-2 RNA Resp Ql NAA+probe"|"Nasopharyngeal swab"|258500001|04/17/2022|Negative|260385009
46315|4244|10D2214779||Whalen|Peter||06/13/1983||"108 Nativa Cr"|WPB|FL|33410||Male|6023125248|"No Response"|1|" "|0|0|0|0||0|Whalen||||||||"SARS-CoV-2 (COVID-19)"|PCR|94500-6|"SARS-CoV-2 RNA Resp Ql NAA+probe"|"Nasopharyngeal swab"|258500001|04/17/2022|Negative|260385009
46318|4244|10D2214779||Whalen|Amanda||01/20/1983||"79 OLD ORCHARD ST"|BUFFALO|FL|14221||Female|5124661662|"No Response"|1|" "|0|0|0|0||0|Whalen||||||||"SARS-CoV-2 (COVID-19)"|PCR|94500-6|"SARS-CoV-2 RNA Resp Ql NAA+probe"|"Nasopharyngeal swab"|258500001|04/17/2022|Negative|260385009
48387|4244|10D2214779||Andrews|Isabella||10/22/2012||"6330 N Andrews Ave #263"|"Fort Lauderdale"|FL|33309||Female|9542924892|"No Response"|1|" "|0|0|0|0||0|Andrews||||||||"SARS-CoV-2 (COVID-19)"|Antigen|97097-0|"SARS-CoV-2 Ag Upper resp Ql IA.rapid"|"Nasopharyngeal swab"|258500001|04/17/2022|Negative|260385009
48391|4244|10D2214779||Andrews|Charlotte||12/10/1976||"6330 N Andrews Ave #263"|"Fort Lauderdale"|FL|33309||Female|9542924892|"No Response"|1|" "|0|0|0|0||0|Andrews||||||||"SARS-CoV-2 (COVID-19)"|Antigen|97097-0|"SARS-CoV-2 Ag Upper resp Ql IA.rapid"|"Nasopharyngeal swab"|258500001|04/17/2022|Negative|260385009
48392|4244|10D2214779||Andrews|Ethan||11/07/2016||"6330 N Andrews Ave #263"|"Fort Lauderdale"|FL|33309||Male|9542924892|"No Response"|1|" "|0|0|0|0||0|Andrews||||||||"SARS-CoV-2 (COVID-19)"|Antigen|97097-0|"SARS-CoV-2 Ag Upper resp Ql IA.rapid"|"Nasopharyngeal swab"|258500001|04/17/2022|Negative|260385009
48396|4244|10D2214779||Andrews|Sean||11/25/1977||"6330 N Andrews Ave #263"|"Fort Lauderdale"|FL|33309||Male|9542924892|"No Response"|1|" "|0|0|0|0||0|Andrews||||||||"SARS-CoV-2 (COVID-19)"|Antigen|97097-0|"SARS-CoV-2 Ag Upper resp Ql IA.rapid"|"Nasopharyngeal swab"|258500001|04/17/2022|Negative|260385009
55848|4244|10D2214779||Rezende|Andre||01/14/1975||"2067 NE 163RD ST"|"NORTH MIAMI"|FL|33162||Male|7863962445|"No Response"|0|" "|0|0|0|0||0|Rezende||||||||"SARS-CoV-2 (COVID-19)"|Antigen|97097-0|"SARS-CoV-2 Ag Upper resp Ql IA.rapid"|"Nasopharyngeal swab"|258500001|04/17/2022|Negative|260385009
66907|4244|10D2214779||Andrews|Ethan||11/07/2016||"6330 N Andrews Ave #263"|"Fort Lauderdale"|FL|33309||Male|9542924892|"No Response"|1|" "|0|0|0|0||0|Andrews||||||||"SARS-CoV-2 (COVID-19)"|Antigen|97097-0|"SARS-CoV-2 Ag Upper resp Ql IA.rapid"|"Nasopharyngeal swab"|258500001|04/17/2022|Negative|260385009
66926|4244|10D2214779||Andrews|Charlotte||12/10/1976||"6330 N Andrews Ave #263"|"Fort Lauderdale"|FL|33309||Female|9542924892|"No Response"|1|" "|0|0|0|0||0|Andrews||||||||"SARS-CoV-2 (COVID-19)"|Antigen|97097-0|"SARS-CoV-2 Ag Upper resp Ql IA.rapid"|"Nasopharyngeal swab"|258500001|04/17/2022|Negative|260385009
66927|4244|10D2214779||Andrews|Isabella||10/22/2012||"6330 N Andrews Ave #263"|"Fort Lauderdale"|FL|33309||Female|9542924892|"No Response"|1|" "|0|0|0|0||0|Andrews||||||||"SARS-CoV-2 (COVID-19)"|Antigen|97097-0|"SARS-CoV-2 Ag Upper resp Ql IA.rapid"|"Nasopharyngeal swab"|258500001|04/17/2022|Negative|260385009
67077|4244|10D2214779||Andrews|Sean||11/25/1977||"6330 N Andrews Ave #263"|"Fort Lauderdale"|FL|33309||Male|9542924892|"No Response"|1|" "|0|0|0|0||0|Andrews||||||||"SARS-CoV-2 (COVID-19)"|Antigen|97097-0|"SARS-CoV-2 Ag Upper resp Ql IA.rapid"|"Nasopharyngeal swab"|258500001|04/17/2022|Negative|260385009
93036|4244|10D2214779||Whalen|Peter||06/13/1983||"2067 NE 163RD ST"|"NORTH MIAMI"|FL|33162||Male|6023125248|"No Response"|1|" "|0|0|0|0||0|Whalen||||||||"SARS-CoV-2 (COVID-19)"|PCR|94500-6|"SARS-CoV-2 RNA Resp Ql NAA+probe"|"Nasopharyngeal swab"|258500001|04/17/2022|Negative|260385009
93037|4244|10D2214779||Whalen|Amanda||01/20/1983||"2067 NE 163RD ST"|"NORTH MIAMI"|FL|33162||Female|5124661662|"No Response"|1|" "|0|0|0|0||0|Whalen||||||||"SARS-CoV-2 (COVID-19)"|PCR|94500-6|"SARS-CoV-2 RNA Resp Ql NAA+probe"|"Nasopharyngeal swab"|258500001|04/17/2022|Negative|260385009
93078|4244|10D2214779||"Pezo Ruiz"|Kelly||11/13/1981||"6336 Buford St., Apt 504"|"Orlando, FL"|FL|32835||Female|9546948556|"No Response"|0|" "|0|0|0|0||0|"Pezo Ruiz"||||||||"SARS-CoV-2 (COVID-19)"|Antigen|97097-0|"SARS-CoV-2 Ag Upper resp Ql IA.rapid"|"Nasopharyngeal swab"|258500001|04/17/2022|Negative|260385009
95785|4244|10D2214779||Thomas|John||04/21/1955||"462 NW Fetterbush way"|"Jensen Beach"|FL|34957||Male|9542189201|"No Response"|1|" "|0|0|0|0||0|Thomas||||||||"SARS-CoV-2 (COVID-19)"|Antigen|97097-0|"SARS-CoV-2 Ag Upper resp Ql IA.rapid"|"Nasopharyngeal swab"|258500001|04/17/2022|Negative|260385009
98139|4244|10D2214779||MCMASTERS|KEITH||06/23/1957||"11987 SW Water Lily Terrace"|"Port Saint Lucy"|FL|34987||Male|4349445885|"No Response"|1|" "|0|0|0|0||0|MCMASTERS||||||||"SARS-CoV-2 (COVID-19)"|Antigen|97097-0|"SARS-CoV-2 Ag Upper resp Ql IA.rapid"|"Nasopharyngeal swab"|258500001|04/17/2022|Negative|260385009
98142|4244|10D2214779||MCMASTERS|SHEILA||09/09/1950||"11987 SW Water Lily Terrace"|"Port Saint Lucy"|FL|34987||Female|4349445886|"No Response"|1|" "|0|0|0|0||0|MCMASTERS||||||||"SARS-CoV-2 (COVID-19)"|Antigen|97097-0|"SARS-CoV-2 Ag Upper resp Ql IA.rapid"|"Nasopharyngeal swab"|258500001|04/17/2022|Negative|260385009
100497|4244|10D2214779||Rezende|Andre||01/14/1975||"2067 NE 163RD ST"|"NORTH MIAMI"|FL|33162||Male|7863962445|"No Response"|0|" "|0|0|0|0||0|Rezende||||||||"SARS-CoV-2 (COVID-19)"|Antigen|97097-0|"SARS-CoV-2 Ag Upper resp Ql IA.rapid"|"Nasopharyngeal swab"|258500001|04/17/2022|Negative|260385009
102923|4244|10D2214779||Thomas|John||04/21/1955||"462 N.W. Fetterbush Way"|"Jensen Beach"|FL|34957||Male|9542189201|"No Response"|1|" "|0|0|0|0||0|Thomas||||||||"SARS-CoV-2 (COVID-19)"|Antigen|97097-0|"SARS-CoV-2 Ag Upper resp Ql IA.rapid"|"Nasopharyngeal swab"|258500001|04/17/2022|Negative|260385009
111306|4244|10D2214779||"Pezo Ruiz"|Kelly||11/13/1981||"6336 Buford St., Apt 504"|Orlando|FL|32835||Female|9546948556|"No Response"|0|" "|0|0|0|0||0|"Pezo Ruiz"||||||||"SARS-CoV-2 (COVID-19)"|Antigen|97097-0|"SARS-CoV-2 Ag Upper resp Ql IA.rapid"|"Nasopharyngeal swab"|258500001|04/17/2022|Negative|260385009
114761|4244|10D2214779||Desai|Jagannath||07/12/1979||"2067 NE 163RD ST"|"NORTH MIAMI"|FL|33162||Male|7863962445|"No Response"|0|" "|0|0|0|1||0|Desai||||||||"SARS-CoV-2 (COVID-19)"|PCR|94500-6|"SARS-CoV-2 RNA Resp Ql NAA+probe"|"Nasopharyngeal swab"|258500001|04/17/2022|Negative|260385009
114761|4244|10D2214779||Desai|Jagannath||07/12/1979||"2067 NE 163RD ST"|"NORTH MIAMI"|FL|33162||Male|7863962445|"No Response"|0|" "|0|0|0|1||0|Desai||||||||"SARS-CoV-2 (COVID-19)"|PCR|94500-6|"SARS-CoV-2 RNA Resp Ql NAA+probe"|"Nasopharyngeal swab"|258500001|04/17/2022|Negative|260385009
114765|4244|10D2214779||Wells|Sarah||07/11/1974||"11543 Yukon st nw"|"Coon Rapids "|FL|55433||Female|2423765306|"No Response"|1|" "|0|0|0|0||0|Wells||||||||"SARS-CoV-2 (COVID-19)"|Antigen|97097-0|"SARS-CoV-2 Ag Upper resp Ql IA.rapid"|"Nasopharyngeal swab"|258500001|04/17/2022|Negative|260385009
114765|4244|10D2214779||Wells|Sarah||07/11/1974||"11543 Yukon st nw"|"Coon Rapids "|FL|55433||Female|2423765306|"No Response"|1|" "|0|0|0|0||0|Wells||||||||"SARS-CoV-2 (COVID-19)"|Antigen|97097-0|"SARS-CoV-2 Ag Upper resp Ql IA.rapid"|"Nasopharyngeal swab"|258500001|04/17/2022|Negative|260385009
114766|4244|10D2214779||Paquette|Andrew||04/23/1981||"129 old meadow way"|"Palm Beach Gardens"|FL|33418||Male|2144996603|"No Response"|1|" "|0|0|0|0||0|Paquette||||||||"SARS-CoV-2 (COVID-19)"|Antigen|97097-0|"SARS-CoV-2 Ag Upper resp Ql IA.rapid"|"Nasopharyngeal swab"|258500001|04/17/2022|Negative|260385009
114766|4244|10D2214779||Paquette|Andrew||04/23/1981||"129 old meadow way"|"Palm Beach Gardens"|FL|33418||Male|2144996603|"No Response"|1|" "|0|0|0|0||0|Paquette||||||||"SARS-CoV-2 (COVID-19)"|Antigen|97097-0|"SARS-CoV-2 Ag Upper resp Ql IA.rapid"|"Nasopharyngeal swab"|258500001|04/17/2022|Negative|260385009
114767|4244|10D2214779||Wells|Soraya||09/28/2009||"11543 Yukon St. NW"|"Coon Rapids "|FL|55433||Female|2423765306|"No Response"|0|" "|0|0|0|1||0|Wells||||||||"SARS-CoV-2 (COVID-19)"|PCR|94500-6|"SARS-CoV-2 RNA Resp Ql NAA+probe"|"Nasopharyngeal swab"|258500001|04/17/2022|Negative|260385009
114774|4244|10D2214779||"De Bilt"|johan||01/01/1970||"147 segovia way"|jupiter|FL|33458||Male|15616628227|"No Response"|1|" "|0|0|0|0||0|"De Bilt"||||||||"SARS-CoV-2 (COVID-19)"|Antigen|97097-0|"SARS-CoV-2 Ag Upper resp Ql IA.rapid"|"Nasopharyngeal swab"|258500001|04/17/2022|Negative|260385009
114775|4244|10D2214779||Rezende|Andre||01/14/1975||"Avenida Beira Mar 2270"|Fortaleza|FL|60165121||Male|7863962445|"No Response"|0|" "|0|0|0|0||0|Rezende||||||||"SARS-CoV-2 (COVID-19)"|Antigen|97097-0|"SARS-CoV-2 Ag Upper resp Ql IA.rapid"|"Nasopharyngeal swab"|258500001|04/17/2022|Negative|260385009
114776|4244|10D2214779||Garcia|Maikol||01/22/1998||"341 ponte vedra rd"|"Palm Springs "|FL|33461||Male|5617135916|"No Response"|0|" "|0|0|0|0||0|Garcia||||||||"SARS-CoV-2 (COVID-19)"|Antigen|97097-0|"SARS-CoV-2 Ag Upper resp Ql IA.rapid"|"Nasopharyngeal swab"|258500001|04/17/2022|Negative|260385009
114784|4244|10D2214779||UBIERA|AURA||08/06/1966||"87 STOCKHOLM STREET"|BROOKLYN|FL|11217||Female|7187445783|"No Response"|0|" "|0|0|0|0||0|UBIERA||||||||"SARS-CoV-2 (COVID-19)"|PCR|94500-6|"SARS-CoV-2 RNA Resp Ql NAA+probe"|"Nasopharyngeal swab"|258500001|04/17/2022|Negative|260385009
114786|4244|10D2214779||Ghaderi|Amir||10/29/1970||"2067 NE 163RD ST"|"NORTH MIAMI"|FL|33162||Male|+4793651639|"No Response"|0|" "|0|1|0|0||0|Ghaderi||||||||"SARS-CoV-2 (COVID-19)"|Antigen|97097-0|"SARS-CoV-2 Ag Upper resp Ql IA.rapid"|"Nasopharyngeal swab"|258500001|04/17/2022|Negative|260385009
114786|4244|10D2214779||Ghaderi|Amir||10/29/1970||"2067 NE 163RD ST"|"NORTH MIAMI"|FL|33162||Male|+4793651639|"No Response"|0|" "|0|1|0|0||0|Ghaderi||||||||"SARS-CoV-2 (COVID-19)"|Antigen|97097-0|"SARS-CoV-2 Ag Upper resp Ql IA.rapid"|"Nasopharyngeal swab"|258500001|04/17/2022|Negative|260385009
114788|4244|10D2214779||"Sarachu Rovira"|"Antonio Maria"||08/19/1959||"2067 NE 163RD ST"|"NORTH MIAMI"|FL|33162||Male|7863962445|"No Response"|0|" "|0|0|0|0||1|"Sarachu Rovira"||||||||"SARS-CoV-2 (COVID-19)"|Antigen|97097-0|"SARS-CoV-2 Ag Upper resp Ql IA.rapid"|"Nasopharyngeal swab"|258500001|04/17/2022|Negative|260385009
114793|4244|10D2214779||Amow|"Karena M"||11/10/1962||"1775 Bonnaventure Blvd"|Westin|FL|33326||Female|7685377564|"No Response"|0|" "|0|0|0|1||0|Amow||||||||"SARS-CoV-2 (COVID-19)"|Antigen|97097-0|"SARS-CoV-2 Ag Upper resp Ql IA.rapid"|"Nasopharyngeal swab"|258500001|04/17/2022|Negative|260385009
114793|4244|10D2214779||Amow|"Karena M"||11/10/1962||"1775 Bonnaventure Blvd"|Westin|FL|33326||Female|7685377564|"No Response"|0|" "|0|0|0|1||0|Amow||||||||"SARS-CoV-2 (COVID-19)"|Antigen|97097-0|"SARS-CoV-2 Ag Upper resp Ql IA.rapid"|"Nasopharyngeal swab"|258500001|04/17/2022|Negative|260385009
114794|4244|10D2214779||McDavid|Michael||02/23/1964||"2067 NE 163RD ST"|"NORTH MIAMI"|FL|33162||Male|3055422951|"No Response"|0|" "|0|0|0|1||0|McDavid||||||||"SARS-CoV-2 (COVID-19)"|PCR|94500-6|"SARS-CoV-2 RNA Resp Ql NAA+probe"|"Nasopharyngeal swab"|258500001|04/17/2022|Negative|260385009
114798|4244|10D2214779||Morris|Joicelyn||12/12/1981||"4247 Rocky Ridge Place "|Sanford|FL|32773||Female|4077166118|"No Response"|0|" "|0|0|0|0||0|Morris||||||||"SARS-CoV-2 (COVID-19)"|Antigen|97097-0|"SARS-CoV-2 Ag Upper resp Ql IA.rapid"|"Nasopharyngeal swab"|258500001|04/17/2022|Negative|260385009
114799|4244|10D2214779||"Co Hee"|Aniceto||11/28/1962||"MGM Grand Hotel "|"Las Vegas"|FL|89109||Male|61433009590|"No Response"|0|" "|0|1|0|0||0|"Co Hee"||||||||"SARS-CoV-2 (COVID-19)"|Antigen|97097-0|"SARS-CoV-2 Ag Upper resp Ql IA.rapid"|"Nasopharyngeal swab"|258500001|04/17/2022|Negative|260385009
114800|4244|10D2214779||"Co Hee"|Luisa||04/13/1959||"MGM Grand Hotel"|"Las Vegas"|FL|89109||Female|61433000590|"No Response"|0|" "|0|1|0|0||0|"Co Hee"||||||||"SARS-CoV-2 (COVID-19)"|Antigen|97097-0|"SARS-CoV-2 Ag Upper resp Ql IA.rapid"|"Nasopharyngeal swab"|258500001|04/17/2022|Negative|260385009
114801|4244|10D2214779||Francisco|Alexander||06/23/1966||"MGM Grand Hotel"|"Las Vegas"|FL|89109||Male|61433000590|"No Response"|0|" "|0|1|0|0||0|Francisco||||||||"SARS-CoV-2 (COVID-19)"|Antigen|97097-0|"SARS-CoV-2 Ag Upper resp Ql IA.rapid"|"Nasopharyngeal swab"|258500001|04/17/2022|Negative|260385009
114802|4244|10D2214779||Francisco|Rosario||12/01/1966||"MGM  Grand Hotel"|"Las Vegas"|FL|89109||Female|61433000589|"No Response"|0|" "|0|1|0|0||0|Francisco||||||||"SARS-CoV-2 (COVID-19)"|Antigen|97097-0|"SARS-CoV-2 Ag Upper resp Ql IA.rapid"|"Nasopharyngeal swab"|258500001|04/17/2022|Negative|260385009
114803|4244|10D2214779||Santuico|Gerard||05/03/1956||"MGM Grand Hotel"|"Las Vegas Nevada"|FL|89109||Male|61433000590|"No Response"|0|" "|0|1|0|0||0|Santuico||||||||"SARS-CoV-2 (COVID-19)"|Antigen|97097-0|"SARS-CoV-2 Ag Upper resp Ql IA.rapid"|"Nasopharyngeal swab"|258500001|04/17/2022|Negative|260385009
114804|4244|10D2214779||PELLEY|"MARVIN H"||11/24/1947||"6336 Buford St., Apt 505"|Orlando|FL|32835||Male|4077653057|"No Response"|1|" "|0|0|0|0||0|PELLEY||||||||"SARS-CoV-2 (COVID-19)"|Antigen|97097-0|"SARS-CoV-2 Ag Upper resp Ql IA.rapid"|"Nasopharyngeal swab"|258500001|04/17/2022|Negative|260385009
114805|4244|10D2214779||"Santamaría Camacho"|Jerónimo||12/24/2015||"575 E Remington Dr , Apt 8D"|Sunnyvale|FL|94085||Male|4085088277|"No Response"|0|" "|0|0|0|0||0|"Santamaría Camacho"||||||||"SARS-CoV-2 (COVID-19)"|Antigen|97097-0|"SARS-CoV-2 Ag Upper resp Ql IA.rapid"|"Nasopharyngeal swab"|258500001|04/17/2022|Negative|260385009
114806|4244|10D2214779||"Pezo Ruiz"|Kelly||11/13/1981||"6336 Buford St., Apt 504"|Orlando|FL|32835||Female|9546948556|"No Response"|0|" "|0|0|0|0||0|"Pezo Ruiz"||||||||"SARS-CoV-2 (COVID-19)"|Antigen|97097-0|"SARS-CoV-2 Ag Upper resp Ql IA.rapid"|"Nasopharyngeal swab"|258500001|04/17/2022|Negative|260385009
114807|4244|10D2214779||Camacho|Tatiana||08/20/1994||"575 E Remington Dr , Apt 8D"|Sunnyvale|FL|94085||Female|3123124080|"No Response"|0|" "|0|0|0|0||0|Camacho||||||||"SARS-CoV-2 (COVID-19)"|Antigen|97097-0|"SARS-CoV-2 Ag Upper resp Ql IA.rapid"|"Nasopharyngeal swab"|258500001|04/17/2022|Negative|260385009
114812|4244|10D2214779||Santuico|Violeta||10/08/1951||"MGM Grand Hotel"|"Las Vegas"|FL|89109||Female|61433000590|"No Response"|0|" "|0|1|0|0||0|Santuico||||||||"SARS-CoV-2 (COVID-19)"|Antigen|97097-0|"SARS-CoV-2 Ag Upper resp Ql IA.rapid"|"Nasopharyngeal swab"|258500001|04/17/2022|Negative|260385009
114813|4244|10D2214779||Whalen|Peter||06/13/1983||"2067 NE 163RD ST"|"NORTH MIAMI"|FL|33162||Male|6023125248|"No Response"|1|" "|0|0|0|0||0|Whalen||||||||"SARS-CoV-2 (COVID-19)"|PCR|94500-6|"SARS-CoV-2 RNA Resp Ql NAA+probe"|"Nasopharyngeal swab"|258500001|04/17/2022|Negative|260385009
114814|4244|10D2214779||Whalen|Amanda||01/20/1983||"2067 NE 163RD ST"|"NORTH MIAMI"|FL|33162||Female|5124661662|"No Response"|1|" "|0|0|0|0||0|Whalen||||||||"SARS-CoV-2 (COVID-19)"|PCR|94500-6|"SARS-CoV-2 RNA Resp Ql NAA+probe"|"Nasopharyngeal swab"|258500001|04/17/2022|Negative|260385009
114815|4244|10D2214779||Schulz|Karsten||07/22/1966||"6321 Sierra Pines Court"|"Las Vegas"|FL|89130||Male|8017550170|"No Response"|1|" "|0|0|0|0||0|Schulz||||||||"SARS-CoV-2 (COVID-19)"|Antigen|97097-0|"SARS-CoV-2 Ag Upper resp Ql IA.rapid"|"Nasopharyngeal swab"|258500001|04/17/2022|Negative|260385009
114816|4244|10D2214779||Gerbsch|Doris||02/25/1955||"6321 Sierra Pines Court"|"Las Vegas"|FL|89130||Female|8017550170|"No Response"|1|" "|0|0|0|0||0|Gerbsch||||||||"SARS-CoV-2 (COVID-19)"|Antigen|97097-0|"SARS-CoV-2 Ag Upper resp Ql IA.rapid"|"Nasopharyngeal swab"|258500001|04/17/2022|Negative|260385009
114830|4244|10D2214779||Rollings|Karen||06/18/1962||"Rosen Inn At Pointe Orlando 9000 International Drive"|"Orlando "|FL|32819||Female|7863962445|"No Response"|1|" "|0|0|0|0||0|Rollings||||||||"SARS-CoV-2 (COVID-19)"|Antigen|97097-0|"SARS-CoV-2 Ag Upper resp Ql IA.rapid"|"Nasopharyngeal swab"|258500001|04/17/2022|Negative|260385009
114831|4244|10D2214779||Rollings|David||03/11/1962||"Rosen Inn at Pointe Orlando 9000 International Drive"|"Orlando "|FL|32819||Male|7863962445|"No Response"|1|" "|0|0|0|0||0|Rollings||||||||"SARS-CoV-2 (COVID-19)"|Antigen|97097-0|"SARS-CoV-2 Ag Upper resp Ql IA.rapid"|"Nasopharyngeal swab"|258500001|04/17/2022|Negative|260385009
114831|4244|10D2214779||Rollings|David||03/11/1962||"Rosen Inn at Pointe Orlando 9000 International Drive"|"Orlando "|FL|32819||Male|7863962445|"No Response"|1|" "|0|0|0|0||0|Rollings||||||||"SARS-CoV-2 (COVID-19)"|Antigen|97097-0|"SARS-CoV-2 Ag Upper resp Ql IA.rapid"|"Nasopharyngeal swab"|258500001|04/17/2022|Negative|260385009
114832|4244|10D2214779||Cann|Paul||01/01/1970||"2067 NE 163RD ST"|"NORTH MIAMI"|FL|33162||Male|7863962445|"No Response"|1|" "|0|0|0|0||0|Cann||||||||"SARS-CoV-2 (COVID-19)"|Antigen|97097-0|"SARS-CoV-2 Ag Upper resp Ql IA.rapid"|"Nasopharyngeal swab"|258500001|04/17/2022|Negative|260385009
114833|4244|10D2214779||Cann|Sylvia||01/01/1970||"2067 NE 163RD ST"|"NORTH MIAMI"|FL|33162||Female|7863962445|"No Response"|1|" "|0|0|0|0||0|Cann||||||||"SARS-CoV-2 (COVID-19)"|Antigen|97097-0|"SARS-CoV-2 Ag Upper resp Ql IA.rapid"|"Nasopharyngeal swab"|258500001|04/17/2022|Negative|260385009
114834|4244|10D2214779||MCMASTERS|KEITH||06/23/1957||"11987 SW WATER LILY TERRACE"|"PORT SAINT LUCIE"|FL|34987||Male|4349445885|"No Response"|1|" "|0|0|0|0||0|MCMASTERS||||||||"SARS-CoV-2 (COVID-19)"|Antigen|97097-0|"SARS-CoV-2 Ag Upper resp Ql IA.rapid"|"Nasopharyngeal swab"|258500001|04/17/2022|Negative|260385009
114836|4244|10D2214779||MCMASTERS|SHEILA||09/09/1950||"11987 SW WATER LILY TERRACE"|"POST SAINT LUCIE"|FL|34987||Female|4349445886|"No Response"|1|" "|0|0|0|0||0|MCMASTERS||||||||"SARS-CoV-2 (COVID-19)"|Antigen|97097-0|"SARS-CoV-2 Ag Upper resp Ql IA.rapid"|"Nasopharyngeal swab"|258500001|04/17/2022|Negative|260385009
114837|4244|10D2214779||MCNELLAN|HELEN||03/06/1946||"9 cromarty avenue"|glasgow|FL|00000||Female|7863962445|"No Response"|1|" "|0|0|0|0||0|MCNELLAN||||||||"SARS-CoV-2 (COVID-19)"|Antigen|97097-0|"SARS-CoV-2 Ag Upper resp Ql IA.rapid"|"Nasopharyngeal swab"|258500001|04/17/2022|Negative|260385009
114838|4244|10D2214779||Johnson|Henry||10/15/1954||"La casa Hotel terramar Street "|"Fort lauderdale"|FL|33304||Male|7863962445|"No Response"|1|" "|0|0|0|0||0|Johnson||||||||"SARS-CoV-2 (COVID-19)"|Antigen|97097-0|"SARS-CoV-2 Ag Upper resp Ql IA.rapid"|"Nasopharyngeal swab"|258500001|04/17/2022|Negative|260385009
114840|4244|10D2214779||Johnson|Karen||09/16/1956||"La casa hotel"|"Fort lauderdale "|FL|33304||Female|7863962445|"No Response"|1|" "|0|0|0|0||0|Johnson||||||||"SARS-CoV-2 (COVID-19)"|Antigen|97097-0|"SARS-CoV-2 Ag Upper resp Ql IA.rapid"|"Nasopharyngeal swab"|258500001|04/17/2022|Negative|260385009
114845|4244|10D2214779||Carnegie|Winston||04/25/1975||"Days inn, ft Lauderdale "|Florida|FL|33311||Male|7863962445|"No Response"|0|" "|0|0|0|1||0|Carnegie||||||||"SARS-CoV-2 (COVID-19)"|Antigen|97097-0|"SARS-CoV-2 Ag Upper resp Ql IA.rapid"|"Nasopharyngeal swab"|258500001|04/17/2022|Negative|260385009
114874|4244|10D2214779||Badhal|Faria||09/17/1996||"SpringHill Suites Fort Lauderdale Miramar 10880 Marks Way,Miramar"|"Florida "|FL|33025||Female|7862662571|"No Response"|0|" "|0|1|0|0||0|Badhal||||||||"SARS-CoV-2 (COVID-19)"|Antigen|97097-0|"SARS-CoV-2 Ag Upper resp Ql IA.rapid"|"Nasopharyngeal swab"|258500001|04/17/2022|Negative|260385009
114875|4244|10D2214779||Thomas|John||04/21/1955||"462 N.W. Fetterbush Way"|"Jensen Beach"|FL|34957||Male|9542189201|"No Response"|1|" "|0|0|0|0||0|Thomas||||||||"SARS-CoV-2 (COVID-19)"|Antigen|97097-0|"SARS-CoV-2 Ag Upper resp Ql IA.rapid"|"Nasopharyngeal swab"|258500001|04/17/2022|Negative|260385009
114876|4244|10D2214779||Singh|Akshay||06/17/1996||"SpringHill Suites Fort Lauderdale Miramar 10880 Marks Way,"|Miramar|FL|33025||Male|7862662571|"No Response"|0|" "|0|1|0|0||0|Singh||||||||"SARS-CoV-2 (COVID-19)"|Antigen|97097-0|"SARS-CoV-2 Ag Upper resp Ql IA.rapid"|"Nasopharyngeal swab"|258500001|04/17/2022|Negative|260385009
114878|4244|10D2214779||Andrews|Sean||11/25/1977||"6330 N Andrews Ave #263"|"Fort Lauderdale"|FL|33309||Male|9542924892|"No Response"|1|" "|0|0|0|0||0|Andrews||||||||"SARS-CoV-2 (COVID-19)"|Antigen|97097-0|"SARS-CoV-2 Ag Upper resp Ql IA.rapid"|"Nasopharyngeal swab"|258500001|04/17/2022|Negative|260385009
114879|4244|10D2214779||Andrews|Charlotte||12/10/1976||"6330 N Andrews Ave #263"|"Fort Lauderdale"|FL|33309||Male|9542924892|"No Response"|1|" "|0|0|0|0||0|Andrews||||||||"SARS-CoV-2 (COVID-19)"|Antigen|97097-0|"SARS-CoV-2 Ag Upper resp Ql IA.rapid"|"Nasopharyngeal swab"|258500001|04/17/2022|Negative|260385009
114880|4244|10D2214779||Andrews|Isabella||10/22/2012||"6330 N Andrews Ave #263"|"Fort Lauderdale"|FL|33309||Female|9542924892|"No Response"|1|" "|0|0|0|0||0|Andrews||||||||"SARS-CoV-2 (COVID-19)"|Antigen|97097-0|"SARS-CoV-2 Ag Upper resp Ql IA.rapid"|"Nasopharyngeal swab"|258500001|04/17/2022|Negative|260385009
114881|4244|10D2214779||Andrews|Ethan||11/07/2016||"6330 N Andrews Ave"|"Fort Lauderdale"|FL|33309||Male|9542924892|"No Response"|1|" "|0|0|0|0||0|Andrews||||||||"SARS-CoV-2 (COVID-19)"|Antigen|97097-0|"SARS-CoV-2 Ag Upper resp Ql IA.rapid"|"Nasopharyngeal swab"|258500001|04/17/2022|Negative|260385009
114884|4244|10D2214779||Durandisse|Emmanuella||12/14/1988||"1 Gillis Avenue"|Nyack|FL|10960||Female|8455966070|"No Response"|0|" "|0|0|0|0||0|Durandisse||||||||"SARS-CoV-2 (COVID-19)"|Antigen|97097-0|"SARS-CoV-2 Ag Upper resp Ql IA.rapid"|"Nasopharyngeal swab"|258500001|04/17/2022|Negative|260385009
114890|4244|10D2214779||"Contreras Munoz"|"Francisco Javier"||02/04/1956||"2067 NE 163RD ST"|"NORTH MIAMI"|FL|33162||Male|7863962445|"No Response"|0|" "|0|0|0|0||1|"Contreras Munoz"||||||||"SARS-CoV-2 (COVID-19)"|Antigen|97097-0|"SARS-CoV-2 Ag Upper resp Ql IA.rapid"|"Nasopharyngeal swab"|258500001|04/17/2022|Negative|260385009
114891|4244|10D2214779||"Soto De Contreras"|"Maria Guadalupe"||10/02/1956||"2067 NE 163RD ST"|"NORTH MIAMI"|FL|33162||Female|7863962445|"No Response"|0|" "|0|0|0|0||1|"Soto De Contreras"||||||||"SARS-CoV-2 (COVID-19)"|Antigen|97097-0|"SARS-CoV-2 Ag Upper resp Ql IA.rapid"|"Nasopharyngeal swab"|258500001|04/17/2022|Negative|260385009
114894|4244|10D2214779||"Ramirez Sanchez"|Calixtro||10/01/1953||"2067 NE 163RD ST"|"NORTH MIAMI"|FL|33162||Male|7863962445|"No Response"|0|" "|0|0|0|0||1|"Ramirez Sanchez"||||||||"SARS-CoV-2 (COVID-19)"|Antigen|97097-0|"SARS-CoV-2 Ag Upper resp Ql IA.rapid"|"Nasopharyngeal swab"|258500001|04/17/2022|Negative|260385009
114895|4244|10D2214779||"Castro Ruiz"|Sofia||08/27/1953||"2067 NE 163RD ST"|"NORTH MIAMI"|FL|33162||Female|7863962445|"No Response"|0|" "|0|0|0|0||1|"Castro Ruiz"||||||||"SARS-CoV-2 (COVID-19)"|Antigen|97097-0|"SARS-CoV-2 Ag Upper resp Ql IA.rapid"|"Nasopharyngeal swab"|258500001|04/17/2022|Negative|260385009
114896|4244|10D2214779||Albury|"Jed Fred "||06/12/1964||"2067 NE 163RD ST"|"NORTH MIAMI"|FL|33162||Male|7863962445|"No Response"|1|" "|0|0|0|0||0|Albury||||||||"SARS-CoV-2 (COVID-19)"|Antigen|97097-0|"SARS-CoV-2 Ag Upper resp Ql IA.rapid"|"Nasopharyngeal swab"|258500001|04/17/2022|Negative|260385009
