RecordID|FacilityID|CLIAID|PatientID|LastName|FirstName|MiddleName|DOB|SSN|StreetAddress|City|State|Zip|County|Gender|PhoneNumber|Ethnicity|RaceWhite|RaceBlack|RaceAmericanIndianAlaskanNative|RaceAsian|RaceNativeHawaiianOrOtherPacificIslander|RaceOther|RaceUnknown|RaceNoResponse|ProviderName|NPI|Pregnant|SchoolAssociation|SchoolName|MeetILIDefinition|PerformingLab|AccessionNumber|Pathogen|TestType|LOINC|LOINCShortName|SpecimenCollectionType|SpecimenSNOMED|SpecimenCollectedDate|Result|ResultSNOMED
13636|4244|10D2214779||Anselmo|Monik||05/16/1986||"4626 Ethans Glenn Ave"|Orlandk|FL|32812||Female|4072884145|"No Response"|0|" "|0|0|0|0||0|Anselmo||||||||"SARS-CoV-2 (COVID-19)"|Antigen|97097-0|"SARS-CoV-2 Ag Upper resp Ql IA.rapid"|"Nasopharyngeal swab"|258500001|04/03/2022|Negative|260385009
13641|4244|10D2214779||Alves|Igor||01/01/1970||"4626 Ethans Glenn Ave"|Orlando|FL|00000||Male|4074536663|"No Response"|0|" "|0|0|0|0||0|Alves||||||||"SARS-CoV-2 (COVID-19)"|Antigen|97097-0|"SARS-CoV-2 Ag Upper resp Ql IA.rapid"|"Nasopharyngeal swab"|258500001|04/03/2022|Negative|260385009
14733|4244|10D2214779||Hodge|Craig||04/12/1983||"14750 silver glen dr e"|Jacksonville|FL|32258||Male|2645848100|"No Response"|0|" "|0|0|0|0||0|Hodge||||||||"SARS-CoV-2 (COVID-19)"|Antigen|97097-0|"SARS-CoV-2 Ag Upper resp Ql IA.rapid"|"Nasopharyngeal swab"|258500001|04/03/2022|Negative|260385009
20612|4244|10D2214779||Graham|Ariel||01/01/1970||"7700 westgate blvd"|kissimmee|FL|34747||Female|6472872990|"No Response"|0|" "|0|0|0|0||0|Graham||||||||"SARS-CoV-2 (COVID-19)"|Antigen|97097-0|"SARS-CoV-2 Ag Upper resp Ql IA.rapid"|"Nasopharyngeal swab"|258500001|04/03/2022|Negative|260385009
21485|4244|10D2214779||Mayer|Jessalyn||08/10/1987||"312 NE 13th Ave"|"Fort Lauderdale"|FL|33301||Female|4692887528|"No Response"|1|" "|0|0|0|0||0|Mayer||||||||"SARS-CoV-2 (COVID-19)"|Antigen|97097-0|"SARS-CoV-2 Ag Upper resp Ql IA.rapid"|"Nasopharyngeal swab"|258500001|04/03/2022|Negative|260385009
25295|4244|10D2214779||Haubrock|Robert||01/22/1960||"16203 Prairie school dr"|"Winter Garden"|FL|34787||Male|5133755311|"No Response"|1|" "|0|0|0|0||0|Haubrock||||||||"SARS-CoV-2 (COVID-19)"|PCR|94500-6|"SARS-CoV-2 RNA Resp Ql NAA+probe"|"Nasopharyngeal swab"|258500001|04/04/2022|Negative|260385009
28141|4244|10D2214779||Alves|Igor||01/01/1970||"4626 ethans Glenn Ave "|Orlando|FL|32812||Male|4074536663|"No Response"|0|" "|0|0|0|0||0|Alves||||||||"SARS-CoV-2 (COVID-19)"|Antigen|97097-0|"SARS-CoV-2 Ag Upper resp Ql IA.rapid"|"Nasopharyngeal swab"|258500001|04/03/2022|Negative|260385009
39051|4244|10D2214779||Graham|Ariel||01/01/1970||"2375 James L Turnage Blvd west palm beach"|Florida|FL|33406||Female|6472872990|"No Response"|0|" "|0|0|0|0||0|Graham||||||||"SARS-CoV-2 (COVID-19)"|Antigen|97097-0|"SARS-CoV-2 Ag Upper resp Ql IA.rapid"|"Nasopharyngeal swab"|258500001|04/03/2022|Negative|260385009
51176|4244|10D2214779||Levy|Doron||09/17/2022||"2077 Partridge Ln"|"Highland Park "|FL|60035||Male|2245658964|"No Response"|1|" "|0|0|0|0||0|Levy||||||||"SARS-CoV-2 (COVID-19)"|PCR|94500-6|"SARS-CoV-2 RNA Resp Ql NAA+probe"|"Nasopharyngeal swab"|258500001|04/04/2022|Negative|260385009
51176|4244|10D2214779||Levy|Doron||09/17/2022||"2077 Partridge Ln"|"Highland Park "|FL|60035||Male|2245658964|"No Response"|1|" "|0|0|0|0||0|Levy||||||||"SARS-CoV-2 (COVID-19)"|PCR|94500-6|"SARS-CoV-2 RNA Resp Ql NAA+probe"|"Nasopharyngeal swab"|258500001|04/04/2022|Negative|260385009
51689|4244|10D2214779||Levy|Doron||09/17/2022||"2077 Partridge Ln"|"Highland Park "|FL|60035||Male|2245658964|"No Response"|1|" "|0|0|0|0||0|Levy||||||||"SARS-CoV-2 (COVID-19)"|PCR|94500-6|"SARS-CoV-2 RNA Resp Ql NAA+probe"|"Nasopharyngeal swab"|258500001|04/04/2022|Negative|260385009
51689|4244|10D2214779||Levy|Doron||09/17/2022||"2077 Partridge Ln"|"Highland Park "|FL|60035||Male|2245658964|"No Response"|1|" "|0|0|0|0||0|Levy||||||||"SARS-CoV-2 (COVID-19)"|PCR|94500-6|"SARS-CoV-2 RNA Resp Ql NAA+probe"|"Nasopharyngeal swab"|258500001|04/04/2022|Negative|260385009
57198|4244|10D2214779||Levy|Doron||09/17/2022||"2077 Partridge Ln"|"Highland Park"|FL|60035||Male|2245658964|"No Response"|1|" "|0|0|0|0||0|Levy||||||||"SARS-CoV-2 (COVID-19)"|PCR|94500-6|"SARS-CoV-2 RNA Resp Ql NAA+probe"|"Nasopharyngeal swab"|258500001|04/04/2022|Negative|260385009
57198|4244|10D2214779||Levy|Doron||09/17/2022||"2077 Partridge Ln"|"Highland Park"|FL|60035||Male|2245658964|"No Response"|1|" "|0|0|0|0||0|Levy||||||||"SARS-CoV-2 (COVID-19)"|PCR|94500-6|"SARS-CoV-2 RNA Resp Ql NAA+probe"|"Nasopharyngeal swab"|258500001|04/04/2022|Negative|260385009
63177|4244|10D2214779||Mack|Michael||01/21/1965||"12618 Sawgrass Plantation Drive"|Orlando|FL|32824||Male|6368121151|"No Response"|1|" "|0|0|0|0||0|Mack||||||||"SARS-CoV-2 (COVID-19)"|Antigen|97097-0|"SARS-CoV-2 Ag Upper resp Ql IA.rapid"|"Nasopharyngeal swab"|258500001|04/03/2022|Negative|260385009
77399|4244|10D2214779||Mamique|Joan||04/28/1976||"59 Seminole Court West "|"Royal Palm Beach "|FL|33411||Male|7863962445|"No Response"|1|" "|0|0|0|0||0|Mamique||||||||"SARS-CoV-2 (COVID-19)"|Antigen|97097-0|"SARS-CoV-2 Ag Upper resp Ql IA.rapid"|"Nasopharyngeal swab"|258500001|04/03/2022|Negative|260385009
85902|4244|10D2214779||Lewis|Joseph||12/27/1960||"311 2nd Street"|Oakland|FL|94607||Male|4159481430|"No Response"|1|" "|0|0|0|0||0|Lewis||||||||"SARS-CoV-2 (COVID-19)"|Antigen|97097-0|"SARS-CoV-2 Ag Upper resp Ql IA.rapid"|"Nasopharyngeal swab"|258500001|04/04/2022|Negative|260385009
86138|4244|10D2214779||Pons|Stephanie||04/08/1993||"2067 NE 163RD ST"|"NORTH MIAMI"|FL|33162||Female|7863962445|"No Response"|0|" "|0|0|0|1||0|Pons||||||||"SARS-CoV-2 (COVID-19)"|PCR|94500-6|"SARS-CoV-2 RNA Resp Ql NAA+probe"|"Nasopharyngeal swab"|258500001|04/04/2022|Negative|260385009
87050|4244|10D2214779||Pons|Stephanie||04/08/1993||"2067 NE 163RD ST"|"NORTH MIAMI"|FL|33162||Female|7863962445|"No Response"|0|" "|0|0|0|1||0|Pons||||||||"SARS-CoV-2 (COVID-19)"|PCR|94500-6|"SARS-CoV-2 RNA Resp Ql NAA+probe"|"Nasopharyngeal swab"|258500001|04/04/2022|Negative|260385009
87443|4244|10D2214779||Hinds|Brian||09/11/1973||"3550 NW 74th Ave"|Miami|FL|33122||Male|7866177239|"No Response"|0|" "|0|0|0|0||0|Hinds||||||||"SARS-CoV-2 (COVID-19)"|Antigen|97097-0|"SARS-CoV-2 Ag Upper resp Ql IA.rapid"|"Nasopharyngeal swab"|258500001|04/03/2022|Negative|260385009
89685|4244|10D2214779||Pons|Stephanie||04/08/1993||"2067 NE 163RD ST"|"NORTH MIAMI"|FL|33162||Female|7863962445|"No Response"|0|" "|0|0|0|1||0|Pons||||||||"SARS-CoV-2 (COVID-19)"|PCR|94500-6|"SARS-CoV-2 RNA Resp Ql NAA+probe"|"Nasopharyngeal swab"|258500001|04/04/2022|Negative|260385009
90602|4244|10D2214779||Clear|Johnathan||08/04/1981||"26900 three notch rd"|Mechanicsville|FL|20659||Male|2405974896|"No Response"|1|" "|0|0|0|0||0|Clear||||||||"SARS-CoV-2 (COVID-19)"|Antigen|97097-0|"SARS-CoV-2 Ag Upper resp Ql IA.rapid"|"Nasopharyngeal swab"|258500001|04/03/2022|Negative|260385009
92472|4244|10D2214779||Mack|Michael||01/21/1965||"12618 Sawgrass Plantation Blvd"|Orlando|FL|32824||Male|6368121151|"No Response"|1|" "|0|0|0|0||0|Mack||||||||"SARS-CoV-2 (COVID-19)"|Antigen|97097-0|"SARS-CoV-2 Ag Upper resp Ql IA.rapid"|"Nasopharyngeal swab"|258500001|04/03/2022|Negative|260385009
92911|4244|10D2214779||Pons|Stephanie||04/08/1993||"2067 NE 163RD ST"|"NORTH MIAMI"|FL|33162||Female|7863962445|"No Response"|0|" "|0|0|0|1||0|Pons||||||||"SARS-CoV-2 (COVID-19)"|PCR|94500-6|"SARS-CoV-2 RNA Resp Ql NAA+probe"|"Nasopharyngeal swab"|258500001|04/04/2022|Negative|260385009
93513|4244|10D2214779||Alves|Igor||01/01/1970||"4626 Ethan’s Glenn ave "|Orlando|FL|32812||Male|4074536663|"No Response"|0|" "|0|0|0|0||0|Alves||||||||"SARS-CoV-2 (COVID-19)"|Antigen|97097-0|"SARS-CoV-2 Ag Upper resp Ql IA.rapid"|"Nasopharyngeal swab"|258500001|04/03/2022|Negative|260385009
94770|4244|10D2214779||Mayer|Jessalyn||08/10/1987||"313 NE 13th Ave"|"Fort Lauderdale "|FL|33301||Female|4692887528|"No Response"|1|" "|0|0|0|0||0|Mayer||||||||"SARS-CoV-2 (COVID-19)"|Antigen|97097-0|"SARS-CoV-2 Ag Upper resp Ql IA.rapid"|"Nasopharyngeal swab"|258500001|04/03/2022|Negative|260385009
94841|4244|10D2214779||Brunekreef|Evert||12/28/1954||"270 Bisqayne blvd Way"|Miami|FL|00000||Male|7863962445|"No Response"|1|" "|0|0|0|0||0|Brunekreef||||||||"SARS-CoV-2 (COVID-19)"|Antigen|97097-0|"SARS-CoV-2 Ag Upper resp Ql IA.rapid"|"Nasopharyngeal swab"|258500001|04/04/2022|Negative|260385009
95319|4244|10D2214779||Pons|Stephanie||04/08/1993||"2067 NE 163RD ST"|"NORTH MIAMI"|FL|33162||Female|7863962445|"No Response"|0|" "|0|0|0|1||0|Pons||||||||"SARS-CoV-2 (COVID-19)"|PCR|94500-6|"SARS-CoV-2 RNA Resp Ql NAA+probe"|"Nasopharyngeal swab"|258500001|04/04/2022|Negative|260385009
96267|4244|10D2214779||Jarrard|Franci||11/07/1947||"144 Long Hollow Rd"|Elgin|FL|78621||Female|5126195306|"No Response"|1|" "|0|0|0|0||0|Jarrard||||||||"SARS-CoV-2 (COVID-19)"|Antigen|97097-0|"SARS-CoV-2 Ag Upper resp Ql IA.rapid"|"Nasopharyngeal swab"|258500001|04/04/2022|Negative|260385009
96285|4244|10D2214779||Jarrard|Stephen||11/25/1949||"144 Long Hollow Rd"|Elgin|FL|78621||Male|5126195306|"No Response"|1|" "|0|0|0|0||0|Jarrard||||||||"SARS-CoV-2 (COVID-19)"|Antigen|97097-0|"SARS-CoV-2 Ag Upper resp Ql IA.rapid"|"Nasopharyngeal swab"|258500001|04/04/2022|Negative|260385009
97854|4244|10D2214779||Pons|Stephanie||04/08/1993||"2067 NE 163RD ST"|"NORTH MIAMI"|FL|33162||Female|7863962445|"No Response"|0|" "|0|0|0|1||0|Pons||||||||"SARS-CoV-2 (COVID-19)"|PCR|94500-6|"SARS-CoV-2 RNA Resp Ql NAA+probe"|"Nasopharyngeal swab"|258500001|04/04/2022|Negative|260385009
98916|4244|10D2214779||Pons|Stephanie||04/08/1993||"2067 NE 163RD ST"|"NORTH MIAMI"|FL|33162||Female|7863962445|"No Response"|0|" "|0|0|0|1||0|Pons||||||||"SARS-CoV-2 (COVID-19)"|PCR|94500-6|"SARS-CoV-2 RNA Resp Ql NAA+probe"|"Nasopharyngeal swab"|258500001|04/04/2022|Negative|260385009
104153|4244|10D2214779||Mack|Michael||01/21/1965||"12618 Sawgrass Plantation Blvd"|Orlando|FL|32824||Male|6368121151|"No Response"|1|" "|0|0|0|0||0|Mack||||||||"SARS-CoV-2 (COVID-19)"|Antigen|97097-0|"SARS-CoV-2 Ag Upper resp Ql IA.rapid"|"Nasopharyngeal swab"|258500001|04/03/2022|Negative|260385009
105303|4244|10D2214779||Pons|Stephanie||04/08/1993||"2067 NE 163RD ST"|"NORTH MIAMI"|FL|33162||Female|7863962445|"No Response"|0|" "|0|0|0|1||0|Pons||||||||"SARS-CoV-2 (COVID-19)"|PCR|94500-6|"SARS-CoV-2 RNA Resp Ql NAA+probe"|"Nasopharyngeal swab"|258500001|04/04/2022|Negative|260385009
106262|4244|10D2214779||Haubrock|Robert||01/22/1960||"16203 prairie school dr"|"Winter garden"|FL|34787||Male|5133755311|"No Response"|1|" "|0|0|0|0||0|Haubrock||||||||"SARS-CoV-2 (COVID-19)"|PCR|94500-6|"SARS-CoV-2 RNA Resp Ql NAA+probe"|"Nasopharyngeal swab"|258500001|04/04/2022|Negative|260385009
107668|4244|10D2214779||Pons|Stephanie||04/08/1993||"205 Montego street"|Kissimmee|FL|34743||Female|7863962445|"No Response"|0|" "|0|0|0|0||0|Pons||||||||"SARS-CoV-2 (COVID-19)"|PCR|94500-6|"SARS-CoV-2 RNA Resp Ql NAA+probe"|"Nasopharyngeal swab"|258500001|04/04/2022|Negative|260385009
110086|4244|10D2214779||Gomes|Brenno||03/08/1988||"2067 NE 163RD ST"|"Sao Paulo"|FL|5410001||Male|7863962445|"No Response"|0|" "|0|0|0|0||0|Gomes||||||||"SARS-CoV-2 (COVID-19)"|Antigen|97097-0|"SARS-CoV-2 Ag Upper resp Ql IA.rapid"|"Nasopharyngeal swab"|258500001|04/04/2022|Negative|260385009
110087|4244|10D2214779||Pessoa|Ranna||03/19/1993||"2067 NE 163RD ST"|"Sao Paulo"|FL|5410001||Male|7863962445|"No Response"|0|" "|0|0|0|0||0|Pessoa||||||||"SARS-CoV-2 (COVID-19)"|Antigen|97097-0|"SARS-CoV-2 Ag Upper resp Ql IA.rapid"|"Nasopharyngeal swab"|258500001|04/04/2022|Negative|260385009
110726|4244|10D2214779||Islava|Jacquelyn||02/15/1983||"781 ne 37th st"|"Oakland park"|FL|33334||Female|5206032219|"No Response"|0|" "|0|0|0|0||0|Islava||||||||"SARS-CoV-2 (COVID-19)"|Antigen|97097-0|"SARS-CoV-2 Ag Upper resp Ql IA.rapid"|"Nasopharyngeal swab"|258500001|04/03/2022|Negative|260385009
111611|4244|10D2214779||Ferguson|Ryan||10/11/1991||"11310 S. Orange Blossom Trail #112"|"Orlando "|FL|32837||Male|7863962445|"No Response"|0|" "|0|0|0|0||0|Ferguson||||||||"SARS-CoV-2 (COVID-19)"|PCR|94500-6|"SARS-CoV-2 RNA Resp Ql NAA+probe"|"Nasopharyngeal swab"|258500001|04/03/2022|Negative|260385009
111824|4244|10D2214779||Griggs|Louellen||12/19/1946||"2 Castle Lane"|Basalt|FL|81621||Female|9703791364|"No Response"|1|" "|0|0|0|0||0|Griggs||||||||"SARS-CoV-2 (COVID-19)"|Antigen|97097-0|"SARS-CoV-2 Ag Upper resp Ql IA.rapid"|"Nasopharyngeal swab"|258500001|04/04/2022|Negative|260385009
111830|4244|10D2214779||Mack|Michael||01/21/1965||"12618 Sawgrass Plantation Blvd"|Orlando|FL|32824||Male|6368121151|"No Response"|1|" "|0|0|0|0||0|Mack||||||||"SARS-CoV-2 (COVID-19)"|Antigen|97097-0|"SARS-CoV-2 Ag Upper resp Ql IA.rapid"|"Nasopharyngeal swab"|258500001|04/03/2022|Negative|260385009
111875|4244|10D2214779||Costa|Amanda||08/22/1986||"85 Winter ridge circle"|"Orlando "|FL|32835||Female|7863962445|"No Response"|0|" "|0|0|0|1||0|Costa||||||||"SARS-CoV-2 (COVID-19)"|Antigen|97097-0|"SARS-CoV-2 Ag Upper resp Ql IA.rapid"|"Nasopharyngeal swab"|258500001|04/04/2022|Negative|260385009
111884|4244|10D2214779||Renwick|Nichola||09/07/1976||"2067 NE 163RD ST"|"NORTH MIAMI"|FL|33162||Female|07807277862|"No Response"|1|" "|0|0|0|0||0|Renwick||||||||"SARS-CoV-2 (COVID-19)"|Antigen|97097-0|"SARS-CoV-2 Ag Upper resp Ql IA.rapid"|"Nasopharyngeal swab"|258500001|04/03/2022|Negative|260385009
111884|4244|10D2214779||Renwick|Nichola||09/07/1976||"2067 NE 163RD ST"|"NORTH MIAMI"|FL|33162||Female|07807277862|"No Response"|1|" "|0|0|0|0||0|Renwick||||||||"SARS-CoV-2 (COVID-19)"|Antigen|97097-0|"SARS-CoV-2 Ag Upper resp Ql IA.rapid"|"Nasopharyngeal swab"|258500001|04/03/2022|Negative|260385009
111885|4244|10D2214779||Yates|Joanne||07/24/1971||"2067 NE 163RD ST"|"NORTH MIAMI"|FL|33162||Female|7863962445|"No Response"|1|" "|0|0|0|0||0|Yates||||||||"SARS-CoV-2 (COVID-19)"|Antigen|97097-0|"SARS-CoV-2 Ag Upper resp Ql IA.rapid"|"Nasopharyngeal swab"|258500001|04/03/2022|Negative|260385009
112031|4244|10D2214779||STURRUP|ANGELICA||11/16/1987||"2067 NE 163RD ST"|"NORTH MIAMI"|FL|33162||Female|12424240650|"No Response"|0|" "|0|0|0|1||0|STURRUP||||||||"SARS-CoV-2 (COVID-19)"|Antigen|97097-0|"SARS-CoV-2 Ag Upper resp Ql IA.rapid"|"Nasopharyngeal swab"|258500001|04/02/2022|Negative|260385009
112039|4244|10D2214779||Webster-Smith|Ella||07/07/2016||"2067 NE 163RD ST"|"NORTH MIAMI"|FL|33162||Female|7863962445|"No Response"|1|" "|0|0|0|0||0|Webster-Smith||||||||"SARS-CoV-2 (COVID-19)"|Antigen|97097-0|"SARS-CoV-2 Ag Upper resp Ql IA.rapid"|"Nasopharyngeal swab"|258500001|04/03/2022|Negative|260385009
112040|4244|10D2214779||Richardson|Chloe||08/05/2008||"116 Little Tiger Ln"|Beaver|FL|25813||Female|6892334679|"No Response"|1|" "|0|0|0|0||0|Richardson||||||||"SARS-CoV-2 (COVID-19)"|PCR|94500-6|"SARS-CoV-2 RNA Resp Ql NAA+probe"|"Nasopharyngeal swab"|258500001|04/03/2022|Negative|260385009
112042|4244|10D2214779||Politsch|Anne||11/26/1989||"115 Brisa Way, Apt. 208"|Jupiter|FL|33458||Female|4433863583|"No Response"|1|" "|0|0|0|0||0|Politsch||||||||"SARS-CoV-2 (COVID-19)"|PCR|94500-6|"SARS-CoV-2 RNA Resp Ql NAA+probe"|"Nasopharyngeal swab"|258500001|04/03/2022|Negative|260385009
112043|4244|10D2214779||Smith|Sloane||02/09/2016||"231 Blossom Ln"|"Palm Beach Shores"|FL|33404||Female|4162200352|"No Response"|1|" "|0|0|0|0||0|Smith||||||||"SARS-CoV-2 (COVID-19)"|Antigen|97097-0|"SARS-CoV-2 Ag Upper resp Ql IA.rapid"|"Nasopharyngeal swab"|258500001|04/03/2022|Negative|260385009
112043|4244|10D2214779||Smith|Sloane||02/09/2016||"231 Blossom Ln"|"Palm Beach Shores"|FL|33404||Female|4162200352|"No Response"|1|" "|0|0|0|0||0|Smith||||||||"SARS-CoV-2 (COVID-19)"|Antigen|97097-0|"SARS-CoV-2 Ag Upper resp Ql IA.rapid"|"Nasopharyngeal swab"|258500001|04/03/2022|Negative|260385009
112044|4244|10D2214779||Sojourner|Sharon||07/01/1959||"2126 Sandy Yarn Road "|"Crystal Springs "|FL|39059||Female|6019559262|"No Response"|1|" "|0|0|0|0||0|Sojourner||||||||"SARS-CoV-2 (COVID-19)"|Antigen|97097-0|"SARS-CoV-2 Ag Upper resp Ql IA.rapid"|"Nasopharyngeal swab"|258500001|04/03/2022|Negative|260385009
112045|4244|10D2214779||Sojourner|"David Wayne"||02/18/1957||"2126 Sandy Yarn Road "|"Crystal Springs "|FL|39059||Male|6019550399|"No Response"|1|" "|0|0|0|0||0|Sojourner||||||||"SARS-CoV-2 (COVID-19)"|Antigen|97097-0|"SARS-CoV-2 Ag Upper resp Ql IA.rapid"|"Nasopharyngeal swab"|258500001|04/03/2022|Negative|260385009
112046|4244|10D2214779||Whited|Kristina||12/22/1986||"2067 NE 163RD ST"|"NORTH MIAMI"|FL|33162||Female|4352162734|"No Response"|1|" "|0|0|0|0||0|Whited||||||||"SARS-CoV-2 (COVID-19)"|PCR|94500-6|"SARS-CoV-2 RNA Resp Ql NAA+probe"|"Nasopharyngeal swab"|258500001|04/03/2022|Negative|260385009
112046|4244|10D2214779||Whited|Kristina||12/22/1986||"2067 NE 163RD ST"|"NORTH MIAMI"|FL|33162||Female|4352162734|"No Response"|1|" "|0|0|0|0||0|Whited||||||||"SARS-CoV-2 (COVID-19)"|PCR|94500-6|"SARS-CoV-2 RNA Resp Ql NAA+probe"|"Nasopharyngeal swab"|258500001|04/03/2022|Negative|260385009
112047|4244|10D2214779||Greaves|Rhonda||05/15/1977||"14651 Northwest 20th Street"|"Forth Lauderdale "|FL|33028||Female|7863962445|"No Response"|0|" "|0|0|0|0||0|Greaves||||||||"SARS-CoV-2 (COVID-19)"|Antigen|97097-0|"SARS-CoV-2 Ag Upper resp Ql IA.rapid"|"Nasopharyngeal swab"|258500001|04/03/2022|Negative|260385009
112056|4244|10D2214779||Talbot|Terence||02/04/1952||"2067 NE 163RD ST"|Sandown|FL|00000||Male|7863962445|"No Response"|1|" "|0|0|0|0||0|Talbot||||||||"SARS-CoV-2 (COVID-19)"|Antigen|97097-0|"SARS-CoV-2 Ag Upper resp Ql IA.rapid"|"Nasopharyngeal swab"|258500001|04/03/2022|Negative|260385009
112058|4244|10D2214779||Chatelain|Valeria||01/25/1958||"Hôtel Marriott Stanton "|"Miami Beach "|FL|33139||Female|7863962445|"No Response"|1|" "|0|0|0|0||0|Chatelain||||||||"SARS-CoV-2 (COVID-19)"|Antigen|97097-0|"SARS-CoV-2 Ag Upper resp Ql IA.rapid"|"Nasopharyngeal swab"|258500001|04/03/2022|Negative|260385009
112059|4244|10D2214779||Sreenivasan|Catherine||09/11/1978||"12180 173rd Pl NE"|Redmond|FL|98052||Female|4256559790|"No Response"|0|" "|0|0|0|1||0|Sreenivasan||||||||"SARS-CoV-2 (COVID-19)"|PCR|94500-6|"SARS-CoV-2 RNA Resp Ql NAA+probe"|"Nasopharyngeal swab"|258500001|04/03/2022|Negative|260385009
112060|4244|10D2214779||Sreenivasan|Raoul||10/02/1978||"12180 173rd Pl NE"|Redmond|FL|98052||Male|4256559790|"No Response"|0|" "|0|1|0|0||0|Sreenivasan||||||||"SARS-CoV-2 (COVID-19)"|PCR|94500-6|"SARS-CoV-2 RNA Resp Ql NAA+probe"|"Nasopharyngeal swab"|258500001|04/03/2022|Negative|260385009
112061|4244|10D2214779||Sreenivasan|Jaiden||02/20/2007||"12180 173rd Pl NE"|Redmond|FL|98052||Male|4256559790|"No Response"|0|" "|0|1|0|0||0|Sreenivasan||||||||"SARS-CoV-2 (COVID-19)"|PCR|94500-6|"SARS-CoV-2 RNA Resp Ql NAA+probe"|"Nasopharyngeal swab"|258500001|04/03/2022|Negative|260385009
112062|4244|10D2214779||Sreenivasan|Maya||09/17/2008||"12180 173rd Pl NE"|Redmond|FL|98052||Female|4256559790|"No Response"|0|" "|0|1|0|0||0|Sreenivasan||||||||"SARS-CoV-2 (COVID-19)"|PCR|94500-6|"SARS-CoV-2 RNA Resp Ql NAA+probe"|"Nasopharyngeal swab"|258500001|04/03/2022|Negative|260385009
112064|4244|10D2214779||Mendoza|"Pamela patricia"||06/24/1992||"660 ocean drive"|"Miami beach"|FL|33139||Female|7863962445|"No Response"|0|" "|0|0|0|0||0|Mendoza||||||||"SARS-CoV-2 (COVID-19)"|Antigen|97097-0|"SARS-CoV-2 Ag Upper resp Ql IA.rapid"|"Nasopharyngeal swab"|258500001|04/03/2022|Negative|260385009
112064|4244|10D2214779||Mendoza|"Pamela patricia"||06/24/1992||"660 ocean drive"|"Miami beach"|FL|33139||Female|7863962445|"No Response"|0|" "|0|0|0|0||0|Mendoza||||||||"SARS-CoV-2 (COVID-19)"|Antigen|97097-0|"SARS-CoV-2 Ag Upper resp Ql IA.rapid"|"Nasopharyngeal swab"|258500001|04/03/2022|Negative|260385009
112065|4244|10D2214779||"Gonzalez mendoza"|"Santiago gabriel"||09/10/2011||"660 ocean drive"|"Miami beach"|FL|33139||Male|7863962445|"No Response"|0|" "|0|0|0|0||0|"Gonzalez mendoza"||||||||"SARS-CoV-2 (COVID-19)"|Antigen|97097-0|"SARS-CoV-2 Ag Upper resp Ql IA.rapid"|"Nasopharyngeal swab"|258500001|04/03/2022|Negative|260385009
112067|4244|10D2214779||Talbot|Michelle||01/01/1970||"2067 NE 163RD ST"|"NORTH MIAMI"|FL|33162||Female|7863962445|"No Response"|1|" "|0|0|0|0||0|Talbot||||||||"SARS-CoV-2 (COVID-19)"|Antigen|97097-0|"SARS-CoV-2 Ag Upper resp Ql IA.rapid"|"Nasopharyngeal swab"|258500001|04/03/2022|Negative|260385009
112068|4244|10D2214779||Buffington|Kirk||08/01/1953||"3831 N.E. 23rd Avenue"|"LIGHTHOUSE POINT"|FL|33064||Male|9546087455|"No Response"|1|" "|0|0|0|0||0|Buffington||||||||"SARS-CoV-2 (COVID-19)"|Antigen|97097-0|"SARS-CoV-2 Ag Upper resp Ql IA.rapid"|"Nasopharyngeal swab"|258500001|04/03/2022|Negative|260385009
112069|4244|10D2214779||Voeltner|Glenn||12/21/1953||"3831 N.E. 23rd Avenue"|"LIGHTHOUSE POINT"|FL|33064||Male|9548015890|"No Response"|1|" "|0|0|0|0||0|Voeltner||||||||"SARS-CoV-2 (COVID-19)"|Antigen|97097-0|"SARS-CoV-2 Ag Upper resp Ql IA.rapid"|"Nasopharyngeal swab"|258500001|04/03/2022|Negative|260385009
112070|4244|10D2214779||Chatelain|Gerald||04/28/1941||"Hôtel Marriott Stanton "|"Miami Beach"|FL|33139||Male|7863962445|"No Response"|1|" "|0|0|0|0||0|Chatelain||||||||"SARS-CoV-2 (COVID-19)"|Antigen|97097-0|"SARS-CoV-2 Ag Upper resp Ql IA.rapid"|"Nasopharyngeal swab"|258500001|04/03/2022|Negative|260385009
112070|4244|10D2214779||Chatelain|Gerald||04/28/1941||"Hôtel Marriott Stanton "|"Miami Beach"|FL|33139||Male|7863962445|"No Response"|1|" "|0|0|0|0||0|Chatelain||||||||"SARS-CoV-2 (COVID-19)"|Antigen|97097-0|"SARS-CoV-2 Ag Upper resp Ql IA.rapid"|"Nasopharyngeal swab"|258500001|04/03/2022|Negative|260385009
112070|4244|10D2214779||Chatelain|Gerald||04/28/1941||"Hôtel Marriott Stanton "|"Miami Beach"|FL|33139||Male|7863962445|"No Response"|1|" "|0|0|0|0||0|Chatelain||||||||"SARS-CoV-2 (COVID-19)"|Antigen|97097-0|"SARS-CoV-2 Ag Upper resp Ql IA.rapid"|"Nasopharyngeal swab"|258500001|04/03/2022|Negative|260385009
112071|4244|10D2214779||Bustamante|Angel||04/12/1964||"520 SE 5th Av - Apt 2504"|"Fort Lauderdale"|FL|33301||Male|9546104483|"No Response"|0|" "|0|0|0|0||0|Bustamante||||||||"SARS-CoV-2 (COVID-19)"|Antigen|97097-0|"SARS-CoV-2 Ag Upper resp Ql IA.rapid"|"Nasopharyngeal swab"|258500001|04/03/2022|Negative|260385009
112072|4244|10D2214779||"Gonzalez giron"|"William eduardo"||11/16/1992||"660 ocean drive"|"Miami beach"|FL|33139||Male|7863962445|"No Response"|0|" "|0|0|0|0||0|"Gonzalez giron"||||||||"SARS-CoV-2 (COVID-19)"|Antigen|97097-0|"SARS-CoV-2 Ag Upper resp Ql IA.rapid"|"Nasopharyngeal swab"|258500001|04/03/2022|Negative|260385009
112073|4244|10D2214779||Sampson|Zoey||01/08/2017||"227 Corsair ave"|"Ft Lauderdale "|FL|33308||Female|9542945678|"No Response"|1|" "|0|0|0|0||0|Sampson||||||||"SARS-CoV-2 (COVID-19)"|Antigen|97097-0|"SARS-CoV-2 Ag Upper resp Ql IA.rapid"|"Nasopharyngeal swab"|258500001|04/03/2022|Negative|260385009
112075|4244|10D2214779||Sampson|Bodhi||03/19/2019||"227 Corsair ave "|"Ft Lauderdale "|FL|33308||Male|9542945678|"No Response"|1|" "|0|0|0|0||0|Sampson||||||||"SARS-CoV-2 (COVID-19)"|Antigen|97097-0|"SARS-CoV-2 Ag Upper resp Ql IA.rapid"|"Nasopharyngeal swab"|258500001|04/03/2022|Negative|260385009
112076|4244|10D2214779||Mayer|Jessalyn||08/10/1987||"312 NE 13th Ave"|"Fort Lauderdale"|FL|33301||Female|4692887528|"No Response"|1|" "|0|0|0|0||0|Mayer||||||||"SARS-CoV-2 (COVID-19)"|Antigen|97097-0|"SARS-CoV-2 Ag Upper resp Ql IA.rapid"|"Nasopharyngeal swab"|258500001|04/03/2022|Negative|260385009
112078|4244|10D2214779||Malone|Melanie||03/01/1970||"2067 NE 163RD ST"|"NORTH MIAMI"|FL|33162||Female|7863962445|"No Response"|1|" "|0|0|0|0||0|Malone||||||||"SARS-CoV-2 (COVID-19)"|Antigen|97097-0|"SARS-CoV-2 Ag Upper resp Ql IA.rapid"|"Nasopharyngeal swab"|258500001|04/03/2022|Negative|260385009
112080|4244|10D2214779||"Monteiro Lobato Ribeiro"|"Paulo Guilherme"||12/25/1943||"4400 NW 87th Ave"|Miami|FL|33178||Male|7863962445|"No Response"|0|" "|0|0|0|0||0|"Monteiro Lobato Ribeiro"||||||||"SARS-CoV-2 (COVID-19)"|Antigen|97097-0|"SARS-CoV-2 Ag Upper resp Ql IA.rapid"|"Nasopharyngeal swab"|258500001|04/03/2022|Negative|260385009
112081|4244|10D2214779||"Mendes de Oliveira"|Ligia||06/13/1980||"4400 NW Ave"|Miami|FL|04530||Female|7863962445|"No Response"|0|" "|0|0|0|0||0|"Mendes de Oliveira"||||||||"SARS-CoV-2 (COVID-19)"|Antigen|97097-0|"SARS-CoV-2 Ag Upper resp Ql IA.rapid"|"Nasopharyngeal swab"|258500001|04/03/2022|Negative|260385009
112082|4244|10D2214779||KONDER|RADOSLAW||09/05/1966||"11101 Misty Ridge Way"|"Boynton Beach"|FL|33473||Male|7738226806|"No Response"|1|" "|0|0|0|0||0|KONDER||||||||"SARS-CoV-2 (COVID-19)"|PCR|94500-6|"SARS-CoV-2 RNA Resp Ql NAA+probe"|"Nasopharyngeal swab"|258500001|04/03/2022|Negative|260385009
112083|4244|10D2214779||Vanterpool|Pamela||02/27/1961||"2067 NE 163RD ST"|"NORTH MIAMI"|FL|33162||Female|9518343050|"No Response"|0|" "|0|0|0|0||0|Vanterpool||||||||"SARS-CoV-2 (COVID-19)"|Antigen|97097-0|"SARS-CoV-2 Ag Upper resp Ql IA.rapid"|"Nasopharyngeal swab"|258500001|04/03/2022|Negative|260385009
112084|4244|10D2214779||Verschoor|Martinus||03/25/1963||"711 2nd Street"|"Miami Beach"|FL|33139||Male|7863962445|"No Response"|1|" "|0|0|0|0||0|Verschoor||||||||"SARS-CoV-2 (COVID-19)"|Antigen|97097-0|"SARS-CoV-2 Ag Upper resp Ql IA.rapid"|"Nasopharyngeal swab"|258500001|04/03/2022|Negative|260385009
112085|4244|10D2214779||Cruz|Armando||02/09/1950||"2067 NE 163RD ST"|"NORTH MIAMI"|FL|33162||Male|7863962445|"No Response"|0|" "|0|0|0|0||1|Cruz||||||||"SARS-CoV-2 (COVID-19)"|Antigen|97097-0|"SARS-CoV-2 Ag Upper resp Ql IA.rapid"|"Nasopharyngeal swab"|258500001|04/03/2022|Negative|260385009
112085|4244|10D2214779||Cruz|Armando||02/09/1950||"2067 NE 163RD ST"|"NORTH MIAMI"|FL|33162||Male|7863962445|"No Response"|0|" "|0|0|0|0||1|Cruz||||||||"SARS-CoV-2 (COVID-19)"|Antigen|97097-0|"SARS-CoV-2 Ag Upper resp Ql IA.rapid"|"Nasopharyngeal swab"|258500001|04/03/2022|Negative|260385009
112087|4244|10D2214779||"Monteiro Lobato Ribeiro"|"Paulo Eduardo"||10/12/1973||"4400 NW 87th Ave"|Miami|FL|33178||Male|7863962445|"No Response"|0|" "|0|0|0|0||0|"Monteiro Lobato Ribeiro"||||||||"SARS-CoV-2 (COVID-19)"|Antigen|97097-0|"SARS-CoV-2 Ag Upper resp Ql IA.rapid"|"Nasopharyngeal swab"|258500001|04/03/2022|Negative|260385009
112088|4244|10D2214779||"Secco dos Santos"|Gustavo||04/22/1987||"2727 Indian Creek Avenue"|"Miami Beach"|FL|33140||Male|8566882658|"No Response"|1|" "|0|0|0|0||0|"Secco dos Santos"||||||||"SARS-CoV-2 (COVID-19)"|Antigen|97097-0|"SARS-CoV-2 Ag Upper resp Ql IA.rapid"|"Nasopharyngeal swab"|258500001|04/03/2022|Negative|260385009
112089|4244|10D2214779||Ong|Yani||04/23/1979||"1000 Brickell Ave, #715, "|"Miami, FL"|FL|33131||Female|6463308823|"No Response"|0|" "|0|1|0|0||0|Ong||||||||"SARS-CoV-2 (COVID-19)"|Antigen|97097-0|"SARS-CoV-2 Ag Upper resp Ql IA.rapid"|"Nasopharyngeal swab"|258500001|04/04/2022|Negative|260385009
112091|4244|10D2214779||Hazlett|David||10/27/1953||"4425 Pleasant Hill Road"|"Kissimmee "|FL|34746||Male|7055076478|"No Response"|1|" "|0|0|0|0||0|Hazlett||||||||"SARS-CoV-2 (COVID-19)"|Antigen|97097-0|"SARS-CoV-2 Ag Upper resp Ql IA.rapid"|"Nasopharyngeal swab"|258500001|04/03/2022|Negative|260385009
112092|4244|10D2214779||Hazlett|Donna||07/20/1953||"4425 Pleasant Hill Road"|"Kissimmee "|FL|34746||Female|7055076478|"No Response"|1|" "|0|0|0|0||0|Hazlett||||||||"SARS-CoV-2 (COVID-19)"|Antigen|97097-0|"SARS-CoV-2 Ag Upper resp Ql IA.rapid"|"Nasopharyngeal swab"|258500001|04/03/2022|Negative|260385009
112092|4244|10D2214779||Hazlett|Donna||07/20/1953||"4425 Pleasant Hill Road"|"Kissimmee "|FL|34746||Female|7055076478|"No Response"|1|" "|0|0|0|0||0|Hazlett||||||||"SARS-CoV-2 (COVID-19)"|Antigen|97097-0|"SARS-CoV-2 Ag Upper resp Ql IA.rapid"|"Nasopharyngeal swab"|258500001|04/03/2022|Negative|260385009
112093|4244|10D2214779||Mamique|Joan||04/28/1976||"59 Seminole Court"|"West royal palm beach"|FL|33411||Male|7863962445|"No Response"|1|" "|0|0|0|0||0|Mamique||||||||"SARS-CoV-2 (COVID-19)"|Antigen|97097-0|"SARS-CoV-2 Ag Upper resp Ql IA.rapid"|"Nasopharyngeal swab"|258500001|04/03/2022|Negative|260385009
112094|4244|10D2214779||mukhtar|"mukhtar omar sharif"||12/08/1981||"3915 belhaven street"|"las vegas "|FL|89147||Male|7754474665|"No Response"|0|" "|0|0|0|1||0|mukhtar||||||||"SARS-CoV-2 (COVID-19)"|PCR|94500-6|"SARS-CoV-2 RNA Resp Ql NAA+probe"|"Nasopharyngeal swab"|258500001|03/27/2022|Negative|260385009
112095|4244|10D2214779||Jacob|Gary||11/04/1959||"1100 S Flagler Drive"|"West Palm Beach"|FL|33401||Male|9177343373|"No Response"|1|" "|0|0|0|0||0|Jacob||||||||"SARS-CoV-2 (COVID-19)"|Antigen|97097-0|"SARS-CoV-2 Ag Upper resp Ql IA.rapid"|"Nasopharyngeal swab"|258500001|04/03/2022|Negative|260385009
112099|4244|10D2214779||Hinds|Brian||09/11/1973||"Hampton Inn & Suites "|"Hollywood "|FL|33020||Male|7866177239|"No Response"|0|" "|0|0|0|0||0|Hinds||||||||"SARS-CoV-2 (COVID-19)"|Antigen|97097-0|"SARS-CoV-2 Ag Upper resp Ql IA.rapid"|"Nasopharyngeal swab"|258500001|04/03/2022|Negative|260385009
112100|4244|10D2214779||Levy|Cathy||10/01/1955||"1100 S Flagler Drive"|"West Palm Beach"|FL|33401||Female|9178827770|"No Response"|1|" "|0|0|0|0||0|Levy||||||||"SARS-CoV-2 (COVID-19)"|Antigen|97097-0|"SARS-CoV-2 Ag Upper resp Ql IA.rapid"|"Nasopharyngeal swab"|258500001|04/03/2022|Negative|260385009
112100|4244|10D2214779||Levy|Cathy||10/01/1955||"1100 S Flagler Drive"|"West Palm Beach"|FL|33401||Female|9178827770|"No Response"|1|" "|0|0|0|0||0|Levy||||||||"SARS-CoV-2 (COVID-19)"|Antigen|97097-0|"SARS-CoV-2 Ag Upper resp Ql IA.rapid"|"Nasopharyngeal swab"|258500001|04/03/2022|Negative|260385009
112101|4244|10D2214779||Alvarado|Kaelin||09/04/1995||"87 Tall Tree Drive"|Penfield|FL|14526||Female|5856906803|"No Response"|1|" "|0|0|0|0||0|Alvarado||||||||"SARS-CoV-2 (COVID-19)"|Antigen|97097-0|"SARS-CoV-2 Ag Upper resp Ql IA.rapid"|"Nasopharyngeal swab"|258500001|04/03/2022|Negative|260385009
112102|4244|10D2214779||Congdon|Zachary||06/09/1991||"87 Tall Tree Drive "|"Penfield "|FL|14526||Male|5857275748|"No Response"|1|" "|0|0|0|0||0|Congdon||||||||"SARS-CoV-2 (COVID-19)"|Antigen|97097-0|"SARS-CoV-2 Ag Upper resp Ql IA.rapid"|"Nasopharyngeal swab"|258500001|04/03/2022|Negative|260385009
112103|4244|10D2214779||Clear|Johnathan||08/04/1981||"26900 three notch rd"|Mechanicsville|FL|20659||Male|2405974896|"No Response"|1|" "|0|0|0|0||0|Clear||||||||"SARS-CoV-2 (COVID-19)"|Antigen|97097-0|"SARS-CoV-2 Ag Upper resp Ql IA.rapid"|"Nasopharyngeal swab"|258500001|04/03/2022|Negative|260385009
112106|4244|10D2214779||Marchant|Elisa||03/06/2011||"Albion south beach hotel"|"Miami "|FL|33139||Female|07760167789|"No Response"|1|" "|0|0|0|0||0|Marchant||||||||"SARS-CoV-2 (COVID-19)"|Antigen|97097-0|"SARS-CoV-2 Ag Upper resp Ql IA.rapid"|"Nasopharyngeal swab"|258500001|04/03/2022|Negative|260385009
112107|4244|10D2214779||Mason|Robert||08/23/1958||"2138 Sherwood Ave"|"Charlottte "|FL|28207||Male|7049040735|"No Response"|1|" "|0|0|0|0||0|Mason||||||||"SARS-CoV-2 (COVID-19)"|PCR|94500-6|"SARS-CoV-2 RNA Resp Ql NAA+probe"|"Nasopharyngeal swab"|258500001|04/03/2022|Negative|260385009
112108|4244|10D2214779||"Tarabay lopes Rocha"|Jessica||09/23/1980||"20827 Via Valencia Dr"|"Boca Raton"|FL|33433||Female|5616791767|"No Response"|1|" "|0|0|0|0||0|"Tarabay lopes Rocha"||||||||"SARS-CoV-2 (COVID-19)"|Antigen|97097-0|"SARS-CoV-2 Ag Upper resp Ql IA.rapid"|"Nasopharyngeal swab"|258500001|04/03/2022|Negative|260385009
112109|4244|10D2214779||Dott|Sienna||12/23/2011||"DISNEY CARIBBEAN RESORT,  1114 CAYMAN WAY, LAKE BUENA VISTA"|ORLANDO|FL|32830||Female|7863962445|"No Response"|1|" "|0|0|0|0||0|Dott||||||||"SARS-CoV-2 (COVID-19)"|Antigen|97097-0|"SARS-CoV-2 Ag Upper resp Ql IA.rapid"|"Nasopharyngeal swab"|258500001|04/03/2022|Negative|260385009
112110|4244|10D2214779||DOTT|SCARLETT||04/06/2014||"DISNEY CARIBBEAN BEACH HOTEL, 1114 CAYMAN WAY, LAKE BUENA VISTA"|ORLANDO|FL|32830||Female|7863962445|"No Response"|1|" "|0|0|0|0||0|DOTT||||||||"SARS-CoV-2 (COVID-19)"|Antigen|97097-0|"SARS-CoV-2 Ag Upper resp Ql IA.rapid"|"Nasopharyngeal swab"|258500001|04/03/2022|Negative|260385009
112111|4244|10D2214779||Hausman|Alex||06/23/1994||"929 dogwood rd "|"North palm beach "|FL|33408||Male|5616765534|"No Response"|1|" "|0|0|0|0||0|Hausman||||||||"SARS-CoV-2 (COVID-19)"|PCR|94500-6|"SARS-CoV-2 RNA Resp Ql NAA+probe"|"Nasopharyngeal swab"|258500001|04/03/2022|Negative|260385009
112113|4244|10D2214779||Solarte|Alfredo||03/28/1978||"8676 Farthington Way"|Orlando|FL|32827||Male|4075839100|"No Response"|0|" "|0|0|0|0||0|Solarte||||||||"SARS-CoV-2 (COVID-19)"|PCR|94500-6|"SARS-CoV-2 RNA Resp Ql NAA+probe"|"Nasopharyngeal swab"|258500001|04/03/2022|Negative|260385009
112114|4244|10D2214779||Graham|Ariel||01/01/1970||"3392 Commodore Court West Palm Beach "|Florida|FL|33411||Female|6472872990|"No Response"|0|" "|0|0|0|1||0|Graham||||||||"SARS-CoV-2 (COVID-19)"|Antigen|97097-0|"SARS-CoV-2 Ag Upper resp Ql IA.rapid"|"Nasopharyngeal swab"|258500001|04/03/2022|Negative|260385009
112118|4244|10D2214779||Oliver|Kevin||05/16/1974||"2067 NE 163RD ST"|"NORTH MIAMI"|FL|33162||Male|9176483335|"No Response"|0|" "|0|0|0|0||0|Oliver||||||||"SARS-CoV-2 (COVID-19)"|Antigen|97097-0|"SARS-CoV-2 Ag Upper resp Ql IA.rapid"|"Nasopharyngeal swab"|258500001|04/03/2022|Negative|260385009
112119|4244|10D2214779||Oliver|Doneen||04/11/1971||"2067 NE 163RD ST"|"NORTH MIAMI"|FL|33162||Female|9176483335|"No Response"|0|" "|0|0|0|0||0|Oliver||||||||"SARS-CoV-2 (COVID-19)"|Antigen|97097-0|"SARS-CoV-2 Ag Upper resp Ql IA.rapid"|"Nasopharyngeal swab"|258500001|04/03/2022|Negative|260385009
112120|4244|10D2214779||"Koeswardhani Hamm"|Sri||11/04/1955||"15215 Socorro Way "|"San Diego "|FL|92129||Female|7863962445|"No Response"|0|" "|0|1|0|0||0|"Koeswardhani Hamm"||||||||"SARS-CoV-2 (COVID-19)"|Antigen|97097-0|"SARS-CoV-2 Ag Upper resp Ql IA.rapid"|"Nasopharyngeal swab"|258500001|04/03/2022|Negative|260385009
112120|4244|10D2214779||"Koeswardhani Hamm"|Sri||11/04/1955||"15215 Socorro Way "|"San Diego "|FL|92129||Female|7863962445|"No Response"|0|" "|0|1|0|0||0|"Koeswardhani Hamm"||||||||"SARS-CoV-2 (COVID-19)"|Antigen|97097-0|"SARS-CoV-2 Ag Upper resp Ql IA.rapid"|"Nasopharyngeal swab"|258500001|04/03/2022|Negative|260385009
112121|4244|10D2214779||Hamm|David||06/29/1943||"15215 Socorro Way "|"San Diego "|FL|92129||Male|8582533652|"No Response"|1|" "|0|0|0|0||0|Hamm||||||||"SARS-CoV-2 (COVID-19)"|Antigen|97097-0|"SARS-CoV-2 Ag Upper resp Ql IA.rapid"|"Nasopharyngeal swab"|258500001|04/03/2022|Negative|260385009
112122|4244|10D2214779||Chickk|Kenneth||11/05/1962||"1020 Keri Island Rd "|Naples|FL|34120||Male|7863962445|"No Response"|1|" "|0|0|0|0||0|Chickk||||||||"SARS-CoV-2 (COVID-19)"|PCR|94500-6|"SARS-CoV-2 RNA Resp Ql NAA+probe"|"Nasopharyngeal swab"|258500001|04/03/2022|Negative|260385009
112122|4244|10D2214779||Chickk|Kenneth||11/05/1962||"1020 Keri Island Rd "|Naples|FL|34120||Male|7863962445|"No Response"|1|" "|0|0|0|0||0|Chickk||||||||"SARS-CoV-2 (COVID-19)"|PCR|94500-6|"SARS-CoV-2 RNA Resp Ql NAA+probe"|"Nasopharyngeal swab"|258500001|04/03/2022|Negative|260385009
112123|4244|10D2214779||Singh|Rupinder||03/03/1964||"10 katharina pl"|"Twp of Washington "|FL|07676||Male|8567457344|"No Response"|0|" "|0|1|0|0||0|Singh||||||||"SARS-CoV-2 (COVID-19)"|Antigen|97097-0|"SARS-CoV-2 Ag Upper resp Ql IA.rapid"|"Nasopharyngeal swab"|258500001|04/03/2022|Negative|260385009
112124|4244|10D2214779||Kaur|Hapreet||07/01/1964||"10 katharina pl"|"Township of Washington "|FL|07676||Female|8567457344|"No Response"|0|" "|0|1|0|0||0|Kaur||||||||"SARS-CoV-2 (COVID-19)"|Antigen|97097-0|"SARS-CoV-2 Ag Upper resp Ql IA.rapid"|"Nasopharyngeal swab"|258500001|04/03/2022|Negative|260385009
112127|4244|10D2214779||Groomes|Todd||03/21/1971||"123 Hadrian Close"|Bear|FL|19701||Male|6189797270|"No Response"|1|" "|0|0|0|0||0|Groomes||||||||"SARS-CoV-2 (COVID-19)"|Antigen|97097-0|"SARS-CoV-2 Ag Upper resp Ql IA.rapid"|"Nasopharyngeal swab"|258500001|04/03/2022|Negative|260385009
112131|4244|10D2214779||Ewah|Angela||01/06/1980||"4810 Woodbury Mill dr"|Spring|FL|77389||Female|8324433276|"No Response"|0|" "|0|0|0|0||0|Ewah||||||||"SARS-CoV-2 (COVID-19)"|Antigen|97097-0|"SARS-CoV-2 Ag Upper resp Ql IA.rapid"|"Nasopharyngeal swab"|258500001|04/03/2022|Negative|260385009
112132|4244|10D2214779||Martinez|Christopher||02/28/1988||"12 Bonanza Ln "|"Vero Beach"|FL|32960||Male|7725845112|"No Response"|0|" "|0|1|0|0||0|Martinez||||||||"SARS-CoV-2 (COVID-19)"|Antigen|97097-0|"SARS-CoV-2 Ag Upper resp Ql IA.rapid"|"Nasopharyngeal swab"|258500001|04/03/2022|Negative|260385009
112133|4244|10D2214779||Vargas-Phillpot|Dianna||05/29/1986||"1901 West Buena Vista Drive"|Kissimmee|FL|34747||Female|12424278830|"No Response"|0|" "|0|0|0|0||0|Vargas-Phillpot||||||||"SARS-CoV-2 (COVID-19)"|Antigen|97097-0|"SARS-CoV-2 Ag Upper resp Ql IA.rapid"|"Nasopharyngeal swab"|258500001|04/03/2022|Negative|260385009
112134|4244|10D2214779||Malone|Brandon||12/01/1987||"1901 W Buena Vista Dr"|Kissimmee|FL|34747||Male|12428254038|"No Response"|1|" "|0|0|0|0||0|Malone||||||||"SARS-CoV-2 (COVID-19)"|Antigen|97097-0|"SARS-CoV-2 Ag Upper resp Ql IA.rapid"|"Nasopharyngeal swab"|258500001|04/03/2022|Negative|260385009
112135|4244|10D2214779||Vargas|Carmen||11/01/1989||"2067 NE 163RD ST"|Nassau|FL|00000||Female|2423761181|"No Response"|0|" "|0|0|0|0||0|Vargas||||||||"SARS-CoV-2 (COVID-19)"|Antigen|97097-0|"SARS-CoV-2 Ag Upper resp Ql IA.rapid"|"Nasopharyngeal swab"|258500001|04/03/2022|Negative|260385009
112138|4244|10D2214779||Salg|"Susanne Decker"||08/18/1964||"2067 NE 163RD ST"|"NORTH MIAMI"|FL|33162||Female|9549800818|"No Response"|1|" "|0|0|0|0||0|Salg||||||||"SARS-CoV-2 (COVID-19)"|PCR|94500-6|"SARS-CoV-2 RNA Resp Ql NAA+probe"|"Nasopharyngeal swab"|258500001|04/03/2022|Negative|260385009
112138|4244|10D2214779||Salg|"Susanne Decker"||08/18/1964||"2067 NE 163RD ST"|"NORTH MIAMI"|FL|33162||Female|9549800818|"No Response"|1|" "|0|0|0|0||0|Salg||||||||"SARS-CoV-2 (COVID-19)"|PCR|94500-6|"SARS-CoV-2 RNA Resp Ql NAA+probe"|"Nasopharyngeal swab"|258500001|04/03/2022|Negative|260385009
112138|4244|10D2214779||Salg|"Susanne Decker"||08/18/1964||"2067 NE 163RD ST"|"NORTH MIAMI"|FL|33162||Female|9549800818|"No Response"|1|" "|0|0|0|0||0|Salg||||||||"SARS-CoV-2 (COVID-19)"|PCR|94500-6|"SARS-CoV-2 RNA Resp Ql NAA+probe"|"Nasopharyngeal swab"|258500001|04/03/2022|Negative|260385009
112139|4244|10D2214779||Mayer|Joanne||08/03/1970||"Hard rock hotel "|"Orlando "|FL|32819||Female|7863962445|"No Response"|1|" "|0|0|0|0||0|Mayer||||||||"SARS-CoV-2 (COVID-19)"|Antigen|97097-0|"SARS-CoV-2 Ag Upper resp Ql IA.rapid"|"Nasopharyngeal swab"|258500001|04/03/2022|Negative|260385009
112140|4244|10D2214779||Mayer|Andrew||01/25/1976||"Hard rock hotel "|"Orlando "|FL|32819||Male|7863962445|"No Response"|1|" "|0|0|0|0||0|Mayer||||||||"SARS-CoV-2 (COVID-19)"|Antigen|97097-0|"SARS-CoV-2 Ag Upper resp Ql IA.rapid"|"Nasopharyngeal swab"|258500001|04/03/2022|Negative|260385009
112141|4244|10D2214779||Mayer|Madeline||02/23/2005||"Hard rock hotel "|"Orlando "|FL|32819||Female|7863962445|"No Response"|1|" "|0|0|0|0||0|Mayer||||||||"SARS-CoV-2 (COVID-19)"|Antigen|97097-0|"SARS-CoV-2 Ag Upper resp Ql IA.rapid"|"Nasopharyngeal swab"|258500001|04/03/2022|Negative|260385009
112142|4244|10D2214779||"Statham Walker"|"Ebony Jo"||08/27/2005||"Hard rock hotel "|"Orlando "|FL|32819||Female|7863962445|"No Response"|1|" "|0|0|0|0||0|"Statham Walker"||||||||"SARS-CoV-2 (COVID-19)"|Antigen|97097-0|"SARS-CoV-2 Ag Upper resp Ql IA.rapid"|"Nasopharyngeal swab"|258500001|04/03/2022|Negative|260385009
112143|4244|10D2214779||Eller|Ronald||03/08/1978||"10090 east county road 225 south"|Selma|FL|47383||Male|7657301734|"No Response"|1|" "|0|0|0|0||0|Eller||||||||"SARS-CoV-2 (COVID-19)"|Antigen|97097-0|"SARS-CoV-2 Ag Upper resp Ql IA.rapid"|"Nasopharyngeal swab"|258500001|04/03/2022|Negative|260385009
112143|4244|10D2214779||Eller|Ronald||03/08/1978||"10090 east county road 225 south"|Selma|FL|47383||Male|7657301734|"No Response"|1|" "|0|0|0|0||0|Eller||||||||"SARS-CoV-2 (COVID-19)"|Antigen|97097-0|"SARS-CoV-2 Ag Upper resp Ql IA.rapid"|"Nasopharyngeal swab"|258500001|04/03/2022|Negative|260385009
112144|4244|10D2214779||Eller|Amy||02/04/1977||"10090 E County Rd 225 S "|Selma|FL|47383||Female|7657305125|"No Response"|1|" "|0|0|0|0||0|Eller||||||||"SARS-CoV-2 (COVID-19)"|Antigen|97097-0|"SARS-CoV-2 Ag Upper resp Ql IA.rapid"|"Nasopharyngeal swab"|258500001|04/03/2022|Negative|260385009
112144|4244|10D2214779||Eller|Amy||02/04/1977||"10090 E County Rd 225 S "|Selma|FL|47383||Female|7657305125|"No Response"|1|" "|0|0|0|0||0|Eller||||||||"SARS-CoV-2 (COVID-19)"|Antigen|97097-0|"SARS-CoV-2 Ag Upper resp Ql IA.rapid"|"Nasopharyngeal swab"|258500001|04/03/2022|Negative|260385009
112145|4244|10D2214779||Anaya|Clervoix||06/19/2012||"2067 NE 163RD ST"|"NORTH MIAMI"|FL|33162||Female|5149445494|"No Response"|0|" "|0|0|0|1||0|Anaya||||||||"SARS-CoV-2 (COVID-19)"|Antigen|97097-0|"SARS-CoV-2 Ag Upper resp Ql IA.rapid"|"Nasopharyngeal swab"|258500001|04/03/2022|Negative|260385009
112145|4244|10D2214779||Anaya|Clervoix||06/19/2012||"2067 NE 163RD ST"|"NORTH MIAMI"|FL|33162||Female|5149445494|"No Response"|0|" "|0|0|0|1||0|Anaya||||||||"SARS-CoV-2 (COVID-19)"|Antigen|97097-0|"SARS-CoV-2 Ag Upper resp Ql IA.rapid"|"Nasopharyngeal swab"|258500001|04/03/2022|Negative|260385009
112146|4244|10D2214779||SAMUEL|CLERVOIX||03/02/2016||"2067 NE 163RD ST"|"NORTH MIAMI"|FL|33162||Male|5149445494|"No Response"|0|" "|0|0|0|1||0|SAMUEL||||||||"SARS-CoV-2 (COVID-19)"|Antigen|97097-0|"SARS-CoV-2 Ag Upper resp Ql IA.rapid"|"Nasopharyngeal swab"|258500001|04/03/2022|Negative|260385009
112146|4244|10D2214779||SAMUEL|CLERVOIX||03/02/2016||"2067 NE 163RD ST"|"NORTH MIAMI"|FL|33162||Male|5149445494|"No Response"|0|" "|0|0|0|1||0|SAMUEL||||||||"SARS-CoV-2 (COVID-19)"|Antigen|97097-0|"SARS-CoV-2 Ag Upper resp Ql IA.rapid"|"Nasopharyngeal swab"|258500001|04/03/2022|Negative|260385009
112147|4244|10D2214779||Tàylor-Bell|Clara||03/03/1968||"320 west 22court"|"Riviera Beach"|FL|33404||Female|2423591249|"No Response"|0|" "|0|0|0|1||0|Tàylor-Bell||||||||"SARS-CoV-2 (COVID-19)"|Antigen|97097-0|"SARS-CoV-2 Ag Upper resp Ql IA.rapid"|"Nasopharyngeal swab"|258500001|04/03/2022|Negative|260385009
112147|4244|10D2214779||Tàylor-Bell|Clara||03/03/1968||"320 west 22court"|"Riviera Beach"|FL|33404||Female|2423591249|"No Response"|0|" "|0|0|0|1||0|Tàylor-Bell||||||||"SARS-CoV-2 (COVID-19)"|Antigen|97097-0|"SARS-CoV-2 Ag Upper resp Ql IA.rapid"|"Nasopharyngeal swab"|258500001|04/03/2022|Negative|260385009
112148|4244|10D2214779||Wilson|Brent||01/09/1989||"2067 NE 163RD ST"|"NORTH MIAMI"|FL|33162||Male|7863962445|"No Response"|1|" "|0|0|0|0||0|Wilson||||||||"SARS-CoV-2 (COVID-19)"|Antigen|97097-0|"SARS-CoV-2 Ag Upper resp Ql IA.rapid"|"Nasopharyngeal swab"|258500001|04/03/2022|Negative|260385009
112148|4244|10D2214779||Wilson|Brent||01/09/1989||"2067 NE 163RD ST"|"NORTH MIAMI"|FL|33162||Male|7863962445|"No Response"|1|" "|0|0|0|0||0|Wilson||||||||"SARS-CoV-2 (COVID-19)"|Antigen|97097-0|"SARS-CoV-2 Ag Upper resp Ql IA.rapid"|"Nasopharyngeal swab"|258500001|04/03/2022|Negative|260385009
112149|4244|10D2214779||Miller|Jerard||08/24/1984||"Quality inn"|Orlando|FL|33162||Male|2424348124|"No Response"|0|" "|0|0|0|1||0|Miller||||||||"SARS-CoV-2 (COVID-19)"|Antigen|97097-0|"SARS-CoV-2 Ag Upper resp Ql IA.rapid"|"Nasopharyngeal swab"|258500001|04/03/2022|Negative|260385009
112151|4244|10D2214779||KAO|"YU HSI"||06/21/1995||"391 dean street, Brooklyn"|"New York "|FL|33162||Female|7863962445|"No Response"|0|" "|0|1|0|0||0|KAO||||||||"SARS-CoV-2 (COVID-19)"|PCR|94500-6|"SARS-CoV-2 RNA Resp Ql NAA+probe"|"Nasopharyngeal swab"|258500001|04/03/2022|Positive|10828004
112152|4244|10D2214779||Miller|Jerard||08/24/1984||"Quality inn"|Orlando|FL|33162||Male|2424348124|"No Response"|0|" "|0|0|0|1||0|Miller||||||||"SARS-CoV-2 (COVID-19)"|Antigen|97097-0|"SARS-CoV-2 Ag Upper resp Ql IA.rapid"|"Nasopharyngeal swab"|258500001|04/03/2022|Negative|260385009
112153|4244|10D2214779||Marshall|Dora||06/16/1961||"615 SW Anchorage Way"|Stuart|FL|34994||Female|7724867046|"No Response"|1|" "|0|0|0|0||0|Marshall||||||||"SARS-CoV-2 (COVID-19)"|PCR|94500-6|"SARS-CoV-2 RNA Resp Ql NAA+probe"|"Nasopharyngeal swab"|258500001|04/03/2022|Negative|260385009
112154|4244|10D2214779||Clarke|Tiffany||12/31/1985||"Quality Inn"|Orlando|FL|33162||Female|2428244146|"No Response"|0|" "|0|0|0|1||0|Clarke||||||||"SARS-CoV-2 (COVID-19)"|Antigen|97097-0|"SARS-CoV-2 Ag Upper resp Ql IA.rapid"|"Nasopharyngeal swab"|258500001|04/03/2022|Negative|260385009
112155|4244|10D2214779||Marshall|Brian||02/24/1960||"615 SW Anchorage Way"|Stuart|FL|34994||Male|7722078706|"No Response"|1|" "|0|0|0|0||0|Marshall||||||||"SARS-CoV-2 (COVID-19)"|PCR|94500-6|"SARS-CoV-2 RNA Resp Ql NAA+probe"|"Nasopharyngeal swab"|258500001|04/03/2022|Negative|260385009
112156|4244|10D2214779||Chapman|Natalie||02/12/1974||"5035 Baywood Drive "|"Roswell "|FL|30076||Female|7705084468|"No Response"|1|" "|0|0|0|0||0|Chapman||||||||"SARS-CoV-2 (COVID-19)"|Antigen|97097-0|"SARS-CoV-2 Ag Upper resp Ql IA.rapid"|"Nasopharyngeal swab"|258500001|04/03/2022|Negative|260385009
112157|4244|10D2214779||Byer|Ramon||02/07/1990||"616 Clearwater Park Rd"|"West Palm Beach"|FL|33401||Male|4048391779|"No Response"|0|" "|0|0|0|0||0|Byer||||||||"SARS-CoV-2 (COVID-19)"|Antigen|97097-0|"SARS-CoV-2 Ag Upper resp Ql IA.rapid"|"Nasopharyngeal swab"|258500001|04/03/2022|Negative|260385009
112158|4244|10D2214779||Garner|Gregory||04/19/1959||"4 NW 3rd Ave"|Portland|FL|00000||Male|5037817426|"No Response"|1|" "|0|0|0|0||0|Garner||||||||"SARS-CoV-2 (COVID-19)"|Antigen|97097-0|"SARS-CoV-2 Ag Upper resp Ql IA.rapid"|"Nasopharyngeal swab"|258500001|04/03/2022|Negative|260385009
112159|4244|10D2214779||Whyley-Ramsey|Chicquanie||11/03/1978||"7300 davie ext"|"Hollywood "|FL|33024||Female|7868030657|"No Response"|0|" "|0|0|0|0||0|Whyley-Ramsey||||||||"SARS-CoV-2 (COVID-19)"|Antigen|97097-0|"SARS-CoV-2 Ag Upper resp Ql IA.rapid"|"Nasopharyngeal swab"|258500001|04/03/2022|Negative|260385009
112160|4244|10D2214779||Service|Gregory||06/16/1972||"27750 COWDREY ST. , Apt 201"|"Wesley Chapel"|FL|33544||Male|8138338327|"No Response"|0|" "|0|0|0|1||0|Service||||||||"SARS-CoV-2 (COVID-19)"|Antigen|97097-0|"SARS-CoV-2 Ag Upper resp Ql IA.rapid"|"Nasopharyngeal swab"|258500001|04/03/2022|Negative|260385009
112161|4244|10D2214779||Branton|Elliot||09/29/2011||"2067 NE 163RD ST"|"NORTH MIAMI"|FL|33162||Male|17053217269|"No Response"|1|" "|0|0|0|0||0|Branton||||||||"SARS-CoV-2 (COVID-19)"|Antigen|97097-0|"SARS-CoV-2 Ag Upper resp Ql IA.rapid"|"Nasopharyngeal swab"|258500001|04/03/2022|Positive|10828004
112162|4244|10D2214779||Branton|Lillian||05/07/2014||"2067 NE 163RD ST"|"NORTH MIAMI"|FL|33162||Female|17053217269|"No Response"|1|" "|0|0|0|0||0|Branton||||||||"SARS-CoV-2 (COVID-19)"|Antigen|97097-0|"SARS-CoV-2 Ag Upper resp Ql IA.rapid"|"Nasopharyngeal swab"|258500001|04/03/2022|Positive|10828004
112163|4244|10D2214779||Russell|Mazie||01/01/1970||"1473 Acorn Court"|Kissimmee|FL|34744||Female|12424250558|"No Response"|0|" "|0|0|0|0||0|Russell||||||||"SARS-CoV-2 (COVID-19)"|Antigen|97097-0|"SARS-CoV-2 Ag Upper resp Ql IA.rapid"|"Nasopharyngeal swab"|258500001|04/03/2022|Negative|260385009
112163|4244|10D2214779||Russell|Mazie||01/01/1970||"1473 Acorn Court"|Kissimmee|FL|34744||Female|12424250558|"No Response"|0|" "|0|0|0|0||0|Russell||||||||"SARS-CoV-2 (COVID-19)"|Antigen|97097-0|"SARS-CoV-2 Ag Upper resp Ql IA.rapid"|"Nasopharyngeal swab"|258500001|04/03/2022|Negative|260385009
112164|4244|10D2214779||Ferguson|Ryan||10/11/1991||"11310 S Orange Blossom Trl #112"|Orlando|FL|32837||Male|7863962445|"No Response"|0|" "|0|0|0|0||0|Ferguson||||||||"SARS-CoV-2 (COVID-19)"|PCR|94500-6|"SARS-CoV-2 RNA Resp Ql NAA+probe"|"Nasopharyngeal swab"|258500001|04/03/2022|Negative|260385009
112165|4244|10D2214779||Russell|Jerry||12/30/1971||"1473 Acorn Court "|"Kissimmee "|FL|34744||Male|12425770205|"No Response"|0|" "|0|0|0|0||0|Russell||||||||"SARS-CoV-2 (COVID-19)"|Antigen|97097-0|"SARS-CoV-2 Ag Upper resp Ql IA.rapid"|"Nasopharyngeal swab"|258500001|04/03/2022|Negative|260385009
112165|4244|10D2214779||Russell|Jerry||12/30/1971||"1473 Acorn Court "|"Kissimmee "|FL|34744||Male|12425770205|"No Response"|0|" "|0|0|0|0||0|Russell||||||||"SARS-CoV-2 (COVID-19)"|Antigen|97097-0|"SARS-CoV-2 Ag Upper resp Ql IA.rapid"|"Nasopharyngeal swab"|258500001|04/03/2022|Negative|260385009
112166|4244|10D2214779||"De Oliveira Kurbhi"|Vitor||01/01/1970||"7531 Canada avenue"|Orlando|FL|32819||Male|7863962445|"No Response"|0|" "|0|0|0|0||0|"De Oliveira Kurbhi"||||||||"SARS-CoV-2 (COVID-19)"|Antigen|97097-0|"SARS-CoV-2 Ag Upper resp Ql IA.rapid"|"Nasopharyngeal swab"|258500001|04/03/2022|Negative|260385009
112171|4244|10D2214779||"Minott Valverde"|"Kenyie Aylin"||01/01/1970||"2592 Sheltingham Drive"|"Wellington Florida "|FL|33414||Female|7863962445|"No Response"|0|" "|0|0|0|0||0|"Minott Valverde"||||||||"SARS-CoV-2 (COVID-19)"|Antigen|97097-0|"SARS-CoV-2 Ag Upper resp Ql IA.rapid"|"Nasopharyngeal swab"|258500001|04/03/2022|Negative|260385009
112172|4244|10D2214779||Schirrmann|"Ingo Alexander"||01/01/1970||"2592 Sheltingham Drive"|"Wellington Florida"|FL|33414||Male|7863962445|"No Response"|1|" "|0|0|0|0||0|Schirrmann||||||||"SARS-CoV-2 (COVID-19)"|Antigen|97097-0|"SARS-CoV-2 Ag Upper resp Ql IA.rapid"|"Nasopharyngeal swab"|258500001|04/03/2022|Negative|260385009
112173|4244|10D2214779||Ramgoolie|Kevin||05/25/1985||"2067 NE 163RD ST"|"NORTH MIAMI"|FL|33162||Male|7863962445|"No Response"|0|" "|0|1|0|0||0|Ramgoolie||||||||"SARS-CoV-2 (COVID-19)"|Antigen|97097-0|"SARS-CoV-2 Ag Upper resp Ql IA.rapid"|"Nasopharyngeal swab"|258500001|04/03/2022|Negative|260385009
112174|4244|10D2214779||Ramgoolie|Levi||12/11/2016||"2067 NE 163RD ST"|"NORTH MIAMI"|FL|33162||Male|7863962445|"No Response"|0|" "|0|1|0|0||0|Ramgoolie||||||||"SARS-CoV-2 (COVID-19)"|Antigen|97097-0|"SARS-CoV-2 Ag Upper resp Ql IA.rapid"|"Nasopharyngeal swab"|258500001|04/03/2022|Negative|260385009
112175|4244|10D2214779||Forbes|"Elijah Vaughn Andrew"||09/25/2017||"804 federal hwy"|"west palm beach"|FL|33407||Male|16492438405|"No Response"|0|" "|0|0|0|1||0|Forbes||||||||"SARS-CoV-2 (COVID-19)"|Antigen|97097-0|"SARS-CoV-2 Ag Upper resp Ql IA.rapid"|"Nasopharyngeal swab"|258500001|04/03/2022|Negative|260385009
112176|4244|10D2214779||Freeman|Grant||07/09/1971||"101 ocean beach drive"|"Miami beach"|FL|33139||Male|7863962445|"No Response"|1|" "|0|0|0|0||0|Freeman||||||||"SARS-CoV-2 (COVID-19)"|Antigen|97097-0|"SARS-CoV-2 Ag Upper resp Ql IA.rapid"|"Nasopharyngeal swab"|258500001|04/03/2022|Negative|260385009
112177|4244|10D2214779||Ramgoolie|Candice||03/22/1985||"2067 NE 163RD ST"|"NORTH MIAMI"|FL|33162||Female|7863962445|"No Response"|0|" "|0|1|0|0||0|Ramgoolie||||||||"SARS-CoV-2 (COVID-19)"|Antigen|97097-0|"SARS-CoV-2 Ag Upper resp Ql IA.rapid"|"Nasopharyngeal swab"|258500001|04/03/2022|Negative|260385009
112178|4244|10D2214779||Ramgoolie|Kenny||11/30/1960||"2067 NE 163RD ST"|"NORTH MIAMI"|FL|33162||Male|7863962445|"No Response"|0|" "|0|1|0|0||0|Ramgoolie||||||||"SARS-CoV-2 (COVID-19)"|Antigen|97097-0|"SARS-CoV-2 Ag Upper resp Ql IA.rapid"|"Nasopharyngeal swab"|258500001|04/03/2022|Negative|260385009
112179|4244|10D2214779||Ramgoolie|Judy||05/12/1965||"2067 NE 163RD ST"|"NORTH MIAMI"|FL|33162||Female|7863962445|"No Response"|0|" "|0|1|0|0||0|Ramgoolie||||||||"SARS-CoV-2 (COVID-19)"|Antigen|97097-0|"SARS-CoV-2 Ag Upper resp Ql IA.rapid"|"Nasopharyngeal swab"|258500001|04/03/2022|Negative|260385009
112180|4244|10D2214779||Faliski|Michel||09/01/1999||"2067 NE 163RD ST"|"NORTH MIAMI"|FL|33162||Female|2487657751|"No Response"|1|" "|0|0|0|0||0|Faliski||||||||"SARS-CoV-2 (COVID-19)"|Antigen|97097-0|"SARS-CoV-2 Ag Upper resp Ql IA.rapid"|"Nasopharyngeal swab"|258500001|04/03/2022|Negative|260385009
112181|4244|10D2214779||Yates|Joanne||07/24/1971||"2067 NE 163RD ST"|"NORTH MIAMI"|FL|33162||Female|7863962445|"No Response"|1|" "|0|0|0|0||0|Yates||||||||"SARS-CoV-2 (COVID-19)"|Antigen|97097-0|"SARS-CoV-2 Ag Upper resp Ql IA.rapid"|"Nasopharyngeal swab"|258500001|04/03/2022|Negative|260385009
112182|4244|10D2214779||"Arenas Galnares"|Andres||08/12/1998||"804 federal hwy "|"west palm beach "|FL|33407||Male|2424226090|"No Response"|0|" "|0|0|0|1||0|"Arenas Galnares"||||||||"SARS-CoV-2 (COVID-19)"|Antigen|97097-0|"SARS-CoV-2 Ag Upper resp Ql IA.rapid"|"Nasopharyngeal swab"|258500001|04/03/2022|Negative|260385009
112183|4244|10D2214779||Renwick|Nichola||09/07/1976||"2067 NE 163RD ST"|"NORTH MIAMI"|FL|33162||Female|07807277862|"No Response"|1|" "|0|0|0|0||0|Renwick||||||||"SARS-CoV-2 (COVID-19)"|Antigen|97097-0|"SARS-CoV-2 Ag Upper resp Ql IA.rapid"|"Nasopharyngeal swab"|258500001|04/03/2022|Negative|260385009
112183|4244|10D2214779||Renwick|Nichola||09/07/1976||"2067 NE 163RD ST"|"NORTH MIAMI"|FL|33162||Female|07807277862|"No Response"|1|" "|0|0|0|0||0|Renwick||||||||"SARS-CoV-2 (COVID-19)"|Antigen|97097-0|"SARS-CoV-2 Ag Upper resp Ql IA.rapid"|"Nasopharyngeal swab"|258500001|04/03/2022|Negative|260385009
112184|4244|10D2214779||Vanderveen|Kristen||04/26/1989||"2860 Twin Oaks Way"|Wellington|FL|33414||Female|6302126982|"No Response"|1|" "|0|0|0|0||0|Vanderveen||||||||"SARS-CoV-2 (COVID-19)"|Antigen|97097-0|"SARS-CoV-2 Ag Upper resp Ql IA.rapid"|"Nasopharyngeal swab"|258500001|04/03/2022|Negative|260385009
112185|4244|10D2214779||Camacho|Enrique||08/04/1974||"5231 West Hillsboro Blvd"|"Coconut Creek"|FL|33073||Male|7863962445|"No Response"|0|" "|0|0|0|0||0|Camacho||||||||"SARS-CoV-2 (COVID-19)"|Antigen|97097-0|"SARS-CoV-2 Ag Upper resp Ql IA.rapid"|"Nasopharyngeal swab"|258500001|04/03/2022|Negative|260385009
112186|4244|10D2214779||Reid|Sobrena||05/04/1979||"1339 SW 74th Ave"|"North Lauderdale"|FL|33068||Female|9545489443|"No Response"|0|" "|0|0|0|0||0|Reid||||||||"SARS-CoV-2 (COVID-19)"|Antigen|97097-0|"SARS-CoV-2 Ag Upper resp Ql IA.rapid"|"Nasopharyngeal swab"|258500001|04/03/2022|Negative|260385009
112187|4244|10D2214779||Morgan|Danny||03/31/1986||"754 warrenton rd "|"
va "|FL|22406||Male|5618897425|"No Response"|0|" "|0|0|0|1||0|Morgan||||||||"SARS-CoV-2 (COVID-19)"|Antigen|97097-0|"SARS-CoV-2 Ag Upper resp Ql IA.rapid"|"Nasopharyngeal swab"|258500001|04/03/2022|Negative|260385009
112189|4244|10D2214779||Barch|Julia||04/08/1993||"929 dogwood rd "|"North palm beach "|FL|33408||Female|5613862737|"No Response"|1|" "|0|0|0|0||0|Barch||||||||"SARS-CoV-2 (COVID-19)"|PCR|94500-6|"SARS-CoV-2 RNA Resp Ql NAA+probe"|"Nasopharyngeal swab"|258500001|04/03/2022|Negative|260385009
112190|4244|10D2214779||Wunkhaus|Benjamín||06/29/2000||"2761 pinehurst"|Weston|FL|33332||Male|7863962445|"No Response"|1|" "|0|0|0|0||0|Wunkhaus||||||||"SARS-CoV-2 (COVID-19)"|PCR|94500-6|"SARS-CoV-2 RNA Resp Ql NAA+probe"|"Nasopharyngeal swab"|258500001|04/03/2022|Negative|260385009
112191|4244|10D2214779||Thiele|Benjamin||11/28/2000||"2761 pinehurst"|Weston|FL|33332||Male|7863962445|"No Response"|0|" "|0|0|0|0||0|Thiele||||||||"SARS-CoV-2 (COVID-19)"|PCR|94500-6|"SARS-CoV-2 RNA Resp Ql NAA+probe"|"Nasopharyngeal swab"|258500001|04/03/2022|Negative|260385009
112192|4244|10D2214779||McLean|Nicholas||08/03/1984||"4001 Ross Ave, Apt 404"|Dallas|FL|75204||Male|9016269919|"No Response"|1|" "|0|0|0|0||0|McLean||||||||"SARS-CoV-2 (COVID-19)"|Antigen|97097-0|"SARS-CoV-2 Ag Upper resp Ql IA.rapid"|"Nasopharyngeal swab"|258500001|04/03/2022|Negative|260385009
112193|4244|10D2214779||Bollinger|Leesa||08/23/1979||"9309 S Solena Way"|Sandy|FL|84093||Female|8018094567|"No Response"|1|" "|0|0|0|0||0|Bollinger||||||||"SARS-CoV-2 (COVID-19)"|Antigen|97097-0|"SARS-CoV-2 Ag Upper resp Ql IA.rapid"|"Nasopharyngeal swab"|258500001|04/03/2022|Negative|260385009
112194|4244|10D2214779||Murphy|Philip||05/30/1953||"9642 E Country Court "|Tucson|FL|85749||Male|7863962445|"No Response"|1|" "|0|0|0|0||0|Murphy||||||||"SARS-CoV-2 (COVID-19)"|Antigen|97097-0|"SARS-CoV-2 Ag Upper resp Ql IA.rapid"|"Nasopharyngeal swab"|258500001|04/03/2022|Negative|260385009
112195|4244|10D2214779||Chimming|Francis||07/19/1956||"3827 Lowson BLVD"|"Delray Beach"|FL|33445||Male|18686828402|"No Response"|0|" "|0|0|0|0||0|Chimming||||||||"SARS-CoV-2 (COVID-19)"|Antigen|97097-0|"SARS-CoV-2 Ag Upper resp Ql IA.rapid"|"Nasopharyngeal swab"|258500001|04/03/2022|Negative|260385009
112197|4244|10D2214779||Cabrera|Deanna||01/26/1983||"14750 silver glen dr e"|"Jacksonville "|FL|32258||Female|2645848100|"No Response"|0|" "|0|0|0|0||0|Cabrera||||||||"SARS-CoV-2 (COVID-19)"|Antigen|97097-0|"SARS-CoV-2 Ag Upper resp Ql IA.rapid"|"Nasopharyngeal swab"|258500001|04/03/2022|Negative|260385009
112198|4244|10D2214779||Hodge|Craig||04/12/1983||"14750 silver glen dr r"|Jacksonville|FL|32258||Male|2645848100|"No Response"|0|" "|0|0|0|0||0|Hodge||||||||"SARS-CoV-2 (COVID-19)"|Antigen|97097-0|"SARS-CoV-2 Ag Upper resp Ql IA.rapid"|"Nasopharyngeal swab"|258500001|04/03/2022|Negative|260385009
112200|4244|10D2214779||"Da Silva Lemos"|Flavio||08/04/1988||"2067 NE 163RD ST"|"NORTH MIAMI"|FL|33162||Male|7179634374|"No Response"|1|" "|0|0|0|0||0|"Da Silva Lemos"||||||||"SARS-CoV-2 (COVID-19)"|Antigen|97097-0|"SARS-CoV-2 Ag Upper resp Ql IA.rapid"|"Nasopharyngeal swab"|258500001|04/03/2022|Negative|260385009
112201|4244|10D2214779||Islava|Jacquelyn||02/15/1983||"2067 NE 163RD ST"|"NORTH MIAMI"|FL|33162||Female|5206032219|"No Response"|1|" "|0|0|0|0||0|Islava||||||||"SARS-CoV-2 (COVID-19)"|Antigen|97097-0|"SARS-CoV-2 Ag Upper resp Ql IA.rapid"|"Nasopharyngeal swab"|258500001|04/03/2022|Negative|260385009
112202|4244|10D2214779||Kircher|"Matthew Kirch"||01/01/1970||"79 El Cerrito "|"Hillsborough "|FL|94010||Male|4156131545|"No Response"|1|" "|0|0|0|0||0|Kircher||||||||"SARS-CoV-2 (COVID-19)"|Antigen|97097-0|"SARS-CoV-2 Ag Upper resp Ql IA.rapid"|"Nasopharyngeal swab"|258500001|04/03/2022|Negative|260385009
112203|4244|10D2214779||Anselmo|Monik||05/16/1986||"4626 Ethans Glenn Ave "|Orlando|FL|32812||Female|4072884145|"No Response"|0|" "|0|0|0|0||0|Anselmo||||||||"SARS-CoV-2 (COVID-19)"|Antigen|97097-0|"SARS-CoV-2 Ag Upper resp Ql IA.rapid"|"Nasopharyngeal swab"|258500001|04/03/2022|Negative|260385009
112204|4244|10D2214779||Alves|Igor||01/01/1970||"4626 Ethan’s Glenn Ave"|Orlando|FL|32812||Male|4074536663|"No Response"|0|" "|0|0|0|0||0|Alves||||||||"SARS-CoV-2 (COVID-19)"|Antigen|97097-0|"SARS-CoV-2 Ag Upper resp Ql IA.rapid"|"Nasopharyngeal swab"|258500001|04/03/2022|Negative|260385009
112205|4244|10D2214779||Kircher|Mary||01/01/1970||"79 El Cerrito"|"Hillsborough "|FL|94010||Female|6503037478|"No Response"|1|" "|0|0|0|0||0|Kircher||||||||"SARS-CoV-2 (COVID-19)"|Antigen|97097-0|"SARS-CoV-2 Ag Upper resp Ql IA.rapid"|"Nasopharyngeal swab"|258500001|04/03/2022|Negative|260385009
112206|4244|10D2214779||Haddad|Mehdi||02/27/1988||"2067 NE 163RD ST"|"NORTH MIAMI"|FL|33162||Male|7863962445|"No Response"|1|" "|0|0|0|0||0|Haddad||||||||"SARS-CoV-2 (COVID-19)"|Antigen|97097-0|"SARS-CoV-2 Ag Upper resp Ql IA.rapid"|"Nasopharyngeal swab"|258500001|04/03/2022|Negative|260385009
112206|4244|10D2214779||Haddad|Mehdi||02/27/1988||"2067 NE 163RD ST"|"NORTH MIAMI"|FL|33162||Male|7863962445|"No Response"|1|" "|0|0|0|0||0|Haddad||||||||"SARS-CoV-2 (COVID-19)"|Antigen|97097-0|"SARS-CoV-2 Ag Upper resp Ql IA.rapid"|"Nasopharyngeal swab"|258500001|04/03/2022|Negative|260385009
112207|4244|10D2214779||Bennett|Tammie||05/31/1962||"332 deer valley dr"|"Albany "|FL|31705||Female|2293959513|"No Response"|1|" "|0|0|0|0||0|Bennett||||||||"SARS-CoV-2 (COVID-19)"|Antigen|97097-0|"SARS-CoV-2 Ag Upper resp Ql IA.rapid"|"Nasopharyngeal swab"|258500001|04/03/2022|Negative|260385009
112208|4244|10D2214779||Bennett|David||05/15/1963||"332 deer valley dr"|Albany|FL|31705||Male|2293951059|"No Response"|1|" "|0|0|0|0||0|Bennett||||||||"SARS-CoV-2 (COVID-19)"|Antigen|97097-0|"SARS-CoV-2 Ag Upper resp Ql IA.rapid"|"Nasopharyngeal swab"|258500001|04/03/2022|Negative|260385009
112211|4244|10D2214779||Williams|Randesha||01/05/1990||"1900 Stirling Road "|"Dania Beach "|FL|33004||Female|2424753825|"No Response"|0|" "|0|0|0|0||0|Williams||||||||"SARS-CoV-2 (COVID-19)"|Antigen|97097-0|"SARS-CoV-2 Ag Upper resp Ql IA.rapid"|"Nasopharyngeal swab"|258500001|04/03/2022|Negative|260385009
112212|4244|10D2214779||Sieber|Sylvia||10/14/1963||"2067 NE 163RD ST"|"NORTH MIAMI"|FL|33162||Female|01608504138|"No Response"|1|" "|0|0|0|0||0|Sieber||||||||"SARS-CoV-2 (COVID-19)"|Antigen|97097-0|"SARS-CoV-2 Ag Upper resp Ql IA.rapid"|"Nasopharyngeal swab"|258500001|04/03/2022|Negative|260385009
112213|4244|10D2214779||Clardy|Patrick||08/23/1999||"103 Lansdowne Dr"|Madison|FL|35758||Male|2562242691|"No Response"|1|" "|0|0|0|0||0|Clardy||||||||"SARS-CoV-2 (COVID-19)"|Antigen|97097-0|"SARS-CoV-2 Ag Upper resp Ql IA.rapid"|"Nasopharyngeal swab"|258500001|04/03/2022|Negative|260385009
112213|4244|10D2214779||Clardy|Patrick||08/23/1999||"103 Lansdowne Dr"|Madison|FL|35758||Male|2562242691|"No Response"|1|" "|0|0|0|0||0|Clardy||||||||"SARS-CoV-2 (COVID-19)"|Antigen|97097-0|"SARS-CoV-2 Ag Upper resp Ql IA.rapid"|"Nasopharyngeal swab"|258500001|04/03/2022|Negative|260385009
112214|4244|10D2214779||Sieber|Reinhold||06/21/1961||"2067 NE 163RD ST"|"NORTH MIAMI"|FL|33162||Male|01608504138|"No Response"|1|" "|0|0|0|0||0|Sieber||||||||"SARS-CoV-2 (COVID-19)"|Antigen|97097-0|"SARS-CoV-2 Ag Upper resp Ql IA.rapid"|"Nasopharyngeal swab"|258500001|04/03/2022|Negative|260385009
112217|4244|10D2214779||Gomes|Brenno||03/08/1988||"2067 NE 163RD ST"|"Sao Paulo"|FL|5410001||Male|7863962445|"No Response"|0|" "|0|0|0|0||0|Gomes||||||||"SARS-CoV-2 (COVID-19)"|Antigen|97097-0|"SARS-CoV-2 Ag Upper resp Ql IA.rapid"|"Nasopharyngeal swab"|258500001|04/04/2022|Negative|260385009
112218|4244|10D2214779||Pessoa|Ranna||03/19/1993||"2067 NE 163RD ST"|"Sao Paulo"|FL|5410001||Female|7863962445|"No Response"|0|" "|0|0|0|0||0|Pessoa||||||||"SARS-CoV-2 (COVID-19)"|Antigen|97097-0|"SARS-CoV-2 Ag Upper resp Ql IA.rapid"|"Nasopharyngeal swab"|258500001|04/04/2022|Negative|260385009
112219|4244|10D2214779||"Silveira Tercariol"|"Juliana Regina"||06/04/1974||"4250 Koval Lane"|"Las Vegas"|FL|89109||Female|7863962445|"No Response"|1|" "|0|0|0|0||0|"Silveira Tercariol"||||||||"SARS-CoV-2 (COVID-19)"|Antigen|97097-0|"SARS-CoV-2 Ag Upper resp Ql IA.rapid"|"Nasopharyngeal swab"|258500001|04/04/2022|Negative|260385009
112222|4244|10D2214779||Casher|William||07/17/1978||"10 Comstock Ct "|"San Ramon "|FL|94583||Male|15107986149|"No Response"|0|" "|0|0|0|0||0|Casher||||||||"SARS-CoV-2 (COVID-19)"|Antigen|97097-0|"SARS-CoV-2 Ag Upper resp Ql IA.rapid"|"Nasopharyngeal swab"|258500001|04/04/2022|Negative|260385009
112222|4244|10D2214779||Casher|William||07/17/1978||"10 Comstock Ct "|"San Ramon "|FL|94583||Male|15107986149|"No Response"|0|" "|0|0|0|0||0|Casher||||||||"SARS-CoV-2 (COVID-19)"|Antigen|97097-0|"SARS-CoV-2 Ag Upper resp Ql IA.rapid"|"Nasopharyngeal swab"|258500001|04/04/2022|Negative|260385009
112223|4244|10D2214779||Casher|Jessica||01/05/1977||"10 Comstock Ct "|"San Ramon "|FL|94583||Female|5107986149|"No Response"|0|" "|0|1|0|0||0|Casher||||||||"SARS-CoV-2 (COVID-19)"|Antigen|97097-0|"SARS-CoV-2 Ag Upper resp Ql IA.rapid"|"Nasopharyngeal swab"|258500001|04/04/2022|Negative|260385009
112223|4244|10D2214779||Casher|Jessica||01/05/1977||"10 Comstock Ct "|"San Ramon "|FL|94583||Female|5107986149|"No Response"|0|" "|0|1|0|0||0|Casher||||||||"SARS-CoV-2 (COVID-19)"|Antigen|97097-0|"SARS-CoV-2 Ag Upper resp Ql IA.rapid"|"Nasopharyngeal swab"|258500001|04/04/2022|Negative|260385009
112224|4244|10D2214779||Casher|Kendall||03/31/2012||"10 Comstock Ct "|"San Ramon "|FL|94583||Female|15107986149|"No Response"|0|" "|0|0|0|0||0|Casher||||||||"SARS-CoV-2 (COVID-19)"|Antigen|97097-0|"SARS-CoV-2 Ag Upper resp Ql IA.rapid"|"Nasopharyngeal swab"|258500001|04/04/2022|Negative|260385009
112224|4244|10D2214779||Casher|Kendall||03/31/2012||"10 Comstock Ct "|"San Ramon "|FL|94583||Female|15107986149|"No Response"|0|" "|0|0|0|0||0|Casher||||||||"SARS-CoV-2 (COVID-19)"|Antigen|97097-0|"SARS-CoV-2 Ag Upper resp Ql IA.rapid"|"Nasopharyngeal swab"|258500001|04/04/2022|Negative|260385009
112224|4244|10D2214779||Casher|Kendall||03/31/2012||"10 Comstock Ct "|"San Ramon "|FL|94583||Female|15107986149|"No Response"|0|" "|0|0|0|0||0|Casher||||||||"SARS-CoV-2 (COVID-19)"|Antigen|97097-0|"SARS-CoV-2 Ag Upper resp Ql IA.rapid"|"Nasopharyngeal swab"|258500001|04/04/2022|Negative|260385009
112225|4244|10D2214779||Casher|Marcus||08/06/2009||"10 Comstock Ct "|"San Ramon "|FL|94583||Male|15107986149|"No Response"|0|" "|0|0|0|0||0|Casher||||||||"SARS-CoV-2 (COVID-19)"|Antigen|97097-0|"SARS-CoV-2 Ag Upper resp Ql IA.rapid"|"Nasopharyngeal swab"|258500001|04/04/2022|Negative|260385009
112225|4244|10D2214779||Casher|Marcus||08/06/2009||"10 Comstock Ct "|"San Ramon "|FL|94583||Male|15107986149|"No Response"|0|" "|0|0|0|0||0|Casher||||||||"SARS-CoV-2 (COVID-19)"|Antigen|97097-0|"SARS-CoV-2 Ag Upper resp Ql IA.rapid"|"Nasopharyngeal swab"|258500001|04/04/2022|Negative|260385009
112228|4244|10D2214779||Casher|Devin||06/07/2006||"10 Comstock Ct "|"San Ramon "|FL|94583||Male|15107986149|"No Response"|0|" "|0|0|0|0||0|Casher||||||||"SARS-CoV-2 (COVID-19)"|Antigen|97097-0|"SARS-CoV-2 Ag Upper resp Ql IA.rapid"|"Nasopharyngeal swab"|258500001|04/04/2022|Negative|260385009
112228|4244|10D2214779||Casher|Devin||06/07/2006||"10 Comstock Ct "|"San Ramon "|FL|94583||Male|15107986149|"No Response"|0|" "|0|0|0|0||0|Casher||||||||"SARS-CoV-2 (COVID-19)"|Antigen|97097-0|"SARS-CoV-2 Ag Upper resp Ql IA.rapid"|"Nasopharyngeal swab"|258500001|04/04/2022|Negative|260385009
112228|4244|10D2214779||Casher|Devin||06/07/2006||"10 Comstock Ct "|"San Ramon "|FL|94583||Male|15107986149|"No Response"|0|" "|0|0|0|0||0|Casher||||||||"SARS-CoV-2 (COVID-19)"|Antigen|97097-0|"SARS-CoV-2 Ag Upper resp Ql IA.rapid"|"Nasopharyngeal swab"|258500001|04/04/2022|Negative|260385009
112229|4244|10D2214779||Marinez|"Ana Niulka"||04/07/1973||"5308 vista hermosa ave"|"Las vegas  Nv"|FL|89108||Female|7863962445|"No Response"|0|" "|0|0|0|0||0|Marinez||||||||"SARS-CoV-2 (COVID-19)"|Antigen|97097-0|"SARS-CoV-2 Ag Upper resp Ql IA.rapid"|"Nasopharyngeal swab"|258500001|04/04/2022|Negative|260385009
112230|4244|10D2214779||"Marinez Rodriguez"|Aurelio||09/25/1964||"5308 vista hermosa ave"|"Las vegas Nv"|FL|89108||Male|7863962445|"No Response"|0|" "|0|0|0|0||0|"Marinez Rodriguez"||||||||"SARS-CoV-2 (COVID-19)"|Antigen|97097-0|"SARS-CoV-2 Ag Upper resp Ql IA.rapid"|"Nasopharyngeal swab"|258500001|04/04/2022|Negative|260385009
112231|4244|10D2214779||Lewis|Joseph||12/27/1960||"311 2nd Street"|Oakland|FL|94607||Male|4159481430|"No Response"|1|" "|0|0|0|0||0|Lewis||||||||"SARS-CoV-2 (COVID-19)"|Antigen|97097-0|"SARS-CoV-2 Ag Upper resp Ql IA.rapid"|"Nasopharyngeal swab"|258500001|04/04/2022|Negative|260385009
112233|4244|10D2214779||Jewell|Amy||04/10/1975||"10002 Taplin Ln"|Plainwell|FL|49080||Female|5272136955|"No Response"|1|" "|0|0|0|0||0|Jewell||||||||"SARS-CoV-2 (COVID-19)"|Antigen|97097-0|"SARS-CoV-2 Ag Upper resp Ql IA.rapid"|"Nasopharyngeal swab"|258500001|04/04/2022|Negative|260385009
112233|4244|10D2214779||Jewell|Amy||04/10/1975||"10002 Taplin Ln"|Plainwell|FL|49080||Female|5272136955|"No Response"|1|" "|0|0|0|0||0|Jewell||||||||"SARS-CoV-2 (COVID-19)"|Antigen|97097-0|"SARS-CoV-2 Ag Upper resp Ql IA.rapid"|"Nasopharyngeal swab"|258500001|04/04/2022|Negative|260385009
112238|4244|10D2214779||Reasinger|Todd||03/28/1964||"311 2nd Street"|Oakland|FL|94607||Male|4159029636|"No Response"|1|" "|0|0|0|0||0|Reasinger||||||||"SARS-CoV-2 (COVID-19)"|Antigen|97097-0|"SARS-CoV-2 Ag Upper resp Ql IA.rapid"|"Nasopharyngeal swab"|258500001|04/04/2022|Negative|260385009
112240|4244|10D2214779||James|Colleen||06/23/1962||"5050 s 700 e-57"|"Churubusco "|FL|46723||Female|2604503333|"No Response"|1|" "|0|0|0|0||0|James||||||||"SARS-CoV-2 (COVID-19)"|Antigen|97097-0|"SARS-CoV-2 Ag Upper resp Ql IA.rapid"|"Nasopharyngeal swab"|258500001|04/04/2022|Negative|260385009
112241|4244|10D2214779||Gater|Jessica||12/24/1986||"637 green meadows dr"|"Middleville "|FL|49333||Female|2603492470|"No Response"|1|" "|0|0|0|0||0|Gater||||||||"SARS-CoV-2 (COVID-19)"|Antigen|97097-0|"SARS-CoV-2 Ag Upper resp Ql IA.rapid"|"Nasopharyngeal swab"|258500001|04/04/2022|Negative|260385009
112242|4244|10D2214779||Gater|Payton||10/26/2008||"637 green meadows dr"|"Middleville "|FL|49333||Female|2603492470|"No Response"|1|" "|0|0|0|0||0|Gater||||||||"SARS-CoV-2 (COVID-19)"|Antigen|97097-0|"SARS-CoV-2 Ag Upper resp Ql IA.rapid"|"Nasopharyngeal swab"|258500001|04/04/2022|Negative|260385009
112249|4244|10D2214779||"DE LA CRUZ"|ELEUTERIO||04/18/1971||"3069 PERRY AVE"|GREENACRES|FL|33463||Male|5616359573|"No Response"|0|" "|0|0|0|0||0|"DE LA CRUZ"||||||||"SARS-CoV-2 (COVID-19)"|Antigen|97097-0|"SARS-CoV-2 Ag Upper resp Ql IA.rapid"|"Nasopharyngeal swab"|258500001|04/04/2022|Negative|260385009
112250|4244|10D2214779||Gater|Amya||07/30/2010||"637 green meadows dr"|"Middleville "|FL|49333||Female|2603492470|"No Response"|1|" "|0|0|0|0||0|Gater||||||||"SARS-CoV-2 (COVID-19)"|Antigen|97097-0|"SARS-CoV-2 Ag Upper resp Ql IA.rapid"|"Nasopharyngeal swab"|258500001|04/04/2022|Negative|260385009
112255|4244|10D2214779||Zuccarelli|Vivienne||08/30/1956||"106 Butler Street"|"Windermere "|FL|34786||Female|4079893350|"No Response"|1|" "|0|0|0|0||0|Zuccarelli||||||||"SARS-CoV-2 (COVID-19)"|Antigen|97097-0|"SARS-CoV-2 Ag Upper resp Ql IA.rapid"|"Nasopharyngeal swab"|258500001|04/04/2022|Negative|260385009
112256|4244|10D2214779||Zuccarelli|Gaetano||03/03/1952||"106 Butler Street"|"Windermere "|FL|34786||Male|Zuccarelli|"No Response"|1|" "|0|0|0|0||0|Zuccarelli||||||||"SARS-CoV-2 (COVID-19)"|Antigen|97097-0|"SARS-CoV-2 Ag Upper resp Ql IA.rapid"|"Nasopharyngeal swab"|258500001|04/04/2022|Negative|260385009
112260|4244|10D2214779||Brunekreef|Evert||12/28/1954||"3708 Las Vegas Blvd"|"Las  Vegas"|FL|89109||Male|7863962445|"No Response"|0|" "|0|0|1|0||0|Brunekreef||||||||"SARS-CoV-2 (COVID-19)"|Antigen|97097-0|"SARS-CoV-2 Ag Upper resp Ql IA.rapid"|"Nasopharyngeal swab"|258500001|04/04/2022|Negative|260385009
112262|4244|10D2214779||"Jean Philippe"|Dirogene||11/14/1948||"240 NW 14th AV"|"Boynton Beach  FL"|FL|33435||Male|5617741166|"No Response"|0|" "|0|0|0|0||0|"Jean Philippe"||||||||"SARS-CoV-2 (COVID-19)"|Antigen|97097-0|"SARS-CoV-2 Ag Upper resp Ql IA.rapid"|"Nasopharyngeal swab"|258500001|04/04/2022|Negative|260385009
112263|4244|10D2214779||Levy|Doron||09/17/2022||"2077 Partridge Ln"|"Highland Park"|FL|60035||Male|2245658964|"No Response"|1|" "|0|0|0|0||0|Levy||||||||"SARS-CoV-2 (COVID-19)"|PCR|94500-6|"SARS-CoV-2 RNA Resp Ql NAA+probe"|"Nasopharyngeal swab"|258500001|04/04/2022|Negative|260385009
112263|4244|10D2214779||Levy|Doron||09/17/2022||"2077 Partridge Ln"|"Highland Park"|FL|60035||Male|2245658964|"No Response"|1|" "|0|0|0|0||0|Levy||||||||"SARS-CoV-2 (COVID-19)"|PCR|94500-6|"SARS-CoV-2 RNA Resp Ql NAA+probe"|"Nasopharyngeal swab"|258500001|04/04/2022|Negative|260385009
112264|4244|10D2214779||Krug-Levy|Lorena||10/02/1966||"2077 Partridge Ln"|"Highland Park"|FL|60035||Female|7736717019|"No Response"|0|" "|0|0|0|0||0|Krug-Levy||||||||"SARS-CoV-2 (COVID-19)"|PCR|94500-6|"SARS-CoV-2 RNA Resp Ql NAA+probe"|"Nasopharyngeal swab"|258500001|04/04/2022|Negative|260385009
112264|4244|10D2214779||Krug-Levy|Lorena||10/02/1966||"2077 Partridge Ln"|"Highland Park"|FL|60035||Female|7736717019|"No Response"|0|" "|0|0|0|0||0|Krug-Levy||||||||"SARS-CoV-2 (COVID-19)"|PCR|94500-6|"SARS-CoV-2 RNA Resp Ql NAA+probe"|"Nasopharyngeal swab"|258500001|04/04/2022|Negative|260385009
112266|4244|10D2214779||Auguste|Rylee||05/07/2007||"5626 Dewey"|"Hollywood "|FL|33023||Female|9545881548|"No Response"|0|" "|0|0|0|1||0|Auguste||||||||"SARS-CoV-2 (COVID-19)"|Antigen|97097-0|"SARS-CoV-2 Ag Upper resp Ql IA.rapid"|"Nasopharyngeal swab"|258500001|04/04/2022|Negative|260385009
112269|4244|10D2214779||Pons|Stephanie||04/08/1993||"2067 NE 163RD ST"|"NORTH MIAMI"|FL|33162||Female|7863962445|"No Response"|0|" "|0|0|0|1||0|Pons||||||||"SARS-CoV-2 (COVID-19)"|PCR|94500-6|"SARS-CoV-2 RNA Resp Ql NAA+probe"|"Nasopharyngeal swab"|258500001|04/04/2022|Negative|260385009
112271|4244|10D2214779||Cawood|Michael||07/18/1960||"1545 Collins Ave, Miami Beach, FL 33139"|"Miami Beach"|FL|33139||Male|7863962445|"No Response"|1|" "|0|0|0|0||0|Cawood||||||||"SARS-CoV-2 (COVID-19)"|Antigen|97097-0|"SARS-CoV-2 Ag Upper resp Ql IA.rapid"|"Nasopharyngeal swab"|258500001|04/04/2022|Negative|260385009
112272|4244|10D2214779||Cawood|Macie||01/02/2015||"1545 Collins Ave, Miami Beach, FL 33139"|"Miami Beach"|FL|33139||Female|7863962445|"No Response"|1|" "|0|0|0|0||0|Cawood||||||||"SARS-CoV-2 (COVID-19)"|Antigen|97097-0|"SARS-CoV-2 Ag Upper resp Ql IA.rapid"|"Nasopharyngeal swab"|258500001|04/04/2022|Negative|260385009
112273|4244|10D2214779||Muecke|Stephan||07/17/1981||"1000 Brickell Ave, #715"|"Miami, FL"|FL|33131||Male|9172757678|"No Response"|1|" "|0|0|0|0||0|Muecke||||||||"SARS-CoV-2 (COVID-19)"|Antigen|97097-0|"SARS-CoV-2 Ag Upper resp Ql IA.rapid"|"Nasopharyngeal swab"|258500001|04/04/2022|Negative|260385009
112274|4244|10D2214779||Costa|Amanda||08/22/1986||"85 Winter ridge circle"|"Orlando "|FL|32835||Female|7863962445|"No Response"|0|" "|0|0|0|1||0|Costa||||||||"SARS-CoV-2 (COVID-19)"|Antigen|97097-0|"SARS-CoV-2 Ag Upper resp Ql IA.rapid"|"Nasopharyngeal swab"|258500001|04/04/2022|Negative|260385009
112276|4244|10D2214779||Auguste|Donna-Marie||05/24/1967||"5626 Dewey St"|"Hollywood "|FL|33023||Female|8686205521|"No Response"|0|" "|0|0|0|1||0|Auguste||||||||"SARS-CoV-2 (COVID-19)"|Antigen|97097-0|"SARS-CoV-2 Ag Upper resp Ql IA.rapid"|"Nasopharyngeal swab"|258500001|04/04/2022|Negative|260385009
112277|4244|10D2214779||Auguste|Grantley||04/22/1958||"5626 Dewey Street "|"Hollywood "|FL|33023||Male|9545881548|"No Response"|0|" "|0|0|0|1||0|Auguste||||||||"SARS-CoV-2 (COVID-19)"|Antigen|97097-0|"SARS-CoV-2 Ag Upper resp Ql IA.rapid"|"Nasopharyngeal swab"|258500001|04/04/2022|Negative|260385009
112283|4244|10D2214779||"RIBEIRO NOGUEIRA JORGE"|GUILHERME||07/30/1967||"10661 PISA ROAD"|WELLINGTON|FL|33414||Male|9732826605|"No Response"|0|" "|0|0|0|0||0|"RIBEIRO NOGUEIRA JORGE"||||||||"SARS-CoV-2 (COVID-19)"|Antigen|97097-0|"SARS-CoV-2 Ag Upper resp Ql IA.rapid"|"Nasopharyngeal swab"|258500001|04/04/2022|Negative|260385009
112284|4244|10D2214779||"BETH COVERT"|ANGELA||05/29/1976||"10661 PISA ROAD"|WELLINGTON|FL|33414||Female|5618911944|"No Response"|1|" "|0|0|0|0||0|"BETH COVERT"||||||||"SARS-CoV-2 (COVID-19)"|Antigen|97097-0|"SARS-CoV-2 Ag Upper resp Ql IA.rapid"|"Nasopharyngeal swab"|258500001|04/04/2022|Negative|260385009
112285|4244|10D2214779||Viers|Mark||01/01/1970||"3117 Butler Bay Dr N"|Windermere|FL|34786||Male|3212292266|"No Response"|1|" "|0|0|0|0||0|Viers||||||||"SARS-CoV-2 (COVID-19)"|Antigen|97097-0|"SARS-CoV-2 Ag Upper resp Ql IA.rapid"|"Nasopharyngeal swab"|258500001|04/04/2022|Negative|260385009
112285|4244|10D2214779||Viers|Mark||01/01/1970||"3117 Butler Bay Dr N"|Windermere|FL|34786||Male|3212292266|"No Response"|1|" "|0|0|0|0||0|Viers||||||||"SARS-CoV-2 (COVID-19)"|Antigen|97097-0|"SARS-CoV-2 Ag Upper resp Ql IA.rapid"|"Nasopharyngeal swab"|258500001|04/04/2022|Negative|260385009
112289|4244|10D2214779||Quintero|Jason||03/06/1978||"2015 E Pinetree Blvd. E4"|"Thomasville, Georgia"|FL|31792||Male|2296990808|"No Response"|0|" "|0|1|0|0||0|Quintero||||||||"SARS-CoV-2 (COVID-19)"|Antigen|97097-0|"SARS-CoV-2 Ag Upper resp Ql IA.rapid"|"Nasopharyngeal swab"|258500001|04/04/2022|Negative|260385009
112300|4244|10D2214779||Hannon|Charles||05/07/1935||"450 Alton Rd"|"Miami Beach"|FL|33139||Male|3129532080|"No Response"|1|" "|0|0|0|0||0|Hannon||||||||"SARS-CoV-2 (COVID-19)"|PCR|94500-6|"SARS-CoV-2 RNA Resp Ql NAA+probe"|"Nasopharyngeal swab"|258500001|04/04/2022|Negative|260385009
112300|4244|10D2214779||Hannon|Charles||05/07/1935||"450 Alton Rd"|"Miami Beach"|FL|33139||Male|3129532080|"No Response"|1|" "|0|0|0|0||0|Hannon||||||||"SARS-CoV-2 (COVID-19)"|PCR|94500-6|"SARS-CoV-2 RNA Resp Ql NAA+probe"|"Nasopharyngeal swab"|258500001|04/04/2022|Negative|260385009
112301|4244|10D2214779||"Hernandez "|"Hernan Domingo "||09/16/1985||"2067 NE 163RD ST"|"NORTH MIAMI"|FL|33162||Male|7863962445|"No Response"|0|" "|0|0|0|0||1|"Hernandez "||||||||"SARS-CoV-2 (COVID-19)"|Antigen|97097-0|"SARS-CoV-2 Ag Upper resp Ql IA.rapid"|"Nasopharyngeal swab"|258500001|04/04/2022|Negative|260385009
112302|4244|10D2214779||"Gonzalez Lizama"|"Juan Carlos"||07/10/1990||"2067 NE 163RD ST"|"NORTH MIAMI"|FL|33162||Male|7863962445|"No Response"|0|" "|0|0|0|0||1|"Gonzalez Lizama"||||||||"SARS-CoV-2 (COVID-19)"|Antigen|97097-0|"SARS-CoV-2 Ag Upper resp Ql IA.rapid"|"Nasopharyngeal swab"|258500001|08/31/2021|Negative|260385009
112305|4244|10D2214779||Griggs|Louellen||12/19/1946||"2 Castle Lane"|Basalt|FL|81621||Female|9703791364|"No Response"|1|" "|0|0|0|0||0|Griggs||||||||"SARS-CoV-2 (COVID-19)"|Antigen|97097-0|"SARS-CoV-2 Ag Upper resp Ql IA.rapid"|"Nasopharyngeal swab"|258500001|04/04/2022|Negative|260385009
112309|4244|10D2214779||Guillén|Fabricio||01/01/1970||"2067 NE 163RD ST"|"Ciudad del Este "|FL|85867||Male|8023808088|"No Response"|0|" "|0|0|0|0||0|Guillén||||||||"SARS-CoV-2 (COVID-19)"|Antigen|97097-0|"SARS-CoV-2 Ag Upper resp Ql IA.rapid"|"Nasopharyngeal swab"|258500001|04/04/2022|Negative|260385009
112315|4244|10D2214779||Penn|Niasha||10/03/1988||"Charlotte Amalie "|"St. Thomas"|FL|00801||Female|3406425435|"No Response"|0|" "|0|0|0|0||0|Penn||||||||"SARS-CoV-2 (COVID-19)"|Antigen|97097-0|"SARS-CoV-2 Ag Upper resp Ql IA.rapid"|"Nasopharyngeal swab"|258500001|04/04/2022|Negative|260385009
112318|4244|10D2214779||Benjamin|Carl||03/27/1982||"Charlotte Amalie"|"St. Thomas"|FL|00801||Male|3406425435|"No Response"|0|" "|0|0|0|0||0|Benjamin||||||||"SARS-CoV-2 (COVID-19)"|Antigen|97097-0|"SARS-CoV-2 Ag Upper resp Ql IA.rapid"|"Nasopharyngeal swab"|258500001|04/04/2022|Negative|260385009
112319|4244|10D2214779||Bermudez|Juan||05/30/1977||"2067 NE 163RD ST"|"NORTH MIAMI"|FL|33162||Male|50687062777|"No Response"|0|" "|0|0|0|0||0|Bermudez||||||||"SARS-CoV-2 (COVID-19)"|Antigen|97097-0|"SARS-CoV-2 Ag Upper resp Ql IA.rapid"|"Nasopharyngeal swab"|258500001|04/04/2022|Negative|260385009
112320|4244|10D2214779||Solis|Maria||07/05/1984||"2067 NE 163RD ST"|"NORTH MIAMI"|FL|33162||Male|50687062777|"No Response"|0|" "|0|0|0|0||0|Solis||||||||"SARS-CoV-2 (COVID-19)"|Antigen|97097-0|"SARS-CoV-2 Ag Upper resp Ql IA.rapid"|"Nasopharyngeal swab"|258500001|04/04/2022|Negative|260385009
112322|4244|10D2214779||Bermudez|Isabella||07/07/2014||"2067 NE 163RD ST"|"NORTH MIAMI"|FL|33162||Male|50687062777|"No Response"|0|" "|0|0|0|0||0|Bermudez||||||||"SARS-CoV-2 (COVID-19)"|Antigen|97097-0|"SARS-CoV-2 Ag Upper resp Ql IA.rapid"|"Nasopharyngeal swab"|258500001|04/04/2022|Negative|260385009
112323|4244|10D2214779||Bermudez|Victoria||09/07/2016||"2067 NE 163RD ST"|"NORTH MIAMI"|FL|33162||Female|50687062777|"No Response"|0|" "|0|0|0|0||0|Bermudez||||||||"SARS-CoV-2 (COVID-19)"|Antigen|97097-0|"SARS-CoV-2 Ag Upper resp Ql IA.rapid"|"Nasopharyngeal swab"|258500001|04/04/2022|Negative|260385009
112324|4244|10D2214779||Haubrock|Robert||01/22/1960||"16203 prairie school dr"|"Winter Garden "|FL|34687||Male|5133755311|"No Response"|1|" "|0|0|0|0||0|Haubrock||||||||"SARS-CoV-2 (COVID-19)"|PCR|94500-6|"SARS-CoV-2 RNA Resp Ql NAA+probe"|"Nasopharyngeal swab"|258500001|04/04/2022|Negative|260385009
112334|4244|10D2214779||Bundy|Thomas||01/16/1958||"912 Hazeltine"|"St Augustine "|FL|32092||Male|6313322862|"No Response"|1|" "|0|0|0|0||0|Bundy||||||||"SARS-CoV-2 (COVID-19)"|Antigen|97097-0|"SARS-CoV-2 Ag Upper resp Ql IA.rapid"|"Nasopharyngeal swab"|258500001|04/04/2022|Negative|260385009
112335|4244|10D2214779||Bundy|Patricia||07/14/1955||"912 Hazeltine Court"|"St Augustine"|FL|32092||Female|6314284144|"No Response"|1|" "|0|0|0|0||0|Bundy||||||||"SARS-CoV-2 (COVID-19)"|Antigen|97097-0|"SARS-CoV-2 Ag Upper resp Ql IA.rapid"|"Nasopharyngeal swab"|258500001|04/04/2022|Negative|260385009
112336|4244|10D2214779||Jarrard|Franci||11/07/1947||"144 LONG HOLLOW RD"|ELGIN|FL|78621||Female|5126195306|"No Response"|1|" "|0|0|0|0||0|Jarrard||||||||"SARS-CoV-2 (COVID-19)"|Antigen|97097-0|"SARS-CoV-2 Ag Upper resp Ql IA.rapid"|"Nasopharyngeal swab"|258500001|04/04/2022|Negative|260385009
112337|4244|10D2214779||Jarrard|Stephen||11/25/1949||"144 LONG HOLLOW RD"|ELGIN|FL|78621||Male|5126195306|"No Response"|1|" "|0|0|0|0||0|Jarrard||||||||"SARS-CoV-2 (COVID-19)"|Antigen|97097-0|"SARS-CoV-2 Ag Upper resp Ql IA.rapid"|"Nasopharyngeal swab"|258500001|04/04/2022|Negative|260385009
112340|4244|10D2214779||Innocent|Nativa||06/24/1953||"107 Huron Pl"|WPB|FL|33409||Female|5615741245|"No Response"|0|" "|0|0|0|0||0|Innocent||||||||"SARS-CoV-2 (COVID-19)"|Antigen|97097-0|"SARS-CoV-2 Ag Upper resp Ql IA.rapid"|"Nasopharyngeal swab"|258500001|04/04/2022|Negative|260385009
112340|4244|10D2214779||Innocent|Nativa||06/24/1953||"107 Huron Pl"|WPB|FL|33409||Female|5615741245|"No Response"|0|" "|0|0|0|0||0|Innocent||||||||"SARS-CoV-2 (COVID-19)"|Antigen|97097-0|"SARS-CoV-2 Ag Upper resp Ql IA.rapid"|"Nasopharyngeal swab"|258500001|04/04/2022|Negative|260385009
112344|4244|10D2214779||Leonard|"Lorraine Margaret"||07/19/1938||"10565 La Strada"|WPB|FL|33412||Female|2032492161|"No Response"|1|" "|0|0|0|0||0|Leonard||||||||"SARS-CoV-2 (COVID-19)"|Antigen|97097-0|"SARS-CoV-2 Ag Upper resp Ql IA.rapid"|"Nasopharyngeal swab"|258500001|04/04/2022|Negative|260385009
112957|4244|10D2214779||Leonard|"Lorraine Margaret"||07/19/1938||"10565 La Strada"|WPB|FL|33412||Female|2032492161|"No Response"|1|" "|0|0|0|0||0|Leonard||||||||"SARS-CoV-2 (COVID-19)"|Antigen|97097-0|"SARS-CoV-2 Ag Upper resp Ql IA.rapid"|"Nasopharyngeal swab"|258500001|04/04/2022|Negative|260385009
113257|4244|10D2214779||Islava|Jacquelyn||02/15/1983||"2067 NE 163RD ST"|"NORTH MIAMI"|FL|33162|||5206032219|"No Response"|0|" "|0|0|0|0||1|Islava||||||||"SARS-CoV-2 (COVID-19)"|Antigen|97097-0|"SARS-CoV-2 Ag Upper resp Ql IA.rapid"|"Nasopharyngeal swab"|258500001|04/03/2022|Negative|260385009
